ISO-10303-21;
HEADER;
/* Generated by software containing ST-Developer
 * from STEP Tools, Inc. (www.steptools.com) 
 */

FILE_DESCRIPTION(
/* description */ (''),
/* implementation_level */ '2;1');

FILE_NAME(
/* name */ 'head-tray.step',
/* time_stamp */ '2026-09-19T15:15:18+01:00',
/* author */ (''),
/* organization */ (''),
/* preprocessor_version */ 'ST-DEVELOPER v20.2',
/* originating_system */ 'Autodesk Translation Framework v15.15.0.0',
/* authorisation */ '');

FILE_SCHEMA (('AUTOMOTIVE_DESIGN { 1 0 10303 214 3 1 1 }'));
ENDSEC;

DATA;
#10=MECHANICAL_DESIGN_GEOMETRIC_PRESENTATION_REPRESENTATION('',(#13),#3783);
#11=SHAPE_REPRESENTATION_RELATIONSHIP('SRR','None',#3790,#12);
#12=ADVANCED_BREP_SHAPE_REPRESENTATION('',(#14),#3782);
#13=STYLED_ITEM('',(#3799),#14);
#14=MANIFOLD_SOLID_BREP('Head tray',#2319);
#15=FACE_BOUND('',#269,.T.);
#16=FACE_BOUND('',#273,.T.);
#17=FACE_BOUND('',#283,.T.);
#18=FACE_BOUND('',#299,.T.);
#19=FACE_BOUND('',#300,.T.);
#20=FACE_BOUND('',#322,.T.);
#21=FACE_BOUND('',#336,.T.);
#22=FACE_BOUND('',#339,.T.);
#23=FACE_BOUND('',#349,.T.);
#24=FACE_BOUND('',#379,.T.);
#25=FACE_BOUND('',#380,.T.);
#26=FACE_BOUND('',#381,.T.);
#27=FACE_BOUND('',#384,.T.);
#28=FACE_BOUND('',#385,.T.);
#29=FACE_BOUND('',#386,.T.);
#30=FACE_BOUND('',#391,.T.);
#31=FACE_BOUND('',#392,.T.);
#32=FACE_BOUND('',#393,.T.);
#33=FACE_BOUND('',#395,.T.);
#34=FACE_BOUND('',#399,.T.);
#35=FACE_BOUND('',#400,.T.);
#36=FACE_BOUND('',#402,.T.);
#37=PLANE('',#2359);
#38=PLANE('',#2362);
#39=PLANE('',#2363);
#40=PLANE('',#2364);
#41=PLANE('',#2365);
#42=PLANE('',#2366);
#43=PLANE('',#2367);
#44=PLANE('',#2368);
#45=PLANE('',#2369);
#46=PLANE('',#2370);
#47=PLANE('',#2371);
#48=PLANE('',#2372);
#49=PLANE('',#2373);
#50=PLANE('',#2374);
#51=PLANE('',#2375);
#52=PLANE('',#2376);
#53=PLANE('',#2377);
#54=PLANE('',#2378);
#55=PLANE('',#2379);
#56=PLANE('',#2380);
#57=PLANE('',#2381);
#58=PLANE('',#2382);
#59=PLANE('',#2383);
#60=PLANE('',#2384);
#61=PLANE('',#2385);
#62=PLANE('',#2386);
#63=PLANE('',#2387);
#64=PLANE('',#2388);
#65=PLANE('',#2389);
#66=PLANE('',#2390);
#67=PLANE('',#2391);
#68=PLANE('',#2392);
#69=PLANE('',#2393);
#70=PLANE('',#2394);
#71=PLANE('',#2395);
#72=PLANE('',#2396);
#73=PLANE('',#2397);
#74=PLANE('',#2398);
#75=PLANE('',#2399);
#76=PLANE('',#2400);
#77=PLANE('',#2401);
#78=PLANE('',#2405);
#79=PLANE('',#2409);
#80=PLANE('',#2410);
#81=PLANE('',#2411);
#82=PLANE('',#2412);
#83=PLANE('',#2413);
#84=PLANE('',#2414);
#85=PLANE('',#2415);
#86=PLANE('',#2416);
#87=PLANE('',#2417);
#88=PLANE('',#2418);
#89=PLANE('',#2422);
#90=PLANE('',#2423);
#91=PLANE('',#2427);
#92=PLANE('',#2428);
#93=PLANE('',#2429);
#94=PLANE('',#2431);
#95=PLANE('',#2432);
#96=PLANE('',#2442);
#97=PLANE('',#2449);
#98=PLANE('',#2450);
#99=PLANE('',#2453);
#100=PLANE('',#2454);
#101=PLANE('',#2455);
#102=PLANE('',#2457);
#103=PLANE('',#2458);
#104=PLANE('',#2459);
#105=PLANE('',#2460);
#106=PLANE('',#2461);
#107=PLANE('',#2462);
#108=PLANE('',#2463);
#109=PLANE('',#2464);
#110=PLANE('',#2465);
#111=PLANE('',#2466);
#112=PLANE('',#2467);
#113=PLANE('',#2468);
#114=PLANE('',#2469);
#115=PLANE('',#2470);
#116=PLANE('',#2471);
#117=PLANE('',#2472);
#118=PLANE('',#2473);
#119=PLANE('',#2478);
#120=PLANE('',#2479);
#121=PLANE('',#2480);
#122=PLANE('',#2482);
#123=PLANE('',#2483);
#124=PLANE('',#2484);
#125=PLANE('',#2487);
#126=PLANE('',#2490);
#127=PLANE('',#2493);
#128=PLANE('',#2496);
#129=PLANE('',#2499);
#130=PLANE('',#2500);
#131=PLANE('',#2503);
#132=PLANE('',#2504);
#133=TOROIDAL_SURFACE('',#2336,3.8,1.2);
#134=TOROIDAL_SURFACE('',#2342,3.8,1.2);
#135=TOROIDAL_SURFACE('',#2348,3.8,1.2);
#136=TOROIDAL_SURFACE('',#2354,3.8,1.2);
#137=FACE_OUTER_BOUND('',#259,.T.);
#138=FACE_OUTER_BOUND('',#260,.T.);
#139=FACE_OUTER_BOUND('',#261,.T.);
#140=FACE_OUTER_BOUND('',#262,.T.);
#141=FACE_OUTER_BOUND('',#263,.T.);
#142=FACE_OUTER_BOUND('',#264,.T.);
#143=FACE_OUTER_BOUND('',#265,.T.);
#144=FACE_OUTER_BOUND('',#266,.T.);
#145=FACE_OUTER_BOUND('',#267,.T.);
#146=FACE_OUTER_BOUND('',#268,.T.);
#147=FACE_OUTER_BOUND('',#270,.T.);
#148=FACE_OUTER_BOUND('',#271,.T.);
#149=FACE_OUTER_BOUND('',#272,.T.);
#150=FACE_OUTER_BOUND('',#274,.T.);
#151=FACE_OUTER_BOUND('',#275,.T.);
#152=FACE_OUTER_BOUND('',#276,.T.);
#153=FACE_OUTER_BOUND('',#277,.T.);
#154=FACE_OUTER_BOUND('',#278,.T.);
#155=FACE_OUTER_BOUND('',#279,.T.);
#156=FACE_OUTER_BOUND('',#280,.T.);
#157=FACE_OUTER_BOUND('',#281,.T.);
#158=FACE_OUTER_BOUND('',#282,.T.);
#159=FACE_OUTER_BOUND('',#284,.T.);
#160=FACE_OUTER_BOUND('',#285,.T.);
#161=FACE_OUTER_BOUND('',#286,.T.);
#162=FACE_OUTER_BOUND('',#287,.T.);
#163=FACE_OUTER_BOUND('',#288,.T.);
#164=FACE_OUTER_BOUND('',#289,.T.);
#165=FACE_OUTER_BOUND('',#290,.T.);
#166=FACE_OUTER_BOUND('',#291,.T.);
#167=FACE_OUTER_BOUND('',#292,.T.);
#168=FACE_OUTER_BOUND('',#293,.T.);
#169=FACE_OUTER_BOUND('',#294,.T.);
#170=FACE_OUTER_BOUND('',#295,.T.);
#171=FACE_OUTER_BOUND('',#296,.T.);
#172=FACE_OUTER_BOUND('',#297,.T.);
#173=FACE_OUTER_BOUND('',#298,.T.);
#174=FACE_OUTER_BOUND('',#301,.T.);
#175=FACE_OUTER_BOUND('',#302,.T.);
#176=FACE_OUTER_BOUND('',#303,.T.);
#177=FACE_OUTER_BOUND('',#304,.T.);
#178=FACE_OUTER_BOUND('',#305,.T.);
#179=FACE_OUTER_BOUND('',#306,.T.);
#180=FACE_OUTER_BOUND('',#307,.T.);
#181=FACE_OUTER_BOUND('',#308,.T.);
#182=FACE_OUTER_BOUND('',#309,.T.);
#183=FACE_OUTER_BOUND('',#310,.T.);
#184=FACE_OUTER_BOUND('',#311,.T.);
#185=FACE_OUTER_BOUND('',#312,.T.);
#186=FACE_OUTER_BOUND('',#313,.T.);
#187=FACE_OUTER_BOUND('',#314,.T.);
#188=FACE_OUTER_BOUND('',#315,.T.);
#189=FACE_OUTER_BOUND('',#316,.T.);
#190=FACE_OUTER_BOUND('',#317,.T.);
#191=FACE_OUTER_BOUND('',#318,.T.);
#192=FACE_OUTER_BOUND('',#319,.T.);
#193=FACE_OUTER_BOUND('',#320,.T.);
#194=FACE_OUTER_BOUND('',#321,.T.);
#195=FACE_OUTER_BOUND('',#323,.T.);
#196=FACE_OUTER_BOUND('',#324,.T.);
#197=FACE_OUTER_BOUND('',#325,.T.);
#198=FACE_OUTER_BOUND('',#326,.T.);
#199=FACE_OUTER_BOUND('',#327,.T.);
#200=FACE_OUTER_BOUND('',#328,.T.);
#201=FACE_OUTER_BOUND('',#329,.T.);
#202=FACE_OUTER_BOUND('',#330,.T.);
#203=FACE_OUTER_BOUND('',#331,.T.);
#204=FACE_OUTER_BOUND('',#332,.T.);
#205=FACE_OUTER_BOUND('',#333,.T.);
#206=FACE_OUTER_BOUND('',#334,.T.);
#207=FACE_OUTER_BOUND('',#335,.T.);
#208=FACE_OUTER_BOUND('',#337,.T.);
#209=FACE_OUTER_BOUND('',#338,.T.);
#210=FACE_OUTER_BOUND('',#340,.T.);
#211=FACE_OUTER_BOUND('',#341,.T.);
#212=FACE_OUTER_BOUND('',#342,.T.);
#213=FACE_OUTER_BOUND('',#343,.T.);
#214=FACE_OUTER_BOUND('',#344,.T.);
#215=FACE_OUTER_BOUND('',#345,.T.);
#216=FACE_OUTER_BOUND('',#346,.T.);
#217=FACE_OUTER_BOUND('',#347,.T.);
#218=FACE_OUTER_BOUND('',#348,.T.);
#219=FACE_OUTER_BOUND('',#350,.T.);
#220=FACE_OUTER_BOUND('',#351,.T.);
#221=FACE_OUTER_BOUND('',#352,.T.);
#222=FACE_OUTER_BOUND('',#353,.T.);
#223=FACE_OUTER_BOUND('',#354,.T.);
#224=FACE_OUTER_BOUND('',#355,.T.);
#225=FACE_OUTER_BOUND('',#356,.T.);
#226=FACE_OUTER_BOUND('',#357,.T.);
#227=FACE_OUTER_BOUND('',#358,.T.);
#228=FACE_OUTER_BOUND('',#359,.T.);
#229=FACE_OUTER_BOUND('',#360,.T.);
#230=FACE_OUTER_BOUND('',#361,.T.);
#231=FACE_OUTER_BOUND('',#362,.T.);
#232=FACE_OUTER_BOUND('',#363,.T.);
#233=FACE_OUTER_BOUND('',#364,.T.);
#234=FACE_OUTER_BOUND('',#365,.T.);
#235=FACE_OUTER_BOUND('',#366,.T.);
#236=FACE_OUTER_BOUND('',#367,.T.);
#237=FACE_OUTER_BOUND('',#368,.T.);
#238=FACE_OUTER_BOUND('',#369,.T.);
#239=FACE_OUTER_BOUND('',#370,.T.);
#240=FACE_OUTER_BOUND('',#371,.T.);
#241=FACE_OUTER_BOUND('',#372,.T.);
#242=FACE_OUTER_BOUND('',#373,.T.);
#243=FACE_OUTER_BOUND('',#374,.T.);
#244=FACE_OUTER_BOUND('',#375,.T.);
#245=FACE_OUTER_BOUND('',#376,.T.);
#246=FACE_OUTER_BOUND('',#377,.T.);
#247=FACE_OUTER_BOUND('',#378,.T.);
#248=FACE_OUTER_BOUND('',#382,.T.);
#249=FACE_OUTER_BOUND('',#383,.T.);
#250=FACE_OUTER_BOUND('',#387,.T.);
#251=FACE_OUTER_BOUND('',#388,.T.);
#252=FACE_OUTER_BOUND('',#389,.T.);
#253=FACE_OUTER_BOUND('',#390,.T.);
#254=FACE_OUTER_BOUND('',#394,.T.);
#255=FACE_OUTER_BOUND('',#396,.T.);
#256=FACE_OUTER_BOUND('',#397,.T.);
#257=FACE_OUTER_BOUND('',#398,.T.);
#258=FACE_OUTER_BOUND('',#401,.T.);
#259=EDGE_LOOP('',(#1531,#1532,#1533,#1534));
#260=EDGE_LOOP('',(#1535,#1536,#1537,#1538));
#261=EDGE_LOOP('',(#1539,#1540,#1541,#1542));
#262=EDGE_LOOP('',(#1543,#1544,#1545,#1546));
#263=EDGE_LOOP('',(#1547,#1548,#1549,#1550));
#264=EDGE_LOOP('',(#1551,#1552,#1553,#1554));
#265=EDGE_LOOP('',(#1555,#1556,#1557,#1558));
#266=EDGE_LOOP('',(#1559,#1560,#1561,#1562));
#267=EDGE_LOOP('',(#1563,#1564,#1565,#1566));
#268=EDGE_LOOP('',(#1567,#1568,#1569,#1570));
#269=EDGE_LOOP('',(#1571,#1572,#1573,#1574));
#270=EDGE_LOOP('',(#1575,#1576,#1577,#1578));
#271=EDGE_LOOP('',(#1579,#1580,#1581,#1582));
#272=EDGE_LOOP('',(#1583,#1584,#1585,#1586,#1587,#1588,#1589,#1590));
#273=EDGE_LOOP('',(#1591,#1592,#1593,#1594));
#274=EDGE_LOOP('',(#1595,#1596,#1597,#1598));
#275=EDGE_LOOP('',(#1599,#1600,#1601,#1602));
#276=EDGE_LOOP('',(#1603,#1604,#1605,#1606));
#277=EDGE_LOOP('',(#1607,#1608,#1609,#1610));
#278=EDGE_LOOP('',(#1611,#1612,#1613,#1614));
#279=EDGE_LOOP('',(#1615,#1616,#1617,#1618));
#280=EDGE_LOOP('',(#1619,#1620,#1621,#1622));
#281=EDGE_LOOP('',(#1623,#1624,#1625,#1626));
#282=EDGE_LOOP('',(#1627,#1628,#1629,#1630));
#283=EDGE_LOOP('',(#1631,#1632,#1633,#1634));
#284=EDGE_LOOP('',(#1635,#1636,#1637,#1638));
#285=EDGE_LOOP('',(#1639,#1640,#1641,#1642));
#286=EDGE_LOOP('',(#1643,#1644,#1645,#1646));
#287=EDGE_LOOP('',(#1647,#1648,#1649,#1650));
#288=EDGE_LOOP('',(#1651,#1652,#1653,#1654));
#289=EDGE_LOOP('',(#1655,#1656,#1657,#1658));
#290=EDGE_LOOP('',(#1659,#1660,#1661,#1662));
#291=EDGE_LOOP('',(#1663,#1664,#1665,#1666));
#292=EDGE_LOOP('',(#1667,#1668,#1669,#1670));
#293=EDGE_LOOP('',(#1671,#1672,#1673,#1674));
#294=EDGE_LOOP('',(#1675,#1676,#1677,#1678));
#295=EDGE_LOOP('',(#1679,#1680,#1681,#1682));
#296=EDGE_LOOP('',(#1683,#1684,#1685,#1686));
#297=EDGE_LOOP('',(#1687,#1688,#1689,#1690));
#298=EDGE_LOOP('',(#1691,#1692,#1693,#1694,#1695,#1696));
#299=EDGE_LOOP('',(#1697,#1698,#1699,#1700));
#300=EDGE_LOOP('',(#1701,#1702,#1703,#1704));
#301=EDGE_LOOP('',(#1705,#1706,#1707,#1708));
#302=EDGE_LOOP('',(#1709,#1710,#1711,#1712));
#303=EDGE_LOOP('',(#1713,#1714,#1715,#1716));
#304=EDGE_LOOP('',(#1717,#1718,#1719,#1720));
#305=EDGE_LOOP('',(#1721,#1722,#1723,#1724));
#306=EDGE_LOOP('',(#1725,#1726,#1727,#1728));
#307=EDGE_LOOP('',(#1729,#1730,#1731,#1732));
#308=EDGE_LOOP('',(#1733,#1734,#1735,#1736));
#309=EDGE_LOOP('',(#1737,#1738,#1739,#1740));
#310=EDGE_LOOP('',(#1741,#1742,#1743,#1744));
#311=EDGE_LOOP('',(#1745,#1746,#1747,#1748));
#312=EDGE_LOOP('',(#1749,#1750,#1751,#1752));
#313=EDGE_LOOP('',(#1753,#1754,#1755,#1756));
#314=EDGE_LOOP('',(#1757,#1758,#1759,#1760));
#315=EDGE_LOOP('',(#1761,#1762,#1763,#1764));
#316=EDGE_LOOP('',(#1765,#1766,#1767,#1768));
#317=EDGE_LOOP('',(#1769,#1770,#1771,#1772));
#318=EDGE_LOOP('',(#1773,#1774,#1775,#1776));
#319=EDGE_LOOP('',(#1777,#1778,#1779,#1780));
#320=EDGE_LOOP('',(#1781,#1782,#1783,#1784));
#321=EDGE_LOOP('',(#1785,#1786,#1787,#1788));
#322=EDGE_LOOP('',(#1789,#1790,#1791,#1792));
#323=EDGE_LOOP('',(#1793,#1794,#1795,#1796));
#324=EDGE_LOOP('',(#1797,#1798,#1799,#1800));
#325=EDGE_LOOP('',(#1801,#1802,#1803,#1804));
#326=EDGE_LOOP('',(#1805,#1806,#1807,#1808));
#327=EDGE_LOOP('',(#1809,#1810,#1811,#1812));
#328=EDGE_LOOP('',(#1813,#1814,#1815,#1816));
#329=EDGE_LOOP('',(#1817,#1818,#1819,#1820));
#330=EDGE_LOOP('',(#1821));
#331=EDGE_LOOP('',(#1822,#1823,#1824,#1825));
#332=EDGE_LOOP('',(#1826,#1827,#1828,#1829));
#333=EDGE_LOOP('',(#1830,#1831,#1832,#1833));
#334=EDGE_LOOP('',(#1834,#1835,#1836,#1837,#1838,#1839));
#335=EDGE_LOOP('',(#1840,#1841,#1842,#1843,#1844,#1845,#1846));
#336=EDGE_LOOP('',(#1847));
#337=EDGE_LOOP('',(#1848,#1849,#1850,#1851,#1852,#1853));
#338=EDGE_LOOP('',(#1854,#1855,#1856,#1857,#1858,#1859,#1860,#1861));
#339=EDGE_LOOP('',(#1862,#1863,#1864,#1865,#1866,#1867,#1868,#1869,#1870,
#1871,#1872,#1873,#1874,#1875,#1876,#1877,#1878,#1879,#1880,#1881,#1882,
#1883,#1884,#1885,#1886,#1887));
#340=EDGE_LOOP('',(#1888,#1889,#1890,#1891));
#341=EDGE_LOOP('',(#1892,#1893,#1894,#1895,#1896,#1897,#1898,#1899,#1900,
#1901));
#342=EDGE_LOOP('',(#1902,#1903,#1904,#1905));
#343=EDGE_LOOP('',(#1906));
#344=EDGE_LOOP('',(#1907,#1908,#1909,#1910));
#345=EDGE_LOOP('',(#1911,#1912,#1913,#1914));
#346=EDGE_LOOP('',(#1915,#1916,#1917,#1918));
#347=EDGE_LOOP('',(#1919,#1920,#1921,#1922,#1923,#1924));
#348=EDGE_LOOP('',(#1925,#1926,#1927,#1928,#1929,#1930,#1931));
#349=EDGE_LOOP('',(#1932));
#350=EDGE_LOOP('',(#1933,#1934,#1935,#1936,#1937,#1938));
#351=EDGE_LOOP('',(#1939,#1940,#1941,#1942));
#352=EDGE_LOOP('',(#1943,#1944,#1945,#1946));
#353=EDGE_LOOP('',(#1947,#1948,#1949,#1950));
#354=EDGE_LOOP('',(#1951,#1952,#1953,#1954));
#355=EDGE_LOOP('',(#1955,#1956,#1957,#1958));
#356=EDGE_LOOP('',(#1959,#1960,#1961,#1962));
#357=EDGE_LOOP('',(#1963,#1964,#1965,#1966));
#358=EDGE_LOOP('',(#1967,#1968,#1969,#1970));
#359=EDGE_LOOP('',(#1971,#1972,#1973,#1974));
#360=EDGE_LOOP('',(#1975,#1976,#1977,#1978));
#361=EDGE_LOOP('',(#1979,#1980,#1981,#1982));
#362=EDGE_LOOP('',(#1983,#1984,#1985,#1986));
#363=EDGE_LOOP('',(#1987,#1988,#1989,#1990));
#364=EDGE_LOOP('',(#1991,#1992,#1993,#1994));
#365=EDGE_LOOP('',(#1995,#1996,#1997,#1998));
#366=EDGE_LOOP('',(#1999,#2000,#2001,#2002,#2003,#2004,#2005,#2006,#2007,
#2008));
#367=EDGE_LOOP('',(#2009,#2010,#2011,#2012));
#368=EDGE_LOOP('',(#2013,#2014,#2015,#2016));
#369=EDGE_LOOP('',(#2017,#2018,#2019,#2020));
#370=EDGE_LOOP('',(#2021,#2022,#2023,#2024));
#371=EDGE_LOOP('',(#2025,#2026,#2027,#2028));
#372=EDGE_LOOP('',(#2029,#2030,#2031,#2032));
#373=EDGE_LOOP('',(#2033,#2034,#2035,#2036));
#374=EDGE_LOOP('',(#2037,#2038,#2039,#2040));
#375=EDGE_LOOP('',(#2041,#2042,#2043,#2044));
#376=EDGE_LOOP('',(#2045,#2046,#2047,#2048));
#377=EDGE_LOOP('',(#2049,#2050,#2051,#2052,#2053,#2054));
#378=EDGE_LOOP('',(#2055,#2056,#2057,#2058,#2059,#2060,#2061,#2062));
#379=EDGE_LOOP('',(#2063,#2064,#2065,#2066));
#380=EDGE_LOOP('',(#2067,#2068,#2069,#2070));
#381=EDGE_LOOP('',(#2071,#2072,#2073,#2074));
#382=EDGE_LOOP('',(#2075,#2076,#2077,#2078,#2079,#2080));
#383=EDGE_LOOP('',(#2081,#2082,#2083,#2084));
#384=EDGE_LOOP('',(#2085,#2086,#2087,#2088));
#385=EDGE_LOOP('',(#2089,#2090,#2091,#2092));
#386=EDGE_LOOP('',(#2093,#2094,#2095,#2096));
#387=EDGE_LOOP('',(#2097,#2098,#2099,#2100));
#388=EDGE_LOOP('',(#2101,#2102,#2103,#2104));
#389=EDGE_LOOP('',(#2105,#2106,#2107,#2108));
#390=EDGE_LOOP('',(#2109,#2110,#2111,#2112,#2113,#2114,#2115,#2116,#2117,
#2118,#2119,#2120));
#391=EDGE_LOOP('',(#2121,#2122,#2123,#2124));
#392=EDGE_LOOP('',(#2125,#2126,#2127,#2128));
#393=EDGE_LOOP('',(#2129,#2130,#2131,#2132));
#394=EDGE_LOOP('',(#2133,#2134,#2135,#2136,#2137,#2138,#2139,#2140));
#395=EDGE_LOOP('',(#2141,#2142,#2143,#2144));
#396=EDGE_LOOP('',(#2145,#2146,#2147,#2148));
#397=EDGE_LOOP('',(#2149,#2150,#2151,#2152));
#398=EDGE_LOOP('',(#2153,#2154,#2155,#2156));
#399=EDGE_LOOP('',(#2157,#2158,#2159,#2160));
#400=EDGE_LOOP('',(#2161,#2162,#2163,#2164,#2165,#2166));
#401=EDGE_LOOP('',(#2167,#2168,#2169,#2170));
#402=EDGE_LOOP('',(#2171,#2172,#2173,#2174));
#403=LINE('',#3129,#675);
#404=LINE('',#3132,#676);
#405=LINE('',#3143,#677);
#406=LINE('',#3144,#678);
#407=LINE('',#3155,#679);
#408=LINE('',#3156,#680);
#409=LINE('',#3167,#681);
#410=LINE('',#3168,#682);
#411=LINE('',#3174,#683);
#412=LINE('',#3177,#684);
#413=LINE('',#3180,#685);
#414=LINE('',#3181,#686);
#415=LINE('',#3184,#687);
#416=LINE('',#3186,#688);
#417=LINE('',#3188,#689);
#418=LINE('',#3189,#690);
#419=LINE('',#3192,#691);
#420=LINE('',#3196,#692);
#421=LINE('',#3197,#693);
#422=LINE('',#3201,#694);
#423=LINE('',#3203,#695);
#424=LINE('',#3205,#696);
#425=LINE('',#3206,#697);
#426=LINE('',#3210,#698);
#427=LINE('',#3211,#699);
#428=LINE('',#3212,#700);
#429=LINE('',#3215,#701);
#430=LINE('',#3216,#702);
#431=LINE('',#3219,#703);
#432=LINE('',#3220,#704);
#433=LINE('',#3222,#705);
#434=LINE('',#3226,#706);
#435=LINE('',#3228,#707);
#436=LINE('',#3230,#708);
#437=LINE('',#3231,#709);
#438=LINE('',#3234,#710);
#439=LINE('',#3236,#711);
#440=LINE('',#3237,#712);
#441=LINE('',#3240,#713);
#442=LINE('',#3242,#714);
#443=LINE('',#3243,#715);
#444=LINE('',#3245,#716);
#445=LINE('',#3246,#717);
#446=LINE('',#3250,#718);
#447=LINE('',#3252,#719);
#448=LINE('',#3254,#720);
#449=LINE('',#3255,#721);
#450=LINE('',#3259,#722);
#451=LINE('',#3260,#723);
#452=LINE('',#3261,#724);
#453=LINE('',#3264,#725);
#454=LINE('',#3265,#726);
#455=LINE('',#3268,#727);
#456=LINE('',#3269,#728);
#457=LINE('',#3271,#729);
#458=LINE('',#3275,#730);
#459=LINE('',#3277,#731);
#460=LINE('',#3279,#732);
#461=LINE('',#3280,#733);
#462=LINE('',#3283,#734);
#463=LINE('',#3285,#735);
#464=LINE('',#3286,#736);
#465=LINE('',#3289,#737);
#466=LINE('',#3291,#738);
#467=LINE('',#3292,#739);
#468=LINE('',#3296,#740);
#469=LINE('',#3298,#741);
#470=LINE('',#3300,#742);
#471=LINE('',#3301,#743);
#472=LINE('',#3304,#744);
#473=LINE('',#3306,#745);
#474=LINE('',#3307,#746);
#475=LINE('',#3310,#747);
#476=LINE('',#3312,#748);
#477=LINE('',#3313,#749);
#478=LINE('',#3315,#750);
#479=LINE('',#3316,#751);
#480=LINE('',#3319,#752);
#481=LINE('',#3321,#753);
#482=LINE('',#3322,#754);
#483=LINE('',#3325,#755);
#484=LINE('',#3327,#756);
#485=LINE('',#3328,#757);
#486=LINE('',#3330,#758);
#487=LINE('',#3331,#759);
#488=LINE('',#3335,#760);
#489=LINE('',#3337,#761);
#490=LINE('',#3339,#762);
#491=LINE('',#3340,#763);
#492=LINE('',#3344,#764);
#493=LINE('',#3345,#765);
#494=LINE('',#3346,#766);
#495=LINE('',#3349,#767);
#496=LINE('',#3350,#768);
#497=LINE('',#3353,#769);
#498=LINE('',#3354,#770);
#499=LINE('',#3356,#771);
#500=LINE('',#3360,#772);
#501=LINE('',#3362,#773);
#502=LINE('',#3364,#774);
#503=LINE('',#3365,#775);
#504=LINE('',#3368,#776);
#505=LINE('',#3370,#777);
#506=LINE('',#3371,#778);
#507=LINE('',#3374,#779);
#508=LINE('',#3376,#780);
#509=LINE('',#3377,#781);
#510=LINE('',#3379,#782);
#511=LINE('',#3380,#783);
#512=LINE('',#3385,#784);
#513=LINE('',#3387,#785);
#514=LINE('',#3389,#786);
#515=LINE('',#3390,#787);
#516=LINE('',#3393,#788);
#517=LINE('',#3395,#789);
#518=LINE('',#3396,#790);
#519=LINE('',#3399,#791);
#520=LINE('',#3401,#792);
#521=LINE('',#3402,#793);
#522=LINE('',#3404,#794);
#523=LINE('',#3405,#795);
#524=LINE('',#3412,#796);
#525=LINE('',#3415,#797);
#526=LINE('',#3418,#798);
#527=LINE('',#3420,#799);
#528=LINE('',#3421,#800);
#529=LINE('',#3427,#801);
#530=LINE('',#3429,#802);
#531=LINE('',#3430,#803);
#532=LINE('',#3433,#804);
#533=LINE('',#3435,#805);
#534=LINE('',#3436,#806);
#535=LINE('',#3439,#807);
#536=LINE('',#3440,#808);
#537=LINE('',#3443,#809);
#538=LINE('',#3444,#810);
#539=LINE('',#3447,#811);
#540=LINE('',#3449,#812);
#541=LINE('',#3451,#813);
#542=LINE('',#3452,#814);
#543=LINE('',#3454,#815);
#544=LINE('',#3458,#816);
#545=LINE('',#3460,#817);
#546=LINE('',#3461,#818);
#547=LINE('',#3464,#819);
#548=LINE('',#3465,#820);
#549=LINE('',#3468,#821);
#550=LINE('',#3469,#822);
#551=LINE('',#3471,#823);
#552=LINE('',#3476,#824);
#553=LINE('',#3482,#825);
#554=LINE('',#3484,#826);
#555=LINE('',#3486,#827);
#556=LINE('',#3487,#828);
#557=LINE('',#3493,#829);
#558=LINE('',#3496,#830);
#559=LINE('',#3498,#831);
#560=LINE('',#3499,#832);
#561=LINE('',#3502,#833);
#562=LINE('',#3504,#834);
#563=LINE('',#3506,#835);
#564=LINE('',#3508,#836);
#565=LINE('',#3509,#837);
#566=LINE('',#3513,#838);
#567=LINE('',#3515,#839);
#568=LINE('',#3518,#840);
#569=LINE('',#3520,#841);
#570=LINE('',#3522,#842);
#571=LINE('',#3523,#843);
#572=LINE('',#3527,#844);
#573=LINE('',#3530,#845);
#574=LINE('',#3535,#846);
#575=LINE('',#3539,#847);
#576=LINE('',#3541,#848);
#577=LINE('',#3543,#849);
#578=LINE('',#3545,#850);
#579=LINE('',#3547,#851);
#580=LINE('',#3549,#852);
#581=LINE('',#3551,#853);
#582=LINE('',#3553,#854);
#583=LINE('',#3555,#855);
#584=LINE('',#3559,#856);
#585=LINE('',#3563,#857);
#586=LINE('',#3565,#858);
#587=LINE('',#3569,#859);
#588=LINE('',#3571,#860);
#589=LINE('',#3572,#861);
#590=LINE('',#3576,#862);
#591=LINE('',#3581,#863);
#592=LINE('',#3585,#864);
#593=LINE('',#3587,#865);
#594=LINE('',#3589,#866);
#595=LINE('',#3592,#867);
#596=LINE('',#3597,#868);
#597=LINE('',#3602,#869);
#598=LINE('',#3604,#870);
#599=LINE('',#3605,#871);
#600=LINE('',#3609,#872);
#601=LINE('',#3612,#873);
#602=LINE('',#3613,#874);
#603=LINE('',#3616,#875);
#604=LINE('',#3618,#876);
#605=LINE('',#3620,#877);
#606=LINE('',#3621,#878);
#607=LINE('',#3626,#879);
#608=LINE('',#3627,#880);
#609=LINE('',#3630,#881);
#610=LINE('',#3632,#882);
#611=LINE('',#3633,#883);
#612=LINE('',#3635,#884);
#613=LINE('',#3637,#885);
#614=LINE('',#3641,#886);
#615=LINE('',#3643,#887);
#616=LINE('',#3645,#888);
#617=LINE('',#3646,#889);
#618=LINE('',#3649,#890);
#619=LINE('',#3651,#891);
#620=LINE('',#3652,#892);
#621=LINE('',#3655,#893);
#622=LINE('',#3657,#894);
#623=LINE('',#3658,#895);
#624=LINE('',#3660,#896);
#625=LINE('',#3661,#897);
#626=LINE('',#3666,#898);
#627=LINE('',#3668,#899);
#628=LINE('',#3670,#900);
#629=LINE('',#3671,#901);
#630=LINE('',#3674,#902);
#631=LINE('',#3676,#903);
#632=LINE('',#3677,#904);
#633=LINE('',#3680,#905);
#634=LINE('',#3682,#906);
#635=LINE('',#3683,#907);
#636=LINE('',#3685,#908);
#637=LINE('',#3686,#909);
#638=LINE('',#3690,#910);
#639=LINE('',#3692,#911);
#640=LINE('',#3693,#912);
#641=LINE('',#3696,#913);
#642=LINE('',#3697,#914);
#643=LINE('',#3700,#915);
#644=LINE('',#3701,#916);
#645=LINE('',#3706,#917);
#646=LINE('',#3710,#918);
#647=LINE('',#3712,#919);
#648=LINE('',#3714,#920);
#649=LINE('',#3718,#921);
#650=LINE('',#3721,#922);
#651=LINE('',#3723,#923);
#652=LINE('',#3724,#924);
#653=LINE('',#3726,#925);
#654=LINE('',#3728,#926);
#655=LINE('',#3730,#927);
#656=LINE('',#3732,#928);
#657=LINE('',#3733,#929);
#658=LINE('',#3735,#930);
#659=LINE('',#3737,#931);
#660=LINE('',#3742,#932);
#661=LINE('',#3745,#933);
#662=LINE('',#3748,#934);
#663=LINE('',#3749,#935);
#664=LINE('',#3752,#936);
#665=LINE('',#3756,#937);
#666=LINE('',#3757,#938);
#667=LINE('',#3760,#939);
#668=LINE('',#3764,#940);
#669=LINE('',#3765,#941);
#670=LINE('',#3769,#942);
#671=LINE('',#3771,#943);
#672=LINE('',#3774,#944);
#673=LINE('',#3776,#945);
#674=LINE('',#3777,#946);
#675=VECTOR('',#2511,10.);
#676=VECTOR('',#2514,10.);
#677=VECTOR('',#2527,10.);
#678=VECTOR('',#2528,10.);
#679=VECTOR('',#2541,10.);
#680=VECTOR('',#2542,10.);
#681=VECTOR('',#2555,10.);
#682=VECTOR('',#2556,10.);
#683=VECTOR('',#2565,10.);
#684=VECTOR('',#2568,10.);
#685=VECTOR('',#2571,10.);
#686=VECTOR('',#2572,10.);
#687=VECTOR('',#2573,10.);
#688=VECTOR('',#2574,10.);
#689=VECTOR('',#2575,10.);
#690=VECTOR('',#2576,10.);
#691=VECTOR('',#2579,10.);
#692=VECTOR('',#2584,10.);
#693=VECTOR('',#2585,10.);
#694=VECTOR('',#2588,10.);
#695=VECTOR('',#2589,10.);
#696=VECTOR('',#2590,10.);
#697=VECTOR('',#2591,10.);
#698=VECTOR('',#2594,10.);
#699=VECTOR('',#2595,10.);
#700=VECTOR('',#2596,10.);
#701=VECTOR('',#2599,10.);
#702=VECTOR('',#2600,10.);
#703=VECTOR('',#2603,10.);
#704=VECTOR('',#2604,10.);
#705=VECTOR('',#2607,10.);
#706=VECTOR('',#2610,10.);
#707=VECTOR('',#2611,10.);
#708=VECTOR('',#2612,10.);
#709=VECTOR('',#2613,10.);
#710=VECTOR('',#2616,10.);
#711=VECTOR('',#2617,10.);
#712=VECTOR('',#2618,10.);
#713=VECTOR('',#2621,10.);
#714=VECTOR('',#2622,10.);
#715=VECTOR('',#2623,10.);
#716=VECTOR('',#2626,10.);
#717=VECTOR('',#2627,10.);
#718=VECTOR('',#2630,10.);
#719=VECTOR('',#2631,10.);
#720=VECTOR('',#2632,10.);
#721=VECTOR('',#2633,10.);
#722=VECTOR('',#2636,10.);
#723=VECTOR('',#2637,10.);
#724=VECTOR('',#2638,10.);
#725=VECTOR('',#2641,10.);
#726=VECTOR('',#2642,10.);
#727=VECTOR('',#2645,10.);
#728=VECTOR('',#2646,10.);
#729=VECTOR('',#2649,10.);
#730=VECTOR('',#2652,10.);
#731=VECTOR('',#2653,10.);
#732=VECTOR('',#2654,10.);
#733=VECTOR('',#2655,10.);
#734=VECTOR('',#2658,10.);
#735=VECTOR('',#2659,10.);
#736=VECTOR('',#2660,10.);
#737=VECTOR('',#2663,10.);
#738=VECTOR('',#2664,10.);
#739=VECTOR('',#2665,10.);
#740=VECTOR('',#2668,10.);
#741=VECTOR('',#2669,10.);
#742=VECTOR('',#2670,10.);
#743=VECTOR('',#2671,10.);
#744=VECTOR('',#2674,10.);
#745=VECTOR('',#2675,10.);
#746=VECTOR('',#2676,10.);
#747=VECTOR('',#2679,10.);
#748=VECTOR('',#2680,10.);
#749=VECTOR('',#2681,10.);
#750=VECTOR('',#2684,10.);
#751=VECTOR('',#2685,10.);
#752=VECTOR('',#2688,10.);
#753=VECTOR('',#2689,10.);
#754=VECTOR('',#2690,10.);
#755=VECTOR('',#2693,10.);
#756=VECTOR('',#2694,10.);
#757=VECTOR('',#2695,10.);
#758=VECTOR('',#2698,10.);
#759=VECTOR('',#2699,10.);
#760=VECTOR('',#2702,10.);
#761=VECTOR('',#2703,10.);
#762=VECTOR('',#2704,10.);
#763=VECTOR('',#2705,10.);
#764=VECTOR('',#2708,10.);
#765=VECTOR('',#2709,10.);
#766=VECTOR('',#2710,10.);
#767=VECTOR('',#2713,10.);
#768=VECTOR('',#2714,10.);
#769=VECTOR('',#2717,10.);
#770=VECTOR('',#2718,10.);
#771=VECTOR('',#2721,10.);
#772=VECTOR('',#2724,10.);
#773=VECTOR('',#2725,10.);
#774=VECTOR('',#2726,10.);
#775=VECTOR('',#2727,10.);
#776=VECTOR('',#2730,10.);
#777=VECTOR('',#2731,10.);
#778=VECTOR('',#2732,10.);
#779=VECTOR('',#2735,10.);
#780=VECTOR('',#2736,10.);
#781=VECTOR('',#2737,10.);
#782=VECTOR('',#2740,10.);
#783=VECTOR('',#2741,10.);
#784=VECTOR('',#2746,10.);
#785=VECTOR('',#2747,10.);
#786=VECTOR('',#2748,10.);
#787=VECTOR('',#2749,10.);
#788=VECTOR('',#2752,10.);
#789=VECTOR('',#2753,10.);
#790=VECTOR('',#2754,10.);
#791=VECTOR('',#2757,10.);
#792=VECTOR('',#2758,10.);
#793=VECTOR('',#2759,10.);
#794=VECTOR('',#2762,10.);
#795=VECTOR('',#2763,10.);
#796=VECTOR('',#2770,10.);
#797=VECTOR('',#2773,10.);
#798=VECTOR('',#2776,10.);
#799=VECTOR('',#2777,10.);
#800=VECTOR('',#2778,10.);
#801=VECTOR('',#2785,10.);
#802=VECTOR('',#2788,10.);
#803=VECTOR('',#2789,10.);
#804=VECTOR('',#2792,10.);
#805=VECTOR('',#2793,10.);
#806=VECTOR('',#2794,10.);
#807=VECTOR('',#2797,10.);
#808=VECTOR('',#2798,10.);
#809=VECTOR('',#2801,10.);
#810=VECTOR('',#2802,10.);
#811=VECTOR('',#2803,10.);
#812=VECTOR('',#2804,10.);
#813=VECTOR('',#2805,10.);
#814=VECTOR('',#2806,10.);
#815=VECTOR('',#2809,10.);
#816=VECTOR('',#2814,10.);
#817=VECTOR('',#2815,10.);
#818=VECTOR('',#2816,10.);
#819=VECTOR('',#2819,10.);
#820=VECTOR('',#2820,10.);
#821=VECTOR('',#2823,10.);
#822=VECTOR('',#2824,10.);
#823=VECTOR('',#2827,10.);
#824=VECTOR('',#2832,2.);
#825=VECTOR('',#2839,10.);
#826=VECTOR('',#2840,10.);
#827=VECTOR('',#2841,10.);
#828=VECTOR('',#2842,10.);
#829=VECTOR('',#2849,10.);
#830=VECTOR('',#2852,10.);
#831=VECTOR('',#2853,10.);
#832=VECTOR('',#2854,10.);
#833=VECTOR('',#2857,10.);
#834=VECTOR('',#2858,10.);
#835=VECTOR('',#2859,10.);
#836=VECTOR('',#2860,10.);
#837=VECTOR('',#2861,10.);
#838=VECTOR('',#2864,10.);
#839=VECTOR('',#2867,10.);
#840=VECTOR('',#2870,10.);
#841=VECTOR('',#2871,10.);
#842=VECTOR('',#2872,10.);
#843=VECTOR('',#2873,10.);
#844=VECTOR('',#2876,10.);
#845=VECTOR('',#2879,10.);
#846=VECTOR('',#2884,10.);
#847=VECTOR('',#2887,10.);
#848=VECTOR('',#2888,10.);
#849=VECTOR('',#2889,10.);
#850=VECTOR('',#2890,10.);
#851=VECTOR('',#2891,10.);
#852=VECTOR('',#2892,10.);
#853=VECTOR('',#2893,10.);
#854=VECTOR('',#2894,10.);
#855=VECTOR('',#2895,10.);
#856=VECTOR('',#2898,10.);
#857=VECTOR('',#2901,10.);
#858=VECTOR('',#2902,10.);
#859=VECTOR('',#2905,10.);
#860=VECTOR('',#2906,10.);
#861=VECTOR('',#2907,10.);
#862=VECTOR('',#2912,10.);
#863=VECTOR('',#2917,10.);
#864=VECTOR('',#2920,10.);
#865=VECTOR('',#2921,10.);
#866=VECTOR('',#2922,10.);
#867=VECTOR('',#2925,10.);
#868=VECTOR('',#2930,2.);
#869=VECTOR('',#2937,10.);
#870=VECTOR('',#2938,10.);
#871=VECTOR('',#2939,10.);
#872=VECTOR('',#2944,10.);
#873=VECTOR('',#2947,10.);
#874=VECTOR('',#2948,10.);
#875=VECTOR('',#2951,10.);
#876=VECTOR('',#2952,10.);
#877=VECTOR('',#2953,10.);
#878=VECTOR('',#2954,10.);
#879=VECTOR('',#2959,10.);
#880=VECTOR('',#2960,10.);
#881=VECTOR('',#2963,10.);
#882=VECTOR('',#2964,10.);
#883=VECTOR('',#2965,10.);
#884=VECTOR('',#2968,10.);
#885=VECTOR('',#2971,10.);
#886=VECTOR('',#2974,10.);
#887=VECTOR('',#2975,10.);
#888=VECTOR('',#2976,10.);
#889=VECTOR('',#2977,10.);
#890=VECTOR('',#2980,10.);
#891=VECTOR('',#2981,10.);
#892=VECTOR('',#2982,10.);
#893=VECTOR('',#2985,10.);
#894=VECTOR('',#2986,10.);
#895=VECTOR('',#2987,10.);
#896=VECTOR('',#2990,10.);
#897=VECTOR('',#2991,10.);
#898=VECTOR('',#2996,10.);
#899=VECTOR('',#2997,10.);
#900=VECTOR('',#2998,10.);
#901=VECTOR('',#2999,10.);
#902=VECTOR('',#3002,10.);
#903=VECTOR('',#3003,10.);
#904=VECTOR('',#3004,10.);
#905=VECTOR('',#3007,10.);
#906=VECTOR('',#3008,10.);
#907=VECTOR('',#3009,10.);
#908=VECTOR('',#3012,10.);
#909=VECTOR('',#3013,10.);
#910=VECTOR('',#3018,10.);
#911=VECTOR('',#3019,10.);
#912=VECTOR('',#3020,10.);
#913=VECTOR('',#3023,10.);
#914=VECTOR('',#3024,10.);
#915=VECTOR('',#3027,10.);
#916=VECTOR('',#3028,10.);
#917=VECTOR('',#3033,10.);
#918=VECTOR('',#3036,10.);
#919=VECTOR('',#3037,10.);
#920=VECTOR('',#3038,10.);
#921=VECTOR('',#3041,10.);
#922=VECTOR('',#3046,10.);
#923=VECTOR('',#3049,10.);
#924=VECTOR('',#3050,10.);
#925=VECTOR('',#3053,10.);
#926=VECTOR('',#3056,10.);
#927=VECTOR('',#3059,10.);
#928=VECTOR('',#3062,10.);
#929=VECTOR('',#3063,10.);
#930=VECTOR('',#3066,10.);
#931=VECTOR('',#3069,10.);
#932=VECTOR('',#3076,10.);
#933=VECTOR('',#3079,10.);
#934=VECTOR('',#3082,10.);
#935=VECTOR('',#3083,10.);
#936=VECTOR('',#3086,10.);
#937=VECTOR('',#3091,10.);
#938=VECTOR('',#3092,10.);
#939=VECTOR('',#3095,10.);
#940=VECTOR('',#3100,10.);
#941=VECTOR('',#3101,10.);
#942=VECTOR('',#3106,10.);
#943=VECTOR('',#3109,10.);
#944=VECTOR('',#3114,10.);
#945=VECTOR('',#3117,10.);
#946=VECTOR('',#3118,10.);
#947=CIRCLE('',#2334,1.2);
#948=CIRCLE('',#2335,1.2);
#949=CIRCLE('',#2337,1.19999999999999);
#950=CIRCLE('',#2338,3.8);
#951=CIRCLE('',#2339,5.);
#952=CIRCLE('',#2341,1.2);
#953=CIRCLE('',#2343,1.2);
#954=CIRCLE('',#2344,3.8);
#955=CIRCLE('',#2345,5.);
#956=CIRCLE('',#2347,1.2);
#957=CIRCLE('',#2349,1.20000000000001);
#958=CIRCLE('',#2350,3.8);
#959=CIRCLE('',#2351,5.);
#960=CIRCLE('',#2353,1.19999999999999);
#961=CIRCLE('',#2355,3.8);
#962=CIRCLE('',#2356,5.);
#963=CIRCLE('',#2358,5.);
#964=CIRCLE('',#2361,5.);
#965=CIRCLE('',#2403,3.7);
#966=CIRCLE('',#2404,3.7);
#967=CIRCLE('',#2407,3.7);
#968=CIRCLE('',#2408,3.7);
#969=CIRCLE('',#2420,2.);
#970=CIRCLE('',#2421,2.);
#971=CIRCLE('',#2425,3.99999999999998);
#972=CIRCLE('',#2426,3.99999999999998);
#973=CIRCLE('',#2430,3.);
#974=CIRCLE('',#2433,5.);
#975=CIRCLE('',#2434,5.);
#976=CIRCLE('',#2435,4.);
#977=CIRCLE('',#2436,4.);
#978=CIRCLE('',#2437,4.);
#979=CIRCLE('',#2438,4.);
#980=CIRCLE('',#2439,3.99999999999998);
#981=CIRCLE('',#2441,4.);
#982=CIRCLE('',#2443,3.);
#983=CIRCLE('',#2444,3.);
#984=CIRCLE('',#2445,4.);
#985=CIRCLE('',#2447,2.);
#986=CIRCLE('',#2448,2.);
#987=CIRCLE('',#2452,3.99999999999998);
#988=CIRCLE('',#2456,3.);
#989=CIRCLE('',#2474,4.);
#990=CIRCLE('',#2475,4.);
#991=CIRCLE('',#2476,3.);
#992=CIRCLE('',#2477,3.);
#993=CIRCLE('',#2489,3.);
#994=CIRCLE('',#2492,3.);
#995=CIRCLE('',#2495,3.);
#996=CIRCLE('',#2498,3.);
#997=VERTEX_POINT('',#3125);
#998=VERTEX_POINT('',#3126);
#999=VERTEX_POINT('',#3128);
#1000=VERTEX_POINT('',#3130);
#1001=VERTEX_POINT('',#3134);
#1002=VERTEX_POINT('',#3135);
#1003=VERTEX_POINT('',#3140);
#1004=VERTEX_POINT('',#3141);
#1005=VERTEX_POINT('',#3146);
#1006=VERTEX_POINT('',#3147);
#1007=VERTEX_POINT('',#3152);
#1008=VERTEX_POINT('',#3153);
#1009=VERTEX_POINT('',#3158);
#1010=VERTEX_POINT('',#3159);
#1011=VERTEX_POINT('',#3164);
#1012=VERTEX_POINT('',#3165);
#1013=VERTEX_POINT('',#3173);
#1014=VERTEX_POINT('',#3175);
#1015=VERTEX_POINT('',#3179);
#1016=VERTEX_POINT('',#3182);
#1017=VERTEX_POINT('',#3183);
#1018=VERTEX_POINT('',#3185);
#1019=VERTEX_POINT('',#3187);
#1020=VERTEX_POINT('',#3191);
#1021=VERTEX_POINT('',#3195);
#1022=VERTEX_POINT('',#3199);
#1023=VERTEX_POINT('',#3200);
#1024=VERTEX_POINT('',#3202);
#1025=VERTEX_POINT('',#3204);
#1026=VERTEX_POINT('',#3208);
#1027=VERTEX_POINT('',#3209);
#1028=VERTEX_POINT('',#3214);
#1029=VERTEX_POINT('',#3218);
#1030=VERTEX_POINT('',#3224);
#1031=VERTEX_POINT('',#3225);
#1032=VERTEX_POINT('',#3227);
#1033=VERTEX_POINT('',#3229);
#1034=VERTEX_POINT('',#3233);
#1035=VERTEX_POINT('',#3235);
#1036=VERTEX_POINT('',#3239);
#1037=VERTEX_POINT('',#3241);
#1038=VERTEX_POINT('',#3248);
#1039=VERTEX_POINT('',#3249);
#1040=VERTEX_POINT('',#3251);
#1041=VERTEX_POINT('',#3253);
#1042=VERTEX_POINT('',#3257);
#1043=VERTEX_POINT('',#3258);
#1044=VERTEX_POINT('',#3263);
#1045=VERTEX_POINT('',#3267);
#1046=VERTEX_POINT('',#3273);
#1047=VERTEX_POINT('',#3274);
#1048=VERTEX_POINT('',#3276);
#1049=VERTEX_POINT('',#3278);
#1050=VERTEX_POINT('',#3282);
#1051=VERTEX_POINT('',#3284);
#1052=VERTEX_POINT('',#3288);
#1053=VERTEX_POINT('',#3290);
#1054=VERTEX_POINT('',#3294);
#1055=VERTEX_POINT('',#3295);
#1056=VERTEX_POINT('',#3297);
#1057=VERTEX_POINT('',#3299);
#1058=VERTEX_POINT('',#3303);
#1059=VERTEX_POINT('',#3305);
#1060=VERTEX_POINT('',#3309);
#1061=VERTEX_POINT('',#3311);
#1062=VERTEX_POINT('',#3318);
#1063=VERTEX_POINT('',#3320);
#1064=VERTEX_POINT('',#3324);
#1065=VERTEX_POINT('',#3326);
#1066=VERTEX_POINT('',#3333);
#1067=VERTEX_POINT('',#3334);
#1068=VERTEX_POINT('',#3336);
#1069=VERTEX_POINT('',#3338);
#1070=VERTEX_POINT('',#3342);
#1071=VERTEX_POINT('',#3343);
#1072=VERTEX_POINT('',#3348);
#1073=VERTEX_POINT('',#3352);
#1074=VERTEX_POINT('',#3358);
#1075=VERTEX_POINT('',#3359);
#1076=VERTEX_POINT('',#3361);
#1077=VERTEX_POINT('',#3363);
#1078=VERTEX_POINT('',#3367);
#1079=VERTEX_POINT('',#3369);
#1080=VERTEX_POINT('',#3373);
#1081=VERTEX_POINT('',#3375);
#1082=VERTEX_POINT('',#3383);
#1083=VERTEX_POINT('',#3384);
#1084=VERTEX_POINT('',#3386);
#1085=VERTEX_POINT('',#3388);
#1086=VERTEX_POINT('',#3392);
#1087=VERTEX_POINT('',#3394);
#1088=VERTEX_POINT('',#3398);
#1089=VERTEX_POINT('',#3400);
#1090=VERTEX_POINT('',#3408);
#1091=VERTEX_POINT('',#3409);
#1092=VERTEX_POINT('',#3411);
#1093=VERTEX_POINT('',#3413);
#1094=VERTEX_POINT('',#3417);
#1095=VERTEX_POINT('',#3419);
#1096=VERTEX_POINT('',#3423);
#1097=VERTEX_POINT('',#3425);
#1098=VERTEX_POINT('',#3432);
#1099=VERTEX_POINT('',#3434);
#1100=VERTEX_POINT('',#3438);
#1101=VERTEX_POINT('',#3442);
#1102=VERTEX_POINT('',#3445);
#1103=VERTEX_POINT('',#3446);
#1104=VERTEX_POINT('',#3448);
#1105=VERTEX_POINT('',#3450);
#1106=VERTEX_POINT('',#3457);
#1107=VERTEX_POINT('',#3459);
#1108=VERTEX_POINT('',#3463);
#1109=VERTEX_POINT('',#3467);
#1110=VERTEX_POINT('',#3473);
#1111=VERTEX_POINT('',#3475);
#1112=VERTEX_POINT('',#3480);
#1113=VERTEX_POINT('',#3481);
#1114=VERTEX_POINT('',#3483);
#1115=VERTEX_POINT('',#3485);
#1116=VERTEX_POINT('',#3489);
#1117=VERTEX_POINT('',#3491);
#1118=VERTEX_POINT('',#3495);
#1119=VERTEX_POINT('',#3497);
#1120=VERTEX_POINT('',#3501);
#1121=VERTEX_POINT('',#3503);
#1122=VERTEX_POINT('',#3505);
#1123=VERTEX_POINT('',#3507);
#1124=VERTEX_POINT('',#3511);
#1125=VERTEX_POINT('',#3512);
#1126=VERTEX_POINT('',#3517);
#1127=VERTEX_POINT('',#3519);
#1128=VERTEX_POINT('',#3521);
#1129=VERTEX_POINT('',#3525);
#1130=VERTEX_POINT('',#3526);
#1131=VERTEX_POINT('',#3528);
#1132=VERTEX_POINT('',#3532);
#1133=VERTEX_POINT('',#3534);
#1134=VERTEX_POINT('',#3536);
#1135=VERTEX_POINT('',#3538);
#1136=VERTEX_POINT('',#3540);
#1137=VERTEX_POINT('',#3542);
#1138=VERTEX_POINT('',#3544);
#1139=VERTEX_POINT('',#3546);
#1140=VERTEX_POINT('',#3548);
#1141=VERTEX_POINT('',#3550);
#1142=VERTEX_POINT('',#3552);
#1143=VERTEX_POINT('',#3554);
#1144=VERTEX_POINT('',#3556);
#1145=VERTEX_POINT('',#3558);
#1146=VERTEX_POINT('',#3560);
#1147=VERTEX_POINT('',#3562);
#1148=VERTEX_POINT('',#3564);
#1149=VERTEX_POINT('',#3566);
#1150=VERTEX_POINT('',#3568);
#1151=VERTEX_POINT('',#3570);
#1152=VERTEX_POINT('',#3574);
#1153=VERTEX_POINT('',#3578);
#1154=VERTEX_POINT('',#3580);
#1155=VERTEX_POINT('',#3582);
#1156=VERTEX_POINT('',#3584);
#1157=VERTEX_POINT('',#3586);
#1158=VERTEX_POINT('',#3588);
#1159=VERTEX_POINT('',#3590);
#1160=VERTEX_POINT('',#3594);
#1161=VERTEX_POINT('',#3596);
#1162=VERTEX_POINT('',#3601);
#1163=VERTEX_POINT('',#3603);
#1164=VERTEX_POINT('',#3607);
#1165=VERTEX_POINT('',#3611);
#1166=VERTEX_POINT('',#3615);
#1167=VERTEX_POINT('',#3617);
#1168=VERTEX_POINT('',#3619);
#1169=VERTEX_POINT('',#3623);
#1170=VERTEX_POINT('',#3624);
#1171=VERTEX_POINT('',#3629);
#1172=VERTEX_POINT('',#3631);
#1173=VERTEX_POINT('',#3639);
#1174=VERTEX_POINT('',#3640);
#1175=VERTEX_POINT('',#3642);
#1176=VERTEX_POINT('',#3644);
#1177=VERTEX_POINT('',#3648);
#1178=VERTEX_POINT('',#3650);
#1179=VERTEX_POINT('',#3654);
#1180=VERTEX_POINT('',#3656);
#1181=VERTEX_POINT('',#3664);
#1182=VERTEX_POINT('',#3665);
#1183=VERTEX_POINT('',#3667);
#1184=VERTEX_POINT('',#3669);
#1185=VERTEX_POINT('',#3673);
#1186=VERTEX_POINT('',#3675);
#1187=VERTEX_POINT('',#3679);
#1188=VERTEX_POINT('',#3681);
#1189=VERTEX_POINT('',#3689);
#1190=VERTEX_POINT('',#3691);
#1191=VERTEX_POINT('',#3695);
#1192=VERTEX_POINT('',#3699);
#1193=VERTEX_POINT('',#3703);
#1194=VERTEX_POINT('',#3705);
#1195=VERTEX_POINT('',#3707);
#1196=VERTEX_POINT('',#3709);
#1197=VERTEX_POINT('',#3711);
#1198=VERTEX_POINT('',#3713);
#1199=VERTEX_POINT('',#3715);
#1200=VERTEX_POINT('',#3717);
#1201=VERTEX_POINT('',#3741);
#1202=VERTEX_POINT('',#3743);
#1203=VERTEX_POINT('',#3747);
#1204=VERTEX_POINT('',#3751);
#1205=VERTEX_POINT('',#3755);
#1206=VERTEX_POINT('',#3759);
#1207=VERTEX_POINT('',#3763);
#1208=VERTEX_POINT('',#3767);
#1209=EDGE_CURVE('',#997,#998,#947,.T.);
#1210=EDGE_CURVE('',#998,#999,#403,.T.);
#1211=EDGE_CURVE('',#999,#1000,#948,.T.);
#1212=EDGE_CURVE('',#1000,#997,#404,.T.);
#1213=EDGE_CURVE('',#1001,#1002,#949,.T.);
#1214=EDGE_CURVE('',#1002,#1000,#950,.T.);
#1215=EDGE_CURVE('',#999,#1001,#951,.T.);
#1216=EDGE_CURVE('',#1003,#1004,#952,.T.);
#1217=EDGE_CURVE('',#1004,#1002,#405,.T.);
#1218=EDGE_CURVE('',#1001,#1003,#406,.T.);
#1219=EDGE_CURVE('',#1005,#1006,#953,.T.);
#1220=EDGE_CURVE('',#1006,#1004,#954,.T.);
#1221=EDGE_CURVE('',#1003,#1005,#955,.T.);
#1222=EDGE_CURVE('',#1007,#1008,#956,.T.);
#1223=EDGE_CURVE('',#1008,#1006,#407,.T.);
#1224=EDGE_CURVE('',#1005,#1007,#408,.T.);
#1225=EDGE_CURVE('',#1009,#1010,#957,.T.);
#1226=EDGE_CURVE('',#1010,#1008,#958,.T.);
#1227=EDGE_CURVE('',#1007,#1009,#959,.T.);
#1228=EDGE_CURVE('',#1011,#1012,#960,.T.);
#1229=EDGE_CURVE('',#1012,#1010,#409,.T.);
#1230=EDGE_CURVE('',#1009,#1011,#410,.T.);
#1231=EDGE_CURVE('',#997,#1012,#961,.T.);
#1232=EDGE_CURVE('',#1011,#998,#962,.T.);
#1233=EDGE_CURVE('',#1003,#1013,#411,.T.);
#1234=EDGE_CURVE('',#1014,#1013,#963,.T.);
#1235=EDGE_CURVE('',#1005,#1014,#412,.T.);
#1236=EDGE_CURVE('',#1001,#1015,#413,.T.);
#1237=EDGE_CURVE('',#1013,#1015,#414,.T.);
#1238=EDGE_CURVE('',#1016,#1017,#415,.T.);
#1239=EDGE_CURVE('',#1017,#1018,#416,.T.);
#1240=EDGE_CURVE('',#1018,#1019,#417,.T.);
#1241=EDGE_CURVE('',#1019,#1016,#418,.T.);
#1242=EDGE_CURVE('',#999,#1020,#419,.T.);
#1243=EDGE_CURVE('',#1015,#1020,#964,.T.);
#1244=EDGE_CURVE('',#998,#1021,#420,.T.);
#1245=EDGE_CURVE('',#1020,#1021,#421,.T.);
#1246=EDGE_CURVE('',#1022,#1023,#422,.T.);
#1247=EDGE_CURVE('',#1023,#1024,#423,.T.);
#1248=EDGE_CURVE('',#1024,#1025,#424,.T.);
#1249=EDGE_CURVE('',#1025,#1022,#425,.T.);
#1250=EDGE_CURVE('',#1026,#1027,#426,.T.);
#1251=EDGE_CURVE('',#1019,#1026,#427,.T.);
#1252=EDGE_CURVE('',#1027,#1018,#428,.T.);
#1253=EDGE_CURVE('',#1027,#1028,#429,.T.);
#1254=EDGE_CURVE('',#1017,#1028,#430,.T.);
#1255=EDGE_CURVE('',#1028,#1029,#431,.T.);
#1256=EDGE_CURVE('',#1029,#1016,#432,.T.);
#1257=EDGE_CURVE('',#1029,#1026,#433,.T.);
#1258=EDGE_CURVE('',#1030,#1031,#434,.T.);
#1259=EDGE_CURVE('',#1032,#1030,#435,.T.);
#1260=EDGE_CURVE('',#1033,#1032,#436,.T.);
#1261=EDGE_CURVE('',#1031,#1033,#437,.T.);
#1262=EDGE_CURVE('',#1031,#1034,#438,.T.);
#1263=EDGE_CURVE('',#1033,#1035,#439,.T.);
#1264=EDGE_CURVE('',#1035,#1034,#440,.T.);
#1265=EDGE_CURVE('',#1034,#1036,#441,.T.);
#1266=EDGE_CURVE('',#1037,#1035,#442,.T.);
#1267=EDGE_CURVE('',#1036,#1037,#443,.T.);
#1268=EDGE_CURVE('',#1036,#1030,#444,.T.);
#1269=EDGE_CURVE('',#1032,#1037,#445,.T.);
#1270=EDGE_CURVE('',#1038,#1039,#446,.T.);
#1271=EDGE_CURVE('',#1039,#1040,#447,.T.);
#1272=EDGE_CURVE('',#1040,#1041,#448,.T.);
#1273=EDGE_CURVE('',#1038,#1041,#449,.T.);
#1274=EDGE_CURVE('',#1042,#1043,#450,.T.);
#1275=EDGE_CURVE('',#1039,#1042,#451,.T.);
#1276=EDGE_CURVE('',#1043,#1038,#452,.T.);
#1277=EDGE_CURVE('',#1043,#1044,#453,.T.);
#1278=EDGE_CURVE('',#1041,#1044,#454,.T.);
#1279=EDGE_CURVE('',#1044,#1045,#455,.T.);
#1280=EDGE_CURVE('',#1045,#1040,#456,.T.);
#1281=EDGE_CURVE('',#1045,#1042,#457,.T.);
#1282=EDGE_CURVE('',#1046,#1047,#458,.T.);
#1283=EDGE_CURVE('',#1048,#1046,#459,.T.);
#1284=EDGE_CURVE('',#1049,#1048,#460,.T.);
#1285=EDGE_CURVE('',#1047,#1049,#461,.T.);
#1286=EDGE_CURVE('',#1050,#1046,#462,.T.);
#1287=EDGE_CURVE('',#1050,#1051,#463,.T.);
#1288=EDGE_CURVE('',#1051,#1048,#464,.T.);
#1289=EDGE_CURVE('',#1049,#1052,#465,.T.);
#1290=EDGE_CURVE('',#1052,#1053,#466,.T.);
#1291=EDGE_CURVE('',#1047,#1053,#467,.T.);
#1292=EDGE_CURVE('',#1054,#1055,#468,.T.);
#1293=EDGE_CURVE('',#1056,#1054,#469,.T.);
#1294=EDGE_CURVE('',#1057,#1056,#470,.T.);
#1295=EDGE_CURVE('',#1055,#1057,#471,.T.);
#1296=EDGE_CURVE('',#1055,#1058,#472,.T.);
#1297=EDGE_CURVE('',#1057,#1059,#473,.T.);
#1298=EDGE_CURVE('',#1059,#1058,#474,.T.);
#1299=EDGE_CURVE('',#1058,#1060,#475,.T.);
#1300=EDGE_CURVE('',#1061,#1059,#476,.T.);
#1301=EDGE_CURVE('',#1060,#1061,#477,.T.);
#1302=EDGE_CURVE('',#1060,#1054,#478,.T.);
#1303=EDGE_CURVE('',#1056,#1061,#479,.T.);
#1304=EDGE_CURVE('',#1062,#1050,#480,.T.);
#1305=EDGE_CURVE('',#1063,#1062,#481,.T.);
#1306=EDGE_CURVE('',#1051,#1063,#482,.T.);
#1307=EDGE_CURVE('',#1053,#1064,#483,.T.);
#1308=EDGE_CURVE('',#1065,#1052,#484,.T.);
#1309=EDGE_CURVE('',#1064,#1065,#485,.T.);
#1310=EDGE_CURVE('',#1064,#1062,#486,.T.);
#1311=EDGE_CURVE('',#1063,#1065,#487,.T.);
#1312=EDGE_CURVE('',#1066,#1067,#488,.T.);
#1313=EDGE_CURVE('',#1067,#1068,#489,.T.);
#1314=EDGE_CURVE('',#1069,#1068,#490,.T.);
#1315=EDGE_CURVE('',#1069,#1066,#491,.T.);
#1316=EDGE_CURVE('',#1070,#1071,#492,.T.);
#1317=EDGE_CURVE('',#1066,#1070,#493,.T.);
#1318=EDGE_CURVE('',#1071,#1069,#494,.T.);
#1319=EDGE_CURVE('',#1071,#1072,#495,.T.);
#1320=EDGE_CURVE('',#1068,#1072,#496,.T.);
#1321=EDGE_CURVE('',#1072,#1073,#497,.T.);
#1322=EDGE_CURVE('',#1073,#1067,#498,.T.);
#1323=EDGE_CURVE('',#1073,#1070,#499,.T.);
#1324=EDGE_CURVE('',#1074,#1075,#500,.T.);
#1325=EDGE_CURVE('',#1076,#1074,#501,.T.);
#1326=EDGE_CURVE('',#1077,#1076,#502,.T.);
#1327=EDGE_CURVE('',#1075,#1077,#503,.T.);
#1328=EDGE_CURVE('',#1078,#1074,#504,.T.);
#1329=EDGE_CURVE('',#1078,#1079,#505,.T.);
#1330=EDGE_CURVE('',#1079,#1076,#506,.T.);
#1331=EDGE_CURVE('',#1075,#1080,#507,.T.);
#1332=EDGE_CURVE('',#1077,#1081,#508,.T.);
#1333=EDGE_CURVE('',#1081,#1080,#509,.T.);
#1334=EDGE_CURVE('',#1080,#1078,#510,.T.);
#1335=EDGE_CURVE('',#1081,#1079,#511,.T.);
#1336=EDGE_CURVE('',#1082,#1083,#512,.T.);
#1337=EDGE_CURVE('',#1084,#1082,#513,.T.);
#1338=EDGE_CURVE('',#1085,#1084,#514,.T.);
#1339=EDGE_CURVE('',#1083,#1085,#515,.T.);
#1340=EDGE_CURVE('',#1086,#1082,#516,.T.);
#1341=EDGE_CURVE('',#1086,#1087,#517,.T.);
#1342=EDGE_CURVE('',#1087,#1084,#518,.T.);
#1343=EDGE_CURVE('',#1083,#1088,#519,.T.);
#1344=EDGE_CURVE('',#1085,#1089,#520,.T.);
#1345=EDGE_CURVE('',#1089,#1088,#521,.T.);
#1346=EDGE_CURVE('',#1088,#1086,#522,.T.);
#1347=EDGE_CURVE('',#1089,#1087,#523,.T.);
#1348=EDGE_CURVE('',#1090,#1091,#965,.T.);
#1349=EDGE_CURVE('',#1090,#1092,#524,.T.);
#1350=EDGE_CURVE('',#1093,#1092,#966,.T.);
#1351=EDGE_CURVE('',#1093,#1091,#525,.T.);
#1352=EDGE_CURVE('',#1091,#1094,#526,.T.);
#1353=EDGE_CURVE('',#1095,#1093,#527,.T.);
#1354=EDGE_CURVE('',#1094,#1095,#528,.T.);
#1355=EDGE_CURVE('',#1094,#1096,#967,.T.);
#1356=EDGE_CURVE('',#1097,#1095,#968,.T.);
#1357=EDGE_CURVE('',#1097,#1096,#529,.T.);
#1358=EDGE_CURVE('',#1096,#1090,#530,.T.);
#1359=EDGE_CURVE('',#1092,#1097,#531,.T.);
#1360=EDGE_CURVE('',#1024,#1098,#532,.T.);
#1361=EDGE_CURVE('',#1098,#1099,#533,.T.);
#1362=EDGE_CURVE('',#1025,#1099,#534,.T.);
#1363=EDGE_CURVE('',#1099,#1100,#535,.T.);
#1364=EDGE_CURVE('',#1022,#1100,#536,.T.);
#1365=EDGE_CURVE('',#1101,#1098,#537,.T.);
#1366=EDGE_CURVE('',#1100,#1101,#538,.T.);
#1367=EDGE_CURVE('',#1102,#1103,#539,.T.);
#1368=EDGE_CURVE('',#1104,#1102,#540,.T.);
#1369=EDGE_CURVE('',#1105,#1104,#541,.T.);
#1370=EDGE_CURVE('',#1103,#1105,#542,.T.);
#1371=EDGE_CURVE('',#1023,#1101,#543,.T.);
#1372=EDGE_CURVE('',#1104,#1106,#544,.T.);
#1373=EDGE_CURVE('',#1107,#1106,#545,.T.);
#1374=EDGE_CURVE('',#1105,#1107,#546,.T.);
#1375=EDGE_CURVE('',#1102,#1108,#547,.T.);
#1376=EDGE_CURVE('',#1106,#1108,#548,.T.);
#1377=EDGE_CURVE('',#1103,#1109,#549,.T.);
#1378=EDGE_CURVE('',#1108,#1109,#550,.T.);
#1379=EDGE_CURVE('',#1109,#1107,#551,.T.);
#1380=EDGE_CURVE('',#1110,#1110,#969,.T.);
#1381=EDGE_CURVE('',#1110,#1111,#552,.T.);
#1382=EDGE_CURVE('',#1111,#1111,#970,.T.);
#1383=EDGE_CURVE('',#1112,#1113,#553,.T.);
#1384=EDGE_CURVE('',#1114,#1112,#554,.T.);
#1385=EDGE_CURVE('',#1114,#1115,#555,.T.);
#1386=EDGE_CURVE('',#1113,#1115,#556,.T.);
#1387=EDGE_CURVE('',#1113,#1116,#971,.T.);
#1388=EDGE_CURVE('',#1117,#1115,#972,.T.);
#1389=EDGE_CURVE('',#1116,#1117,#557,.T.);
#1390=EDGE_CURVE('',#1116,#1118,#558,.T.);
#1391=EDGE_CURVE('',#1117,#1119,#559,.T.);
#1392=EDGE_CURVE('',#1119,#1118,#560,.T.);
#1393=EDGE_CURVE('',#1118,#1120,#561,.T.);
#1394=EDGE_CURVE('',#1119,#1121,#562,.T.);
#1395=EDGE_CURVE('',#1122,#1121,#563,.T.);
#1396=EDGE_CURVE('',#1123,#1122,#564,.T.);
#1397=EDGE_CURVE('',#1120,#1123,#565,.T.);
#1398=EDGE_CURVE('',#1124,#1125,#566,.T.);
#1399=EDGE_CURVE('',#1121,#1124,#973,.T.);
#1400=EDGE_CURVE('',#1125,#1114,#567,.T.);
#1401=EDGE_CURVE('',#1126,#1112,#568,.T.);
#1402=EDGE_CURVE('',#1127,#1126,#569,.T.);
#1403=EDGE_CURVE('',#1128,#1127,#570,.T.);
#1404=EDGE_CURVE('',#1125,#1128,#571,.T.);
#1405=EDGE_CURVE('',#1129,#1130,#572,.T.);
#1406=EDGE_CURVE('',#1130,#1131,#974,.T.);
#1407=EDGE_CURVE('',#1131,#1014,#573,.T.);
#1408=EDGE_CURVE('',#1021,#1129,#975,.T.);
#1409=EDGE_CURVE('',#1120,#1132,#976,.T.);
#1410=EDGE_CURVE('',#1132,#1133,#574,.T.);
#1411=EDGE_CURVE('',#1133,#1134,#977,.T.);
#1412=EDGE_CURVE('',#1134,#1135,#575,.T.);
#1413=EDGE_CURVE('',#1135,#1136,#576,.T.);
#1414=EDGE_CURVE('',#1136,#1137,#577,.T.);
#1415=EDGE_CURVE('',#1137,#1138,#578,.T.);
#1416=EDGE_CURVE('',#1138,#1139,#579,.T.);
#1417=EDGE_CURVE('',#1139,#1140,#580,.T.);
#1418=EDGE_CURVE('',#1140,#1141,#581,.T.);
#1419=EDGE_CURVE('',#1141,#1142,#582,.T.);
#1420=EDGE_CURVE('',#1142,#1143,#583,.T.);
#1421=EDGE_CURVE('',#1143,#1144,#978,.T.);
#1422=EDGE_CURVE('',#1144,#1145,#584,.T.);
#1423=EDGE_CURVE('',#1145,#1146,#979,.T.);
#1424=EDGE_CURVE('',#1146,#1147,#585,.T.);
#1425=EDGE_CURVE('',#1147,#1148,#586,.T.);
#1426=EDGE_CURVE('',#1148,#1149,#980,.T.);
#1427=EDGE_CURVE('',#1149,#1150,#587,.T.);
#1428=EDGE_CURVE('',#1150,#1151,#588,.T.);
#1429=EDGE_CURVE('',#1151,#1126,#589,.T.);
#1430=EDGE_CURVE('',#1123,#1152,#981,.T.);
#1431=EDGE_CURVE('',#1152,#1132,#590,.T.);
#1432=EDGE_CURVE('',#1153,#1122,#982,.T.);
#1433=EDGE_CURVE('',#1154,#1153,#591,.T.);
#1434=EDGE_CURVE('',#1155,#1154,#983,.T.);
#1435=EDGE_CURVE('',#1156,#1155,#592,.T.);
#1436=EDGE_CURVE('',#1157,#1156,#593,.T.);
#1437=EDGE_CURVE('',#1158,#1157,#594,.T.);
#1438=EDGE_CURVE('',#1159,#1158,#984,.T.);
#1439=EDGE_CURVE('',#1152,#1159,#595,.T.);
#1440=EDGE_CURVE('',#1160,#1160,#985,.T.);
#1441=EDGE_CURVE('',#1160,#1161,#596,.T.);
#1442=EDGE_CURVE('',#1161,#1161,#986,.T.);
#1443=EDGE_CURVE('',#1162,#1147,#597,.T.);
#1444=EDGE_CURVE('',#1162,#1163,#598,.T.);
#1445=EDGE_CURVE('',#1148,#1163,#599,.T.);
#1446=EDGE_CURVE('',#1164,#1163,#987,.T.);
#1447=EDGE_CURVE('',#1149,#1164,#600,.T.);
#1448=EDGE_CURVE('',#1164,#1165,#601,.T.);
#1449=EDGE_CURVE('',#1165,#1150,#602,.T.);
#1450=EDGE_CURVE('',#1165,#1166,#603,.T.);
#1451=EDGE_CURVE('',#1167,#1166,#604,.T.);
#1452=EDGE_CURVE('',#1168,#1167,#605,.T.);
#1453=EDGE_CURVE('',#1151,#1168,#606,.T.);
#1454=EDGE_CURVE('',#1169,#1170,#988,.T.);
#1455=EDGE_CURVE('',#1166,#1169,#607,.T.);
#1456=EDGE_CURVE('',#1170,#1162,#608,.T.);
#1457=EDGE_CURVE('',#1171,#1146,#609,.T.);
#1458=EDGE_CURVE('',#1172,#1171,#610,.T.);
#1459=EDGE_CURVE('',#1170,#1172,#611,.T.);
#1460=EDGE_CURVE('',#1168,#1127,#612,.T.);
#1461=EDGE_CURVE('',#1128,#1167,#613,.T.);
#1462=EDGE_CURVE('',#1173,#1174,#614,.T.);
#1463=EDGE_CURVE('',#1175,#1173,#615,.T.);
#1464=EDGE_CURVE('',#1176,#1175,#616,.T.);
#1465=EDGE_CURVE('',#1174,#1176,#617,.T.);
#1466=EDGE_CURVE('',#1174,#1177,#618,.T.);
#1467=EDGE_CURVE('',#1176,#1178,#619,.T.);
#1468=EDGE_CURVE('',#1178,#1177,#620,.T.);
#1469=EDGE_CURVE('',#1177,#1179,#621,.T.);
#1470=EDGE_CURVE('',#1180,#1178,#622,.T.);
#1471=EDGE_CURVE('',#1179,#1180,#623,.T.);
#1472=EDGE_CURVE('',#1179,#1173,#624,.T.);
#1473=EDGE_CURVE('',#1175,#1180,#625,.T.);
#1474=EDGE_CURVE('',#1181,#1182,#626,.T.);
#1475=EDGE_CURVE('',#1183,#1181,#627,.T.);
#1476=EDGE_CURVE('',#1184,#1183,#628,.T.);
#1477=EDGE_CURVE('',#1182,#1184,#629,.T.);
#1478=EDGE_CURVE('',#1182,#1185,#630,.T.);
#1479=EDGE_CURVE('',#1184,#1186,#631,.T.);
#1480=EDGE_CURVE('',#1186,#1185,#632,.T.);
#1481=EDGE_CURVE('',#1185,#1187,#633,.T.);
#1482=EDGE_CURVE('',#1188,#1186,#634,.T.);
#1483=EDGE_CURVE('',#1187,#1188,#635,.T.);
#1484=EDGE_CURVE('',#1187,#1181,#636,.T.);
#1485=EDGE_CURVE('',#1183,#1188,#637,.T.);
#1486=EDGE_CURVE('',#1189,#1137,#638,.T.);
#1487=EDGE_CURVE('',#1189,#1190,#639,.T.);
#1488=EDGE_CURVE('',#1190,#1138,#640,.T.);
#1489=EDGE_CURVE('',#1190,#1191,#641,.T.);
#1490=EDGE_CURVE('',#1139,#1191,#642,.T.);
#1491=EDGE_CURVE('',#1192,#1189,#643,.T.);
#1492=EDGE_CURVE('',#1191,#1192,#644,.T.);
#1493=EDGE_CURVE('',#1193,#1171,#989,.T.);
#1494=EDGE_CURVE('',#1194,#1193,#645,.T.);
#1495=EDGE_CURVE('',#1195,#1194,#990,.T.);
#1496=EDGE_CURVE('',#1196,#1195,#646,.T.);
#1497=EDGE_CURVE('',#1197,#1196,#647,.T.);
#1498=EDGE_CURVE('',#1198,#1197,#648,.T.);
#1499=EDGE_CURVE('',#1199,#1198,#991,.T.);
#1500=EDGE_CURVE('',#1200,#1199,#649,.T.);
#1501=EDGE_CURVE('',#1172,#1200,#992,.T.);
#1502=EDGE_CURVE('',#1140,#1192,#650,.T.);
#1503=EDGE_CURVE('',#1197,#1141,#651,.T.);
#1504=EDGE_CURVE('',#1196,#1142,#652,.T.);
#1505=EDGE_CURVE('',#1195,#1143,#653,.T.);
#1506=EDGE_CURVE('',#1194,#1144,#654,.T.);
#1507=EDGE_CURVE('',#1193,#1145,#655,.T.);
#1508=EDGE_CURVE('',#1135,#1157,#656,.T.);
#1509=EDGE_CURVE('',#1136,#1156,#657,.T.);
#1510=EDGE_CURVE('',#1158,#1134,#658,.T.);
#1511=EDGE_CURVE('',#1159,#1133,#659,.T.);
#1512=EDGE_CURVE('',#1201,#1124,#660,.T.);
#1513=EDGE_CURVE('',#1201,#1202,#993,.T.);
#1514=EDGE_CURVE('',#1202,#1153,#661,.T.);
#1515=EDGE_CURVE('',#1203,#1169,#662,.T.);
#1516=EDGE_CURVE('',#1203,#1201,#663,.T.);
#1517=EDGE_CURVE('',#1204,#1200,#664,.T.);
#1518=EDGE_CURVE('',#1204,#1203,#994,.T.);
#1519=EDGE_CURVE('',#1205,#1199,#665,.T.);
#1520=EDGE_CURVE('',#1205,#1204,#666,.T.);
#1521=EDGE_CURVE('',#1206,#1198,#667,.T.);
#1522=EDGE_CURVE('',#1206,#1205,#995,.T.);
#1523=EDGE_CURVE('',#1202,#1207,#668,.T.);
#1524=EDGE_CURVE('',#1207,#1154,#669,.T.);
#1525=EDGE_CURVE('',#1207,#1208,#996,.T.);
#1526=EDGE_CURVE('',#1208,#1155,#670,.T.);
#1527=EDGE_CURVE('',#1208,#1206,#671,.T.);
#1528=EDGE_CURVE('',#1011,#1129,#672,.T.);
#1529=EDGE_CURVE('',#1007,#1131,#673,.T.);
#1530=EDGE_CURVE('',#1009,#1130,#674,.T.);
#1531=ORIENTED_EDGE('',*,*,#1209,.T.);
#1532=ORIENTED_EDGE('',*,*,#1210,.T.);
#1533=ORIENTED_EDGE('',*,*,#1211,.T.);
#1534=ORIENTED_EDGE('',*,*,#1212,.T.);
#1535=ORIENTED_EDGE('',*,*,#1213,.T.);
#1536=ORIENTED_EDGE('',*,*,#1214,.T.);
#1537=ORIENTED_EDGE('',*,*,#1211,.F.);
#1538=ORIENTED_EDGE('',*,*,#1215,.T.);
#1539=ORIENTED_EDGE('',*,*,#1216,.T.);
#1540=ORIENTED_EDGE('',*,*,#1217,.T.);
#1541=ORIENTED_EDGE('',*,*,#1213,.F.);
#1542=ORIENTED_EDGE('',*,*,#1218,.T.);
#1543=ORIENTED_EDGE('',*,*,#1219,.T.);
#1544=ORIENTED_EDGE('',*,*,#1220,.T.);
#1545=ORIENTED_EDGE('',*,*,#1216,.F.);
#1546=ORIENTED_EDGE('',*,*,#1221,.T.);
#1547=ORIENTED_EDGE('',*,*,#1222,.T.);
#1548=ORIENTED_EDGE('',*,*,#1223,.T.);
#1549=ORIENTED_EDGE('',*,*,#1219,.F.);
#1550=ORIENTED_EDGE('',*,*,#1224,.T.);
#1551=ORIENTED_EDGE('',*,*,#1225,.T.);
#1552=ORIENTED_EDGE('',*,*,#1226,.T.);
#1553=ORIENTED_EDGE('',*,*,#1222,.F.);
#1554=ORIENTED_EDGE('',*,*,#1227,.T.);
#1555=ORIENTED_EDGE('',*,*,#1228,.T.);
#1556=ORIENTED_EDGE('',*,*,#1229,.T.);
#1557=ORIENTED_EDGE('',*,*,#1225,.F.);
#1558=ORIENTED_EDGE('',*,*,#1230,.T.);
#1559=ORIENTED_EDGE('',*,*,#1209,.F.);
#1560=ORIENTED_EDGE('',*,*,#1231,.T.);
#1561=ORIENTED_EDGE('',*,*,#1228,.F.);
#1562=ORIENTED_EDGE('',*,*,#1232,.T.);
#1563=ORIENTED_EDGE('',*,*,#1221,.F.);
#1564=ORIENTED_EDGE('',*,*,#1233,.T.);
#1565=ORIENTED_EDGE('',*,*,#1234,.F.);
#1566=ORIENTED_EDGE('',*,*,#1235,.F.);
#1567=ORIENTED_EDGE('',*,*,#1218,.F.);
#1568=ORIENTED_EDGE('',*,*,#1236,.T.);
#1569=ORIENTED_EDGE('',*,*,#1237,.F.);
#1570=ORIENTED_EDGE('',*,*,#1233,.F.);
#1571=ORIENTED_EDGE('',*,*,#1238,.T.);
#1572=ORIENTED_EDGE('',*,*,#1239,.T.);
#1573=ORIENTED_EDGE('',*,*,#1240,.T.);
#1574=ORIENTED_EDGE('',*,*,#1241,.T.);
#1575=ORIENTED_EDGE('',*,*,#1215,.F.);
#1576=ORIENTED_EDGE('',*,*,#1242,.T.);
#1577=ORIENTED_EDGE('',*,*,#1243,.F.);
#1578=ORIENTED_EDGE('',*,*,#1236,.F.);
#1579=ORIENTED_EDGE('',*,*,#1210,.F.);
#1580=ORIENTED_EDGE('',*,*,#1244,.T.);
#1581=ORIENTED_EDGE('',*,*,#1245,.F.);
#1582=ORIENTED_EDGE('',*,*,#1242,.F.);
#1583=ORIENTED_EDGE('',*,*,#1212,.F.);
#1584=ORIENTED_EDGE('',*,*,#1214,.F.);
#1585=ORIENTED_EDGE('',*,*,#1217,.F.);
#1586=ORIENTED_EDGE('',*,*,#1220,.F.);
#1587=ORIENTED_EDGE('',*,*,#1223,.F.);
#1588=ORIENTED_EDGE('',*,*,#1226,.F.);
#1589=ORIENTED_EDGE('',*,*,#1229,.F.);
#1590=ORIENTED_EDGE('',*,*,#1231,.F.);
#1591=ORIENTED_EDGE('',*,*,#1246,.T.);
#1592=ORIENTED_EDGE('',*,*,#1247,.T.);
#1593=ORIENTED_EDGE('',*,*,#1248,.T.);
#1594=ORIENTED_EDGE('',*,*,#1249,.T.);
#1595=ORIENTED_EDGE('',*,*,#1250,.F.);
#1596=ORIENTED_EDGE('',*,*,#1251,.F.);
#1597=ORIENTED_EDGE('',*,*,#1240,.F.);
#1598=ORIENTED_EDGE('',*,*,#1252,.F.);
#1599=ORIENTED_EDGE('',*,*,#1253,.F.);
#1600=ORIENTED_EDGE('',*,*,#1252,.T.);
#1601=ORIENTED_EDGE('',*,*,#1239,.F.);
#1602=ORIENTED_EDGE('',*,*,#1254,.T.);
#1603=ORIENTED_EDGE('',*,*,#1255,.F.);
#1604=ORIENTED_EDGE('',*,*,#1254,.F.);
#1605=ORIENTED_EDGE('',*,*,#1238,.F.);
#1606=ORIENTED_EDGE('',*,*,#1256,.F.);
#1607=ORIENTED_EDGE('',*,*,#1257,.F.);
#1608=ORIENTED_EDGE('',*,*,#1256,.T.);
#1609=ORIENTED_EDGE('',*,*,#1241,.F.);
#1610=ORIENTED_EDGE('',*,*,#1251,.T.);
#1611=ORIENTED_EDGE('',*,*,#1258,.F.);
#1612=ORIENTED_EDGE('',*,*,#1259,.F.);
#1613=ORIENTED_EDGE('',*,*,#1260,.F.);
#1614=ORIENTED_EDGE('',*,*,#1261,.F.);
#1615=ORIENTED_EDGE('',*,*,#1262,.F.);
#1616=ORIENTED_EDGE('',*,*,#1261,.T.);
#1617=ORIENTED_EDGE('',*,*,#1263,.T.);
#1618=ORIENTED_EDGE('',*,*,#1264,.T.);
#1619=ORIENTED_EDGE('',*,*,#1265,.F.);
#1620=ORIENTED_EDGE('',*,*,#1264,.F.);
#1621=ORIENTED_EDGE('',*,*,#1266,.F.);
#1622=ORIENTED_EDGE('',*,*,#1267,.F.);
#1623=ORIENTED_EDGE('',*,*,#1268,.F.);
#1624=ORIENTED_EDGE('',*,*,#1267,.T.);
#1625=ORIENTED_EDGE('',*,*,#1269,.F.);
#1626=ORIENTED_EDGE('',*,*,#1259,.T.);
#1627=ORIENTED_EDGE('',*,*,#1263,.F.);
#1628=ORIENTED_EDGE('',*,*,#1260,.T.);
#1629=ORIENTED_EDGE('',*,*,#1269,.T.);
#1630=ORIENTED_EDGE('',*,*,#1266,.T.);
#1631=ORIENTED_EDGE('',*,*,#1270,.T.);
#1632=ORIENTED_EDGE('',*,*,#1271,.T.);
#1633=ORIENTED_EDGE('',*,*,#1272,.T.);
#1634=ORIENTED_EDGE('',*,*,#1273,.F.);
#1635=ORIENTED_EDGE('',*,*,#1274,.F.);
#1636=ORIENTED_EDGE('',*,*,#1275,.F.);
#1637=ORIENTED_EDGE('',*,*,#1270,.F.);
#1638=ORIENTED_EDGE('',*,*,#1276,.F.);
#1639=ORIENTED_EDGE('',*,*,#1277,.F.);
#1640=ORIENTED_EDGE('',*,*,#1276,.T.);
#1641=ORIENTED_EDGE('',*,*,#1273,.T.);
#1642=ORIENTED_EDGE('',*,*,#1278,.T.);
#1643=ORIENTED_EDGE('',*,*,#1279,.F.);
#1644=ORIENTED_EDGE('',*,*,#1278,.F.);
#1645=ORIENTED_EDGE('',*,*,#1272,.F.);
#1646=ORIENTED_EDGE('',*,*,#1280,.F.);
#1647=ORIENTED_EDGE('',*,*,#1281,.F.);
#1648=ORIENTED_EDGE('',*,*,#1280,.T.);
#1649=ORIENTED_EDGE('',*,*,#1271,.F.);
#1650=ORIENTED_EDGE('',*,*,#1275,.T.);
#1651=ORIENTED_EDGE('',*,*,#1282,.F.);
#1652=ORIENTED_EDGE('',*,*,#1283,.F.);
#1653=ORIENTED_EDGE('',*,*,#1284,.F.);
#1654=ORIENTED_EDGE('',*,*,#1285,.F.);
#1655=ORIENTED_EDGE('',*,*,#1286,.F.);
#1656=ORIENTED_EDGE('',*,*,#1287,.T.);
#1657=ORIENTED_EDGE('',*,*,#1288,.T.);
#1658=ORIENTED_EDGE('',*,*,#1283,.T.);
#1659=ORIENTED_EDGE('',*,*,#1285,.T.);
#1660=ORIENTED_EDGE('',*,*,#1289,.T.);
#1661=ORIENTED_EDGE('',*,*,#1290,.T.);
#1662=ORIENTED_EDGE('',*,*,#1291,.F.);
#1663=ORIENTED_EDGE('',*,*,#1292,.F.);
#1664=ORIENTED_EDGE('',*,*,#1293,.F.);
#1665=ORIENTED_EDGE('',*,*,#1294,.F.);
#1666=ORIENTED_EDGE('',*,*,#1295,.F.);
#1667=ORIENTED_EDGE('',*,*,#1296,.F.);
#1668=ORIENTED_EDGE('',*,*,#1295,.T.);
#1669=ORIENTED_EDGE('',*,*,#1297,.T.);
#1670=ORIENTED_EDGE('',*,*,#1298,.T.);
#1671=ORIENTED_EDGE('',*,*,#1299,.F.);
#1672=ORIENTED_EDGE('',*,*,#1298,.F.);
#1673=ORIENTED_EDGE('',*,*,#1300,.F.);
#1674=ORIENTED_EDGE('',*,*,#1301,.F.);
#1675=ORIENTED_EDGE('',*,*,#1302,.F.);
#1676=ORIENTED_EDGE('',*,*,#1301,.T.);
#1677=ORIENTED_EDGE('',*,*,#1303,.F.);
#1678=ORIENTED_EDGE('',*,*,#1293,.T.);
#1679=ORIENTED_EDGE('',*,*,#1304,.F.);
#1680=ORIENTED_EDGE('',*,*,#1305,.F.);
#1681=ORIENTED_EDGE('',*,*,#1306,.F.);
#1682=ORIENTED_EDGE('',*,*,#1287,.F.);
#1683=ORIENTED_EDGE('',*,*,#1307,.F.);
#1684=ORIENTED_EDGE('',*,*,#1290,.F.);
#1685=ORIENTED_EDGE('',*,*,#1308,.F.);
#1686=ORIENTED_EDGE('',*,*,#1309,.F.);
#1687=ORIENTED_EDGE('',*,*,#1310,.F.);
#1688=ORIENTED_EDGE('',*,*,#1309,.T.);
#1689=ORIENTED_EDGE('',*,*,#1311,.F.);
#1690=ORIENTED_EDGE('',*,*,#1305,.T.);
#1691=ORIENTED_EDGE('',*,*,#1284,.T.);
#1692=ORIENTED_EDGE('',*,*,#1288,.F.);
#1693=ORIENTED_EDGE('',*,*,#1306,.T.);
#1694=ORIENTED_EDGE('',*,*,#1311,.T.);
#1695=ORIENTED_EDGE('',*,*,#1308,.T.);
#1696=ORIENTED_EDGE('',*,*,#1289,.F.);
#1697=ORIENTED_EDGE('',*,*,#1297,.F.);
#1698=ORIENTED_EDGE('',*,*,#1294,.T.);
#1699=ORIENTED_EDGE('',*,*,#1303,.T.);
#1700=ORIENTED_EDGE('',*,*,#1300,.T.);
#1701=ORIENTED_EDGE('',*,*,#1312,.T.);
#1702=ORIENTED_EDGE('',*,*,#1313,.T.);
#1703=ORIENTED_EDGE('',*,*,#1314,.F.);
#1704=ORIENTED_EDGE('',*,*,#1315,.T.);
#1705=ORIENTED_EDGE('',*,*,#1316,.F.);
#1706=ORIENTED_EDGE('',*,*,#1317,.F.);
#1707=ORIENTED_EDGE('',*,*,#1315,.F.);
#1708=ORIENTED_EDGE('',*,*,#1318,.F.);
#1709=ORIENTED_EDGE('',*,*,#1319,.F.);
#1710=ORIENTED_EDGE('',*,*,#1318,.T.);
#1711=ORIENTED_EDGE('',*,*,#1314,.T.);
#1712=ORIENTED_EDGE('',*,*,#1320,.T.);
#1713=ORIENTED_EDGE('',*,*,#1321,.F.);
#1714=ORIENTED_EDGE('',*,*,#1320,.F.);
#1715=ORIENTED_EDGE('',*,*,#1313,.F.);
#1716=ORIENTED_EDGE('',*,*,#1322,.F.);
#1717=ORIENTED_EDGE('',*,*,#1323,.F.);
#1718=ORIENTED_EDGE('',*,*,#1322,.T.);
#1719=ORIENTED_EDGE('',*,*,#1312,.F.);
#1720=ORIENTED_EDGE('',*,*,#1317,.T.);
#1721=ORIENTED_EDGE('',*,*,#1324,.F.);
#1722=ORIENTED_EDGE('',*,*,#1325,.F.);
#1723=ORIENTED_EDGE('',*,*,#1326,.F.);
#1724=ORIENTED_EDGE('',*,*,#1327,.F.);
#1725=ORIENTED_EDGE('',*,*,#1328,.F.);
#1726=ORIENTED_EDGE('',*,*,#1329,.T.);
#1727=ORIENTED_EDGE('',*,*,#1330,.T.);
#1728=ORIENTED_EDGE('',*,*,#1325,.T.);
#1729=ORIENTED_EDGE('',*,*,#1331,.F.);
#1730=ORIENTED_EDGE('',*,*,#1327,.T.);
#1731=ORIENTED_EDGE('',*,*,#1332,.T.);
#1732=ORIENTED_EDGE('',*,*,#1333,.T.);
#1733=ORIENTED_EDGE('',*,*,#1334,.F.);
#1734=ORIENTED_EDGE('',*,*,#1333,.F.);
#1735=ORIENTED_EDGE('',*,*,#1335,.T.);
#1736=ORIENTED_EDGE('',*,*,#1329,.F.);
#1737=ORIENTED_EDGE('',*,*,#1326,.T.);
#1738=ORIENTED_EDGE('',*,*,#1330,.F.);
#1739=ORIENTED_EDGE('',*,*,#1335,.F.);
#1740=ORIENTED_EDGE('',*,*,#1332,.F.);
#1741=ORIENTED_EDGE('',*,*,#1336,.F.);
#1742=ORIENTED_EDGE('',*,*,#1337,.F.);
#1743=ORIENTED_EDGE('',*,*,#1338,.F.);
#1744=ORIENTED_EDGE('',*,*,#1339,.F.);
#1745=ORIENTED_EDGE('',*,*,#1340,.F.);
#1746=ORIENTED_EDGE('',*,*,#1341,.T.);
#1747=ORIENTED_EDGE('',*,*,#1342,.T.);
#1748=ORIENTED_EDGE('',*,*,#1337,.T.);
#1749=ORIENTED_EDGE('',*,*,#1343,.F.);
#1750=ORIENTED_EDGE('',*,*,#1339,.T.);
#1751=ORIENTED_EDGE('',*,*,#1344,.T.);
#1752=ORIENTED_EDGE('',*,*,#1345,.T.);
#1753=ORIENTED_EDGE('',*,*,#1346,.F.);
#1754=ORIENTED_EDGE('',*,*,#1345,.F.);
#1755=ORIENTED_EDGE('',*,*,#1347,.T.);
#1756=ORIENTED_EDGE('',*,*,#1341,.F.);
#1757=ORIENTED_EDGE('',*,*,#1338,.T.);
#1758=ORIENTED_EDGE('',*,*,#1342,.F.);
#1759=ORIENTED_EDGE('',*,*,#1347,.F.);
#1760=ORIENTED_EDGE('',*,*,#1344,.F.);
#1761=ORIENTED_EDGE('',*,*,#1348,.F.);
#1762=ORIENTED_EDGE('',*,*,#1349,.T.);
#1763=ORIENTED_EDGE('',*,*,#1350,.F.);
#1764=ORIENTED_EDGE('',*,*,#1351,.T.);
#1765=ORIENTED_EDGE('',*,*,#1352,.F.);
#1766=ORIENTED_EDGE('',*,*,#1351,.F.);
#1767=ORIENTED_EDGE('',*,*,#1353,.F.);
#1768=ORIENTED_EDGE('',*,*,#1354,.F.);
#1769=ORIENTED_EDGE('',*,*,#1355,.F.);
#1770=ORIENTED_EDGE('',*,*,#1354,.T.);
#1771=ORIENTED_EDGE('',*,*,#1356,.F.);
#1772=ORIENTED_EDGE('',*,*,#1357,.T.);
#1773=ORIENTED_EDGE('',*,*,#1358,.F.);
#1774=ORIENTED_EDGE('',*,*,#1357,.F.);
#1775=ORIENTED_EDGE('',*,*,#1359,.F.);
#1776=ORIENTED_EDGE('',*,*,#1349,.F.);
#1777=ORIENTED_EDGE('',*,*,#1248,.F.);
#1778=ORIENTED_EDGE('',*,*,#1360,.T.);
#1779=ORIENTED_EDGE('',*,*,#1361,.T.);
#1780=ORIENTED_EDGE('',*,*,#1362,.F.);
#1781=ORIENTED_EDGE('',*,*,#1249,.F.);
#1782=ORIENTED_EDGE('',*,*,#1362,.T.);
#1783=ORIENTED_EDGE('',*,*,#1363,.T.);
#1784=ORIENTED_EDGE('',*,*,#1364,.F.);
#1785=ORIENTED_EDGE('',*,*,#1363,.F.);
#1786=ORIENTED_EDGE('',*,*,#1361,.F.);
#1787=ORIENTED_EDGE('',*,*,#1365,.F.);
#1788=ORIENTED_EDGE('',*,*,#1366,.F.);
#1789=ORIENTED_EDGE('',*,*,#1367,.F.);
#1790=ORIENTED_EDGE('',*,*,#1368,.F.);
#1791=ORIENTED_EDGE('',*,*,#1369,.F.);
#1792=ORIENTED_EDGE('',*,*,#1370,.F.);
#1793=ORIENTED_EDGE('',*,*,#1246,.F.);
#1794=ORIENTED_EDGE('',*,*,#1364,.T.);
#1795=ORIENTED_EDGE('',*,*,#1366,.T.);
#1796=ORIENTED_EDGE('',*,*,#1371,.F.);
#1797=ORIENTED_EDGE('',*,*,#1247,.F.);
#1798=ORIENTED_EDGE('',*,*,#1371,.T.);
#1799=ORIENTED_EDGE('',*,*,#1365,.T.);
#1800=ORIENTED_EDGE('',*,*,#1360,.F.);
#1801=ORIENTED_EDGE('',*,*,#1369,.T.);
#1802=ORIENTED_EDGE('',*,*,#1372,.T.);
#1803=ORIENTED_EDGE('',*,*,#1373,.F.);
#1804=ORIENTED_EDGE('',*,*,#1374,.F.);
#1805=ORIENTED_EDGE('',*,*,#1368,.T.);
#1806=ORIENTED_EDGE('',*,*,#1375,.T.);
#1807=ORIENTED_EDGE('',*,*,#1376,.F.);
#1808=ORIENTED_EDGE('',*,*,#1372,.F.);
#1809=ORIENTED_EDGE('',*,*,#1367,.T.);
#1810=ORIENTED_EDGE('',*,*,#1377,.T.);
#1811=ORIENTED_EDGE('',*,*,#1378,.F.);
#1812=ORIENTED_EDGE('',*,*,#1375,.F.);
#1813=ORIENTED_EDGE('',*,*,#1370,.T.);
#1814=ORIENTED_EDGE('',*,*,#1374,.T.);
#1815=ORIENTED_EDGE('',*,*,#1379,.F.);
#1816=ORIENTED_EDGE('',*,*,#1377,.F.);
#1817=ORIENTED_EDGE('',*,*,#1380,.F.);
#1818=ORIENTED_EDGE('',*,*,#1381,.T.);
#1819=ORIENTED_EDGE('',*,*,#1382,.T.);
#1820=ORIENTED_EDGE('',*,*,#1381,.F.);
#1821=ORIENTED_EDGE('',*,*,#1382,.F.);
#1822=ORIENTED_EDGE('',*,*,#1383,.F.);
#1823=ORIENTED_EDGE('',*,*,#1384,.F.);
#1824=ORIENTED_EDGE('',*,*,#1385,.T.);
#1825=ORIENTED_EDGE('',*,*,#1386,.F.);
#1826=ORIENTED_EDGE('',*,*,#1387,.F.);
#1827=ORIENTED_EDGE('',*,*,#1386,.T.);
#1828=ORIENTED_EDGE('',*,*,#1388,.F.);
#1829=ORIENTED_EDGE('',*,*,#1389,.F.);
#1830=ORIENTED_EDGE('',*,*,#1390,.F.);
#1831=ORIENTED_EDGE('',*,*,#1389,.T.);
#1832=ORIENTED_EDGE('',*,*,#1391,.T.);
#1833=ORIENTED_EDGE('',*,*,#1392,.T.);
#1834=ORIENTED_EDGE('',*,*,#1393,.F.);
#1835=ORIENTED_EDGE('',*,*,#1392,.F.);
#1836=ORIENTED_EDGE('',*,*,#1394,.T.);
#1837=ORIENTED_EDGE('',*,*,#1395,.F.);
#1838=ORIENTED_EDGE('',*,*,#1396,.F.);
#1839=ORIENTED_EDGE('',*,*,#1397,.F.);
#1840=ORIENTED_EDGE('',*,*,#1398,.F.);
#1841=ORIENTED_EDGE('',*,*,#1399,.F.);
#1842=ORIENTED_EDGE('',*,*,#1394,.F.);
#1843=ORIENTED_EDGE('',*,*,#1391,.F.);
#1844=ORIENTED_EDGE('',*,*,#1388,.T.);
#1845=ORIENTED_EDGE('',*,*,#1385,.F.);
#1846=ORIENTED_EDGE('',*,*,#1400,.F.);
#1847=ORIENTED_EDGE('',*,*,#1380,.T.);
#1848=ORIENTED_EDGE('',*,*,#1401,.F.);
#1849=ORIENTED_EDGE('',*,*,#1402,.F.);
#1850=ORIENTED_EDGE('',*,*,#1403,.F.);
#1851=ORIENTED_EDGE('',*,*,#1404,.F.);
#1852=ORIENTED_EDGE('',*,*,#1400,.T.);
#1853=ORIENTED_EDGE('',*,*,#1384,.T.);
#1854=ORIENTED_EDGE('',*,*,#1405,.T.);
#1855=ORIENTED_EDGE('',*,*,#1406,.T.);
#1856=ORIENTED_EDGE('',*,*,#1407,.T.);
#1857=ORIENTED_EDGE('',*,*,#1234,.T.);
#1858=ORIENTED_EDGE('',*,*,#1237,.T.);
#1859=ORIENTED_EDGE('',*,*,#1243,.T.);
#1860=ORIENTED_EDGE('',*,*,#1245,.T.);
#1861=ORIENTED_EDGE('',*,*,#1408,.T.);
#1862=ORIENTED_EDGE('',*,*,#1401,.T.);
#1863=ORIENTED_EDGE('',*,*,#1383,.T.);
#1864=ORIENTED_EDGE('',*,*,#1387,.T.);
#1865=ORIENTED_EDGE('',*,*,#1390,.T.);
#1866=ORIENTED_EDGE('',*,*,#1393,.T.);
#1867=ORIENTED_EDGE('',*,*,#1409,.T.);
#1868=ORIENTED_EDGE('',*,*,#1410,.T.);
#1869=ORIENTED_EDGE('',*,*,#1411,.T.);
#1870=ORIENTED_EDGE('',*,*,#1412,.T.);
#1871=ORIENTED_EDGE('',*,*,#1413,.T.);
#1872=ORIENTED_EDGE('',*,*,#1414,.T.);
#1873=ORIENTED_EDGE('',*,*,#1415,.T.);
#1874=ORIENTED_EDGE('',*,*,#1416,.T.);
#1875=ORIENTED_EDGE('',*,*,#1417,.T.);
#1876=ORIENTED_EDGE('',*,*,#1418,.T.);
#1877=ORIENTED_EDGE('',*,*,#1419,.T.);
#1878=ORIENTED_EDGE('',*,*,#1420,.T.);
#1879=ORIENTED_EDGE('',*,*,#1421,.T.);
#1880=ORIENTED_EDGE('',*,*,#1422,.T.);
#1881=ORIENTED_EDGE('',*,*,#1423,.T.);
#1882=ORIENTED_EDGE('',*,*,#1424,.T.);
#1883=ORIENTED_EDGE('',*,*,#1425,.T.);
#1884=ORIENTED_EDGE('',*,*,#1426,.T.);
#1885=ORIENTED_EDGE('',*,*,#1427,.T.);
#1886=ORIENTED_EDGE('',*,*,#1428,.T.);
#1887=ORIENTED_EDGE('',*,*,#1429,.T.);
#1888=ORIENTED_EDGE('',*,*,#1397,.T.);
#1889=ORIENTED_EDGE('',*,*,#1430,.T.);
#1890=ORIENTED_EDGE('',*,*,#1431,.T.);
#1891=ORIENTED_EDGE('',*,*,#1409,.F.);
#1892=ORIENTED_EDGE('',*,*,#1396,.T.);
#1893=ORIENTED_EDGE('',*,*,#1432,.F.);
#1894=ORIENTED_EDGE('',*,*,#1433,.F.);
#1895=ORIENTED_EDGE('',*,*,#1434,.F.);
#1896=ORIENTED_EDGE('',*,*,#1435,.F.);
#1897=ORIENTED_EDGE('',*,*,#1436,.F.);
#1898=ORIENTED_EDGE('',*,*,#1437,.F.);
#1899=ORIENTED_EDGE('',*,*,#1438,.F.);
#1900=ORIENTED_EDGE('',*,*,#1439,.F.);
#1901=ORIENTED_EDGE('',*,*,#1430,.F.);
#1902=ORIENTED_EDGE('',*,*,#1440,.F.);
#1903=ORIENTED_EDGE('',*,*,#1441,.T.);
#1904=ORIENTED_EDGE('',*,*,#1442,.T.);
#1905=ORIENTED_EDGE('',*,*,#1441,.F.);
#1906=ORIENTED_EDGE('',*,*,#1442,.F.);
#1907=ORIENTED_EDGE('',*,*,#1425,.F.);
#1908=ORIENTED_EDGE('',*,*,#1443,.F.);
#1909=ORIENTED_EDGE('',*,*,#1444,.T.);
#1910=ORIENTED_EDGE('',*,*,#1445,.F.);
#1911=ORIENTED_EDGE('',*,*,#1426,.F.);
#1912=ORIENTED_EDGE('',*,*,#1445,.T.);
#1913=ORIENTED_EDGE('',*,*,#1446,.F.);
#1914=ORIENTED_EDGE('',*,*,#1447,.F.);
#1915=ORIENTED_EDGE('',*,*,#1427,.F.);
#1916=ORIENTED_EDGE('',*,*,#1447,.T.);
#1917=ORIENTED_EDGE('',*,*,#1448,.T.);
#1918=ORIENTED_EDGE('',*,*,#1449,.T.);
#1919=ORIENTED_EDGE('',*,*,#1428,.F.);
#1920=ORIENTED_EDGE('',*,*,#1449,.F.);
#1921=ORIENTED_EDGE('',*,*,#1450,.T.);
#1922=ORIENTED_EDGE('',*,*,#1451,.F.);
#1923=ORIENTED_EDGE('',*,*,#1452,.F.);
#1924=ORIENTED_EDGE('',*,*,#1453,.F.);
#1925=ORIENTED_EDGE('',*,*,#1454,.F.);
#1926=ORIENTED_EDGE('',*,*,#1455,.F.);
#1927=ORIENTED_EDGE('',*,*,#1450,.F.);
#1928=ORIENTED_EDGE('',*,*,#1448,.F.);
#1929=ORIENTED_EDGE('',*,*,#1446,.T.);
#1930=ORIENTED_EDGE('',*,*,#1444,.F.);
#1931=ORIENTED_EDGE('',*,*,#1456,.F.);
#1932=ORIENTED_EDGE('',*,*,#1440,.T.);
#1933=ORIENTED_EDGE('',*,*,#1424,.F.);
#1934=ORIENTED_EDGE('',*,*,#1457,.F.);
#1935=ORIENTED_EDGE('',*,*,#1458,.F.);
#1936=ORIENTED_EDGE('',*,*,#1459,.F.);
#1937=ORIENTED_EDGE('',*,*,#1456,.T.);
#1938=ORIENTED_EDGE('',*,*,#1443,.T.);
#1939=ORIENTED_EDGE('',*,*,#1402,.T.);
#1940=ORIENTED_EDGE('',*,*,#1429,.F.);
#1941=ORIENTED_EDGE('',*,*,#1453,.T.);
#1942=ORIENTED_EDGE('',*,*,#1460,.T.);
#1943=ORIENTED_EDGE('',*,*,#1403,.T.);
#1944=ORIENTED_EDGE('',*,*,#1460,.F.);
#1945=ORIENTED_EDGE('',*,*,#1452,.T.);
#1946=ORIENTED_EDGE('',*,*,#1461,.F.);
#1947=ORIENTED_EDGE('',*,*,#1462,.F.);
#1948=ORIENTED_EDGE('',*,*,#1463,.F.);
#1949=ORIENTED_EDGE('',*,*,#1464,.F.);
#1950=ORIENTED_EDGE('',*,*,#1465,.F.);
#1951=ORIENTED_EDGE('',*,*,#1466,.F.);
#1952=ORIENTED_EDGE('',*,*,#1465,.T.);
#1953=ORIENTED_EDGE('',*,*,#1467,.T.);
#1954=ORIENTED_EDGE('',*,*,#1468,.T.);
#1955=ORIENTED_EDGE('',*,*,#1469,.F.);
#1956=ORIENTED_EDGE('',*,*,#1468,.F.);
#1957=ORIENTED_EDGE('',*,*,#1470,.F.);
#1958=ORIENTED_EDGE('',*,*,#1471,.F.);
#1959=ORIENTED_EDGE('',*,*,#1472,.F.);
#1960=ORIENTED_EDGE('',*,*,#1471,.T.);
#1961=ORIENTED_EDGE('',*,*,#1473,.F.);
#1962=ORIENTED_EDGE('',*,*,#1463,.T.);
#1963=ORIENTED_EDGE('',*,*,#1467,.F.);
#1964=ORIENTED_EDGE('',*,*,#1464,.T.);
#1965=ORIENTED_EDGE('',*,*,#1473,.T.);
#1966=ORIENTED_EDGE('',*,*,#1470,.T.);
#1967=ORIENTED_EDGE('',*,*,#1474,.F.);
#1968=ORIENTED_EDGE('',*,*,#1475,.F.);
#1969=ORIENTED_EDGE('',*,*,#1476,.F.);
#1970=ORIENTED_EDGE('',*,*,#1477,.F.);
#1971=ORIENTED_EDGE('',*,*,#1478,.F.);
#1972=ORIENTED_EDGE('',*,*,#1477,.T.);
#1973=ORIENTED_EDGE('',*,*,#1479,.T.);
#1974=ORIENTED_EDGE('',*,*,#1480,.T.);
#1975=ORIENTED_EDGE('',*,*,#1481,.F.);
#1976=ORIENTED_EDGE('',*,*,#1480,.F.);
#1977=ORIENTED_EDGE('',*,*,#1482,.F.);
#1978=ORIENTED_EDGE('',*,*,#1483,.F.);
#1979=ORIENTED_EDGE('',*,*,#1484,.F.);
#1980=ORIENTED_EDGE('',*,*,#1483,.T.);
#1981=ORIENTED_EDGE('',*,*,#1485,.F.);
#1982=ORIENTED_EDGE('',*,*,#1475,.T.);
#1983=ORIENTED_EDGE('',*,*,#1479,.F.);
#1984=ORIENTED_EDGE('',*,*,#1476,.T.);
#1985=ORIENTED_EDGE('',*,*,#1485,.T.);
#1986=ORIENTED_EDGE('',*,*,#1482,.T.);
#1987=ORIENTED_EDGE('',*,*,#1415,.F.);
#1988=ORIENTED_EDGE('',*,*,#1486,.F.);
#1989=ORIENTED_EDGE('',*,*,#1487,.T.);
#1990=ORIENTED_EDGE('',*,*,#1488,.T.);
#1991=ORIENTED_EDGE('',*,*,#1416,.F.);
#1992=ORIENTED_EDGE('',*,*,#1488,.F.);
#1993=ORIENTED_EDGE('',*,*,#1489,.T.);
#1994=ORIENTED_EDGE('',*,*,#1490,.F.);
#1995=ORIENTED_EDGE('',*,*,#1491,.F.);
#1996=ORIENTED_EDGE('',*,*,#1492,.F.);
#1997=ORIENTED_EDGE('',*,*,#1489,.F.);
#1998=ORIENTED_EDGE('',*,*,#1487,.F.);
#1999=ORIENTED_EDGE('',*,*,#1458,.T.);
#2000=ORIENTED_EDGE('',*,*,#1493,.F.);
#2001=ORIENTED_EDGE('',*,*,#1494,.F.);
#2002=ORIENTED_EDGE('',*,*,#1495,.F.);
#2003=ORIENTED_EDGE('',*,*,#1496,.F.);
#2004=ORIENTED_EDGE('',*,*,#1497,.F.);
#2005=ORIENTED_EDGE('',*,*,#1498,.F.);
#2006=ORIENTED_EDGE('',*,*,#1499,.F.);
#2007=ORIENTED_EDGE('',*,*,#1500,.F.);
#2008=ORIENTED_EDGE('',*,*,#1501,.F.);
#2009=ORIENTED_EDGE('',*,*,#1417,.F.);
#2010=ORIENTED_EDGE('',*,*,#1490,.T.);
#2011=ORIENTED_EDGE('',*,*,#1492,.T.);
#2012=ORIENTED_EDGE('',*,*,#1502,.F.);
#2013=ORIENTED_EDGE('',*,*,#1419,.F.);
#2014=ORIENTED_EDGE('',*,*,#1503,.F.);
#2015=ORIENTED_EDGE('',*,*,#1497,.T.);
#2016=ORIENTED_EDGE('',*,*,#1504,.T.);
#2017=ORIENTED_EDGE('',*,*,#1420,.F.);
#2018=ORIENTED_EDGE('',*,*,#1504,.F.);
#2019=ORIENTED_EDGE('',*,*,#1496,.T.);
#2020=ORIENTED_EDGE('',*,*,#1505,.T.);
#2021=ORIENTED_EDGE('',*,*,#1421,.F.);
#2022=ORIENTED_EDGE('',*,*,#1505,.F.);
#2023=ORIENTED_EDGE('',*,*,#1495,.T.);
#2024=ORIENTED_EDGE('',*,*,#1506,.T.);
#2025=ORIENTED_EDGE('',*,*,#1422,.F.);
#2026=ORIENTED_EDGE('',*,*,#1506,.F.);
#2027=ORIENTED_EDGE('',*,*,#1494,.T.);
#2028=ORIENTED_EDGE('',*,*,#1507,.T.);
#2029=ORIENTED_EDGE('',*,*,#1413,.F.);
#2030=ORIENTED_EDGE('',*,*,#1508,.T.);
#2031=ORIENTED_EDGE('',*,*,#1436,.T.);
#2032=ORIENTED_EDGE('',*,*,#1509,.F.);
#2033=ORIENTED_EDGE('',*,*,#1412,.F.);
#2034=ORIENTED_EDGE('',*,*,#1510,.F.);
#2035=ORIENTED_EDGE('',*,*,#1437,.T.);
#2036=ORIENTED_EDGE('',*,*,#1508,.F.);
#2037=ORIENTED_EDGE('',*,*,#1411,.F.);
#2038=ORIENTED_EDGE('',*,*,#1511,.F.);
#2039=ORIENTED_EDGE('',*,*,#1438,.T.);
#2040=ORIENTED_EDGE('',*,*,#1510,.T.);
#2041=ORIENTED_EDGE('',*,*,#1457,.T.);
#2042=ORIENTED_EDGE('',*,*,#1423,.F.);
#2043=ORIENTED_EDGE('',*,*,#1507,.F.);
#2044=ORIENTED_EDGE('',*,*,#1493,.T.);
#2045=ORIENTED_EDGE('',*,*,#1410,.F.);
#2046=ORIENTED_EDGE('',*,*,#1431,.F.);
#2047=ORIENTED_EDGE('',*,*,#1439,.T.);
#2048=ORIENTED_EDGE('',*,*,#1511,.T.);
#2049=ORIENTED_EDGE('',*,*,#1399,.T.);
#2050=ORIENTED_EDGE('',*,*,#1512,.F.);
#2051=ORIENTED_EDGE('',*,*,#1513,.T.);
#2052=ORIENTED_EDGE('',*,*,#1514,.T.);
#2053=ORIENTED_EDGE('',*,*,#1432,.T.);
#2054=ORIENTED_EDGE('',*,*,#1395,.T.);
#2055=ORIENTED_EDGE('',*,*,#1404,.T.);
#2056=ORIENTED_EDGE('',*,*,#1461,.T.);
#2057=ORIENTED_EDGE('',*,*,#1451,.T.);
#2058=ORIENTED_EDGE('',*,*,#1455,.T.);
#2059=ORIENTED_EDGE('',*,*,#1515,.F.);
#2060=ORIENTED_EDGE('',*,*,#1516,.T.);
#2061=ORIENTED_EDGE('',*,*,#1512,.T.);
#2062=ORIENTED_EDGE('',*,*,#1398,.T.);
#2063=ORIENTED_EDGE('',*,*,#1279,.T.);
#2064=ORIENTED_EDGE('',*,*,#1281,.T.);
#2065=ORIENTED_EDGE('',*,*,#1274,.T.);
#2066=ORIENTED_EDGE('',*,*,#1277,.T.);
#2067=ORIENTED_EDGE('',*,*,#1299,.T.);
#2068=ORIENTED_EDGE('',*,*,#1302,.T.);
#2069=ORIENTED_EDGE('',*,*,#1292,.T.);
#2070=ORIENTED_EDGE('',*,*,#1296,.T.);
#2071=ORIENTED_EDGE('',*,*,#1321,.T.);
#2072=ORIENTED_EDGE('',*,*,#1323,.T.);
#2073=ORIENTED_EDGE('',*,*,#1316,.T.);
#2074=ORIENTED_EDGE('',*,*,#1319,.T.);
#2075=ORIENTED_EDGE('',*,*,#1459,.T.);
#2076=ORIENTED_EDGE('',*,*,#1501,.T.);
#2077=ORIENTED_EDGE('',*,*,#1517,.F.);
#2078=ORIENTED_EDGE('',*,*,#1518,.T.);
#2079=ORIENTED_EDGE('',*,*,#1515,.T.);
#2080=ORIENTED_EDGE('',*,*,#1454,.T.);
#2081=ORIENTED_EDGE('',*,*,#1500,.T.);
#2082=ORIENTED_EDGE('',*,*,#1519,.F.);
#2083=ORIENTED_EDGE('',*,*,#1520,.T.);
#2084=ORIENTED_EDGE('',*,*,#1517,.T.);
#2085=ORIENTED_EDGE('',*,*,#1328,.T.);
#2086=ORIENTED_EDGE('',*,*,#1324,.T.);
#2087=ORIENTED_EDGE('',*,*,#1331,.T.);
#2088=ORIENTED_EDGE('',*,*,#1334,.T.);
#2089=ORIENTED_EDGE('',*,*,#1340,.T.);
#2090=ORIENTED_EDGE('',*,*,#1336,.T.);
#2091=ORIENTED_EDGE('',*,*,#1343,.T.);
#2092=ORIENTED_EDGE('',*,*,#1346,.T.);
#2093=ORIENTED_EDGE('',*,*,#1355,.T.);
#2094=ORIENTED_EDGE('',*,*,#1358,.T.);
#2095=ORIENTED_EDGE('',*,*,#1348,.T.);
#2096=ORIENTED_EDGE('',*,*,#1352,.T.);
#2097=ORIENTED_EDGE('',*,*,#1499,.T.);
#2098=ORIENTED_EDGE('',*,*,#1521,.F.);
#2099=ORIENTED_EDGE('',*,*,#1522,.T.);
#2100=ORIENTED_EDGE('',*,*,#1519,.T.);
#2101=ORIENTED_EDGE('',*,*,#1433,.T.);
#2102=ORIENTED_EDGE('',*,*,#1514,.F.);
#2103=ORIENTED_EDGE('',*,*,#1523,.T.);
#2104=ORIENTED_EDGE('',*,*,#1524,.T.);
#2105=ORIENTED_EDGE('',*,*,#1434,.T.);
#2106=ORIENTED_EDGE('',*,*,#1524,.F.);
#2107=ORIENTED_EDGE('',*,*,#1525,.T.);
#2108=ORIENTED_EDGE('',*,*,#1526,.T.);
#2109=ORIENTED_EDGE('',*,*,#1435,.T.);
#2110=ORIENTED_EDGE('',*,*,#1526,.F.);
#2111=ORIENTED_EDGE('',*,*,#1527,.T.);
#2112=ORIENTED_EDGE('',*,*,#1521,.T.);
#2113=ORIENTED_EDGE('',*,*,#1498,.T.);
#2114=ORIENTED_EDGE('',*,*,#1503,.T.);
#2115=ORIENTED_EDGE('',*,*,#1418,.F.);
#2116=ORIENTED_EDGE('',*,*,#1502,.T.);
#2117=ORIENTED_EDGE('',*,*,#1491,.T.);
#2118=ORIENTED_EDGE('',*,*,#1486,.T.);
#2119=ORIENTED_EDGE('',*,*,#1414,.F.);
#2120=ORIENTED_EDGE('',*,*,#1509,.T.);
#2121=ORIENTED_EDGE('',*,*,#1255,.T.);
#2122=ORIENTED_EDGE('',*,*,#1257,.T.);
#2123=ORIENTED_EDGE('',*,*,#1250,.T.);
#2124=ORIENTED_EDGE('',*,*,#1253,.T.);
#2125=ORIENTED_EDGE('',*,*,#1469,.T.);
#2126=ORIENTED_EDGE('',*,*,#1472,.T.);
#2127=ORIENTED_EDGE('',*,*,#1462,.T.);
#2128=ORIENTED_EDGE('',*,*,#1466,.T.);
#2129=ORIENTED_EDGE('',*,*,#1481,.T.);
#2130=ORIENTED_EDGE('',*,*,#1484,.T.);
#2131=ORIENTED_EDGE('',*,*,#1474,.T.);
#2132=ORIENTED_EDGE('',*,*,#1478,.T.);
#2133=ORIENTED_EDGE('',*,*,#1523,.F.);
#2134=ORIENTED_EDGE('',*,*,#1513,.F.);
#2135=ORIENTED_EDGE('',*,*,#1516,.F.);
#2136=ORIENTED_EDGE('',*,*,#1518,.F.);
#2137=ORIENTED_EDGE('',*,*,#1520,.F.);
#2138=ORIENTED_EDGE('',*,*,#1522,.F.);
#2139=ORIENTED_EDGE('',*,*,#1527,.F.);
#2140=ORIENTED_EDGE('',*,*,#1525,.F.);
#2141=ORIENTED_EDGE('',*,*,#1373,.T.);
#2142=ORIENTED_EDGE('',*,*,#1376,.T.);
#2143=ORIENTED_EDGE('',*,*,#1378,.T.);
#2144=ORIENTED_EDGE('',*,*,#1379,.T.);
#2145=ORIENTED_EDGE('',*,*,#1232,.F.);
#2146=ORIENTED_EDGE('',*,*,#1528,.T.);
#2147=ORIENTED_EDGE('',*,*,#1408,.F.);
#2148=ORIENTED_EDGE('',*,*,#1244,.F.);
#2149=ORIENTED_EDGE('',*,*,#1227,.F.);
#2150=ORIENTED_EDGE('',*,*,#1529,.T.);
#2151=ORIENTED_EDGE('',*,*,#1406,.F.);
#2152=ORIENTED_EDGE('',*,*,#1530,.F.);
#2153=ORIENTED_EDGE('',*,*,#1230,.F.);
#2154=ORIENTED_EDGE('',*,*,#1530,.T.);
#2155=ORIENTED_EDGE('',*,*,#1405,.F.);
#2156=ORIENTED_EDGE('',*,*,#1528,.F.);
#2157=ORIENTED_EDGE('',*,*,#1265,.T.);
#2158=ORIENTED_EDGE('',*,*,#1268,.T.);
#2159=ORIENTED_EDGE('',*,*,#1258,.T.);
#2160=ORIENTED_EDGE('',*,*,#1262,.T.);
#2161=ORIENTED_EDGE('',*,*,#1282,.T.);
#2162=ORIENTED_EDGE('',*,*,#1291,.T.);
#2163=ORIENTED_EDGE('',*,*,#1307,.T.);
#2164=ORIENTED_EDGE('',*,*,#1310,.T.);
#2165=ORIENTED_EDGE('',*,*,#1304,.T.);
#2166=ORIENTED_EDGE('',*,*,#1286,.T.);
#2167=ORIENTED_EDGE('',*,*,#1224,.F.);
#2168=ORIENTED_EDGE('',*,*,#1235,.T.);
#2169=ORIENTED_EDGE('',*,*,#1407,.F.);
#2170=ORIENTED_EDGE('',*,*,#1529,.F.);
#2171=ORIENTED_EDGE('',*,*,#1356,.T.);
#2172=ORIENTED_EDGE('',*,*,#1353,.T.);
#2173=ORIENTED_EDGE('',*,*,#1350,.T.);
#2174=ORIENTED_EDGE('',*,*,#1359,.T.);
#2175=CYLINDRICAL_SURFACE('',#2333,1.2);
#2176=CYLINDRICAL_SURFACE('',#2340,1.2);
#2177=CYLINDRICAL_SURFACE('',#2346,1.2);
#2178=CYLINDRICAL_SURFACE('',#2352,1.2);
#2179=CYLINDRICAL_SURFACE('',#2357,5.);
#2180=CYLINDRICAL_SURFACE('',#2360,5.);
#2181=CYLINDRICAL_SURFACE('',#2402,3.7);
#2182=CYLINDRICAL_SURFACE('',#2406,3.7);
#2183=CYLINDRICAL_SURFACE('',#2419,2.);
#2184=CYLINDRICAL_SURFACE('',#2424,3.99999999999998);
#2185=CYLINDRICAL_SURFACE('',#2440,4.);
#2186=CYLINDRICAL_SURFACE('',#2446,2.);
#2187=CYLINDRICAL_SURFACE('',#2451,3.99999999999998);
#2188=CYLINDRICAL_SURFACE('',#2481,4.);
#2189=CYLINDRICAL_SURFACE('',#2485,4.);
#2190=CYLINDRICAL_SURFACE('',#2486,4.);
#2191=CYLINDRICAL_SURFACE('',#2488,3.);
#2192=CYLINDRICAL_SURFACE('',#2491,3.);
#2193=CYLINDRICAL_SURFACE('',#2494,3.);
#2194=CYLINDRICAL_SURFACE('',#2497,3.);
#2195=CYLINDRICAL_SURFACE('',#2501,5.);
#2196=CYLINDRICAL_SURFACE('',#2502,5.);
#2197=ADVANCED_FACE('',(#137),#2175,.T.);
#2198=ADVANCED_FACE('',(#138),#133,.T.);
#2199=ADVANCED_FACE('',(#139),#2176,.T.);
#2200=ADVANCED_FACE('',(#140),#134,.T.);
#2201=ADVANCED_FACE('',(#141),#2177,.T.);
#2202=ADVANCED_FACE('',(#142),#135,.T.);
#2203=ADVANCED_FACE('',(#143),#2178,.T.);
#2204=ADVANCED_FACE('',(#144),#136,.T.);
#2205=ADVANCED_FACE('',(#145),#2179,.T.);
#2206=ADVANCED_FACE('',(#146,#15),#37,.F.);
#2207=ADVANCED_FACE('',(#147),#2180,.T.);
#2208=ADVANCED_FACE('',(#148),#38,.F.);
#2209=ADVANCED_FACE('',(#149,#16),#39,.T.);
#2210=ADVANCED_FACE('',(#150),#40,.F.);
#2211=ADVANCED_FACE('',(#151),#41,.T.);
#2212=ADVANCED_FACE('',(#152),#42,.T.);
#2213=ADVANCED_FACE('',(#153),#43,.T.);
#2214=ADVANCED_FACE('',(#154),#44,.F.);
#2215=ADVANCED_FACE('',(#155),#45,.T.);
#2216=ADVANCED_FACE('',(#156),#46,.T.);
#2217=ADVANCED_FACE('',(#157),#47,.T.);
#2218=ADVANCED_FACE('',(#158,#17),#48,.T.);
#2219=ADVANCED_FACE('',(#159),#49,.F.);
#2220=ADVANCED_FACE('',(#160),#50,.T.);
#2221=ADVANCED_FACE('',(#161),#51,.T.);
#2222=ADVANCED_FACE('',(#162),#52,.T.);
#2223=ADVANCED_FACE('',(#163),#53,.T.);
#2224=ADVANCED_FACE('',(#164),#54,.T.);
#2225=ADVANCED_FACE('',(#165),#55,.T.);
#2226=ADVANCED_FACE('',(#166),#56,.F.);
#2227=ADVANCED_FACE('',(#167),#57,.T.);
#2228=ADVANCED_FACE('',(#168),#58,.T.);
#2229=ADVANCED_FACE('',(#169),#59,.T.);
#2230=ADVANCED_FACE('',(#170),#60,.F.);
#2231=ADVANCED_FACE('',(#171),#61,.T.);
#2232=ADVANCED_FACE('',(#172),#62,.T.);
#2233=ADVANCED_FACE('',(#173,#18,#19),#63,.T.);
#2234=ADVANCED_FACE('',(#174),#64,.F.);
#2235=ADVANCED_FACE('',(#175),#65,.T.);
#2236=ADVANCED_FACE('',(#176),#66,.T.);
#2237=ADVANCED_FACE('',(#177),#67,.T.);
#2238=ADVANCED_FACE('',(#178),#68,.F.);
#2239=ADVANCED_FACE('',(#179),#69,.F.);
#2240=ADVANCED_FACE('',(#180),#70,.T.);
#2241=ADVANCED_FACE('',(#181),#71,.F.);
#2242=ADVANCED_FACE('',(#182),#72,.F.);
#2243=ADVANCED_FACE('',(#183),#73,.F.);
#2244=ADVANCED_FACE('',(#184),#74,.F.);
#2245=ADVANCED_FACE('',(#185),#75,.T.);
#2246=ADVANCED_FACE('',(#186),#76,.F.);
#2247=ADVANCED_FACE('',(#187),#77,.F.);
#2248=ADVANCED_FACE('',(#188),#2181,.F.);
#2249=ADVANCED_FACE('',(#189),#78,.F.);
#2250=ADVANCED_FACE('',(#190),#2182,.F.);
#2251=ADVANCED_FACE('',(#191),#79,.T.);
#2252=ADVANCED_FACE('',(#192),#80,.T.);
#2253=ADVANCED_FACE('',(#193),#81,.T.);
#2254=ADVANCED_FACE('',(#194,#20),#82,.T.);
#2255=ADVANCED_FACE('',(#195),#83,.T.);
#2256=ADVANCED_FACE('',(#196),#84,.T.);
#2257=ADVANCED_FACE('',(#197),#85,.T.);
#2258=ADVANCED_FACE('',(#198),#86,.T.);
#2259=ADVANCED_FACE('',(#199),#87,.T.);
#2260=ADVANCED_FACE('',(#200),#88,.T.);
#2261=ADVANCED_FACE('',(#201),#2183,.F.);
#2262=ADVANCED_FACE('',(#202),#89,.F.);
#2263=ADVANCED_FACE('',(#203),#90,.T.);
#2264=ADVANCED_FACE('',(#204),#2184,.F.);
#2265=ADVANCED_FACE('',(#205),#91,.T.);
#2266=ADVANCED_FACE('',(#206),#92,.T.);
#2267=ADVANCED_FACE('',(#207,#21),#93,.F.);
#2268=ADVANCED_FACE('',(#208),#94,.T.);
#2269=ADVANCED_FACE('',(#209,#22),#95,.F.);
#2270=ADVANCED_FACE('',(#210),#2185,.F.);
#2271=ADVANCED_FACE('',(#211),#96,.F.);
#2272=ADVANCED_FACE('',(#212),#2186,.F.);
#2273=ADVANCED_FACE('',(#213),#97,.F.);
#2274=ADVANCED_FACE('',(#214),#98,.T.);
#2275=ADVANCED_FACE('',(#215),#2187,.F.);
#2276=ADVANCED_FACE('',(#216),#99,.T.);
#2277=ADVANCED_FACE('',(#217),#100,.T.);
#2278=ADVANCED_FACE('',(#218,#23),#101,.F.);
#2279=ADVANCED_FACE('',(#219),#102,.T.);
#2280=ADVANCED_FACE('',(#220),#103,.T.);
#2281=ADVANCED_FACE('',(#221),#104,.F.);
#2282=ADVANCED_FACE('',(#222),#105,.F.);
#2283=ADVANCED_FACE('',(#223),#106,.T.);
#2284=ADVANCED_FACE('',(#224),#107,.T.);
#2285=ADVANCED_FACE('',(#225),#108,.T.);
#2286=ADVANCED_FACE('',(#226),#109,.T.);
#2287=ADVANCED_FACE('',(#227),#110,.F.);
#2288=ADVANCED_FACE('',(#228),#111,.T.);
#2289=ADVANCED_FACE('',(#229),#112,.T.);
#2290=ADVANCED_FACE('',(#230),#113,.T.);
#2291=ADVANCED_FACE('',(#231),#114,.T.);
#2292=ADVANCED_FACE('',(#232),#115,.F.);
#2293=ADVANCED_FACE('',(#233),#116,.T.);
#2294=ADVANCED_FACE('',(#234),#117,.F.);
#2295=ADVANCED_FACE('',(#235),#118,.F.);
#2296=ADVANCED_FACE('',(#236),#119,.F.);
#2297=ADVANCED_FACE('',(#237),#120,.F.);
#2298=ADVANCED_FACE('',(#238),#121,.T.);
#2299=ADVANCED_FACE('',(#239),#2188,.F.);
#2300=ADVANCED_FACE('',(#240),#122,.T.);
#2301=ADVANCED_FACE('',(#241),#123,.F.);
#2302=ADVANCED_FACE('',(#242),#124,.T.);
#2303=ADVANCED_FACE('',(#243),#2189,.F.);
#2304=ADVANCED_FACE('',(#244),#2190,.F.);
#2305=ADVANCED_FACE('',(#245),#125,.T.);
#2306=ADVANCED_FACE('',(#246),#2191,.F.);
#2307=ADVANCED_FACE('',(#247,#24,#25,#26),#126,.T.);
#2308=ADVANCED_FACE('',(#248),#2192,.F.);
#2309=ADVANCED_FACE('',(#249,#27,#28,#29),#127,.T.);
#2310=ADVANCED_FACE('',(#250),#2193,.F.);
#2311=ADVANCED_FACE('',(#251),#128,.T.);
#2312=ADVANCED_FACE('',(#252),#2194,.F.);
#2313=ADVANCED_FACE('',(#253,#30,#31,#32),#129,.T.);
#2314=ADVANCED_FACE('',(#254,#33),#130,.F.);
#2315=ADVANCED_FACE('',(#255),#2195,.T.);
#2316=ADVANCED_FACE('',(#256),#2196,.T.);
#2317=ADVANCED_FACE('',(#257,#34,#35),#131,.F.);
#2318=ADVANCED_FACE('',(#258,#36),#132,.F.);
#2319=CLOSED_SHELL('',(#2197,#2198,#2199,#2200,#2201,#2202,#2203,#2204,
#2205,#2206,#2207,#2208,#2209,#2210,#2211,#2212,#2213,#2214,#2215,#2216,
#2217,#2218,#2219,#2220,#2221,#2222,#2223,#2224,#2225,#2226,#2227,#2228,
#2229,#2230,#2231,#2232,#2233,#2234,#2235,#2236,#2237,#2238,#2239,#2240,
#2241,#2242,#2243,#2244,#2245,#2246,#2247,#2248,#2249,#2250,#2251,#2252,
#2253,#2254,#2255,#2256,#2257,#2258,#2259,#2260,#2261,#2262,#2263,#2264,
#2265,#2266,#2267,#2268,#2269,#2270,#2271,#2272,#2273,#2274,#2275,#2276,
#2277,#2278,#2279,#2280,#2281,#2282,#2283,#2284,#2285,#2286,#2287,#2288,
#2289,#2290,#2291,#2292,#2293,#2294,#2295,#2296,#2297,#2298,#2299,#2300,
#2301,#2302,#2303,#2304,#2305,#2306,#2307,#2308,#2309,#2310,#2311,#2312,
#2313,#2314,#2315,#2316,#2317,#2318));
#2320=DERIVED_UNIT_ELEMENT(#2322,1.);
#2321=DERIVED_UNIT_ELEMENT(#3785,-3.);
#2322=(
MASS_UNIT()
NAMED_UNIT(*)
SI_UNIT(.KILO.,.GRAM.)
);
#2323=DERIVED_UNIT((#2320,#2321));
#2324=MEASURE_REPRESENTATION_ITEM('density measure',
POSITIVE_RATIO_MEASURE(7850.),#2323);
#2325=PROPERTY_DEFINITION_REPRESENTATION(#2330,#2327);
#2326=PROPERTY_DEFINITION_REPRESENTATION(#2331,#2328);
#2327=REPRESENTATION('material name',(#2329),#3782);
#2328=REPRESENTATION('density',(#2324),#3782);
#2329=DESCRIPTIVE_REPRESENTATION_ITEM('Steel','Steel');
#2330=PROPERTY_DEFINITION('material property','material name',#3792);
#2331=PROPERTY_DEFINITION('material property','density of part',#3792);
#2332=AXIS2_PLACEMENT_3D('',#3123,#2505,#2506);
#2333=AXIS2_PLACEMENT_3D('',#3124,#2507,#2508);
#2334=AXIS2_PLACEMENT_3D('',#3127,#2509,#2510);
#2335=AXIS2_PLACEMENT_3D('',#3131,#2512,#2513);
#2336=AXIS2_PLACEMENT_3D('',#3133,#2515,#2516);
#2337=AXIS2_PLACEMENT_3D('',#3136,#2517,#2518);
#2338=AXIS2_PLACEMENT_3D('',#3137,#2519,#2520);
#2339=AXIS2_PLACEMENT_3D('',#3138,#2521,#2522);
#2340=AXIS2_PLACEMENT_3D('',#3139,#2523,#2524);
#2341=AXIS2_PLACEMENT_3D('',#3142,#2525,#2526);
#2342=AXIS2_PLACEMENT_3D('',#3145,#2529,#2530);
#2343=AXIS2_PLACEMENT_3D('',#3148,#2531,#2532);
#2344=AXIS2_PLACEMENT_3D('',#3149,#2533,#2534);
#2345=AXIS2_PLACEMENT_3D('',#3150,#2535,#2536);
#2346=AXIS2_PLACEMENT_3D('',#3151,#2537,#2538);
#2347=AXIS2_PLACEMENT_3D('',#3154,#2539,#2540);
#2348=AXIS2_PLACEMENT_3D('',#3157,#2543,#2544);
#2349=AXIS2_PLACEMENT_3D('',#3160,#2545,#2546);
#2350=AXIS2_PLACEMENT_3D('',#3161,#2547,#2548);
#2351=AXIS2_PLACEMENT_3D('',#3162,#2549,#2550);
#2352=AXIS2_PLACEMENT_3D('',#3163,#2551,#2552);
#2353=AXIS2_PLACEMENT_3D('',#3166,#2553,#2554);
#2354=AXIS2_PLACEMENT_3D('',#3169,#2557,#2558);
#2355=AXIS2_PLACEMENT_3D('',#3170,#2559,#2560);
#2356=AXIS2_PLACEMENT_3D('',#3171,#2561,#2562);
#2357=AXIS2_PLACEMENT_3D('',#3172,#2563,#2564);
#2358=AXIS2_PLACEMENT_3D('',#3176,#2566,#2567);
#2359=AXIS2_PLACEMENT_3D('',#3178,#2569,#2570);
#2360=AXIS2_PLACEMENT_3D('',#3190,#2577,#2578);
#2361=AXIS2_PLACEMENT_3D('',#3193,#2580,#2581);
#2362=AXIS2_PLACEMENT_3D('',#3194,#2582,#2583);
#2363=AXIS2_PLACEMENT_3D('',#3198,#2586,#2587);
#2364=AXIS2_PLACEMENT_3D('',#3207,#2592,#2593);
#2365=AXIS2_PLACEMENT_3D('',#3213,#2597,#2598);
#2366=AXIS2_PLACEMENT_3D('',#3217,#2601,#2602);
#2367=AXIS2_PLACEMENT_3D('',#3221,#2605,#2606);
#2368=AXIS2_PLACEMENT_3D('',#3223,#2608,#2609);
#2369=AXIS2_PLACEMENT_3D('',#3232,#2614,#2615);
#2370=AXIS2_PLACEMENT_3D('',#3238,#2619,#2620);
#2371=AXIS2_PLACEMENT_3D('',#3244,#2624,#2625);
#2372=AXIS2_PLACEMENT_3D('',#3247,#2628,#2629);
#2373=AXIS2_PLACEMENT_3D('',#3256,#2634,#2635);
#2374=AXIS2_PLACEMENT_3D('',#3262,#2639,#2640);
#2375=AXIS2_PLACEMENT_3D('',#3266,#2643,#2644);
#2376=AXIS2_PLACEMENT_3D('',#3270,#2647,#2648);
#2377=AXIS2_PLACEMENT_3D('',#3272,#2650,#2651);
#2378=AXIS2_PLACEMENT_3D('',#3281,#2656,#2657);
#2379=AXIS2_PLACEMENT_3D('',#3287,#2661,#2662);
#2380=AXIS2_PLACEMENT_3D('',#3293,#2666,#2667);
#2381=AXIS2_PLACEMENT_3D('',#3302,#2672,#2673);
#2382=AXIS2_PLACEMENT_3D('',#3308,#2677,#2678);
#2383=AXIS2_PLACEMENT_3D('',#3314,#2682,#2683);
#2384=AXIS2_PLACEMENT_3D('',#3317,#2686,#2687);
#2385=AXIS2_PLACEMENT_3D('',#3323,#2691,#2692);
#2386=AXIS2_PLACEMENT_3D('',#3329,#2696,#2697);
#2387=AXIS2_PLACEMENT_3D('',#3332,#2700,#2701);
#2388=AXIS2_PLACEMENT_3D('',#3341,#2706,#2707);
#2389=AXIS2_PLACEMENT_3D('',#3347,#2711,#2712);
#2390=AXIS2_PLACEMENT_3D('',#3351,#2715,#2716);
#2391=AXIS2_PLACEMENT_3D('',#3355,#2719,#2720);
#2392=AXIS2_PLACEMENT_3D('',#3357,#2722,#2723);
#2393=AXIS2_PLACEMENT_3D('',#3366,#2728,#2729);
#2394=AXIS2_PLACEMENT_3D('',#3372,#2733,#2734);
#2395=AXIS2_PLACEMENT_3D('',#3378,#2738,#2739);
#2396=AXIS2_PLACEMENT_3D('',#3381,#2742,#2743);
#2397=AXIS2_PLACEMENT_3D('',#3382,#2744,#2745);
#2398=AXIS2_PLACEMENT_3D('',#3391,#2750,#2751);
#2399=AXIS2_PLACEMENT_3D('',#3397,#2755,#2756);
#2400=AXIS2_PLACEMENT_3D('',#3403,#2760,#2761);
#2401=AXIS2_PLACEMENT_3D('',#3406,#2764,#2765);
#2402=AXIS2_PLACEMENT_3D('',#3407,#2766,#2767);
#2403=AXIS2_PLACEMENT_3D('',#3410,#2768,#2769);
#2404=AXIS2_PLACEMENT_3D('',#3414,#2771,#2772);
#2405=AXIS2_PLACEMENT_3D('',#3416,#2774,#2775);
#2406=AXIS2_PLACEMENT_3D('',#3422,#2779,#2780);
#2407=AXIS2_PLACEMENT_3D('',#3424,#2781,#2782);
#2408=AXIS2_PLACEMENT_3D('',#3426,#2783,#2784);
#2409=AXIS2_PLACEMENT_3D('',#3428,#2786,#2787);
#2410=AXIS2_PLACEMENT_3D('',#3431,#2790,#2791);
#2411=AXIS2_PLACEMENT_3D('',#3437,#2795,#2796);
#2412=AXIS2_PLACEMENT_3D('',#3441,#2799,#2800);
#2413=AXIS2_PLACEMENT_3D('',#3453,#2807,#2808);
#2414=AXIS2_PLACEMENT_3D('',#3455,#2810,#2811);
#2415=AXIS2_PLACEMENT_3D('',#3456,#2812,#2813);
#2416=AXIS2_PLACEMENT_3D('',#3462,#2817,#2818);
#2417=AXIS2_PLACEMENT_3D('',#3466,#2821,#2822);
#2418=AXIS2_PLACEMENT_3D('',#3470,#2825,#2826);
#2419=AXIS2_PLACEMENT_3D('',#3472,#2828,#2829);
#2420=AXIS2_PLACEMENT_3D('',#3474,#2830,#2831);
#2421=AXIS2_PLACEMENT_3D('',#3477,#2833,#2834);
#2422=AXIS2_PLACEMENT_3D('',#3478,#2835,#2836);
#2423=AXIS2_PLACEMENT_3D('',#3479,#2837,#2838);
#2424=AXIS2_PLACEMENT_3D('',#3488,#2843,#2844);
#2425=AXIS2_PLACEMENT_3D('',#3490,#2845,#2846);
#2426=AXIS2_PLACEMENT_3D('',#3492,#2847,#2848);
#2427=AXIS2_PLACEMENT_3D('',#3494,#2850,#2851);
#2428=AXIS2_PLACEMENT_3D('',#3500,#2855,#2856);
#2429=AXIS2_PLACEMENT_3D('',#3510,#2862,#2863);
#2430=AXIS2_PLACEMENT_3D('',#3514,#2865,#2866);
#2431=AXIS2_PLACEMENT_3D('',#3516,#2868,#2869);
#2432=AXIS2_PLACEMENT_3D('',#3524,#2874,#2875);
#2433=AXIS2_PLACEMENT_3D('',#3529,#2877,#2878);
#2434=AXIS2_PLACEMENT_3D('',#3531,#2880,#2881);
#2435=AXIS2_PLACEMENT_3D('',#3533,#2882,#2883);
#2436=AXIS2_PLACEMENT_3D('',#3537,#2885,#2886);
#2437=AXIS2_PLACEMENT_3D('',#3557,#2896,#2897);
#2438=AXIS2_PLACEMENT_3D('',#3561,#2899,#2900);
#2439=AXIS2_PLACEMENT_3D('',#3567,#2903,#2904);
#2440=AXIS2_PLACEMENT_3D('',#3573,#2908,#2909);
#2441=AXIS2_PLACEMENT_3D('',#3575,#2910,#2911);
#2442=AXIS2_PLACEMENT_3D('',#3577,#2913,#2914);
#2443=AXIS2_PLACEMENT_3D('',#3579,#2915,#2916);
#2444=AXIS2_PLACEMENT_3D('',#3583,#2918,#2919);
#2445=AXIS2_PLACEMENT_3D('',#3591,#2923,#2924);
#2446=AXIS2_PLACEMENT_3D('',#3593,#2926,#2927);
#2447=AXIS2_PLACEMENT_3D('',#3595,#2928,#2929);
#2448=AXIS2_PLACEMENT_3D('',#3598,#2931,#2932);
#2449=AXIS2_PLACEMENT_3D('',#3599,#2933,#2934);
#2450=AXIS2_PLACEMENT_3D('',#3600,#2935,#2936);
#2451=AXIS2_PLACEMENT_3D('',#3606,#2940,#2941);
#2452=AXIS2_PLACEMENT_3D('',#3608,#2942,#2943);
#2453=AXIS2_PLACEMENT_3D('',#3610,#2945,#2946);
#2454=AXIS2_PLACEMENT_3D('',#3614,#2949,#2950);
#2455=AXIS2_PLACEMENT_3D('',#3622,#2955,#2956);
#2456=AXIS2_PLACEMENT_3D('',#3625,#2957,#2958);
#2457=AXIS2_PLACEMENT_3D('',#3628,#2961,#2962);
#2458=AXIS2_PLACEMENT_3D('',#3634,#2966,#2967);
#2459=AXIS2_PLACEMENT_3D('',#3636,#2969,#2970);
#2460=AXIS2_PLACEMENT_3D('',#3638,#2972,#2973);
#2461=AXIS2_PLACEMENT_3D('',#3647,#2978,#2979);
#2462=AXIS2_PLACEMENT_3D('',#3653,#2983,#2984);
#2463=AXIS2_PLACEMENT_3D('',#3659,#2988,#2989);
#2464=AXIS2_PLACEMENT_3D('',#3662,#2992,#2993);
#2465=AXIS2_PLACEMENT_3D('',#3663,#2994,#2995);
#2466=AXIS2_PLACEMENT_3D('',#3672,#3000,#3001);
#2467=AXIS2_PLACEMENT_3D('',#3678,#3005,#3006);
#2468=AXIS2_PLACEMENT_3D('',#3684,#3010,#3011);
#2469=AXIS2_PLACEMENT_3D('',#3687,#3014,#3015);
#2470=AXIS2_PLACEMENT_3D('',#3688,#3016,#3017);
#2471=AXIS2_PLACEMENT_3D('',#3694,#3021,#3022);
#2472=AXIS2_PLACEMENT_3D('',#3698,#3025,#3026);
#2473=AXIS2_PLACEMENT_3D('',#3702,#3029,#3030);
#2474=AXIS2_PLACEMENT_3D('',#3704,#3031,#3032);
#2475=AXIS2_PLACEMENT_3D('',#3708,#3034,#3035);
#2476=AXIS2_PLACEMENT_3D('',#3716,#3039,#3040);
#2477=AXIS2_PLACEMENT_3D('',#3719,#3042,#3043);
#2478=AXIS2_PLACEMENT_3D('',#3720,#3044,#3045);
#2479=AXIS2_PLACEMENT_3D('',#3722,#3047,#3048);
#2480=AXIS2_PLACEMENT_3D('',#3725,#3051,#3052);
#2481=AXIS2_PLACEMENT_3D('',#3727,#3054,#3055);
#2482=AXIS2_PLACEMENT_3D('',#3729,#3057,#3058);
#2483=AXIS2_PLACEMENT_3D('',#3731,#3060,#3061);
#2484=AXIS2_PLACEMENT_3D('',#3734,#3064,#3065);
#2485=AXIS2_PLACEMENT_3D('',#3736,#3067,#3068);
#2486=AXIS2_PLACEMENT_3D('',#3738,#3070,#3071);
#2487=AXIS2_PLACEMENT_3D('',#3739,#3072,#3073);
#2488=AXIS2_PLACEMENT_3D('',#3740,#3074,#3075);
#2489=AXIS2_PLACEMENT_3D('',#3744,#3077,#3078);
#2490=AXIS2_PLACEMENT_3D('',#3746,#3080,#3081);
#2491=AXIS2_PLACEMENT_3D('',#3750,#3084,#3085);
#2492=AXIS2_PLACEMENT_3D('',#3753,#3087,#3088);
#2493=AXIS2_PLACEMENT_3D('',#3754,#3089,#3090);
#2494=AXIS2_PLACEMENT_3D('',#3758,#3093,#3094);
#2495=AXIS2_PLACEMENT_3D('',#3761,#3096,#3097);
#2496=AXIS2_PLACEMENT_3D('',#3762,#3098,#3099);
#2497=AXIS2_PLACEMENT_3D('',#3766,#3102,#3103);
#2498=AXIS2_PLACEMENT_3D('',#3768,#3104,#3105);
#2499=AXIS2_PLACEMENT_3D('',#3770,#3107,#3108);
#2500=AXIS2_PLACEMENT_3D('',#3772,#3110,#3111);
#2501=AXIS2_PLACEMENT_3D('',#3773,#3112,#3113);
#2502=AXIS2_PLACEMENT_3D('',#3775,#3115,#3116);
#2503=AXIS2_PLACEMENT_3D('',#3778,#3119,#3120);
#2504=AXIS2_PLACEMENT_3D('',#3779,#3121,#3122);
#2505=DIRECTION('axis',(0.,0.,1.));
#2506=DIRECTION('refdir',(1.,0.,0.));
#2507=DIRECTION('center_axis',(-1.,0.,0.));
#2508=DIRECTION('ref_axis',(0.,-0.70710678118655,0.707106781186545));
#2509=DIRECTION('center_axis',(-1.,0.,0.));
#2510=DIRECTION('ref_axis',(0.,-1.,0.));
#2511=DIRECTION('',(-1.,0.,0.));
#2512=DIRECTION('center_axis',(1.,0.,0.));
#2513=DIRECTION('ref_axis',(0.,0.,1.));
#2514=DIRECTION('',(1.,0.,0.));
#2515=DIRECTION('center_axis',(0.,-1.,0.));
#2516=DIRECTION('ref_axis',(0.,0.,-1.));
#2517=DIRECTION('center_axis',(0.,0.,1.));
#2518=DIRECTION('ref_axis',(-1.,0.,0.));
#2519=DIRECTION('center_axis',(0.,1.,0.));
#2520=DIRECTION('ref_axis',(-0.707106781186547,0.,0.707106781186548));
#2521=DIRECTION('center_axis',(0.,-1.,0.));
#2522=DIRECTION('ref_axis',(-0.707106781186547,0.,0.707106781186548));
#2523=DIRECTION('center_axis',(0.,0.,-1.));
#2524=DIRECTION('ref_axis',(-0.707106781186548,-0.707106781186547,0.));
#2525=DIRECTION('center_axis',(0.,0.,1.));
#2526=DIRECTION('ref_axis',(-1.,0.,0.));
#2527=DIRECTION('',(0.,0.,1.));
#2528=DIRECTION('',(0.,0.,-1.));
#2529=DIRECTION('center_axis',(0.,-1.,0.));
#2530=DIRECTION('ref_axis',(0.,0.,-1.));
#2531=DIRECTION('center_axis',(-1.,0.,-1.15648231731787E-15));
#2532=DIRECTION('ref_axis',(1.15648231731787E-15,0.,-1.));
#2533=DIRECTION('center_axis',(0.,1.,0.));
#2534=DIRECTION('ref_axis',(-0.707106781186547,0.,-0.707106781186548));
#2535=DIRECTION('center_axis',(0.,-1.,0.));
#2536=DIRECTION('ref_axis',(-0.707106781186547,0.,-0.707106781186548));
#2537=DIRECTION('center_axis',(1.,0.,0.));
#2538=DIRECTION('ref_axis',(0.,-0.707106781186547,-0.707106781186548));
#2539=DIRECTION('center_axis',(-1.,0.,0.));
#2540=DIRECTION('ref_axis',(0.,0.,-1.));
#2541=DIRECTION('',(-1.,0.,0.));
#2542=DIRECTION('',(1.,0.,0.));
#2543=DIRECTION('center_axis',(0.,-1.,0.));
#2544=DIRECTION('ref_axis',(0.,0.,-1.));
#2545=DIRECTION('center_axis',(-4.62592926927145E-16,0.,-1.));
#2546=DIRECTION('ref_axis',(1.,0.,-4.62592926927145E-16));
#2547=DIRECTION('center_axis',(0.,1.,0.));
#2548=DIRECTION('ref_axis',(0.707106781186547,0.,-0.707106781186548));
#2549=DIRECTION('center_axis',(0.,-1.,0.));
#2550=DIRECTION('ref_axis',(0.707106781186547,0.,-0.707106781186548));
#2551=DIRECTION('center_axis',(0.,0.,1.));
#2552=DIRECTION('ref_axis',(0.70710678118655,-0.707106781186545,0.));
#2553=DIRECTION('center_axis',(0.,0.,-1.));
#2554=DIRECTION('ref_axis',(1.,0.,0.));
#2555=DIRECTION('',(0.,0.,-1.));
#2556=DIRECTION('',(0.,0.,1.));
#2557=DIRECTION('center_axis',(0.,-1.,0.));
#2558=DIRECTION('ref_axis',(0.,0.,-1.));
#2559=DIRECTION('center_axis',(0.,1.,0.));
#2560=DIRECTION('ref_axis',(0.707106781186547,0.,0.707106781186548));
#2561=DIRECTION('center_axis',(0.,-1.,0.));
#2562=DIRECTION('ref_axis',(0.707106781186546,0.,0.707106781186548));
#2563=DIRECTION('center_axis',(0.,-1.,0.));
#2564=DIRECTION('ref_axis',(1.,0.,0.));
#2565=DIRECTION('',(0.,1.,0.));
#2566=DIRECTION('center_axis',(0.,1.,0.));
#2567=DIRECTION('ref_axis',(1.,0.,0.));
#2568=DIRECTION('',(0.,1.,0.));
#2569=DIRECTION('center_axis',(1.,0.,0.));
#2570=DIRECTION('ref_axis',(0.,1.,0.));
#2571=DIRECTION('',(0.,1.,0.));
#2572=DIRECTION('',(0.,0.,1.));
#2573=DIRECTION('',(0.,0.,1.));
#2574=DIRECTION('',(0.,-1.,0.));
#2575=DIRECTION('',(0.,0.,-1.));
#2576=DIRECTION('',(0.,1.,0.));
#2577=DIRECTION('center_axis',(0.,-1.,0.));
#2578=DIRECTION('ref_axis',(1.,0.,0.));
#2579=DIRECTION('',(0.,1.,0.));
#2580=DIRECTION('center_axis',(0.,1.,0.));
#2581=DIRECTION('ref_axis',(1.,0.,0.));
#2582=DIRECTION('center_axis',(0.,0.,-1.));
#2583=DIRECTION('ref_axis',(0.,1.,0.));
#2584=DIRECTION('',(0.,1.,0.));
#2585=DIRECTION('',(1.,0.,0.));
#2586=DIRECTION('center_axis',(0.,-1.,0.));
#2587=DIRECTION('ref_axis',(1.,0.,0.));
#2588=DIRECTION('',(-1.,0.,0.));
#2589=DIRECTION('',(0.,0.,1.));
#2590=DIRECTION('',(1.,0.,0.));
#2591=DIRECTION('',(0.,0.,-1.));
#2592=DIRECTION('center_axis',(0.,-1.,0.));
#2593=DIRECTION('ref_axis',(1.,0.,0.));
#2594=DIRECTION('',(0.,0.,1.));
#2595=DIRECTION('',(1.,0.,0.));
#2596=DIRECTION('',(-1.,0.,0.));
#2597=DIRECTION('center_axis',(0.,0.,-1.));
#2598=DIRECTION('ref_axis',(0.,1.,0.));
#2599=DIRECTION('',(0.,1.,0.));
#2600=DIRECTION('',(1.,0.,0.));
#2601=DIRECTION('center_axis',(0.,-1.,0.));
#2602=DIRECTION('ref_axis',(1.,0.,0.));
#2603=DIRECTION('',(0.,0.,-1.));
#2604=DIRECTION('',(-1.,0.,0.));
#2605=DIRECTION('center_axis',(0.,0.,1.));
#2606=DIRECTION('ref_axis',(0.,-1.,0.));
#2607=DIRECTION('',(0.,-1.,0.));
#2608=DIRECTION('center_axis',(0.,-1.,0.));
#2609=DIRECTION('ref_axis',(1.,0.,0.));
#2610=DIRECTION('',(0.,0.,1.));
#2611=DIRECTION('',(1.,0.,0.));
#2612=DIRECTION('',(0.,0.,-1.));
#2613=DIRECTION('',(-1.,0.,0.));
#2614=DIRECTION('center_axis',(0.,0.,-1.));
#2615=DIRECTION('ref_axis',(0.,1.,0.));
#2616=DIRECTION('',(0.,1.,0.));
#2617=DIRECTION('',(0.,1.,0.));
#2618=DIRECTION('',(1.,0.,0.));
#2619=DIRECTION('center_axis',(0.,-1.,0.));
#2620=DIRECTION('ref_axis',(1.,0.,0.));
#2621=DIRECTION('',(0.,0.,-1.));
#2622=DIRECTION('',(0.,0.,1.));
#2623=DIRECTION('',(-1.,0.,0.));
#2624=DIRECTION('center_axis',(0.,0.,1.));
#2625=DIRECTION('ref_axis',(0.,-1.,0.));
#2626=DIRECTION('',(0.,-1.,0.));
#2627=DIRECTION('',(0.,1.,0.));
#2628=DIRECTION('center_axis',(1.,0.,0.));
#2629=DIRECTION('ref_axis',(0.,1.,0.));
#2630=DIRECTION('',(0.,0.,1.));
#2631=DIRECTION('',(0.,1.,0.));
#2632=DIRECTION('',(0.,0.,-1.));
#2633=DIRECTION('',(0.,1.,0.));
#2634=DIRECTION('center_axis',(0.,-1.,0.));
#2635=DIRECTION('ref_axis',(1.,0.,0.));
#2636=DIRECTION('',(0.,0.,-1.));
#2637=DIRECTION('',(-1.,0.,0.));
#2638=DIRECTION('',(1.,0.,0.));
#2639=DIRECTION('center_axis',(0.,0.,1.));
#2640=DIRECTION('ref_axis',(0.,-1.,0.));
#2641=DIRECTION('',(0.,1.,0.));
#2642=DIRECTION('',(-1.,0.,0.));
#2643=DIRECTION('center_axis',(0.,-1.,0.));
#2644=DIRECTION('ref_axis',(1.,0.,0.));
#2645=DIRECTION('',(0.,0.,1.));
#2646=DIRECTION('',(1.,0.,0.));
#2647=DIRECTION('center_axis',(0.,0.,-1.));
#2648=DIRECTION('ref_axis',(0.,1.,0.));
#2649=DIRECTION('',(0.,-1.,0.));
#2650=DIRECTION('center_axis',(0.,-1.,0.));
#2651=DIRECTION('ref_axis',(1.,0.,0.));
#2652=DIRECTION('',(0.,0.,-1.));
#2653=DIRECTION('',(1.,0.,0.));
#2654=DIRECTION('',(0.,0.,1.));
#2655=DIRECTION('',(-1.,0.,0.));
#2656=DIRECTION('center_axis',(0.,0.,-1.));
#2657=DIRECTION('ref_axis',(0.,1.,0.));
#2658=DIRECTION('',(0.,1.,0.));
#2659=DIRECTION('',(-1.,0.,0.));
#2660=DIRECTION('',(0.,1.,0.));
#2661=DIRECTION('center_axis',(0.,0.,-1.));
#2662=DIRECTION('ref_axis',(0.,1.,0.));
#2663=DIRECTION('',(0.,1.,0.));
#2664=DIRECTION('',(1.,0.,0.));
#2665=DIRECTION('',(0.,1.,0.));
#2666=DIRECTION('center_axis',(0.,-1.,0.));
#2667=DIRECTION('ref_axis',(1.,0.,0.));
#2668=DIRECTION('',(0.,0.,-1.));
#2669=DIRECTION('',(-1.,0.,0.));
#2670=DIRECTION('',(0.,0.,1.));
#2671=DIRECTION('',(1.,0.,0.));
#2672=DIRECTION('center_axis',(0.,0.,1.));
#2673=DIRECTION('ref_axis',(0.,-1.,0.));
#2674=DIRECTION('',(0.,1.,0.));
#2675=DIRECTION('',(0.,1.,0.));
#2676=DIRECTION('',(-1.,0.,0.));
#2677=DIRECTION('center_axis',(0.,-1.,0.));
#2678=DIRECTION('ref_axis',(1.,0.,0.));
#2679=DIRECTION('',(0.,0.,1.));
#2680=DIRECTION('',(0.,0.,-1.));
#2681=DIRECTION('',(1.,0.,0.));
#2682=DIRECTION('center_axis',(0.,0.,-1.));
#2683=DIRECTION('ref_axis',(0.,1.,0.));
#2684=DIRECTION('',(0.,-1.,0.));
#2685=DIRECTION('',(0.,1.,0.));
#2686=DIRECTION('center_axis',(0.,-1.,0.));
#2687=DIRECTION('ref_axis',(1.,0.,0.));
#2688=DIRECTION('',(0.,0.,1.));
#2689=DIRECTION('',(1.,0.,0.));
#2690=DIRECTION('',(0.,0.,-1.));
#2691=DIRECTION('center_axis',(0.,-1.,0.));
#2692=DIRECTION('ref_axis',(1.,0.,0.));
#2693=DIRECTION('',(0.,0.,-1.));
#2694=DIRECTION('',(0.,0.,1.));
#2695=DIRECTION('',(-1.,0.,0.));
#2696=DIRECTION('center_axis',(0.,0.,1.));
#2697=DIRECTION('ref_axis',(0.,-1.,0.));
#2698=DIRECTION('',(0.,-1.,0.));
#2699=DIRECTION('',(0.,1.,0.));
#2700=DIRECTION('center_axis',(1.,0.,0.));
#2701=DIRECTION('ref_axis',(0.,1.,0.));
#2702=DIRECTION('',(0.,1.,0.));
#2703=DIRECTION('',(0.,0.,-1.));
#2704=DIRECTION('',(0.,1.,0.));
#2705=DIRECTION('',(0.,0.,1.));
#2706=DIRECTION('center_axis',(0.,-1.,0.));
#2707=DIRECTION('ref_axis',(1.,0.,0.));
#2708=DIRECTION('',(0.,0.,-1.));
#2709=DIRECTION('',(-1.,0.,0.));
#2710=DIRECTION('',(1.,0.,0.));
#2711=DIRECTION('center_axis',(0.,0.,1.));
#2712=DIRECTION('ref_axis',(0.,-1.,0.));
#2713=DIRECTION('',(0.,1.,0.));
#2714=DIRECTION('',(-1.,0.,0.));
#2715=DIRECTION('center_axis',(0.,-1.,0.));
#2716=DIRECTION('ref_axis',(1.,0.,0.));
#2717=DIRECTION('',(0.,0.,1.));
#2718=DIRECTION('',(1.,0.,0.));
#2719=DIRECTION('center_axis',(0.,0.,-1.));
#2720=DIRECTION('ref_axis',(0.,1.,0.));
#2721=DIRECTION('',(0.,-1.,0.));
#2722=DIRECTION('center_axis',(-1.,0.,0.));
#2723=DIRECTION('ref_axis',(0.,-1.,0.));
#2724=DIRECTION('',(0.,-1.,0.));
#2725=DIRECTION('',(0.,0.,-1.));
#2726=DIRECTION('',(0.,1.,0.));
#2727=DIRECTION('',(0.,0.,1.));
#2728=DIRECTION('center_axis',(0.,-1.,0.));
#2729=DIRECTION('ref_axis',(1.,0.,0.));
#2730=DIRECTION('',(1.,0.,0.));
#2731=DIRECTION('',(0.,0.,1.));
#2732=DIRECTION('',(1.,0.,0.));
#2733=DIRECTION('center_axis',(0.,-1.,0.));
#2734=DIRECTION('ref_axis',(1.,0.,0.));
#2735=DIRECTION('',(-1.,0.,0.));
#2736=DIRECTION('',(-1.,0.,0.));
#2737=DIRECTION('',(0.,0.,-1.));
#2738=DIRECTION('center_axis',(1.,0.,0.));
#2739=DIRECTION('ref_axis',(0.,1.,0.));
#2740=DIRECTION('',(0.,1.,0.));
#2741=DIRECTION('',(0.,1.,0.));
#2742=DIRECTION('center_axis',(0.,0.,-1.));
#2743=DIRECTION('ref_axis',(0.,1.,0.));
#2744=DIRECTION('center_axis',(-1.,0.,0.));
#2745=DIRECTION('ref_axis',(0.,-1.,0.));
#2746=DIRECTION('',(0.,-1.,0.));
#2747=DIRECTION('',(0.,0.,-1.));
#2748=DIRECTION('',(0.,1.,0.));
#2749=DIRECTION('',(0.,0.,1.));
#2750=DIRECTION('center_axis',(0.,-1.,0.));
#2751=DIRECTION('ref_axis',(1.,0.,0.));
#2752=DIRECTION('',(1.,0.,0.));
#2753=DIRECTION('',(0.,0.,1.));
#2754=DIRECTION('',(1.,0.,0.));
#2755=DIRECTION('center_axis',(0.,-1.,0.));
#2756=DIRECTION('ref_axis',(1.,0.,0.));
#2757=DIRECTION('',(-1.,0.,0.));
#2758=DIRECTION('',(-1.,0.,0.));
#2759=DIRECTION('',(0.,0.,-1.));
#2760=DIRECTION('center_axis',(1.,0.,0.));
#2761=DIRECTION('ref_axis',(0.,1.,0.));
#2762=DIRECTION('',(0.,1.,0.));
#2763=DIRECTION('',(0.,1.,0.));
#2764=DIRECTION('center_axis',(0.,0.,-1.));
#2765=DIRECTION('ref_axis',(0.,1.,0.));
#2766=DIRECTION('center_axis',(0.,0.,1.));
#2767=DIRECTION('ref_axis',(1.,0.,0.));
#2768=DIRECTION('center_axis',(0.,0.,-1.));
#2769=DIRECTION('ref_axis',(1.,0.,0.));
#2770=DIRECTION('',(0.,0.,-1.));
#2771=DIRECTION('center_axis',(0.,0.,1.));
#2772=DIRECTION('ref_axis',(1.,0.,0.));
#2773=DIRECTION('',(0.,0.,1.));
#2774=DIRECTION('center_axis',(0.,-1.,0.));
#2775=DIRECTION('ref_axis',(1.,0.,0.));
#2776=DIRECTION('',(-1.,0.,0.));
#2777=DIRECTION('',(1.,0.,0.));
#2778=DIRECTION('',(0.,0.,-1.));
#2779=DIRECTION('center_axis',(0.,0.,1.));
#2780=DIRECTION('ref_axis',(-1.,1.22464679914735E-16,0.));
#2781=DIRECTION('center_axis',(0.,0.,-1.));
#2782=DIRECTION('ref_axis',(1.,0.,0.));
#2783=DIRECTION('center_axis',(0.,0.,1.));
#2784=DIRECTION('ref_axis',(1.,0.,0.));
#2785=DIRECTION('',(0.,0.,1.));
#2786=DIRECTION('center_axis',(0.,-1.,0.));
#2787=DIRECTION('ref_axis',(1.,0.,0.));
#2788=DIRECTION('',(1.,0.,0.));
#2789=DIRECTION('',(-1.,0.,0.));
#2790=DIRECTION('center_axis',(0.,0.,-1.));
#2791=DIRECTION('ref_axis',(0.,1.,0.));
#2792=DIRECTION('',(0.,1.,0.));
#2793=DIRECTION('',(1.,0.,0.));
#2794=DIRECTION('',(0.,1.,0.));
#2795=DIRECTION('center_axis',(-1.,0.,0.));
#2796=DIRECTION('ref_axis',(0.,-1.,0.));
#2797=DIRECTION('',(0.,0.,-1.));
#2798=DIRECTION('',(0.,1.,0.));
#2799=DIRECTION('center_axis',(0.,-1.,0.));
#2800=DIRECTION('ref_axis',(1.,0.,0.));
#2801=DIRECTION('',(0.,0.,1.));
#2802=DIRECTION('',(-1.,0.,0.));
#2803=DIRECTION('',(-1.,0.,0.));
#2804=DIRECTION('',(0.,0.,1.));
#2805=DIRECTION('',(1.,0.,0.));
#2806=DIRECTION('',(0.,0.,-1.));
#2807=DIRECTION('center_axis',(0.,0.,1.));
#2808=DIRECTION('ref_axis',(0.,-1.,0.));
#2809=DIRECTION('',(0.,1.,0.));
#2810=DIRECTION('center_axis',(1.,0.,0.));
#2811=DIRECTION('ref_axis',(0.,1.,0.));
#2812=DIRECTION('center_axis',(0.,0.,1.));
#2813=DIRECTION('ref_axis',(0.,-1.,0.));
#2814=DIRECTION('',(0.,1.,0.));
#2815=DIRECTION('',(1.,0.,0.));
#2816=DIRECTION('',(0.,1.,0.));
#2817=DIRECTION('center_axis',(-1.,0.,0.));
#2818=DIRECTION('ref_axis',(0.,-1.,0.));
#2819=DIRECTION('',(0.,1.,0.));
#2820=DIRECTION('',(0.,0.,1.));
#2821=DIRECTION('center_axis',(0.,0.,-1.));
#2822=DIRECTION('ref_axis',(0.,1.,0.));
#2823=DIRECTION('',(0.,1.,0.));
#2824=DIRECTION('',(-1.,0.,0.));
#2825=DIRECTION('center_axis',(1.,0.,0.));
#2826=DIRECTION('ref_axis',(0.,1.,0.));
#2827=DIRECTION('',(0.,0.,-1.));
#2828=DIRECTION('center_axis',(0.,-1.,0.));
#2829=DIRECTION('ref_axis',(1.,0.,0.));
#2830=DIRECTION('center_axis',(0.,-1.,0.));
#2831=DIRECTION('ref_axis',(1.,0.,0.));
#2832=DIRECTION('',(0.,-1.,0.));
#2833=DIRECTION('center_axis',(0.,-1.,0.));
#2834=DIRECTION('ref_axis',(1.,0.,0.));
#2835=DIRECTION('center_axis',(0.,-1.,0.));
#2836=DIRECTION('ref_axis',(1.,0.,0.));
#2837=DIRECTION('center_axis',(-1.,0.,0.));
#2838=DIRECTION('ref_axis',(0.,-1.,0.));
#2839=DIRECTION('',(0.,0.,1.));
#2840=DIRECTION('',(0.,1.,0.));
#2841=DIRECTION('',(0.,0.,1.));
#2842=DIRECTION('',(0.,-1.,0.));
#2843=DIRECTION('center_axis',(0.,-1.,0.));
#2844=DIRECTION('ref_axis',(1.,0.,0.));
#2845=DIRECTION('center_axis',(0.,-1.,0.));
#2846=DIRECTION('ref_axis',(1.,0.,0.));
#2847=DIRECTION('center_axis',(0.,1.,0.));
#2848=DIRECTION('ref_axis',(1.,0.,0.));
#2849=DIRECTION('',(0.,-1.,0.));
#2850=DIRECTION('center_axis',(0.,0.,-1.));
#2851=DIRECTION('ref_axis',(0.,1.,0.));
#2852=DIRECTION('',(-1.,0.,0.));
#2853=DIRECTION('',(-1.,0.,0.));
#2854=DIRECTION('',(0.,1.,0.));
#2855=DIRECTION('center_axis',(1.,0.,0.));
#2856=DIRECTION('ref_axis',(0.,1.,0.));
#2857=DIRECTION('',(0.,0.,-1.));
#2858=DIRECTION('',(0.,0.,-1.));
#2859=DIRECTION('',(0.,-1.,0.));
#2860=DIRECTION('',(0.,0.,-1.));
#2861=DIRECTION('',(0.,-1.,0.));
#2862=DIRECTION('center_axis',(0.,-1.,0.));
#2863=DIRECTION('ref_axis',(1.,0.,0.));
#2864=DIRECTION('',(0.,0.,-1.));
#2865=DIRECTION('center_axis',(0.,1.,0.));
#2866=DIRECTION('ref_axis',(1.,0.,0.));
#2867=DIRECTION('',(1.,0.,0.));
#2868=DIRECTION('center_axis',(0.,0.,1.));
#2869=DIRECTION('ref_axis',(0.,-1.,0.));
#2870=DIRECTION('',(1.,0.,0.));
#2871=DIRECTION('',(0.,1.,0.));
#2872=DIRECTION('',(1.,0.,0.));
#2873=DIRECTION('',(0.,1.,0.));
#2874=DIRECTION('center_axis',(0.,-1.,0.));
#2875=DIRECTION('ref_axis',(1.,0.,0.));
#2876=DIRECTION('',(0.,0.,-1.));
#2877=DIRECTION('center_axis',(0.,1.,0.));
#2878=DIRECTION('ref_axis',(1.,0.,0.));
#2879=DIRECTION('',(-1.,0.,0.));
#2880=DIRECTION('center_axis',(0.,1.,0.));
#2881=DIRECTION('ref_axis',(1.,0.,0.));
#2882=DIRECTION('center_axis',(0.,-1.,0.));
#2883=DIRECTION('ref_axis',(1.,0.,0.));
#2884=DIRECTION('',(-1.,0.,0.));
#2885=DIRECTION('center_axis',(0.,-1.,0.));
#2886=DIRECTION('ref_axis',(1.,0.,0.));
#2887=DIRECTION('',(0.,0.,-1.));
#2888=DIRECTION('',(1.,0.,0.));
#2889=DIRECTION('',(0.,0.,-1.));
#2890=DIRECTION('',(-1.,0.,0.));
#2891=DIRECTION('',(0.,0.,-1.));
#2892=DIRECTION('',(1.,0.,0.));
#2893=DIRECTION('',(0.,0.,-1.));
#2894=DIRECTION('',(-1.,0.,0.));
#2895=DIRECTION('',(0.,0.,-1.));
#2896=DIRECTION('center_axis',(0.,-1.,0.));
#2897=DIRECTION('ref_axis',(1.,0.,0.));
#2898=DIRECTION('',(1.,0.,0.));
#2899=DIRECTION('center_axis',(0.,-1.,0.));
#2900=DIRECTION('ref_axis',(1.,0.,0.));
#2901=DIRECTION('',(0.,0.,-1.));
#2902=DIRECTION('',(1.,0.,0.));
#2903=DIRECTION('center_axis',(0.,-1.,0.));
#2904=DIRECTION('ref_axis',(1.,0.,0.));
#2905=DIRECTION('',(0.,0.,1.));
#2906=DIRECTION('',(-1.,0.,0.));
#2907=DIRECTION('',(0.,0.,1.));
#2908=DIRECTION('center_axis',(0.,-1.,0.));
#2909=DIRECTION('ref_axis',(1.,0.,0.));
#2910=DIRECTION('center_axis',(0.,-1.,0.));
#2911=DIRECTION('ref_axis',(1.,0.,0.));
#2912=DIRECTION('',(0.,1.,0.));
#2913=DIRECTION('center_axis',(0.,-1.,0.));
#2914=DIRECTION('ref_axis',(1.,0.,0.));
#2915=DIRECTION('center_axis',(0.,1.,0.));
#2916=DIRECTION('ref_axis',(1.,0.,0.));
#2917=DIRECTION('',(1.,0.,0.));
#2918=DIRECTION('center_axis',(0.,1.,0.));
#2919=DIRECTION('ref_axis',(1.,0.,0.));
#2920=DIRECTION('',(0.,0.,1.));
#2921=DIRECTION('',(1.,0.,0.));
#2922=DIRECTION('',(0.,0.,-1.));
#2923=DIRECTION('center_axis',(0.,-1.,0.));
#2924=DIRECTION('ref_axis',(1.,0.,0.));
#2925=DIRECTION('',(-1.,0.,0.));
#2926=DIRECTION('center_axis',(0.,-1.,0.));
#2927=DIRECTION('ref_axis',(1.,0.,0.));
#2928=DIRECTION('center_axis',(0.,-1.,0.));
#2929=DIRECTION('ref_axis',(1.,0.,0.));
#2930=DIRECTION('',(0.,-1.,0.));
#2931=DIRECTION('center_axis',(0.,-1.,0.));
#2932=DIRECTION('ref_axis',(1.,0.,0.));
#2933=DIRECTION('center_axis',(0.,-1.,0.));
#2934=DIRECTION('ref_axis',(1.,0.,0.));
#2935=DIRECTION('center_axis',(0.,0.,1.));
#2936=DIRECTION('ref_axis',(0.,-1.,0.));
#2937=DIRECTION('',(0.,1.,0.));
#2938=DIRECTION('',(1.,0.,0.));
#2939=DIRECTION('',(0.,-1.,0.));
#2940=DIRECTION('center_axis',(0.,-1.,0.));
#2941=DIRECTION('ref_axis',(1.,0.,0.));
#2942=DIRECTION('center_axis',(0.,1.,0.));
#2943=DIRECTION('ref_axis',(1.,0.,0.));
#2944=DIRECTION('',(0.,-1.,0.));
#2945=DIRECTION('center_axis',(-1.,0.,0.));
#2946=DIRECTION('ref_axis',(0.,-1.,0.));
#2947=DIRECTION('',(0.,0.,1.));
#2948=DIRECTION('',(0.,1.,0.));
#2949=DIRECTION('center_axis',(0.,0.,-1.));
#2950=DIRECTION('ref_axis',(0.,1.,0.));
#2951=DIRECTION('',(-1.,0.,0.));
#2952=DIRECTION('',(0.,-1.,0.));
#2953=DIRECTION('',(-1.,0.,0.));
#2954=DIRECTION('',(0.,-1.,0.));
#2955=DIRECTION('center_axis',(0.,-1.,0.));
#2956=DIRECTION('ref_axis',(1.,0.,0.));
#2957=DIRECTION('center_axis',(0.,1.,0.));
#2958=DIRECTION('ref_axis',(1.,0.,0.));
#2959=DIRECTION('',(0.,0.,-1.));
#2960=DIRECTION('',(0.,0.,-1.));
#2961=DIRECTION('center_axis',(1.,0.,0.));
#2962=DIRECTION('ref_axis',(0.,1.,0.));
#2963=DIRECTION('',(0.,1.,0.));
#2964=DIRECTION('',(0.,0.,-1.));
#2965=DIRECTION('',(0.,1.,0.));
#2966=DIRECTION('center_axis',(-1.,0.,0.));
#2967=DIRECTION('ref_axis',(0.,-1.,0.));
#2968=DIRECTION('',(0.,0.,1.));
#2969=DIRECTION('center_axis',(0.,-1.,0.));
#2970=DIRECTION('ref_axis',(1.,0.,0.));
#2971=DIRECTION('',(0.,0.,-1.));
#2972=DIRECTION('center_axis',(0.,-1.,0.));
#2973=DIRECTION('ref_axis',(1.,0.,0.));
#2974=DIRECTION('',(0.,0.,1.));
#2975=DIRECTION('',(1.,0.,0.));
#2976=DIRECTION('',(0.,0.,-1.));
#2977=DIRECTION('',(-1.,0.,0.));
#2978=DIRECTION('center_axis',(0.,0.,-1.));
#2979=DIRECTION('ref_axis',(0.,1.,0.));
#2980=DIRECTION('',(0.,1.,0.));
#2981=DIRECTION('',(0.,1.,0.));
#2982=DIRECTION('',(1.,0.,0.));
#2983=DIRECTION('center_axis',(0.,-1.,0.));
#2984=DIRECTION('ref_axis',(1.,0.,0.));
#2985=DIRECTION('',(0.,0.,-1.));
#2986=DIRECTION('',(0.,0.,1.));
#2987=DIRECTION('',(-1.,0.,0.));
#2988=DIRECTION('center_axis',(0.,0.,1.));
#2989=DIRECTION('ref_axis',(0.,-1.,0.));
#2990=DIRECTION('',(0.,-1.,0.));
#2991=DIRECTION('',(0.,1.,0.));
#2992=DIRECTION('center_axis',(1.,0.,0.));
#2993=DIRECTION('ref_axis',(0.,1.,0.));
#2994=DIRECTION('center_axis',(0.,-1.,0.));
#2995=DIRECTION('ref_axis',(1.,0.,0.));
#2996=DIRECTION('',(0.,0.,1.));
#2997=DIRECTION('',(1.,0.,0.));
#2998=DIRECTION('',(0.,0.,-1.));
#2999=DIRECTION('',(-1.,0.,0.));
#3000=DIRECTION('center_axis',(0.,0.,-1.));
#3001=DIRECTION('ref_axis',(0.,1.,0.));
#3002=DIRECTION('',(0.,1.,0.));
#3003=DIRECTION('',(0.,1.,0.));
#3004=DIRECTION('',(1.,0.,0.));
#3005=DIRECTION('center_axis',(0.,-1.,0.));
#3006=DIRECTION('ref_axis',(1.,0.,0.));
#3007=DIRECTION('',(0.,0.,-1.));
#3008=DIRECTION('',(0.,0.,1.));
#3009=DIRECTION('',(-1.,0.,0.));
#3010=DIRECTION('center_axis',(0.,0.,1.));
#3011=DIRECTION('ref_axis',(0.,-1.,0.));
#3012=DIRECTION('',(0.,-1.,0.));
#3013=DIRECTION('',(0.,1.,0.));
#3014=DIRECTION('center_axis',(1.,0.,0.));
#3015=DIRECTION('ref_axis',(0.,1.,0.));
#3016=DIRECTION('center_axis',(0.,0.,1.));
#3017=DIRECTION('ref_axis',(0.,-1.,0.));
#3018=DIRECTION('',(0.,1.,0.));
#3019=DIRECTION('',(-1.,0.,0.));
#3020=DIRECTION('',(0.,1.,0.));
#3021=DIRECTION('center_axis',(1.,0.,0.));
#3022=DIRECTION('ref_axis',(0.,1.,0.));
#3023=DIRECTION('',(0.,0.,-1.));
#3024=DIRECTION('',(0.,-1.,0.));
#3025=DIRECTION('center_axis',(0.,-1.,0.));
#3026=DIRECTION('ref_axis',(1.,0.,0.));
#3027=DIRECTION('',(0.,0.,1.));
#3028=DIRECTION('',(1.,0.,0.));
#3029=DIRECTION('center_axis',(0.,-1.,0.));
#3030=DIRECTION('ref_axis',(1.,0.,0.));
#3031=DIRECTION('center_axis',(0.,-1.,0.));
#3032=DIRECTION('ref_axis',(1.,0.,0.));
#3033=DIRECTION('',(1.,0.,0.));
#3034=DIRECTION('center_axis',(0.,-1.,0.));
#3035=DIRECTION('ref_axis',(1.,0.,0.));
#3036=DIRECTION('',(0.,0.,-1.));
#3037=DIRECTION('',(-1.,0.,0.));
#3038=DIRECTION('',(0.,0.,1.));
#3039=DIRECTION('center_axis',(0.,1.,0.));
#3040=DIRECTION('ref_axis',(1.,0.,0.));
#3041=DIRECTION('',(-1.,0.,0.));
#3042=DIRECTION('center_axis',(0.,1.,0.));
#3043=DIRECTION('ref_axis',(1.,0.,0.));
#3044=DIRECTION('center_axis',(0.,0.,-1.));
#3045=DIRECTION('ref_axis',(0.,1.,0.));
#3046=DIRECTION('',(0.,-1.,0.));
#3047=DIRECTION('center_axis',(0.,0.,1.));
#3048=DIRECTION('ref_axis',(0.,-1.,0.));
#3049=DIRECTION('',(0.,1.,0.));
#3050=DIRECTION('',(0.,1.,0.));
#3051=DIRECTION('center_axis',(1.,0.,0.));
#3052=DIRECTION('ref_axis',(0.,1.,0.));
#3053=DIRECTION('',(0.,1.,0.));
#3054=DIRECTION('center_axis',(0.,-1.,0.));
#3055=DIRECTION('ref_axis',(1.,0.,0.));
#3056=DIRECTION('',(0.,1.,0.));
#3057=DIRECTION('center_axis',(0.,0.,1.));
#3058=DIRECTION('ref_axis',(0.,-1.,0.));
#3059=DIRECTION('',(0.,1.,0.));
#3060=DIRECTION('center_axis',(0.,0.,-1.));
#3061=DIRECTION('ref_axis',(0.,1.,0.));
#3062=DIRECTION('',(0.,-1.,0.));
#3063=DIRECTION('',(0.,-1.,0.));
#3064=DIRECTION('center_axis',(1.,0.,0.));
#3065=DIRECTION('ref_axis',(0.,1.,0.));
#3066=DIRECTION('',(0.,1.,0.));
#3067=DIRECTION('center_axis',(0.,-1.,0.));
#3068=DIRECTION('ref_axis',(1.,0.,0.));
#3069=DIRECTION('',(0.,1.,0.));
#3070=DIRECTION('center_axis',(0.,-1.,0.));
#3071=DIRECTION('ref_axis',(1.,0.,0.));
#3072=DIRECTION('center_axis',(0.,0.,-1.));
#3073=DIRECTION('ref_axis',(0.,1.,0.));
#3074=DIRECTION('center_axis',(0.,-1.,0.));
#3075=DIRECTION('ref_axis',(1.,0.,0.));
#3076=DIRECTION('',(0.,1.,0.));
#3077=DIRECTION('center_axis',(0.,-1.,0.));
#3078=DIRECTION('ref_axis',(1.,0.,0.));
#3079=DIRECTION('',(0.,1.,0.));
#3080=DIRECTION('center_axis',(-1.,0.,0.));
#3081=DIRECTION('ref_axis',(0.,-1.,0.));
#3082=DIRECTION('',(0.,1.,0.));
#3083=DIRECTION('',(0.,0.,1.));
#3084=DIRECTION('center_axis',(0.,-1.,0.));
#3085=DIRECTION('ref_axis',(1.,0.,0.));
#3086=DIRECTION('',(0.,1.,0.));
#3087=DIRECTION('center_axis',(0.,-1.,0.));
#3088=DIRECTION('ref_axis',(1.,0.,0.));
#3089=DIRECTION('center_axis',(0.,0.,1.));
#3090=DIRECTION('ref_axis',(0.,-1.,0.));
#3091=DIRECTION('',(0.,1.,0.));
#3092=DIRECTION('',(1.,0.,0.));
#3093=DIRECTION('center_axis',(0.,-1.,0.));
#3094=DIRECTION('ref_axis',(1.,0.,0.));
#3095=DIRECTION('',(0.,1.,0.));
#3096=DIRECTION('center_axis',(0.,-1.,0.));
#3097=DIRECTION('ref_axis',(1.,0.,0.));
#3098=DIRECTION('center_axis',(0.,0.,-1.));
#3099=DIRECTION('ref_axis',(0.,1.,0.));
#3100=DIRECTION('',(-1.,0.,0.));
#3101=DIRECTION('',(0.,1.,0.));
#3102=DIRECTION('center_axis',(0.,-1.,0.));
#3103=DIRECTION('ref_axis',(1.,0.,0.));
#3104=DIRECTION('center_axis',(0.,-1.,0.));
#3105=DIRECTION('ref_axis',(1.,0.,0.));
#3106=DIRECTION('',(0.,1.,0.));
#3107=DIRECTION('center_axis',(1.,0.,0.));
#3108=DIRECTION('ref_axis',(0.,1.,0.));
#3109=DIRECTION('',(0.,0.,-1.));
#3110=DIRECTION('center_axis',(0.,-1.,0.));
#3111=DIRECTION('ref_axis',(1.,0.,0.));
#3112=DIRECTION('center_axis',(0.,-1.,0.));
#3113=DIRECTION('ref_axis',(1.,0.,0.));
#3114=DIRECTION('',(0.,1.,0.));
#3115=DIRECTION('center_axis',(0.,-1.,0.));
#3116=DIRECTION('ref_axis',(1.,0.,0.));
#3117=DIRECTION('',(0.,1.,0.));
#3118=DIRECTION('',(0.,1.,0.));
#3119=DIRECTION('center_axis',(-1.,0.,0.));
#3120=DIRECTION('ref_axis',(0.,-1.,0.));
#3121=DIRECTION('center_axis',(0.,0.,1.));
#3122=DIRECTION('ref_axis',(0.,-1.,0.));
#3123=CARTESIAN_POINT('',(0.,0.,0.));
#3124=CARTESIAN_POINT('Origin',(67.95,-1.2,77.));
#3125=CARTESIAN_POINT('',(134.9,-2.4,77.));
#3126=CARTESIAN_POINT('',(134.9,-1.2,78.2));
#3127=CARTESIAN_POINT('Origin',(134.9,-1.2,77.));
#3128=CARTESIAN_POINT('',(1.00000000000001,-1.2,78.2));
#3129=CARTESIAN_POINT('',(67.95,-1.2,78.2));
#3130=CARTESIAN_POINT('',(1.00000000000001,-2.4,77.));
#3131=CARTESIAN_POINT('Origin',(1.00000000000001,-1.2,77.));
#3132=CARTESIAN_POINT('',(67.95,-2.4,77.));
#3133=CARTESIAN_POINT('Origin',(1.,-1.2,73.2));
#3134=CARTESIAN_POINT('',(-3.99999999999999,-1.2,73.2));
#3135=CARTESIAN_POINT('',(-2.8,-2.4,73.2));
#3136=CARTESIAN_POINT('Origin',(-2.8,-1.2,73.2));
#3137=CARTESIAN_POINT('Origin',(1.,-2.4,73.2));
#3138=CARTESIAN_POINT('Origin',(1.,-1.2,73.2));
#3139=CARTESIAN_POINT('Origin',(-2.79999999999999,-1.2,37.6));
#3140=CARTESIAN_POINT('',(-3.99999999999999,-1.2,2.));
#3141=CARTESIAN_POINT('',(-2.79999999999999,-2.4,2.));
#3142=CARTESIAN_POINT('Origin',(-2.79999999999999,-1.2,2.));
#3143=CARTESIAN_POINT('',(-2.79999999999999,-2.4,37.6));
#3144=CARTESIAN_POINT('',(-3.99999999999999,-1.2,37.6));
#3145=CARTESIAN_POINT('Origin',(1.,-1.2,2.));
#3146=CARTESIAN_POINT('',(1.00000000000001,-1.2,-3.));
#3147=CARTESIAN_POINT('',(1.,-2.4,-1.8));
#3148=CARTESIAN_POINT('Origin',(1.,-1.2,-1.8));
#3149=CARTESIAN_POINT('Origin',(1.,-2.4,2.));
#3150=CARTESIAN_POINT('Origin',(1.,-1.2,2.));
#3151=CARTESIAN_POINT('Origin',(67.95,-1.2,-1.8));
#3152=CARTESIAN_POINT('',(134.9,-1.2,-3.));
#3153=CARTESIAN_POINT('',(134.9,-2.4,-1.8));
#3154=CARTESIAN_POINT('Origin',(134.9,-1.2,-1.8));
#3155=CARTESIAN_POINT('',(67.95,-2.4,-1.8));
#3156=CARTESIAN_POINT('',(67.95,-1.2,-3.));
#3157=CARTESIAN_POINT('Origin',(134.9,-1.2,2.));
#3158=CARTESIAN_POINT('',(139.9,-1.2,2.));
#3159=CARTESIAN_POINT('',(138.7,-2.4,2.));
#3160=CARTESIAN_POINT('Origin',(138.7,-1.2,2.));
#3161=CARTESIAN_POINT('Origin',(134.9,-2.4,2.));
#3162=CARTESIAN_POINT('Origin',(134.9,-1.2,2.));
#3163=CARTESIAN_POINT('Origin',(138.7,-1.2,37.6));
#3164=CARTESIAN_POINT('',(139.9,-1.2,73.2));
#3165=CARTESIAN_POINT('',(138.7,-2.4,73.2));
#3166=CARTESIAN_POINT('Origin',(138.7,-1.2,73.2));
#3167=CARTESIAN_POINT('',(138.7,-2.4,37.6));
#3168=CARTESIAN_POINT('',(139.9,-1.2,37.6));
#3169=CARTESIAN_POINT('Origin',(134.9,-1.2,73.2));
#3170=CARTESIAN_POINT('Origin',(134.9,-2.4,73.2));
#3171=CARTESIAN_POINT('Origin',(134.9,-1.2,73.2));
#3172=CARTESIAN_POINT('Origin',(1.,4.635,2.));
#3173=CARTESIAN_POINT('',(-3.99999999999999,11.67,2.));
#3174=CARTESIAN_POINT('',(-3.99999999999999,4.635,2.));
#3175=CARTESIAN_POINT('',(1.00000000000001,11.67,-3.));
#3176=CARTESIAN_POINT('Origin',(1.,11.67,2.));
#3177=CARTESIAN_POINT('',(1.00000000000001,4.635,-3.));
#3178=CARTESIAN_POINT('Origin',(-3.99999999999999,4.635,37.6));
#3179=CARTESIAN_POINT('',(-3.99999999999999,11.67,73.2));
#3180=CARTESIAN_POINT('',(-3.99999999999999,4.635,73.2));
#3181=CARTESIAN_POINT('',(-3.99999999999999,11.67,37.6));
#3182=CARTESIAN_POINT('',(-3.99999999999999,5.2,22.03));
#3183=CARTESIAN_POINT('',(-3.99999999999999,5.2,30.03));
#3184=CARTESIAN_POINT('',(-3.99999999999999,5.2,31.815));
#3185=CARTESIAN_POINT('',(-3.99999999999999,1.,30.03));
#3186=CARTESIAN_POINT('',(-3.99999999999999,3.8675,30.03));
#3187=CARTESIAN_POINT('',(-3.99999999999999,1.,22.03));
#3188=CARTESIAN_POINT('',(-3.99999999999999,1.,31.815));
#3189=CARTESIAN_POINT('',(-3.99999999999999,3.8675,22.03));
#3190=CARTESIAN_POINT('Origin',(1.,4.635,73.2));
#3191=CARTESIAN_POINT('',(1.00000000000001,11.67,78.2));
#3192=CARTESIAN_POINT('',(1.00000000000001,4.635,78.2));
#3193=CARTESIAN_POINT('Origin',(1.,11.67,73.2));
#3194=CARTESIAN_POINT('Origin',(67.95,4.635,78.2));
#3195=CARTESIAN_POINT('',(134.9,11.67,78.2));
#3196=CARTESIAN_POINT('',(134.9,4.635,78.2));
#3197=CARTESIAN_POINT('',(67.95,11.67,78.2));
#3198=CARTESIAN_POINT('Origin',(67.95,-2.4,37.6));
#3199=CARTESIAN_POINT('',(127.04,-2.4,3.59));
#3200=CARTESIAN_POINT('',(8.87999999999999,-2.4,3.59));
#3201=CARTESIAN_POINT('',(67.955,-2.4,3.59));
#3202=CARTESIAN_POINT('',(8.87999999999999,-2.4,71.64));
#3203=CARTESIAN_POINT('',(8.87999999999999,-2.4,37.6075));
#3204=CARTESIAN_POINT('',(127.04,-2.4,71.64));
#3205=CARTESIAN_POINT('',(67.955,-2.4,71.64));
#3206=CARTESIAN_POINT('',(127.04,-2.4,37.6075));
#3207=CARTESIAN_POINT('Origin',(-3.25,1.,26.03));
#3208=CARTESIAN_POINT('',(-2.,1.,22.03));
#3209=CARTESIAN_POINT('',(-2.,1.,30.03));
#3210=CARTESIAN_POINT('',(-2.,1.,31.815));
#3211=CARTESIAN_POINT('',(-3.25,1.,22.03));
#3212=CARTESIAN_POINT('',(-3.25,1.,30.03));
#3213=CARTESIAN_POINT('Origin',(-3.25,3.1,30.03));
#3214=CARTESIAN_POINT('',(-2.,5.2,30.03));
#3215=CARTESIAN_POINT('',(-2.,4.68,30.03));
#3216=CARTESIAN_POINT('',(-3.25,5.2,30.03));
#3217=CARTESIAN_POINT('Origin',(-3.25,5.2,26.03));
#3218=CARTESIAN_POINT('',(-2.,5.2,22.03));
#3219=CARTESIAN_POINT('',(-2.,5.2,31.815));
#3220=CARTESIAN_POINT('',(-3.25,5.2,22.03));
#3221=CARTESIAN_POINT('Origin',(-3.25,3.1,22.03));
#3222=CARTESIAN_POINT('',(-2.,4.68,22.03));
#3223=CARTESIAN_POINT('Origin',(137.75,-0.4,44.03));
#3224=CARTESIAN_POINT('',(139.9,-0.4,33.53));
#3225=CARTESIAN_POINT('',(139.9,-0.4,54.53));
#3226=CARTESIAN_POINT('',(139.9,-0.4,40.815));
#3227=CARTESIAN_POINT('',(134.6,-0.4,33.53));
#3228=CARTESIAN_POINT('',(137.75,-0.4,33.53));
#3229=CARTESIAN_POINT('',(134.6,-0.4,54.53));
#3230=CARTESIAN_POINT('',(134.6,-0.4,44.03));
#3231=CARTESIAN_POINT('',(137.75,-0.4,54.53));
#3232=CARTESIAN_POINT('Origin',(137.75,3.8,54.53));
#3233=CARTESIAN_POINT('',(139.9,8.,54.53));
#3234=CARTESIAN_POINT('',(139.9,4.2175,54.53));
#3235=CARTESIAN_POINT('',(134.6,8.,54.53));
#3236=CARTESIAN_POINT('',(134.6,3.8,54.53));
#3237=CARTESIAN_POINT('',(137.75,8.,54.53));
#3238=CARTESIAN_POINT('Origin',(137.75,8.,44.03));
#3239=CARTESIAN_POINT('',(139.9,8.,33.53));
#3240=CARTESIAN_POINT('',(139.9,8.,40.815));
#3241=CARTESIAN_POINT('',(134.6,8.,33.53));
#3242=CARTESIAN_POINT('',(134.6,8.,44.03));
#3243=CARTESIAN_POINT('',(137.75,8.,33.53));
#3244=CARTESIAN_POINT('Origin',(137.75,3.8,33.53));
#3245=CARTESIAN_POINT('',(139.9,4.2175,33.53));
#3246=CARTESIAN_POINT('',(134.6,3.8,33.53));
#3247=CARTESIAN_POINT('Origin',(134.6,3.8,44.03));
#3248=CARTESIAN_POINT('',(134.6,1.2,35.53));
#3249=CARTESIAN_POINT('',(134.6,1.2,52.53));
#3250=CARTESIAN_POINT('',(134.6,1.2,44.03));
#3251=CARTESIAN_POINT('',(134.6,5.,52.53));
#3252=CARTESIAN_POINT('',(134.6,3.1,52.53));
#3253=CARTESIAN_POINT('',(134.6,5.,35.53));
#3254=CARTESIAN_POINT('',(134.6,5.,44.03));
#3255=CARTESIAN_POINT('',(134.6,3.1,35.53));
#3256=CARTESIAN_POINT('Origin',(133.35,1.2,44.03));
#3257=CARTESIAN_POINT('',(132.6,1.2,52.53));
#3258=CARTESIAN_POINT('',(132.6,1.2,35.53));
#3259=CARTESIAN_POINT('',(132.6,1.2,40.815));
#3260=CARTESIAN_POINT('',(133.35,1.2,52.53));
#3261=CARTESIAN_POINT('',(133.35,1.2,35.53));
#3262=CARTESIAN_POINT('Origin',(133.35,3.1,35.53));
#3263=CARTESIAN_POINT('',(132.6,5.,35.53));
#3264=CARTESIAN_POINT('',(132.6,4.68,35.53));
#3265=CARTESIAN_POINT('',(133.35,5.,35.53));
#3266=CARTESIAN_POINT('Origin',(133.35,5.,44.03));
#3267=CARTESIAN_POINT('',(132.6,5.,52.53));
#3268=CARTESIAN_POINT('',(132.6,5.,40.815));
#3269=CARTESIAN_POINT('',(133.35,5.,52.53));
#3270=CARTESIAN_POINT('Origin',(133.35,3.1,52.53));
#3271=CARTESIAN_POINT('',(132.6,4.68,52.53));
#3272=CARTESIAN_POINT('Origin',(137.75,7.5,26.03));
#3273=CARTESIAN_POINT('',(139.9,7.5,31.53));
#3274=CARTESIAN_POINT('',(139.9,7.5,22.03));
#3275=CARTESIAN_POINT('',(139.9,7.5,31.815));
#3276=CARTESIAN_POINT('',(134.6,7.5,31.53));
#3277=CARTESIAN_POINT('',(137.75,7.5,31.53));
#3278=CARTESIAN_POINT('',(134.6,7.5,22.03));
#3279=CARTESIAN_POINT('',(134.6,7.5,26.03));
#3280=CARTESIAN_POINT('',(137.75,7.5,22.03));
#3281=CARTESIAN_POINT('Origin',(137.75,3.55,31.53));
#3282=CARTESIAN_POINT('',(139.9,-0.4,31.53));
#3283=CARTESIAN_POINT('',(139.9,4.0925,31.53));
#3284=CARTESIAN_POINT('',(134.6,-0.4,31.53));
#3285=CARTESIAN_POINT('',(137.75,-0.4,31.53));
#3286=CARTESIAN_POINT('',(134.6,3.55,31.53));
#3287=CARTESIAN_POINT('Origin',(137.75,3.8,22.03));
#3288=CARTESIAN_POINT('',(134.6,8.,22.03));
#3289=CARTESIAN_POINT('',(134.6,3.8,22.03));
#3290=CARTESIAN_POINT('',(139.9,8.,22.03));
#3291=CARTESIAN_POINT('',(137.75,8.,22.03));
#3292=CARTESIAN_POINT('',(139.9,4.2175,22.03));
#3293=CARTESIAN_POINT('Origin',(133.35,0.8,26.03));
#3294=CARTESIAN_POINT('',(132.6,0.8,30.03));
#3295=CARTESIAN_POINT('',(132.6,0.8,22.03));
#3296=CARTESIAN_POINT('',(132.6,0.8,31.815));
#3297=CARTESIAN_POINT('',(134.6,0.8,30.03));
#3298=CARTESIAN_POINT('',(133.35,0.8,30.03));
#3299=CARTESIAN_POINT('',(134.6,0.8,22.03));
#3300=CARTESIAN_POINT('',(134.6,0.8,26.03));
#3301=CARTESIAN_POINT('',(133.35,0.8,22.03));
#3302=CARTESIAN_POINT('Origin',(133.35,3.15,22.03));
#3303=CARTESIAN_POINT('',(132.6,5.5,22.03));
#3304=CARTESIAN_POINT('',(132.6,4.705,22.03));
#3305=CARTESIAN_POINT('',(134.6,5.5,22.03));
#3306=CARTESIAN_POINT('',(134.6,3.8,22.03));
#3307=CARTESIAN_POINT('',(133.35,5.5,22.03));
#3308=CARTESIAN_POINT('Origin',(133.35,5.5,26.03));
#3309=CARTESIAN_POINT('',(132.6,5.5,30.03));
#3310=CARTESIAN_POINT('',(132.6,5.5,31.815));
#3311=CARTESIAN_POINT('',(134.6,5.5,30.03));
#3312=CARTESIAN_POINT('',(134.6,5.5,26.03));
#3313=CARTESIAN_POINT('',(133.35,5.5,30.03));
#3314=CARTESIAN_POINT('Origin',(133.35,3.15,30.03));
#3315=CARTESIAN_POINT('',(132.6,4.705,30.03));
#3316=CARTESIAN_POINT('',(134.6,3.15,30.03));
#3317=CARTESIAN_POINT('Origin',(137.75,-0.4,15.03));
#3318=CARTESIAN_POINT('',(139.9,-0.4,8.03));
#3319=CARTESIAN_POINT('',(139.9,-0.4,26.315));
#3320=CARTESIAN_POINT('',(134.6,-0.4,8.03));
#3321=CARTESIAN_POINT('',(137.75,-0.4,8.03));
#3322=CARTESIAN_POINT('',(134.6,-0.4,15.03));
#3323=CARTESIAN_POINT('Origin',(137.75,8.,15.03));
#3324=CARTESIAN_POINT('',(139.9,8.,8.03));
#3325=CARTESIAN_POINT('',(139.9,8.,26.315));
#3326=CARTESIAN_POINT('',(134.6,8.,8.03));
#3327=CARTESIAN_POINT('',(134.6,8.,15.03));
#3328=CARTESIAN_POINT('',(137.75,8.,8.03));
#3329=CARTESIAN_POINT('Origin',(137.75,3.8,8.03));
#3330=CARTESIAN_POINT('',(139.9,4.2175,8.03));
#3331=CARTESIAN_POINT('',(134.6,3.8,8.03));
#3332=CARTESIAN_POINT('Origin',(134.6,3.8,15.03));
#3333=CARTESIAN_POINT('',(134.6,0.599999999999999,20.53));
#3334=CARTESIAN_POINT('',(134.6,6.6,20.53));
#3335=CARTESIAN_POINT('',(134.6,3.6,20.53));
#3336=CARTESIAN_POINT('',(134.6,6.6,9.53));
#3337=CARTESIAN_POINT('',(134.6,6.6,15.03));
#3338=CARTESIAN_POINT('',(134.6,0.599999999999999,9.53));
#3339=CARTESIAN_POINT('',(134.6,3.6,9.53));
#3340=CARTESIAN_POINT('',(134.6,0.599999999999999,15.03));
#3341=CARTESIAN_POINT('Origin',(133.35,0.599999999999999,15.03));
#3342=CARTESIAN_POINT('',(132.6,0.599999999999999,20.53));
#3343=CARTESIAN_POINT('',(132.6,0.599999999999999,9.53));
#3344=CARTESIAN_POINT('',(132.6,0.599999999999999,26.315));
#3345=CARTESIAN_POINT('',(133.35,0.599999999999999,20.53));
#3346=CARTESIAN_POINT('',(133.35,0.599999999999999,9.53));
#3347=CARTESIAN_POINT('Origin',(133.35,3.6,9.53));
#3348=CARTESIAN_POINT('',(132.6,6.6,9.53));
#3349=CARTESIAN_POINT('',(132.6,4.93,9.53));
#3350=CARTESIAN_POINT('',(133.35,6.6,9.53));
#3351=CARTESIAN_POINT('Origin',(133.35,6.6,15.03));
#3352=CARTESIAN_POINT('',(132.6,6.6,20.53));
#3353=CARTESIAN_POINT('',(132.6,6.6,26.315));
#3354=CARTESIAN_POINT('',(133.35,6.6,20.53));
#3355=CARTESIAN_POINT('Origin',(133.35,3.6,20.53));
#3356=CARTESIAN_POINT('',(132.6,4.93,20.53));
#3357=CARTESIAN_POINT('Origin',(82.3,6.,-0.605));
#3358=CARTESIAN_POINT('',(82.3,9.5,-1.));
#3359=CARTESIAN_POINT('',(82.3,2.5,-1.));
#3360=CARTESIAN_POINT('',(82.3,6.13,-1.));
#3361=CARTESIAN_POINT('',(82.3,9.5,-0.2));
#3362=CARTESIAN_POINT('',(82.3,9.5,-0.605));
#3363=CARTESIAN_POINT('',(82.3,2.5,-0.2));
#3364=CARTESIAN_POINT('',(82.3,6.,-0.2));
#3365=CARTESIAN_POINT('',(82.3,2.5,-0.605));
#3366=CARTESIAN_POINT('Origin',(81.55,9.5,-0.605));
#3367=CARTESIAN_POINT('',(80.8,9.5,-1.));
#3368=CARTESIAN_POINT('',(73.425,9.5,-1.));
#3369=CARTESIAN_POINT('',(80.8,9.5,-0.2));
#3370=CARTESIAN_POINT('',(80.8,9.5,-0.605));
#3371=CARTESIAN_POINT('',(81.55,9.5,-0.2));
#3372=CARTESIAN_POINT('Origin',(81.55,2.5,-0.605));
#3373=CARTESIAN_POINT('',(80.8,2.5,-1.));
#3374=CARTESIAN_POINT('',(73.425,2.5,-1.));
#3375=CARTESIAN_POINT('',(80.8,2.5,-0.2));
#3376=CARTESIAN_POINT('',(81.55,2.5,-0.2));
#3377=CARTESIAN_POINT('',(80.8,2.5,-0.605));
#3378=CARTESIAN_POINT('Origin',(80.8,6.,-0.605));
#3379=CARTESIAN_POINT('',(80.8,6.13,-1.));
#3380=CARTESIAN_POINT('',(80.8,6.,-0.2));
#3381=CARTESIAN_POINT('Origin',(81.55,6.,-0.2));
#3382=CARTESIAN_POINT('Origin',(55.1,6.,-0.605));
#3383=CARTESIAN_POINT('',(55.1,9.5,-1.));
#3384=CARTESIAN_POINT('',(55.1,2.5,-1.));
#3385=CARTESIAN_POINT('',(55.1,6.13,-1.));
#3386=CARTESIAN_POINT('',(55.1,9.5,-0.2));
#3387=CARTESIAN_POINT('',(55.1,9.5,-0.605));
#3388=CARTESIAN_POINT('',(55.1,2.5,-0.2));
#3389=CARTESIAN_POINT('',(55.1,6.,-0.2));
#3390=CARTESIAN_POINT('',(55.1,2.5,-0.605));
#3391=CARTESIAN_POINT('Origin',(54.35,9.5,-0.605));
#3392=CARTESIAN_POINT('',(53.6,9.5,-1.));
#3393=CARTESIAN_POINT('',(59.825,9.5,-1.));
#3394=CARTESIAN_POINT('',(53.6,9.5,-0.2));
#3395=CARTESIAN_POINT('',(53.6,9.5,-0.605));
#3396=CARTESIAN_POINT('',(54.35,9.5,-0.2));
#3397=CARTESIAN_POINT('Origin',(54.35,2.5,-0.605));
#3398=CARTESIAN_POINT('',(53.6,2.5,-1.));
#3399=CARTESIAN_POINT('',(59.825,2.5,-1.));
#3400=CARTESIAN_POINT('',(53.6,2.5,-0.2));
#3401=CARTESIAN_POINT('',(54.35,2.5,-0.2));
#3402=CARTESIAN_POINT('',(53.6,2.5,-0.605));
#3403=CARTESIAN_POINT('Origin',(53.6,6.,-0.605));
#3404=CARTESIAN_POINT('',(53.6,6.13,-1.));
#3405=CARTESIAN_POINT('',(53.6,6.,-0.2));
#3406=CARTESIAN_POINT('Origin',(54.35,6.,-0.2));
#3407=CARTESIAN_POINT('Origin',(76.6,6.,-2.495));
#3408=CARTESIAN_POINT('',(76.6,9.7,-1.));
#3409=CARTESIAN_POINT('',(76.6,2.3,-1.));
#3410=CARTESIAN_POINT('Origin',(76.6,6.,-1.));
#3411=CARTESIAN_POINT('',(76.6,9.7,-3.));
#3412=CARTESIAN_POINT('',(76.6,9.7,-2.495));
#3413=CARTESIAN_POINT('',(76.6,2.3,-3.));
#3414=CARTESIAN_POINT('Origin',(76.6,6.,-3.));
#3415=CARTESIAN_POINT('',(76.6,2.3,-2.495));
#3416=CARTESIAN_POINT('Origin',(67.95,2.3,-2.495));
#3417=CARTESIAN_POINT('',(59.3,2.3,-1.));
#3418=CARTESIAN_POINT('',(66.625,2.3,-1.));
#3419=CARTESIAN_POINT('',(59.3,2.3,-3.));
#3420=CARTESIAN_POINT('',(67.95,2.3,-3.));
#3421=CARTESIAN_POINT('',(59.3,2.3,-2.495));
#3422=CARTESIAN_POINT('Origin',(59.3,6.,-2.495));
#3423=CARTESIAN_POINT('',(59.3,9.7,-1.));
#3424=CARTESIAN_POINT('Origin',(59.3,6.,-1.));
#3425=CARTESIAN_POINT('',(59.3,9.7,-3.));
#3426=CARTESIAN_POINT('Origin',(59.3,6.,-3.));
#3427=CARTESIAN_POINT('',(59.3,9.7,-2.495));
#3428=CARTESIAN_POINT('Origin',(67.95,9.7,-2.495));
#3429=CARTESIAN_POINT('',(66.625,9.7,-1.));
#3430=CARTESIAN_POINT('',(67.95,9.7,-3.));
#3431=CARTESIAN_POINT('Origin',(67.96,-2.4,71.64));
#3432=CARTESIAN_POINT('',(8.87999999999999,-1.4,71.64));
#3433=CARTESIAN_POINT('',(8.87999999999999,-2.4,71.64));
#3434=CARTESIAN_POINT('',(127.04,-1.4,71.64));
#3435=CARTESIAN_POINT('',(67.96,-1.4,71.64));
#3436=CARTESIAN_POINT('',(127.04,-2.4,71.64));
#3437=CARTESIAN_POINT('Origin',(127.04,-2.4,37.615));
#3438=CARTESIAN_POINT('',(127.04,-1.4,3.59));
#3439=CARTESIAN_POINT('',(127.04,-1.4,37.615));
#3440=CARTESIAN_POINT('',(127.04,-2.4,3.59));
#3441=CARTESIAN_POINT('Origin',(67.96,-1.4,37.615));
#3442=CARTESIAN_POINT('',(8.87999999999999,-1.4,3.59));
#3443=CARTESIAN_POINT('',(8.87999999999999,-1.4,37.615));
#3444=CARTESIAN_POINT('',(67.96,-1.4,3.59));
#3445=CARTESIAN_POINT('',(126.04,-1.4,70.64));
#3446=CARTESIAN_POINT('',(9.88,-1.4,70.64));
#3447=CARTESIAN_POINT('',(67.96,-1.4,70.64));
#3448=CARTESIAN_POINT('',(126.04,-1.4,4.59));
#3449=CARTESIAN_POINT('',(126.04,-1.4,37.615));
#3450=CARTESIAN_POINT('',(9.88,-1.4,4.59));
#3451=CARTESIAN_POINT('',(67.96,-1.4,4.59));
#3452=CARTESIAN_POINT('',(9.88,-1.4,37.615));
#3453=CARTESIAN_POINT('Origin',(67.96,-2.4,3.59));
#3454=CARTESIAN_POINT('',(8.87999999999999,-2.4,3.59));
#3455=CARTESIAN_POINT('Origin',(8.87999999999999,-2.4,37.615));
#3456=CARTESIAN_POINT('Origin',(67.96,-1.275,4.59));
#3457=CARTESIAN_POINT('',(126.04,-0.15,4.59));
#3458=CARTESIAN_POINT('',(126.04,-1.275,4.59));
#3459=CARTESIAN_POINT('',(9.88,-0.15,4.59));
#3460=CARTESIAN_POINT('',(66.63,-0.15,4.59));
#3461=CARTESIAN_POINT('',(9.88,-1.275,4.59));
#3462=CARTESIAN_POINT('Origin',(126.04,-1.275,37.615));
#3463=CARTESIAN_POINT('',(126.04,-0.15,70.64));
#3464=CARTESIAN_POINT('',(126.04,-1.275,70.64));
#3465=CARTESIAN_POINT('',(126.04,-0.15,37.6075));
#3466=CARTESIAN_POINT('Origin',(67.96,-1.275,70.64));
#3467=CARTESIAN_POINT('',(9.88,-0.15,70.64));
#3468=CARTESIAN_POINT('',(9.88,-1.275,70.64));
#3469=CARTESIAN_POINT('',(66.63,-0.15,70.64));
#3470=CARTESIAN_POINT('Origin',(9.88,-1.275,37.615));
#3471=CARTESIAN_POINT('',(9.88,-0.15,37.6075));
#3472=CARTESIAN_POINT('Origin',(135.8,6.675,71.83));
#3473=CARTESIAN_POINT('',(133.8,9.67,71.83));
#3474=CARTESIAN_POINT('Origin',(135.8,9.67,71.83));
#3475=CARTESIAN_POINT('',(133.8,3.67,71.83));
#3476=CARTESIAN_POINT('',(133.8,6.675,71.83));
#3477=CARTESIAN_POINT('Origin',(135.8,3.67,71.83));
#3478=CARTESIAN_POINT('Origin',(135.8,3.67,71.83));
#3479=CARTESIAN_POINT('Origin',(138.9,11.17,71.5));
#3480=CARTESIAN_POINT('',(138.9,11.67,65.8));
#3481=CARTESIAN_POINT('',(138.9,11.67,73.2));
#3482=CARTESIAN_POINT('',(138.9,11.67,54.55));
#3483=CARTESIAN_POINT('',(138.9,9.67,65.8));
#3484=CARTESIAN_POINT('',(138.9,11.17,65.8));
#3485=CARTESIAN_POINT('',(138.9,9.67,73.2));
#3486=CARTESIAN_POINT('',(138.9,9.67,71.5));
#3487=CARTESIAN_POINT('',(138.9,11.17,73.2));
#3488=CARTESIAN_POINT('Origin',(134.9,11.17,73.2));
#3489=CARTESIAN_POINT('',(134.9,11.67,77.2));
#3490=CARTESIAN_POINT('Origin',(134.9,11.67,73.2));
#3491=CARTESIAN_POINT('',(134.9,9.67,77.2));
#3492=CARTESIAN_POINT('Origin',(134.9,9.67,73.2));
#3493=CARTESIAN_POINT('',(134.9,11.17,77.2));
#3494=CARTESIAN_POINT('Origin',(135.25,11.17,77.2));
#3495=CARTESIAN_POINT('',(131.6,11.67,77.2));
#3496=CARTESIAN_POINT('',(101.6,11.67,77.2));
#3497=CARTESIAN_POINT('',(131.6,9.67,77.2));
#3498=CARTESIAN_POINT('',(135.25,9.67,77.2));
#3499=CARTESIAN_POINT('',(131.6,11.17,77.2));
#3500=CARTESIAN_POINT('Origin',(131.6,11.17,71.5));
#3501=CARTESIAN_POINT('',(131.6,11.67,76.6641016151378));
#3502=CARTESIAN_POINT('',(131.6,11.67,54.55));
#3503=CARTESIAN_POINT('',(131.6,9.67,75.4360679774998));
#3504=CARTESIAN_POINT('',(131.6,9.67,71.5));
#3505=CARTESIAN_POINT('',(131.6,10.67,75.4360679774998));
#3506=CARTESIAN_POINT('',(131.6,6.26,75.4360679774998));
#3507=CARTESIAN_POINT('',(131.6,10.67,76.6641016151378));
#3508=CARTESIAN_POINT('',(131.6,10.67,54.55));
#3509=CARTESIAN_POINT('',(131.6,11.67,76.6641016151378));
#3510=CARTESIAN_POINT('Origin',(135.25,9.67,71.5));
#3511=CARTESIAN_POINT('',(132.6,9.67,73.2));
#3512=CARTESIAN_POINT('',(132.6,9.67,65.8));
#3513=CARTESIAN_POINT('',(132.6,9.67,54.55));
#3514=CARTESIAN_POINT('Origin',(129.6,9.67,73.2));
#3515=CARTESIAN_POINT('',(135.25,9.67,65.8));
#3516=CARTESIAN_POINT('Origin',(135.25,11.17,65.8));
#3517=CARTESIAN_POINT('',(133.6,11.67,65.8));
#3518=CARTESIAN_POINT('',(101.6,11.67,65.8));
#3519=CARTESIAN_POINT('',(133.6,10.67,65.8));
#3520=CARTESIAN_POINT('',(133.6,11.42,65.8));
#3521=CARTESIAN_POINT('',(132.6,10.67,65.8));
#3522=CARTESIAN_POINT('',(100.275,10.67,65.8));
#3523=CARTESIAN_POINT('',(132.6,8.715,65.8));
#3524=CARTESIAN_POINT('Origin',(67.95,11.67,37.6));
#3525=CARTESIAN_POINT('',(139.9,11.67,73.2));
#3526=CARTESIAN_POINT('',(139.9,11.67,2.));
#3527=CARTESIAN_POINT('',(139.9,11.67,37.6));
#3528=CARTESIAN_POINT('',(134.9,11.67,-3.));
#3529=CARTESIAN_POINT('Origin',(134.9,11.67,2.));
#3530=CARTESIAN_POINT('',(67.95,11.67,-3.));
#3531=CARTESIAN_POINT('Origin',(134.9,11.67,73.2));
#3532=CARTESIAN_POINT('',(129.6,11.67,77.2));
#3533=CARTESIAN_POINT('Origin',(129.6,11.67,73.2));
#3534=CARTESIAN_POINT('',(1.00000000000001,11.67,77.2));
#3535=CARTESIAN_POINT('',(66.625,11.67,77.2));
#3536=CARTESIAN_POINT('',(-3.,11.67,73.2));
#3537=CARTESIAN_POINT('Origin',(1.,11.67,73.2));
#3538=CARTESIAN_POINT('',(-3.,11.67,62.2));
#3539=CARTESIAN_POINT('',(-3.,11.67,37.6));
#3540=CARTESIAN_POINT('',(-2.,11.67,62.2));
#3541=CARTESIAN_POINT('',(32.475,11.67,62.2));
#3542=CARTESIAN_POINT('',(-2.,11.67,48.2));
#3543=CARTESIAN_POINT('',(-2.,11.67,37.6));
#3544=CARTESIAN_POINT('',(-3.,11.67,48.2));
#3545=CARTESIAN_POINT('',(32.475,11.67,48.2));
#3546=CARTESIAN_POINT('',(-3.,11.67,27.));
#3547=CARTESIAN_POINT('',(-3.,11.67,37.6));
#3548=CARTESIAN_POINT('',(-2.,11.67,27.));
#3549=CARTESIAN_POINT('',(32.475,11.67,27.));
#3550=CARTESIAN_POINT('',(-2.,11.67,13.));
#3551=CARTESIAN_POINT('',(-2.,11.67,37.6));
#3552=CARTESIAN_POINT('',(-3.,11.67,13.));
#3553=CARTESIAN_POINT('',(32.475,11.67,13.));
#3554=CARTESIAN_POINT('',(-3.,11.67,2.));
#3555=CARTESIAN_POINT('',(-3.,11.67,37.6));
#3556=CARTESIAN_POINT('',(1.00000000000001,11.67,-2.));
#3557=CARTESIAN_POINT('Origin',(1.,11.67,2.));
#3558=CARTESIAN_POINT('',(129.6,11.67,-2.));
#3559=CARTESIAN_POINT('',(66.625,11.67,-2.));
#3560=CARTESIAN_POINT('',(131.6,11.67,-1.46410161513775));
#3561=CARTESIAN_POINT('Origin',(129.6,11.67,2.));
#3562=CARTESIAN_POINT('',(131.6,11.67,-2.));
#3563=CARTESIAN_POINT('',(131.6,11.67,20.65));
#3564=CARTESIAN_POINT('',(134.9,11.67,-2.));
#3565=CARTESIAN_POINT('',(101.6,11.67,-2.));
#3566=CARTESIAN_POINT('',(138.9,11.67,2.));
#3567=CARTESIAN_POINT('Origin',(134.9,11.67,2.));
#3568=CARTESIAN_POINT('',(138.9,11.67,9.4));
#3569=CARTESIAN_POINT('',(138.9,11.67,20.65));
#3570=CARTESIAN_POINT('',(133.6,11.67,9.4));
#3571=CARTESIAN_POINT('',(101.6,11.67,9.4));
#3572=CARTESIAN_POINT('',(133.6,11.67,37.6));
#3573=CARTESIAN_POINT('Origin',(129.6,11.67,73.2));
#3574=CARTESIAN_POINT('',(129.6,10.67,77.2));
#3575=CARTESIAN_POINT('Origin',(129.6,10.67,73.2));
#3576=CARTESIAN_POINT('',(129.6,11.67,77.2));
#3577=CARTESIAN_POINT('Origin',(65.3,10.67,37.6));
#3578=CARTESIAN_POINT('',(129.6,10.67,76.2));
#3579=CARTESIAN_POINT('Origin',(129.6,10.67,73.2));
#3580=CARTESIAN_POINT('',(1.00000000000001,10.67,76.2));
#3581=CARTESIAN_POINT('',(65.3,10.67,76.2));
#3582=CARTESIAN_POINT('',(-2.,10.67,73.2));
#3583=CARTESIAN_POINT('Origin',(1.,10.67,73.2));
#3584=CARTESIAN_POINT('',(-2.,10.67,62.2));
#3585=CARTESIAN_POINT('',(-2.,10.67,37.6));
#3586=CARTESIAN_POINT('',(-3.,10.67,62.2));
#3587=CARTESIAN_POINT('',(31.15,10.67,62.2));
#3588=CARTESIAN_POINT('',(-3.,10.67,73.2));
#3589=CARTESIAN_POINT('',(-3.,10.67,37.6));
#3590=CARTESIAN_POINT('',(1.00000000000001,10.67,77.2));
#3591=CARTESIAN_POINT('Origin',(1.,10.67,73.2));
#3592=CARTESIAN_POINT('',(65.3,10.67,77.2));
#3593=CARTESIAN_POINT('Origin',(135.8,6.675,3.4));
#3594=CARTESIAN_POINT('',(133.8,9.67,3.4));
#3595=CARTESIAN_POINT('Origin',(135.8,9.67,3.4));
#3596=CARTESIAN_POINT('',(133.8,3.67,3.4));
#3597=CARTESIAN_POINT('',(133.8,6.675,3.4));
#3598=CARTESIAN_POINT('Origin',(135.8,3.67,3.4));
#3599=CARTESIAN_POINT('Origin',(135.8,3.67,3.4));
#3600=CARTESIAN_POINT('Origin',(135.25,11.17,-2.));
#3601=CARTESIAN_POINT('',(131.6,9.67,-2.));
#3602=CARTESIAN_POINT('',(131.6,11.17,-2.));
#3603=CARTESIAN_POINT('',(134.9,9.67,-1.99999999999999));
#3604=CARTESIAN_POINT('',(135.25,9.67,-2.));
#3605=CARTESIAN_POINT('',(134.9,11.17,-2.));
#3606=CARTESIAN_POINT('Origin',(134.9,11.17,2.));
#3607=CARTESIAN_POINT('',(138.9,9.67,2.));
#3608=CARTESIAN_POINT('Origin',(134.9,9.67,2.));
#3609=CARTESIAN_POINT('',(138.9,11.17,2.));
#3610=CARTESIAN_POINT('Origin',(138.9,11.17,3.7));
#3611=CARTESIAN_POINT('',(138.9,9.67,9.4));
#3612=CARTESIAN_POINT('',(138.9,9.67,3.7));
#3613=CARTESIAN_POINT('',(138.9,11.17,9.4));
#3614=CARTESIAN_POINT('Origin',(135.25,11.17,9.4));
#3615=CARTESIAN_POINT('',(132.6,9.67,9.4));
#3616=CARTESIAN_POINT('',(135.25,9.67,9.4));
#3617=CARTESIAN_POINT('',(132.6,10.67,9.4));
#3618=CARTESIAN_POINT('',(132.6,8.715,9.4));
#3619=CARTESIAN_POINT('',(133.6,10.67,9.4));
#3620=CARTESIAN_POINT('',(100.275,10.67,9.4));
#3621=CARTESIAN_POINT('',(133.6,11.42,9.4));
#3622=CARTESIAN_POINT('Origin',(135.25,9.67,3.7));
#3623=CARTESIAN_POINT('',(132.6,9.67,2.));
#3624=CARTESIAN_POINT('',(131.6,9.67,-0.236067977499781));
#3625=CARTESIAN_POINT('Origin',(129.6,9.67,2.));
#3626=CARTESIAN_POINT('',(132.6,9.67,20.65));
#3627=CARTESIAN_POINT('',(131.6,9.67,3.7));
#3628=CARTESIAN_POINT('Origin',(131.6,11.17,3.7));
#3629=CARTESIAN_POINT('',(131.6,10.67,-1.46410161513775));
#3630=CARTESIAN_POINT('',(131.6,11.67,-1.46410161513775));
#3631=CARTESIAN_POINT('',(131.6,10.67,-0.236067977499781));
#3632=CARTESIAN_POINT('',(131.6,10.67,20.65));
#3633=CARTESIAN_POINT('',(131.6,6.26,-0.236067977499781));
#3634=CARTESIAN_POINT('Origin',(133.6,11.67,37.6));
#3635=CARTESIAN_POINT('',(133.6,10.67,37.6));
#3636=CARTESIAN_POINT('Origin',(65.3,10.67,37.6));
#3637=CARTESIAN_POINT('',(132.6,10.67,37.6));
#3638=CARTESIAN_POINT('Origin',(-2.495,9.42,55.2));
#3639=CARTESIAN_POINT('',(-2.,9.42,48.9));
#3640=CARTESIAN_POINT('',(-2.,9.42,61.5));
#3641=CARTESIAN_POINT('',(-2.,9.42,46.4));
#3642=CARTESIAN_POINT('',(-3.,9.42,48.9));
#3643=CARTESIAN_POINT('',(-2.495,9.42,48.9));
#3644=CARTESIAN_POINT('',(-3.,9.42,61.5));
#3645=CARTESIAN_POINT('',(-3.,9.42,55.2));
#3646=CARTESIAN_POINT('',(-2.495,9.42,61.5));
#3647=CARTESIAN_POINT('Origin',(-2.495,10.07,61.5));
#3648=CARTESIAN_POINT('',(-2.,10.72,61.5));
#3649=CARTESIAN_POINT('',(-2.,8.165,61.5));
#3650=CARTESIAN_POINT('',(-3.,10.72,61.5));
#3651=CARTESIAN_POINT('',(-3.,10.07,61.5));
#3652=CARTESIAN_POINT('',(-2.495,10.72,61.5));
#3653=CARTESIAN_POINT('Origin',(-2.495,10.72,55.2));
#3654=CARTESIAN_POINT('',(-2.,10.72,48.9));
#3655=CARTESIAN_POINT('',(-2.,10.72,46.4));
#3656=CARTESIAN_POINT('',(-3.,10.72,48.9));
#3657=CARTESIAN_POINT('',(-3.,10.72,55.2));
#3658=CARTESIAN_POINT('',(-2.495,10.72,48.9));
#3659=CARTESIAN_POINT('Origin',(-2.495,10.07,48.9));
#3660=CARTESIAN_POINT('',(-2.,8.165,48.9));
#3661=CARTESIAN_POINT('',(-3.,10.07,48.9));
#3662=CARTESIAN_POINT('Origin',(-3.,10.07,55.2));
#3663=CARTESIAN_POINT('Origin',(-2.495,9.42,20.));
#3664=CARTESIAN_POINT('',(-2.,9.42,13.7));
#3665=CARTESIAN_POINT('',(-2.,9.42,26.3));
#3666=CARTESIAN_POINT('',(-2.,9.42,28.8));
#3667=CARTESIAN_POINT('',(-3.,9.42,13.7));
#3668=CARTESIAN_POINT('',(-2.495,9.42,13.7));
#3669=CARTESIAN_POINT('',(-3.,9.42,26.3));
#3670=CARTESIAN_POINT('',(-3.,9.42,20.));
#3671=CARTESIAN_POINT('',(-2.495,9.42,26.3));
#3672=CARTESIAN_POINT('Origin',(-2.495,10.07,26.3));
#3673=CARTESIAN_POINT('',(-2.,10.72,26.3));
#3674=CARTESIAN_POINT('',(-2.,8.165,26.3));
#3675=CARTESIAN_POINT('',(-3.,10.72,26.3));
#3676=CARTESIAN_POINT('',(-3.,10.07,26.3));
#3677=CARTESIAN_POINT('',(-2.495,10.72,26.3));
#3678=CARTESIAN_POINT('Origin',(-2.495,10.72,20.));
#3679=CARTESIAN_POINT('',(-2.,10.72,13.7));
#3680=CARTESIAN_POINT('',(-2.,10.72,28.8));
#3681=CARTESIAN_POINT('',(-3.,10.72,13.7));
#3682=CARTESIAN_POINT('',(-3.,10.72,20.));
#3683=CARTESIAN_POINT('',(-2.495,10.72,13.7));
#3684=CARTESIAN_POINT('Origin',(-2.495,10.07,13.7));
#3685=CARTESIAN_POINT('',(-2.,8.165,13.7));
#3686=CARTESIAN_POINT('',(-3.,10.07,13.7));
#3687=CARTESIAN_POINT('Origin',(-3.,10.07,20.));
#3688=CARTESIAN_POINT('Origin',(-3.,11.67,48.2));
#3689=CARTESIAN_POINT('',(-2.,10.67,48.2));
#3690=CARTESIAN_POINT('',(-2.,8.965,48.2));
#3691=CARTESIAN_POINT('',(-3.,10.67,48.2));
#3692=CARTESIAN_POINT('',(31.15,10.67,48.2));
#3693=CARTESIAN_POINT('',(-3.,11.67,48.2));
#3694=CARTESIAN_POINT('Origin',(-3.,11.67,37.6));
#3695=CARTESIAN_POINT('',(-3.,10.67,27.));
#3696=CARTESIAN_POINT('',(-3.,10.67,37.6));
#3697=CARTESIAN_POINT('',(-3.,11.67,27.));
#3698=CARTESIAN_POINT('Origin',(65.3,10.67,37.6));
#3699=CARTESIAN_POINT('',(-2.,10.67,27.));
#3700=CARTESIAN_POINT('',(-2.,10.67,37.6));
#3701=CARTESIAN_POINT('',(31.15,10.67,27.));
#3702=CARTESIAN_POINT('Origin',(65.3,10.67,37.6));
#3703=CARTESIAN_POINT('',(129.6,10.67,-2.));
#3704=CARTESIAN_POINT('Origin',(129.6,10.67,2.));
#3705=CARTESIAN_POINT('',(1.00000000000001,10.67,-2.));
#3706=CARTESIAN_POINT('',(65.3,10.67,-2.));
#3707=CARTESIAN_POINT('',(-3.,10.67,2.));
#3708=CARTESIAN_POINT('Origin',(1.,10.67,2.));
#3709=CARTESIAN_POINT('',(-3.,10.67,13.));
#3710=CARTESIAN_POINT('',(-3.,10.67,37.6));
#3711=CARTESIAN_POINT('',(-2.,10.67,13.));
#3712=CARTESIAN_POINT('',(31.15,10.67,13.));
#3713=CARTESIAN_POINT('',(-2.,10.67,2.));
#3714=CARTESIAN_POINT('',(-2.,10.67,37.6));
#3715=CARTESIAN_POINT('',(1.00000000000001,10.67,-1.));
#3716=CARTESIAN_POINT('Origin',(1.,10.67,2.));
#3717=CARTESIAN_POINT('',(129.6,10.67,-1.));
#3718=CARTESIAN_POINT('',(65.3,10.67,-1.));
#3719=CARTESIAN_POINT('Origin',(129.6,10.67,2.));
#3720=CARTESIAN_POINT('Origin',(-3.,11.67,27.));
#3721=CARTESIAN_POINT('',(-2.,8.965,27.));
#3722=CARTESIAN_POINT('Origin',(-3.,11.67,13.));
#3723=CARTESIAN_POINT('',(-2.,8.965,13.));
#3724=CARTESIAN_POINT('',(-3.,11.67,13.));
#3725=CARTESIAN_POINT('Origin',(-3.,11.67,37.6));
#3726=CARTESIAN_POINT('',(-3.,11.67,2.));
#3727=CARTESIAN_POINT('Origin',(1.,11.67,2.));
#3728=CARTESIAN_POINT('',(1.00000000000001,11.67,-2.));
#3729=CARTESIAN_POINT('Origin',(65.3,11.67,-2.));
#3730=CARTESIAN_POINT('',(129.6,11.67,-2.));
#3731=CARTESIAN_POINT('Origin',(-3.,11.67,62.2));
#3732=CARTESIAN_POINT('',(-3.,11.67,62.2));
#3733=CARTESIAN_POINT('',(-2.,8.965,62.2));
#3734=CARTESIAN_POINT('Origin',(-3.,11.67,37.6));
#3735=CARTESIAN_POINT('',(-3.,11.67,73.2));
#3736=CARTESIAN_POINT('Origin',(1.,11.67,73.2));
#3737=CARTESIAN_POINT('',(1.00000000000001,11.67,77.2));
#3738=CARTESIAN_POINT('Origin',(129.6,11.67,2.));
#3739=CARTESIAN_POINT('Origin',(65.3,11.67,77.2));
#3740=CARTESIAN_POINT('Origin',(129.6,6.26,73.2));
#3741=CARTESIAN_POINT('',(132.6,-0.15,73.2));
#3742=CARTESIAN_POINT('',(132.6,6.26,73.2));
#3743=CARTESIAN_POINT('',(129.6,-0.15,76.2));
#3744=CARTESIAN_POINT('Origin',(129.6,-0.149999999999999,73.2));
#3745=CARTESIAN_POINT('',(129.6,6.26,76.2));
#3746=CARTESIAN_POINT('Origin',(132.6,6.26,37.6));
#3747=CARTESIAN_POINT('',(132.6,-0.15,2.));
#3748=CARTESIAN_POINT('',(132.6,6.26,2.));
#3749=CARTESIAN_POINT('',(132.6,-0.15,37.6));
#3750=CARTESIAN_POINT('Origin',(129.6,6.26,2.));
#3751=CARTESIAN_POINT('',(129.6,-0.15,-1.));
#3752=CARTESIAN_POINT('',(129.6,6.26,-1.));
#3753=CARTESIAN_POINT('Origin',(129.6,-0.149999999999999,2.));
#3754=CARTESIAN_POINT('Origin',(65.3,6.26,-1.));
#3755=CARTESIAN_POINT('',(1.00000000000001,-0.15,-1.));
#3756=CARTESIAN_POINT('',(1.00000000000001,6.26,-1.));
#3757=CARTESIAN_POINT('',(65.3,-0.15,-1.));
#3758=CARTESIAN_POINT('Origin',(1.,6.26,2.));
#3759=CARTESIAN_POINT('',(-2.,-0.15,2.));
#3760=CARTESIAN_POINT('',(-2.,6.26,2.));
#3761=CARTESIAN_POINT('Origin',(1.,-0.149999999999999,2.));
#3762=CARTESIAN_POINT('Origin',(65.3,6.26,76.2));
#3763=CARTESIAN_POINT('',(1.00000000000001,-0.15,76.2));
#3764=CARTESIAN_POINT('',(65.3,-0.15,76.2));
#3765=CARTESIAN_POINT('',(1.00000000000001,6.26,76.2));
#3766=CARTESIAN_POINT('Origin',(1.,6.26,73.2));
#3767=CARTESIAN_POINT('',(-2.,-0.15,73.2));
#3768=CARTESIAN_POINT('Origin',(1.,-0.149999999999999,73.2));
#3769=CARTESIAN_POINT('',(-2.,6.26,73.2));
#3770=CARTESIAN_POINT('Origin',(-2.,6.26,37.6));
#3771=CARTESIAN_POINT('',(-2.,-0.15,37.6));
#3772=CARTESIAN_POINT('Origin',(65.3,-0.15,37.6));
#3773=CARTESIAN_POINT('Origin',(134.9,4.635,73.2));
#3774=CARTESIAN_POINT('',(139.9,4.635,73.2));
#3775=CARTESIAN_POINT('Origin',(134.9,4.635,2.));
#3776=CARTESIAN_POINT('',(134.9,4.635,-3.));
#3777=CARTESIAN_POINT('',(139.9,4.635,2.));
#3778=CARTESIAN_POINT('Origin',(139.9,4.635,37.6));
#3779=CARTESIAN_POINT('Origin',(67.95,4.635,-3.));
#3780=UNCERTAINTY_MEASURE_WITH_UNIT(LENGTH_MEASURE(0.01),#3784,
'DISTANCE_ACCURACY_VALUE',
'Maximum model space distance between geometric entities at asserted c
onnectivities');
#3781=UNCERTAINTY_MEASURE_WITH_UNIT(LENGTH_MEASURE(0.01),#3784,
'DISTANCE_ACCURACY_VALUE',
'Maximum model space distance between geometric entities at asserted c
onnectivities');
#3782=(
GEOMETRIC_REPRESENTATION_CONTEXT(3)
GLOBAL_UNCERTAINTY_ASSIGNED_CONTEXT((#3780))
GLOBAL_UNIT_ASSIGNED_CONTEXT((#3784,#3786,#3787))
REPRESENTATION_CONTEXT('','3D')
);
#3783=(
GEOMETRIC_REPRESENTATION_CONTEXT(3)
GLOBAL_UNCERTAINTY_ASSIGNED_CONTEXT((#3781))
GLOBAL_UNIT_ASSIGNED_CONTEXT((#3784,#3786,#3787))
REPRESENTATION_CONTEXT('','3D')
);
#3784=(
LENGTH_UNIT()
NAMED_UNIT(*)
SI_UNIT(.MILLI.,.METRE.)
);
#3785=(
LENGTH_UNIT()
NAMED_UNIT(*)
SI_UNIT($,.METRE.)
);
#3786=(
NAMED_UNIT(*)
PLANE_ANGLE_UNIT()
SI_UNIT($,.RADIAN.)
);
#3787=(
NAMED_UNIT(*)
SI_UNIT($,.STERADIAN.)
SOLID_ANGLE_UNIT()
);
#3788=SHAPE_DEFINITION_REPRESENTATION(#3789,#3790);
#3789=PRODUCT_DEFINITION_SHAPE('',$,#3792);
#3790=SHAPE_REPRESENTATION('',(#2332),#3782);
#3791=PRODUCT_DEFINITION_CONTEXT('part definition',#3796,'design');
#3792=PRODUCT_DEFINITION('Head tray','Head tray',#3793,#3791);
#3793=PRODUCT_DEFINITION_FORMATION('',$,#3798);
#3794=PRODUCT_RELATED_PRODUCT_CATEGORY('Head tray','Head tray',(#3798));
#3795=APPLICATION_PROTOCOL_DEFINITION('international standard',
'automotive_design',2009,#3796);
#3796=APPLICATION_CONTEXT(
'Core Data for Automotive Mechanical Design Process');
#3797=PRODUCT_CONTEXT('part definition',#3796,'mechanical');
#3798=PRODUCT('Head tray','Head tray',$,(#3797));
#3799=PRESENTATION_STYLE_ASSIGNMENT((#3800));
#3800=SURFACE_STYLE_USAGE(.BOTH.,#3801);
#3801=SURFACE_SIDE_STYLE('',(#3802));
#3802=SURFACE_STYLE_FILL_AREA(#3803);
#3803=FILL_AREA_STYLE('Steel - Satin',(#3804));
#3804=FILL_AREA_STYLE_COLOUR('Steel - Satin',#3805);
#3805=COLOUR_RGB('Steel - Satin',0.627450980392157,0.627450980392157,0.627450980392157);
ENDSEC;
END-ISO-10303-21;
