ISO-10303-21;
HEADER;
/* Generated by software containing ST-Developer
 * from STEP Tools, Inc. (www.steptools.com) 
 */

FILE_DESCRIPTION(
/* description */ (''),
/* implementation_level */ '2;1');

FILE_NAME(
/* name */ 'dock-shell.step',
/* time_stamp */ '2026-09-18T12:23:42+01:00',
/* author */ (''),
/* organization */ (''),
/* preprocessor_version */ 'ST-DEVELOPER v20.2',
/* originating_system */ 'Autodesk Translation Framework v15.15.0.0',
/* authorisation */ '');

FILE_SCHEMA (('AUTOMOTIVE_DESIGN { 1 0 10303 214 3 1 1 }'));
ENDSEC;

DATA;
#10=MECHANICAL_DESIGN_GEOMETRIC_PRESENTATION_REPRESENTATION('',(#13),#4050);
#11=SHAPE_REPRESENTATION_RELATIONSHIP('SRR','None',#4057,#12);
#12=ADVANCED_BREP_SHAPE_REPRESENTATION('',(#14),#4049);
#13=STYLED_ITEM('',(#4066),#14);
#14=MANIFOLD_SOLID_BREP('Dock shell',#2452);
#15=CYLINDRICAL_SURFACE('',#2496,4.8);
#16=CYLINDRICAL_SURFACE('',#2500,4.8);
#17=CYLINDRICAL_SURFACE('',#2508,4.);
#18=CYLINDRICAL_SURFACE('',#2510,2.);
#19=CYLINDRICAL_SURFACE('',#2513,2.);
#20=CYLINDRICAL_SURFACE('',#2516,2.);
#21=CYLINDRICAL_SURFACE('',#2518,2.);
#22=CYLINDRICAL_SURFACE('',#2582,2.);
#23=CYLINDRICAL_SURFACE('',#2585,5.5);
#24=CYLINDRICAL_SURFACE('',#2594,5.5);
#25=CYLINDRICAL_SURFACE('',#2599,8.);
#26=CYLINDRICAL_SURFACE('',#2602,3.5);
#27=CYLINDRICAL_SURFACE('',#2616,2.);
#28=CYLINDRICAL_SURFACE('',#2620,3.5);
#29=CYLINDRICAL_SURFACE('',#2623,2.);
#30=CYLINDRICAL_SURFACE('',#2627,3.5);
#31=CYLINDRICAL_SURFACE('',#2630,2.);
#32=CYLINDRICAL_SURFACE('',#2635,2.);
#33=CYLINDRICAL_SURFACE('',#2639,3.5);
#34=CYLINDRICAL_SURFACE('',#2642,8.);
#35=CYLINDRICAL_SURFACE('',#2645,8.);
#36=CYLINDRICAL_SURFACE('',#2646,8.);
#37=FACE_BOUND('',#322,.T.);
#38=FACE_BOUND('',#325,.T.);
#39=FACE_BOUND('',#328,.T.);
#40=FACE_BOUND('',#394,.T.);
#41=FACE_BOUND('',#395,.T.);
#42=FACE_BOUND('',#396,.T.);
#43=FACE_BOUND('',#397,.T.);
#44=FACE_BOUND('',#398,.T.);
#45=FACE_BOUND('',#399,.T.);
#46=FACE_BOUND('',#400,.T.);
#47=FACE_BOUND('',#401,.T.);
#48=FACE_BOUND('',#402,.T.);
#49=FACE_BOUND('',#403,.T.);
#50=FACE_BOUND('',#411,.T.);
#51=FACE_BOUND('',#412,.T.);
#52=FACE_BOUND('',#413,.T.);
#53=FACE_BOUND('',#414,.T.);
#54=FACE_BOUND('',#415,.T.);
#55=FACE_BOUND('',#416,.T.);
#56=FACE_BOUND('',#417,.T.);
#57=FACE_BOUND('',#418,.T.);
#58=FACE_BOUND('',#419,.T.);
#59=FACE_BOUND('',#420,.T.);
#60=FACE_BOUND('',#434,.T.);
#61=FACE_BOUND('',#435,.T.);
#62=FACE_BOUND('',#436,.T.);
#63=FACE_BOUND('',#437,.T.);
#64=FACE_BOUND('',#439,.T.);
#65=FACE_BOUND('',#440,.T.);
#66=FACE_BOUND('',#446,.T.);
#67=FACE_BOUND('',#451,.T.);
#68=FACE_BOUND('',#455,.T.);
#69=FACE_BOUND('',#460,.T.);
#70=FACE_BOUND('',#463,.T.);
#71=FACE_BOUND('',#467,.T.);
#72=ELLIPSE('',#2483,2.00564562462927,2.);
#73=ELLIPSE('',#2484,2.00564562462927,2.);
#74=ELLIPSE('',#2485,2.00564562462927,2.);
#75=ELLIPSE('',#2486,2.00564562462927,2.);
#76=ELLIPSE('',#2490,32.0169627174911,10.7142329766783);
#77=ELLIPSE('',#2580,3.18515487686155,3.16947409621326);
#78=ELLIPSE('',#2591,10.2333154005708,3.5);
#79=ELLIPSE('',#2592,10.2333154005708,3.5);
#80=ELLIPSE('',#2600,23.3904352013047,8.);
#81=ELLIPSE('',#2603,3.51420049949435,3.5);
#82=ELLIPSE('',#2605,3.51420049949435,3.5);
#83=ELLIPSE('',#2607,3.51420049949435,3.5);
#84=ELLIPSE('',#2608,3.51420049949435,3.5);
#85=ELLIPSE('',#2609,8.03245828455852,8.);
#86=ELLIPSE('',#2610,8.03245828455852,8.);
#87=ELLIPSE('',#2611,3.51420049949435,3.5);
#88=ELLIPSE('',#2612,3.51420049949435,3.5);
#89=ELLIPSE('',#2614,32.0169627174911,10.7142329766783);
#90=ELLIPSE('',#2643,23.3904352013047,8.);
#91=PLANE('',#2469);
#92=PLANE('',#2470);
#93=PLANE('',#2474);
#94=PLANE('',#2478);
#95=PLANE('',#2482);
#96=PLANE('',#2488);
#97=PLANE('',#2491);
#98=PLANE('',#2499);
#99=PLANE('',#2503);
#100=PLANE('',#2504);
#101=PLANE('',#2512);
#102=PLANE('',#2515);
#103=PLANE('',#2520);
#104=PLANE('',#2521);
#105=PLANE('',#2522);
#106=PLANE('',#2523);
#107=PLANE('',#2524);
#108=PLANE('',#2525);
#109=PLANE('',#2526);
#110=PLANE('',#2527);
#111=PLANE('',#2528);
#112=PLANE('',#2529);
#113=PLANE('',#2530);
#114=PLANE('',#2531);
#115=PLANE('',#2532);
#116=PLANE('',#2533);
#117=PLANE('',#2534);
#118=PLANE('',#2535);
#119=PLANE('',#2536);
#120=PLANE('',#2537);
#121=PLANE('',#2538);
#122=PLANE('',#2539);
#123=PLANE('',#2540);
#124=PLANE('',#2541);
#125=PLANE('',#2542);
#126=PLANE('',#2543);
#127=PLANE('',#2544);
#128=PLANE('',#2545);
#129=PLANE('',#2546);
#130=PLANE('',#2547);
#131=PLANE('',#2548);
#132=PLANE('',#2549);
#133=PLANE('',#2550);
#134=PLANE('',#2551);
#135=PLANE('',#2552);
#136=PLANE('',#2553);
#137=PLANE('',#2554);
#138=PLANE('',#2555);
#139=PLANE('',#2556);
#140=PLANE('',#2557);
#141=PLANE('',#2558);
#142=PLANE('',#2559);
#143=PLANE('',#2560);
#144=PLANE('',#2561);
#145=PLANE('',#2562);
#146=PLANE('',#2563);
#147=PLANE('',#2564);
#148=PLANE('',#2565);
#149=PLANE('',#2566);
#150=PLANE('',#2567);
#151=PLANE('',#2568);
#152=PLANE('',#2569);
#153=PLANE('',#2570);
#154=PLANE('',#2571);
#155=PLANE('',#2572);
#156=PLANE('',#2573);
#157=PLANE('',#2574);
#158=PLANE('',#2575);
#159=PLANE('',#2576);
#160=PLANE('',#2577);
#161=PLANE('',#2578);
#162=PLANE('',#2584);
#163=PLANE('',#2589);
#164=PLANE('',#2593);
#165=PLANE('',#2597);
#166=PLANE('',#2598);
#167=PLANE('',#2601);
#168=PLANE('',#2606);
#169=PLANE('',#2613);
#170=PLANE('',#2615);
#171=PLANE('',#2619);
#172=PLANE('',#2622);
#173=PLANE('',#2626);
#174=PLANE('',#2629);
#175=PLANE('',#2633);
#176=PLANE('',#2634);
#177=PLANE('',#2638);
#178=PLANE('',#2641);
#179=PLANE('',#2644);
#180=PLANE('',#2647);
#181=PLANE('',#2648);
#182=PLANE('',#2651);
#183=PLANE('',#2655);
#184=PLANE('',#2656);
#185=FACE_OUTER_BOUND('',#313,.T.);
#186=FACE_OUTER_BOUND('',#314,.T.);
#187=FACE_OUTER_BOUND('',#315,.T.);
#188=FACE_OUTER_BOUND('',#316,.T.);
#189=FACE_OUTER_BOUND('',#317,.T.);
#190=FACE_OUTER_BOUND('',#318,.T.);
#191=FACE_OUTER_BOUND('',#319,.T.);
#192=FACE_OUTER_BOUND('',#320,.T.);
#193=FACE_OUTER_BOUND('',#321,.T.);
#194=FACE_OUTER_BOUND('',#323,.T.);
#195=FACE_OUTER_BOUND('',#324,.T.);
#196=FACE_OUTER_BOUND('',#326,.T.);
#197=FACE_OUTER_BOUND('',#327,.T.);
#198=FACE_OUTER_BOUND('',#329,.T.);
#199=FACE_OUTER_BOUND('',#330,.T.);
#200=FACE_OUTER_BOUND('',#331,.T.);
#201=FACE_OUTER_BOUND('',#332,.T.);
#202=FACE_OUTER_BOUND('',#333,.T.);
#203=FACE_OUTER_BOUND('',#334,.T.);
#204=FACE_OUTER_BOUND('',#335,.T.);
#205=FACE_OUTER_BOUND('',#336,.T.);
#206=FACE_OUTER_BOUND('',#337,.T.);
#207=FACE_OUTER_BOUND('',#338,.T.);
#208=FACE_OUTER_BOUND('',#339,.T.);
#209=FACE_OUTER_BOUND('',#340,.T.);
#210=FACE_OUTER_BOUND('',#341,.T.);
#211=FACE_OUTER_BOUND('',#342,.T.);
#212=FACE_OUTER_BOUND('',#343,.T.);
#213=FACE_OUTER_BOUND('',#344,.T.);
#214=FACE_OUTER_BOUND('',#345,.T.);
#215=FACE_OUTER_BOUND('',#346,.T.);
#216=FACE_OUTER_BOUND('',#347,.T.);
#217=FACE_OUTER_BOUND('',#348,.T.);
#218=FACE_OUTER_BOUND('',#349,.T.);
#219=FACE_OUTER_BOUND('',#350,.T.);
#220=FACE_OUTER_BOUND('',#351,.T.);
#221=FACE_OUTER_BOUND('',#352,.T.);
#222=FACE_OUTER_BOUND('',#353,.T.);
#223=FACE_OUTER_BOUND('',#354,.T.);
#224=FACE_OUTER_BOUND('',#355,.T.);
#225=FACE_OUTER_BOUND('',#356,.T.);
#226=FACE_OUTER_BOUND('',#357,.T.);
#227=FACE_OUTER_BOUND('',#358,.T.);
#228=FACE_OUTER_BOUND('',#359,.T.);
#229=FACE_OUTER_BOUND('',#360,.T.);
#230=FACE_OUTER_BOUND('',#361,.T.);
#231=FACE_OUTER_BOUND('',#362,.T.);
#232=FACE_OUTER_BOUND('',#363,.T.);
#233=FACE_OUTER_BOUND('',#364,.T.);
#234=FACE_OUTER_BOUND('',#365,.T.);
#235=FACE_OUTER_BOUND('',#366,.T.);
#236=FACE_OUTER_BOUND('',#367,.T.);
#237=FACE_OUTER_BOUND('',#368,.T.);
#238=FACE_OUTER_BOUND('',#369,.T.);
#239=FACE_OUTER_BOUND('',#370,.T.);
#240=FACE_OUTER_BOUND('',#371,.T.);
#241=FACE_OUTER_BOUND('',#372,.T.);
#242=FACE_OUTER_BOUND('',#373,.T.);
#243=FACE_OUTER_BOUND('',#374,.T.);
#244=FACE_OUTER_BOUND('',#375,.T.);
#245=FACE_OUTER_BOUND('',#376,.T.);
#246=FACE_OUTER_BOUND('',#377,.T.);
#247=FACE_OUTER_BOUND('',#378,.T.);
#248=FACE_OUTER_BOUND('',#379,.T.);
#249=FACE_OUTER_BOUND('',#380,.T.);
#250=FACE_OUTER_BOUND('',#381,.T.);
#251=FACE_OUTER_BOUND('',#382,.T.);
#252=FACE_OUTER_BOUND('',#383,.T.);
#253=FACE_OUTER_BOUND('',#384,.T.);
#254=FACE_OUTER_BOUND('',#385,.T.);
#255=FACE_OUTER_BOUND('',#386,.T.);
#256=FACE_OUTER_BOUND('',#387,.T.);
#257=FACE_OUTER_BOUND('',#388,.T.);
#258=FACE_OUTER_BOUND('',#389,.T.);
#259=FACE_OUTER_BOUND('',#390,.T.);
#260=FACE_OUTER_BOUND('',#391,.T.);
#261=FACE_OUTER_BOUND('',#392,.T.);
#262=FACE_OUTER_BOUND('',#393,.T.);
#263=FACE_OUTER_BOUND('',#404,.T.);
#264=FACE_OUTER_BOUND('',#405,.T.);
#265=FACE_OUTER_BOUND('',#406,.T.);
#266=FACE_OUTER_BOUND('',#407,.T.);
#267=FACE_OUTER_BOUND('',#408,.T.);
#268=FACE_OUTER_BOUND('',#409,.T.);
#269=FACE_OUTER_BOUND('',#410,.T.);
#270=FACE_OUTER_BOUND('',#421,.T.);
#271=FACE_OUTER_BOUND('',#422,.T.);
#272=FACE_OUTER_BOUND('',#423,.T.);
#273=FACE_OUTER_BOUND('',#424,.T.);
#274=FACE_OUTER_BOUND('',#425,.T.);
#275=FACE_OUTER_BOUND('',#426,.T.);
#276=FACE_OUTER_BOUND('',#427,.T.);
#277=FACE_OUTER_BOUND('',#428,.T.);
#278=FACE_OUTER_BOUND('',#429,.T.);
#279=FACE_OUTER_BOUND('',#430,.T.);
#280=FACE_OUTER_BOUND('',#431,.T.);
#281=FACE_OUTER_BOUND('',#432,.T.);
#282=FACE_OUTER_BOUND('',#433,.T.);
#283=FACE_OUTER_BOUND('',#438,.T.);
#284=FACE_OUTER_BOUND('',#441,.T.);
#285=FACE_OUTER_BOUND('',#442,.T.);
#286=FACE_OUTER_BOUND('',#443,.T.);
#287=FACE_OUTER_BOUND('',#444,.T.);
#288=FACE_OUTER_BOUND('',#445,.T.);
#289=FACE_OUTER_BOUND('',#447,.T.);
#290=FACE_OUTER_BOUND('',#448,.T.);
#291=FACE_OUTER_BOUND('',#449,.T.);
#292=FACE_OUTER_BOUND('',#450,.T.);
#293=FACE_OUTER_BOUND('',#452,.T.);
#294=FACE_OUTER_BOUND('',#453,.T.);
#295=FACE_OUTER_BOUND('',#454,.T.);
#296=FACE_OUTER_BOUND('',#456,.T.);
#297=FACE_OUTER_BOUND('',#457,.T.);
#298=FACE_OUTER_BOUND('',#458,.T.);
#299=FACE_OUTER_BOUND('',#459,.T.);
#300=FACE_OUTER_BOUND('',#461,.T.);
#301=FACE_OUTER_BOUND('',#462,.T.);
#302=FACE_OUTER_BOUND('',#464,.T.);
#303=FACE_OUTER_BOUND('',#465,.T.);
#304=FACE_OUTER_BOUND('',#466,.T.);
#305=FACE_OUTER_BOUND('',#468,.T.);
#306=FACE_OUTER_BOUND('',#469,.T.);
#307=FACE_OUTER_BOUND('',#470,.T.);
#308=FACE_OUTER_BOUND('',#471,.T.);
#309=FACE_OUTER_BOUND('',#472,.T.);
#310=FACE_OUTER_BOUND('',#473,.T.);
#311=FACE_OUTER_BOUND('',#474,.T.);
#312=FACE_OUTER_BOUND('',#475,.T.);
#313=EDGE_LOOP('',(#1630,#1631,#1632,#1633,#1634));
#314=EDGE_LOOP('',(#1635,#1636,#1637,#1638));
#315=EDGE_LOOP('',(#1639,#1640,#1641,#1642));
#316=EDGE_LOOP('',(#1643,#1644,#1645,#1646));
#317=EDGE_LOOP('',(#1647,#1648,#1649,#1650));
#318=EDGE_LOOP('',(#1651,#1652,#1653,#1654));
#319=EDGE_LOOP('',(#1655,#1656,#1657,#1658));
#320=EDGE_LOOP('',(#1659,#1660,#1661,#1662,#1663));
#321=EDGE_LOOP('',(#1664,#1665,#1666,#1667));
#322=EDGE_LOOP('',(#1668,#1669,#1670,#1671,#1672,#1673,#1674,#1675));
#323=EDGE_LOOP('',(#1676,#1677,#1678,#1679));
#324=EDGE_LOOP('',(#1680,#1681,#1682,#1683,#1684,#1685));
#325=EDGE_LOOP('',(#1686,#1687,#1688,#1689));
#326=EDGE_LOOP('',(#1690,#1691,#1692));
#327=EDGE_LOOP('',(#1693,#1694,#1695,#1696,#1697,#1698,#1699,#1700));
#328=EDGE_LOOP('',(#1701,#1702,#1703,#1704,#1705,#1706,#1707,#1708,#1709,
#1710,#1711,#1712));
#329=EDGE_LOOP('',(#1713,#1714,#1715,#1716));
#330=EDGE_LOOP('',(#1717,#1718,#1719,#1720));
#331=EDGE_LOOP('',(#1721,#1722,#1723,#1724));
#332=EDGE_LOOP('',(#1725,#1726,#1727,#1728));
#333=EDGE_LOOP('',(#1729,#1730,#1731,#1732));
#334=EDGE_LOOP('',(#1733,#1734,#1735,#1736));
#335=EDGE_LOOP('',(#1737,#1738,#1739,#1740));
#336=EDGE_LOOP('',(#1741,#1742,#1743,#1744));
#337=EDGE_LOOP('',(#1745,#1746,#1747,#1748));
#338=EDGE_LOOP('',(#1749,#1750,#1751,#1752));
#339=EDGE_LOOP('',(#1753,#1754,#1755,#1756));
#340=EDGE_LOOP('',(#1757,#1758,#1759,#1760));
#341=EDGE_LOOP('',(#1761,#1762,#1763,#1764));
#342=EDGE_LOOP('',(#1765,#1766,#1767,#1768));
#343=EDGE_LOOP('',(#1769,#1770,#1771,#1772));
#344=EDGE_LOOP('',(#1773,#1774,#1775,#1776));
#345=EDGE_LOOP('',(#1777,#1778,#1779,#1780));
#346=EDGE_LOOP('',(#1781,#1782,#1783,#1784));
#347=EDGE_LOOP('',(#1785,#1786,#1787,#1788));
#348=EDGE_LOOP('',(#1789,#1790,#1791,#1792));
#349=EDGE_LOOP('',(#1793,#1794,#1795,#1796));
#350=EDGE_LOOP('',(#1797,#1798,#1799,#1800));
#351=EDGE_LOOP('',(#1801,#1802,#1803,#1804));
#352=EDGE_LOOP('',(#1805,#1806,#1807,#1808));
#353=EDGE_LOOP('',(#1809,#1810,#1811,#1812));
#354=EDGE_LOOP('',(#1813,#1814,#1815,#1816));
#355=EDGE_LOOP('',(#1817,#1818,#1819,#1820));
#356=EDGE_LOOP('',(#1821,#1822,#1823,#1824));
#357=EDGE_LOOP('',(#1825,#1826,#1827,#1828));
#358=EDGE_LOOP('',(#1829,#1830,#1831,#1832));
#359=EDGE_LOOP('',(#1833,#1834,#1835,#1836));
#360=EDGE_LOOP('',(#1837,#1838,#1839,#1840));
#361=EDGE_LOOP('',(#1841,#1842,#1843,#1844));
#362=EDGE_LOOP('',(#1845,#1846,#1847,#1848));
#363=EDGE_LOOP('',(#1849,#1850,#1851,#1852));
#364=EDGE_LOOP('',(#1853,#1854,#1855,#1856));
#365=EDGE_LOOP('',(#1857,#1858,#1859,#1860));
#366=EDGE_LOOP('',(#1861,#1862,#1863,#1864));
#367=EDGE_LOOP('',(#1865,#1866,#1867,#1868));
#368=EDGE_LOOP('',(#1869,#1870,#1871,#1872));
#369=EDGE_LOOP('',(#1873,#1874,#1875,#1876));
#370=EDGE_LOOP('',(#1877,#1878,#1879,#1880));
#371=EDGE_LOOP('',(#1881,#1882,#1883,#1884));
#372=EDGE_LOOP('',(#1885,#1886,#1887,#1888));
#373=EDGE_LOOP('',(#1889,#1890,#1891,#1892));
#374=EDGE_LOOP('',(#1893,#1894,#1895,#1896));
#375=EDGE_LOOP('',(#1897,#1898,#1899,#1900));
#376=EDGE_LOOP('',(#1901,#1902,#1903,#1904));
#377=EDGE_LOOP('',(#1905,#1906,#1907,#1908));
#378=EDGE_LOOP('',(#1909,#1910,#1911,#1912));
#379=EDGE_LOOP('',(#1913,#1914,#1915,#1916));
#380=EDGE_LOOP('',(#1917,#1918,#1919,#1920));
#381=EDGE_LOOP('',(#1921,#1922,#1923,#1924));
#382=EDGE_LOOP('',(#1925,#1926,#1927,#1928));
#383=EDGE_LOOP('',(#1929,#1930,#1931,#1932));
#384=EDGE_LOOP('',(#1933,#1934,#1935,#1936));
#385=EDGE_LOOP('',(#1937,#1938,#1939,#1940));
#386=EDGE_LOOP('',(#1941,#1942,#1943,#1944));
#387=EDGE_LOOP('',(#1945,#1946,#1947,#1948));
#388=EDGE_LOOP('',(#1949,#1950,#1951,#1952));
#389=EDGE_LOOP('',(#1953,#1954,#1955,#1956));
#390=EDGE_LOOP('',(#1957,#1958,#1959,#1960));
#391=EDGE_LOOP('',(#1961,#1962,#1963,#1964));
#392=EDGE_LOOP('',(#1965,#1966,#1967,#1968));
#393=EDGE_LOOP('',(#1969,#1970,#1971,#1972));
#394=EDGE_LOOP('',(#1973,#1974,#1975,#1976));
#395=EDGE_LOOP('',(#1977,#1978,#1979,#1980));
#396=EDGE_LOOP('',(#1981,#1982,#1983,#1984));
#397=EDGE_LOOP('',(#1985,#1986,#1987,#1988));
#398=EDGE_LOOP('',(#1989,#1990,#1991,#1992));
#399=EDGE_LOOP('',(#1993,#1994,#1995,#1996));
#400=EDGE_LOOP('',(#1997,#1998,#1999,#2000));
#401=EDGE_LOOP('',(#2001,#2002,#2003,#2004));
#402=EDGE_LOOP('',(#2005,#2006,#2007,#2008));
#403=EDGE_LOOP('',(#2009,#2010,#2011,#2012));
#404=EDGE_LOOP('',(#2013,#2014,#2015,#2016));
#405=EDGE_LOOP('',(#2017,#2018,#2019,#2020));
#406=EDGE_LOOP('',(#2021,#2022,#2023,#2024,#2025,#2026));
#407=EDGE_LOOP('',(#2027,#2028,#2029,#2030));
#408=EDGE_LOOP('',(#2031,#2032,#2033,#2034,#2035,#2036));
#409=EDGE_LOOP('',(#2037,#2038,#2039,#2040));
#410=EDGE_LOOP('',(#2041,#2042,#2043,#2044,#2045,#2046,#2047,#2048,#2049,
#2050));
#411=EDGE_LOOP('',(#2051,#2052,#2053,#2054));
#412=EDGE_LOOP('',(#2055,#2056,#2057,#2058));
#413=EDGE_LOOP('',(#2059,#2060,#2061,#2062));
#414=EDGE_LOOP('',(#2063,#2064,#2065,#2066));
#415=EDGE_LOOP('',(#2067,#2068,#2069,#2070));
#416=EDGE_LOOP('',(#2071,#2072,#2073,#2074));
#417=EDGE_LOOP('',(#2075,#2076,#2077,#2078));
#418=EDGE_LOOP('',(#2079,#2080,#2081,#2082));
#419=EDGE_LOOP('',(#2083,#2084,#2085,#2086));
#420=EDGE_LOOP('',(#2087,#2088,#2089,#2090));
#421=EDGE_LOOP('',(#2091,#2092,#2093,#2094));
#422=EDGE_LOOP('',(#2095,#2096,#2097,#2098));
#423=EDGE_LOOP('',(#2099));
#424=EDGE_LOOP('',(#2100,#2101,#2102,#2103,#2104,#2105,#2106));
#425=EDGE_LOOP('',(#2107,#2108,#2109,#2110,#2111,#2112,#2113,#2114,#2115,
#2116,#2117,#2118,#2119,#2120));
#426=EDGE_LOOP('',(#2121,#2122,#2123,#2124));
#427=EDGE_LOOP('',(#2125,#2126,#2127,#2128,#2129,#2130,#2131));
#428=EDGE_LOOP('',(#2132,#2133,#2134,#2135));
#429=EDGE_LOOP('',(#2136,#2137,#2138,#2139));
#430=EDGE_LOOP('',(#2140,#2141,#2142,#2143));
#431=EDGE_LOOP('',(#2144,#2145,#2146,#2147,#2148,#2149));
#432=EDGE_LOOP('',(#2150,#2151,#2152,#2153,#2154,#2155));
#433=EDGE_LOOP('',(#2156,#2157,#2158,#2159,#2160,#2161,#2162,#2163,#2164,
#2165,#2166,#2167));
#434=EDGE_LOOP('',(#2168,#2169,#2170,#2171));
#435=EDGE_LOOP('',(#2172));
#436=EDGE_LOOP('',(#2173));
#437=EDGE_LOOP('',(#2174));
#438=EDGE_LOOP('',(#2175,#2176,#2177,#2178,#2179,#2180,#2181,#2182,#2183,
#2184,#2185,#2186,#2187,#2188));
#439=EDGE_LOOP('',(#2189,#2190,#2191,#2192));
#440=EDGE_LOOP('',(#2193));
#441=EDGE_LOOP('',(#2194,#2195,#2196,#2197,#2198,#2199));
#442=EDGE_LOOP('',(#2200,#2201,#2202,#2203));
#443=EDGE_LOOP('',(#2204));
#444=EDGE_LOOP('',(#2205,#2206,#2207,#2208));
#445=EDGE_LOOP('',(#2209));
#446=EDGE_LOOP('',(#2210));
#447=EDGE_LOOP('',(#2211,#2212,#2213,#2214));
#448=EDGE_LOOP('',(#2215));
#449=EDGE_LOOP('',(#2216,#2217,#2218,#2219));
#450=EDGE_LOOP('',(#2220));
#451=EDGE_LOOP('',(#2221));
#452=EDGE_LOOP('',(#2222,#2223,#2224,#2225));
#453=EDGE_LOOP('',(#2226));
#454=EDGE_LOOP('',(#2227));
#455=EDGE_LOOP('',(#2228));
#456=EDGE_LOOP('',(#2229,#2230,#2231,#2232));
#457=EDGE_LOOP('',(#2233));
#458=EDGE_LOOP('',(#2234,#2235,#2236,#2237,#2238,#2239));
#459=EDGE_LOOP('',(#2240));
#460=EDGE_LOOP('',(#2241));
#461=EDGE_LOOP('',(#2242,#2243,#2244,#2245));
#462=EDGE_LOOP('',(#2246,#2247,#2248,#2249,#2250,#2251));
#463=EDGE_LOOP('',(#2252));
#464=EDGE_LOOP('',(#2253,#2254,#2255,#2256));
#465=EDGE_LOOP('',(#2257,#2258,#2259,#2260));
#466=EDGE_LOOP('',(#2261,#2262,#2263,#2264));
#467=EDGE_LOOP('',(#2265,#2266,#2267,#2268,#2269,#2270,#2271,#2272));
#468=EDGE_LOOP('',(#2273,#2274,#2275,#2276,#2277,#2278));
#469=EDGE_LOOP('',(#2279,#2280,#2281,#2282,#2283));
#470=EDGE_LOOP('',(#2284,#2285,#2286,#2287));
#471=EDGE_LOOP('',(#2288,#2289,#2290,#2291,#2292));
#472=EDGE_LOOP('',(#2293,#2294,#2295,#2296));
#473=EDGE_LOOP('',(#2297,#2298,#2299,#2300,#2301,#2302));
#474=EDGE_LOOP('',(#2303,#2304,#2305,#2306,#2307,#2308));
#475=EDGE_LOOP('',(#2309,#2310,#2311));
#476=(
BOUNDED_CURVE()
B_SPLINE_CURVE(2,(#3325,#3326,#3327),.UNSPECIFIED.,.F.,.F.)
B_SPLINE_CURVE_WITH_KNOTS((3,3),(0.300129007162199,0.316989408238412),
 .UNSPECIFIED.)
CURVE()
GEOMETRIC_REPRESENTATION_ITEM()
RATIONAL_B_SPLINE_CURVE((1.02472578287001,1.02537261066131,1.02601408088236))
REPRESENTATION_ITEM('')
);
#477=(
BOUNDED_CURVE()
B_SPLINE_CURVE(2,(#3371,#3372,#3373),.UNSPECIFIED.,.F.,.F.)
B_SPLINE_CURVE_WITH_KNOTS((3,3),(4.35443350473668,4.37129390581291),
 .UNSPECIFIED.)
CURVE()
GEOMETRIC_REPRESENTATION_ITEM()
RATIONAL_B_SPLINE_CURVE((1.02601408088235,1.02537261066131,1.02472578287001))
REPRESENTATION_ITEM('')
);
#478=(
BOUNDED_CURVE()
B_SPLINE_CURVE(2,(#3416,#3417,#3418),.UNSPECIFIED.,.F.,.F.)
B_SPLINE_CURVE_WITH_KNOTS((3,3),(4.15644894937418,4.27979607147753),
 .UNSPECIFIED.)
CURVE()
GEOMETRIC_REPRESENTATION_ITEM()
RATIONAL_B_SPLINE_CURVE((2.28782939023697,2.28906927832095,2.28924860389901))
REPRESENTATION_ITEM('')
);
#479=(
BOUNDED_CURVE()
B_SPLINE_CURVE(2,(#4028,#4029,#4030),.UNSPECIFIED.,.F.,.F.)
B_SPLINE_CURVE_WITH_KNOTS((3,3),(4.3215084530656,4.44485557516894),
 .UNSPECIFIED.)
CURVE()
GEOMETRIC_REPRESENTATION_ITEM()
RATIONAL_B_SPLINE_CURVE((2.28924860389902,2.28906927832096,2.28782939023698))
REPRESENTATION_ITEM('')
);
#480=B_SPLINE_CURVE_WITH_KNOTS('',3,(#3321,#3322,#3323,#3324),
 .UNSPECIFIED.,.F.,.F.,(4,4),(0.,0.102464073739358),.UNSPECIFIED.);
#481=B_SPLINE_CURVE_WITH_KNOTS('',3,(#3333,#3334,#3335,#3336),
 .UNSPECIFIED.,.F.,.F.,(4,4),(0.,0.102464073880747),.UNSPECIFIED.);
#482=B_SPLINE_CURVE_WITH_KNOTS('',3,(#3399,#3400,#3401,#3402,#3403,#3404,
#3405,#3406,#3407,#3408),.UNSPECIFIED.,.F.,.F.,(4,2,2,2,4),(1.68789640399747,
2.11569510362634,2.5434938032552,2.95964330562507,3.3329610336626),
 .UNSPECIFIED.);
#483=B_SPLINE_CURVE_WITH_KNOTS('',3,(#3866,#3867,#3868,#3869,#3870,#3871),
 .UNSPECIFIED.,.F.,.F.,(4,2,4),(-0.297944283705619,-0.182384901586468,0.),
 .UNSPECIFIED.);
#484=B_SPLINE_CURVE_WITH_KNOTS('',3,(#3905,#3906,#3907,#3908,#3909,#3910),
 .UNSPECIFIED.,.F.,.F.,(4,2,4),(3.56795769842926,3.75034260001573,3.86590198213488),
 .UNSPECIFIED.);
#485=B_SPLINE_CURVE_WITH_KNOTS('',3,(#4031,#4032,#4033,#4034,#4035,#4036,
#4037,#4038,#4039,#4040),.UNSPECIFIED.,.F.,.F.,(4,2,2,2,4),(0.0428317743323441,
0.416149502369869,0.832299004739739,1.2600977043686,1.68789640399747),
 .UNSPECIFIED.);
#486=LINE('',#3317,#753);
#487=LINE('',#3330,#754);
#488=LINE('',#3332,#755);
#489=LINE('',#3340,#756);
#490=LINE('',#3341,#757);
#491=LINE('',#3342,#758);
#492=LINE('',#3346,#759);
#493=LINE('',#3352,#760);
#494=LINE('',#3353,#761);
#495=LINE('',#3354,#762);
#496=LINE('',#3358,#763);
#497=LINE('',#3364,#764);
#498=LINE('',#3365,#765);
#499=LINE('',#3366,#766);
#500=LINE('',#3376,#767);
#501=LINE('',#3378,#768);
#502=LINE('',#3379,#769);
#503=LINE('',#3384,#770);
#504=LINE('',#3388,#771);
#505=LINE('',#3392,#772);
#506=LINE('',#3395,#773);
#507=LINE('',#3398,#774);
#508=LINE('',#3411,#775);
#509=LINE('',#3413,#776);
#510=LINE('',#3415,#777);
#511=LINE('',#3421,#778);
#512=LINE('',#3423,#779);
#513=LINE('',#3425,#780);
#514=LINE('',#3426,#781);
#515=LINE('',#3434,#782);
#516=LINE('',#3438,#783);
#517=LINE('',#3440,#784);
#518=LINE('',#3442,#785);
#519=LINE('',#3444,#786);
#520=LINE('',#3446,#787);
#521=LINE('',#3450,#788);
#522=LINE('',#3453,#789);
#523=LINE('',#3459,#790);
#524=LINE('',#3462,#791);
#525=LINE('',#3465,#792);
#526=LINE('',#3467,#793);
#527=LINE('',#3468,#794);
#528=LINE('',#3474,#795);
#529=LINE('',#3476,#796);
#530=LINE('',#3478,#797);
#531=LINE('',#3483,#798);
#532=LINE('',#3487,#799);
#533=LINE('',#3493,#800);
#534=LINE('',#3494,#801);
#535=LINE('',#3497,#802);
#536=LINE('',#3498,#803);
#537=LINE('',#3502,#804);
#538=LINE('',#3505,#805);
#539=LINE('',#3506,#806);
#540=LINE('',#3511,#807);
#541=LINE('',#3512,#808);
#542=LINE('',#3516,#809);
#543=LINE('',#3518,#810);
#544=LINE('',#3520,#811);
#545=LINE('',#3524,#812);
#546=LINE('',#3526,#813);
#547=LINE('',#3528,#814);
#548=LINE('',#3529,#815);
#549=LINE('',#3532,#816);
#550=LINE('',#3534,#817);
#551=LINE('',#3535,#818);
#552=LINE('',#3538,#819);
#553=LINE('',#3540,#820);
#554=LINE('',#3541,#821);
#555=LINE('',#3543,#822);
#556=LINE('',#3545,#823);
#557=LINE('',#3549,#824);
#558=LINE('',#3551,#825);
#559=LINE('',#3553,#826);
#560=LINE('',#3554,#827);
#561=LINE('',#3557,#828);
#562=LINE('',#3559,#829);
#563=LINE('',#3560,#830);
#564=LINE('',#3563,#831);
#565=LINE('',#3565,#832);
#566=LINE('',#3566,#833);
#567=LINE('',#3568,#834);
#568=LINE('',#3569,#835);
#569=LINE('',#3573,#836);
#570=LINE('',#3575,#837);
#571=LINE('',#3577,#838);
#572=LINE('',#3578,#839);
#573=LINE('',#3581,#840);
#574=LINE('',#3583,#841);
#575=LINE('',#3584,#842);
#576=LINE('',#3587,#843);
#577=LINE('',#3589,#844);
#578=LINE('',#3590,#845);
#579=LINE('',#3592,#846);
#580=LINE('',#3593,#847);
#581=LINE('',#3597,#848);
#582=LINE('',#3599,#849);
#583=LINE('',#3601,#850);
#584=LINE('',#3602,#851);
#585=LINE('',#3605,#852);
#586=LINE('',#3607,#853);
#587=LINE('',#3608,#854);
#588=LINE('',#3611,#855);
#589=LINE('',#3613,#856);
#590=LINE('',#3614,#857);
#591=LINE('',#3616,#858);
#592=LINE('',#3617,#859);
#593=LINE('',#3621,#860);
#594=LINE('',#3623,#861);
#595=LINE('',#3625,#862);
#596=LINE('',#3626,#863);
#597=LINE('',#3629,#864);
#598=LINE('',#3631,#865);
#599=LINE('',#3632,#866);
#600=LINE('',#3635,#867);
#601=LINE('',#3637,#868);
#602=LINE('',#3638,#869);
#603=LINE('',#3640,#870);
#604=LINE('',#3641,#871);
#605=LINE('',#3645,#872);
#606=LINE('',#3647,#873);
#607=LINE('',#3649,#874);
#608=LINE('',#3650,#875);
#609=LINE('',#3653,#876);
#610=LINE('',#3655,#877);
#611=LINE('',#3656,#878);
#612=LINE('',#3659,#879);
#613=LINE('',#3661,#880);
#614=LINE('',#3662,#881);
#615=LINE('',#3664,#882);
#616=LINE('',#3665,#883);
#617=LINE('',#3669,#884);
#618=LINE('',#3671,#885);
#619=LINE('',#3673,#886);
#620=LINE('',#3674,#887);
#621=LINE('',#3677,#888);
#622=LINE('',#3679,#889);
#623=LINE('',#3680,#890);
#624=LINE('',#3683,#891);
#625=LINE('',#3685,#892);
#626=LINE('',#3686,#893);
#627=LINE('',#3688,#894);
#628=LINE('',#3689,#895);
#629=LINE('',#3693,#896);
#630=LINE('',#3695,#897);
#631=LINE('',#3697,#898);
#632=LINE('',#3698,#899);
#633=LINE('',#3701,#900);
#634=LINE('',#3703,#901);
#635=LINE('',#3704,#902);
#636=LINE('',#3707,#903);
#637=LINE('',#3709,#904);
#638=LINE('',#3710,#905);
#639=LINE('',#3712,#906);
#640=LINE('',#3713,#907);
#641=LINE('',#3717,#908);
#642=LINE('',#3719,#909);
#643=LINE('',#3721,#910);
#644=LINE('',#3722,#911);
#645=LINE('',#3725,#912);
#646=LINE('',#3727,#913);
#647=LINE('',#3728,#914);
#648=LINE('',#3731,#915);
#649=LINE('',#3733,#916);
#650=LINE('',#3734,#917);
#651=LINE('',#3736,#918);
#652=LINE('',#3737,#919);
#653=LINE('',#3741,#920);
#654=LINE('',#3743,#921);
#655=LINE('',#3745,#922);
#656=LINE('',#3746,#923);
#657=LINE('',#3749,#924);
#658=LINE('',#3751,#925);
#659=LINE('',#3752,#926);
#660=LINE('',#3755,#927);
#661=LINE('',#3757,#928);
#662=LINE('',#3758,#929);
#663=LINE('',#3760,#930);
#664=LINE('',#3761,#931);
#665=LINE('',#3765,#932);
#666=LINE('',#3767,#933);
#667=LINE('',#3769,#934);
#668=LINE('',#3770,#935);
#669=LINE('',#3773,#936);
#670=LINE('',#3775,#937);
#671=LINE('',#3776,#938);
#672=LINE('',#3779,#939);
#673=LINE('',#3781,#940);
#674=LINE('',#3782,#941);
#675=LINE('',#3784,#942);
#676=LINE('',#3785,#943);
#677=LINE('',#3788,#944);
#678=LINE('',#3790,#945);
#679=LINE('',#3791,#946);
#680=LINE('',#3794,#947);
#681=LINE('',#3795,#948);
#682=LINE('',#3798,#949);
#683=LINE('',#3799,#950);
#684=LINE('',#3801,#951);
#685=LINE('',#3806,#952);
#686=LINE('',#3808,#953);
#687=LINE('',#3810,#954);
#688=LINE('',#3811,#955);
#689=LINE('',#3814,#956);
#690=LINE('',#3816,#957);
#691=LINE('',#3817,#958);
#692=LINE('',#3820,#959);
#693=LINE('',#3821,#960);
#694=LINE('',#3822,#961);
#695=LINE('',#3825,#962);
#696=LINE('',#3826,#963);
#697=LINE('',#3828,#964);
#698=LINE('',#3829,#965);
#699=LINE('',#3833,#966);
#700=LINE('',#3835,#967);
#701=LINE('',#3837,#968);
#702=LINE('',#3839,#969);
#703=LINE('',#3840,#970);
#704=LINE('',#3845,#971);
#705=LINE('',#3849,#972);
#706=LINE('',#3857,#973);
#707=LINE('',#3861,#974);
#708=LINE('',#3865,#975);
#709=LINE('',#3874,#976);
#710=LINE('',#3876,#977);
#711=LINE('',#3878,#978);
#712=LINE('',#3880,#979);
#713=LINE('',#3882,#980);
#714=LINE('',#3884,#981);
#715=LINE('',#3887,#982);
#716=LINE('',#3891,#983);
#717=LINE('',#3894,#984);
#718=LINE('',#3898,#985);
#719=LINE('',#3899,#986);
#720=LINE('',#3900,#987);
#721=LINE('',#3913,#988);
#722=LINE('',#3916,#989);
#723=LINE('',#3917,#990);
#724=LINE('',#3919,#991);
#725=LINE('',#3920,#992);
#726=LINE('',#3922,#993);
#727=LINE('',#3926,#994);
#728=LINE('',#3927,#995);
#729=LINE('',#3932,#996);
#730=LINE('',#3942,#997);
#731=LINE('',#3952,#998);
#732=LINE('',#3953,#999);
#733=LINE('',#3954,#1000);
#734=LINE('',#3957,#1001);
#735=LINE('',#3958,#1002);
#736=LINE('',#3963,#1003);
#737=LINE('',#3968,#1004);
#738=LINE('',#3975,#1005);
#739=LINE('',#3980,#1006);
#740=LINE('',#3987,#1007);
#741=LINE('',#3995,#1008);
#742=LINE('',#4000,#1009);
#743=LINE('',#4007,#1010);
#744=LINE('',#4009,#1011);
#745=LINE('',#4013,#1012);
#746=LINE('',#4015,#1013);
#747=LINE('',#4016,#1014);
#748=LINE('',#4020,#1015);
#749=LINE('',#4023,#1016);
#750=LINE('',#4024,#1017);
#751=LINE('',#4042,#1018);
#752=LINE('',#4045,#1019);
#753=VECTOR('',#2664,10.);
#754=VECTOR('',#2669,10.);
#755=VECTOR('',#2670,10.);
#756=VECTOR('',#2673,10.);
#757=VECTOR('',#2674,10.);
#758=VECTOR('',#2675,10.);
#759=VECTOR('',#2678,10.);
#760=VECTOR('',#2685,10.);
#761=VECTOR('',#2686,10.);
#762=VECTOR('',#2687,10.);
#763=VECTOR('',#2690,10.);
#764=VECTOR('',#2697,10.);
#765=VECTOR('',#2698,10.);
#766=VECTOR('',#2699,10.);
#767=VECTOR('',#2708,10.);
#768=VECTOR('',#2709,10.);
#769=VECTOR('',#2710,10.);
#770=VECTOR('',#2713,10.);
#771=VECTOR('',#2716,10.);
#772=VECTOR('',#2719,10.);
#773=VECTOR('',#2722,10.);
#774=VECTOR('',#2725,10.);
#775=VECTOR('',#2728,10.);
#776=VECTOR('',#2729,10.);
#777=VECTOR('',#2730,10.);
#778=VECTOR('',#2731,10.);
#779=VECTOR('',#2732,10.);
#780=VECTOR('',#2733,10.);
#781=VECTOR('',#2734,10.);
#782=VECTOR('',#2743,10.);
#783=VECTOR('',#2746,10.);
#784=VECTOR('',#2747,10.);
#785=VECTOR('',#2748,10.);
#786=VECTOR('',#2749,10.);
#787=VECTOR('',#2750,10.);
#788=VECTOR('',#2753,10.);
#789=VECTOR('',#2756,10.);
#790=VECTOR('',#2761,10.);
#791=VECTOR('',#2764,10.);
#792=VECTOR('',#2767,10.);
#793=VECTOR('',#2768,10.);
#794=VECTOR('',#2769,10.);
#795=VECTOR('',#2776,10.);
#796=VECTOR('',#2779,10.);
#797=VECTOR('',#2782,10.);
#798=VECTOR('',#2787,4.2);
#799=VECTOR('',#2792,4.);
#800=VECTOR('',#2799,10.);
#801=VECTOR('',#2800,10.);
#802=VECTOR('',#2803,10.);
#803=VECTOR('',#2804,10.);
#804=VECTOR('',#2809,10.);
#805=VECTOR('',#2812,10.);
#806=VECTOR('',#2813,10.);
#807=VECTOR('',#2818,10.);
#808=VECTOR('',#2819,10.);
#809=VECTOR('',#2824,10.);
#810=VECTOR('',#2827,10.);
#811=VECTOR('',#2830,10.);
#812=VECTOR('',#2833,10.);
#813=VECTOR('',#2834,10.);
#814=VECTOR('',#2835,10.);
#815=VECTOR('',#2836,10.);
#816=VECTOR('',#2839,10.);
#817=VECTOR('',#2840,10.);
#818=VECTOR('',#2841,10.);
#819=VECTOR('',#2844,10.);
#820=VECTOR('',#2845,10.);
#821=VECTOR('',#2846,10.);
#822=VECTOR('',#2849,10.);
#823=VECTOR('',#2852,10.);
#824=VECTOR('',#2855,10.);
#825=VECTOR('',#2856,10.);
#826=VECTOR('',#2857,10.);
#827=VECTOR('',#2858,10.);
#828=VECTOR('',#2861,10.);
#829=VECTOR('',#2862,10.);
#830=VECTOR('',#2863,10.);
#831=VECTOR('',#2866,10.);
#832=VECTOR('',#2867,10.);
#833=VECTOR('',#2868,10.);
#834=VECTOR('',#2871,10.);
#835=VECTOR('',#2872,10.);
#836=VECTOR('',#2875,10.);
#837=VECTOR('',#2876,10.);
#838=VECTOR('',#2877,10.);
#839=VECTOR('',#2878,10.);
#840=VECTOR('',#2881,10.);
#841=VECTOR('',#2882,10.);
#842=VECTOR('',#2883,10.);
#843=VECTOR('',#2886,10.);
#844=VECTOR('',#2887,10.);
#845=VECTOR('',#2888,10.);
#846=VECTOR('',#2891,10.);
#847=VECTOR('',#2892,10.);
#848=VECTOR('',#2895,10.);
#849=VECTOR('',#2896,10.);
#850=VECTOR('',#2897,10.);
#851=VECTOR('',#2898,10.);
#852=VECTOR('',#2901,10.);
#853=VECTOR('',#2902,10.);
#854=VECTOR('',#2903,10.);
#855=VECTOR('',#2906,10.);
#856=VECTOR('',#2907,10.);
#857=VECTOR('',#2908,10.);
#858=VECTOR('',#2911,10.);
#859=VECTOR('',#2912,10.);
#860=VECTOR('',#2915,10.);
#861=VECTOR('',#2916,10.);
#862=VECTOR('',#2917,10.);
#863=VECTOR('',#2918,10.);
#864=VECTOR('',#2921,10.);
#865=VECTOR('',#2922,10.);
#866=VECTOR('',#2923,10.);
#867=VECTOR('',#2926,10.);
#868=VECTOR('',#2927,10.);
#869=VECTOR('',#2928,10.);
#870=VECTOR('',#2931,10.);
#871=VECTOR('',#2932,10.);
#872=VECTOR('',#2935,10.);
#873=VECTOR('',#2936,10.);
#874=VECTOR('',#2937,10.);
#875=VECTOR('',#2938,10.);
#876=VECTOR('',#2941,10.);
#877=VECTOR('',#2942,10.);
#878=VECTOR('',#2943,10.);
#879=VECTOR('',#2946,10.);
#880=VECTOR('',#2947,10.);
#881=VECTOR('',#2948,10.);
#882=VECTOR('',#2951,10.);
#883=VECTOR('',#2952,10.);
#884=VECTOR('',#2955,10.);
#885=VECTOR('',#2956,10.);
#886=VECTOR('',#2957,10.);
#887=VECTOR('',#2958,10.);
#888=VECTOR('',#2961,10.);
#889=VECTOR('',#2962,10.);
#890=VECTOR('',#2963,10.);
#891=VECTOR('',#2966,10.);
#892=VECTOR('',#2967,10.);
#893=VECTOR('',#2968,10.);
#894=VECTOR('',#2971,10.);
#895=VECTOR('',#2972,10.);
#896=VECTOR('',#2975,10.);
#897=VECTOR('',#2976,10.);
#898=VECTOR('',#2977,10.);
#899=VECTOR('',#2978,10.);
#900=VECTOR('',#2981,10.);
#901=VECTOR('',#2982,10.);
#902=VECTOR('',#2983,10.);
#903=VECTOR('',#2986,10.);
#904=VECTOR('',#2987,10.);
#905=VECTOR('',#2988,10.);
#906=VECTOR('',#2991,10.);
#907=VECTOR('',#2992,10.);
#908=VECTOR('',#2995,10.);
#909=VECTOR('',#2996,10.);
#910=VECTOR('',#2997,10.);
#911=VECTOR('',#2998,10.);
#912=VECTOR('',#3001,10.);
#913=VECTOR('',#3002,10.);
#914=VECTOR('',#3003,10.);
#915=VECTOR('',#3006,10.);
#916=VECTOR('',#3007,10.);
#917=VECTOR('',#3008,10.);
#918=VECTOR('',#3011,10.);
#919=VECTOR('',#3012,10.);
#920=VECTOR('',#3015,10.);
#921=VECTOR('',#3016,10.);
#922=VECTOR('',#3017,10.);
#923=VECTOR('',#3018,10.);
#924=VECTOR('',#3021,10.);
#925=VECTOR('',#3022,10.);
#926=VECTOR('',#3023,10.);
#927=VECTOR('',#3026,10.);
#928=VECTOR('',#3027,10.);
#929=VECTOR('',#3028,10.);
#930=VECTOR('',#3031,10.);
#931=VECTOR('',#3032,10.);
#932=VECTOR('',#3035,10.);
#933=VECTOR('',#3036,10.);
#934=VECTOR('',#3037,10.);
#935=VECTOR('',#3038,10.);
#936=VECTOR('',#3041,10.);
#937=VECTOR('',#3042,10.);
#938=VECTOR('',#3043,10.);
#939=VECTOR('',#3046,10.);
#940=VECTOR('',#3047,10.);
#941=VECTOR('',#3048,10.);
#942=VECTOR('',#3051,10.);
#943=VECTOR('',#3052,10.);
#944=VECTOR('',#3055,10.);
#945=VECTOR('',#3056,10.);
#946=VECTOR('',#3057,10.);
#947=VECTOR('',#3060,10.);
#948=VECTOR('',#3061,10.);
#949=VECTOR('',#3064,10.);
#950=VECTOR('',#3065,10.);
#951=VECTOR('',#3068,10.);
#952=VECTOR('',#3073,10.);
#953=VECTOR('',#3074,10.);
#954=VECTOR('',#3075,10.);
#955=VECTOR('',#3076,10.);
#956=VECTOR('',#3079,10.);
#957=VECTOR('',#3080,10.);
#958=VECTOR('',#3081,10.);
#959=VECTOR('',#3084,10.);
#960=VECTOR('',#3085,10.);
#961=VECTOR('',#3086,10.);
#962=VECTOR('',#3089,10.);
#963=VECTOR('',#3090,10.);
#964=VECTOR('',#3093,10.);
#965=VECTOR('',#3094,10.);
#966=VECTOR('',#3099,10.);
#967=VECTOR('',#3100,10.);
#968=VECTOR('',#3101,10.);
#969=VECTOR('',#3102,10.);
#970=VECTOR('',#3103,10.);
#971=VECTOR('',#3108,2.7);
#972=VECTOR('',#3113,2.);
#973=VECTOR('',#3122,10.);
#974=VECTOR('',#3125,10.);
#975=VECTOR('',#3128,10.);
#976=VECTOR('',#3131,10.);
#977=VECTOR('',#3132,10.);
#978=VECTOR('',#3133,10.);
#979=VECTOR('',#3134,10.);
#980=VECTOR('',#3135,10.);
#981=VECTOR('',#3136,10.);
#982=VECTOR('',#3139,10.);
#983=VECTOR('',#3142,10.);
#984=VECTOR('',#3145,10.);
#985=VECTOR('',#3148,10.);
#986=VECTOR('',#3149,10.);
#987=VECTOR('',#3150,10.);
#988=VECTOR('',#3157,10.);
#989=VECTOR('',#3160,10.);
#990=VECTOR('',#3161,10.);
#991=VECTOR('',#3164,10.);
#992=VECTOR('',#3165,10.);
#993=VECTOR('',#3168,10.);
#994=VECTOR('',#3173,10.);
#995=VECTOR('',#3174,10.);
#996=VECTOR('',#3179,3.5);
#997=VECTOR('',#3192,10.);
#998=VECTOR('',#3203,10.);
#999=VECTOR('',#3204,10.);
#1000=VECTOR('',#3205,10.);
#1001=VECTOR('',#3208,10.);
#1002=VECTOR('',#3209,10.);
#1003=VECTOR('',#3214,2.);
#1004=VECTOR('',#3221,3.5);
#1005=VECTOR('',#3230,2.);
#1006=VECTOR('',#3237,3.5);
#1007=VECTOR('',#3246,2.);
#1008=VECTOR('',#3257,2.);
#1009=VECTOR('',#3264,3.5);
#1010=VECTOR('',#3277,10.);
#1011=VECTOR('',#3280,10.);
#1012=VECTOR('',#3285,10.);
#1013=VECTOR('',#3286,10.);
#1014=VECTOR('',#3287,10.);
#1015=VECTOR('',#3292,10.);
#1016=VECTOR('',#3295,10.);
#1017=VECTOR('',#3296,10.);
#1018=VECTOR('',#3303,10.);
#1019=VECTOR('',#3308,10.);
#1020=CIRCLE('',#2467,12.3761852560108);
#1021=CIRCLE('',#2468,11.6361682374719);
#1022=CIRCLE('',#2472,11.6361682374719);
#1023=CIRCLE('',#2473,12.3761852560108);
#1024=CIRCLE('',#2476,11.6361682374719);
#1025=CIRCLE('',#2477,12.3761852560108);
#1026=CIRCLE('',#2480,11.6361682374719);
#1027=CIRCLE('',#2481,12.3761852560108);
#1028=CIRCLE('',#2492,8.);
#1029=CIRCLE('',#2493,8.);
#1030=CIRCLE('',#2494,8.);
#1031=CIRCLE('',#2495,8.);
#1032=CIRCLE('',#2497,4.8);
#1033=CIRCLE('',#2498,4.8);
#1034=CIRCLE('',#2501,4.8);
#1035=CIRCLE('',#2502,4.8);
#1036=CIRCLE('',#2506,4.39024390243903);
#1037=CIRCLE('',#2507,4.);
#1038=CIRCLE('',#2509,4.);
#1039=CIRCLE('',#2511,2.);
#1040=CIRCLE('',#2514,2.);
#1041=CIRCLE('',#2517,2.);
#1042=CIRCLE('',#2519,2.);
#1043=CIRCLE('',#2581,2.);
#1044=CIRCLE('',#2583,2.);
#1045=CIRCLE('',#2586,5.5);
#1046=CIRCLE('',#2587,5.5);
#1047=CIRCLE('',#2588,5.5);
#1048=CIRCLE('',#2590,5.5);
#1049=CIRCLE('',#2595,5.5);
#1050=CIRCLE('',#2596,5.5);
#1051=CIRCLE('',#2604,3.5);
#1052=CIRCLE('',#2617,2.);
#1053=CIRCLE('',#2618,2.);
#1054=CIRCLE('',#2621,3.5);
#1055=CIRCLE('',#2624,2.);
#1056=CIRCLE('',#2625,2.);
#1057=CIRCLE('',#2628,3.5);
#1058=CIRCLE('',#2631,2.);
#1059=CIRCLE('',#2632,2.);
#1060=CIRCLE('',#2636,2.);
#1061=CIRCLE('',#2637,2.);
#1062=CIRCLE('',#2640,3.5);
#1063=CIRCLE('',#2650,8.50606133578455);
#1064=CIRCLE('',#2653,8.50606133578455);
#1065=VERTEX_POINT('',#3313);
#1066=VERTEX_POINT('',#3314);
#1067=VERTEX_POINT('',#3316);
#1068=VERTEX_POINT('',#3318);
#1069=VERTEX_POINT('',#3320);
#1070=VERTEX_POINT('',#3329);
#1071=VERTEX_POINT('',#3331);
#1072=VERTEX_POINT('',#3338);
#1073=VERTEX_POINT('',#3339);
#1074=VERTEX_POINT('',#3344);
#1075=VERTEX_POINT('',#3345);
#1076=VERTEX_POINT('',#3350);
#1077=VERTEX_POINT('',#3351);
#1078=VERTEX_POINT('',#3356);
#1079=VERTEX_POINT('',#3357);
#1080=VERTEX_POINT('',#3362);
#1081=VERTEX_POINT('',#3363);
#1082=VERTEX_POINT('',#3369);
#1083=VERTEX_POINT('',#3375);
#1084=VERTEX_POINT('',#3377);
#1085=VERTEX_POINT('',#3380);
#1086=VERTEX_POINT('',#3381);
#1087=VERTEX_POINT('',#3383);
#1088=VERTEX_POINT('',#3385);
#1089=VERTEX_POINT('',#3387);
#1090=VERTEX_POINT('',#3389);
#1091=VERTEX_POINT('',#3391);
#1092=VERTEX_POINT('',#3393);
#1093=VERTEX_POINT('',#3397);
#1094=VERTEX_POINT('',#3410);
#1095=VERTEX_POINT('',#3412);
#1096=VERTEX_POINT('',#3414);
#1097=VERTEX_POINT('',#3419);
#1098=VERTEX_POINT('',#3420);
#1099=VERTEX_POINT('',#3422);
#1100=VERTEX_POINT('',#3424);
#1101=VERTEX_POINT('',#3430);
#1102=VERTEX_POINT('',#3431);
#1103=VERTEX_POINT('',#3433);
#1104=VERTEX_POINT('',#3435);
#1105=VERTEX_POINT('',#3437);
#1106=VERTEX_POINT('',#3439);
#1107=VERTEX_POINT('',#3441);
#1108=VERTEX_POINT('',#3443);
#1109=VERTEX_POINT('',#3445);
#1110=VERTEX_POINT('',#3447);
#1111=VERTEX_POINT('',#3449);
#1112=VERTEX_POINT('',#3451);
#1113=VERTEX_POINT('',#3455);
#1114=VERTEX_POINT('',#3456);
#1115=VERTEX_POINT('',#3458);
#1116=VERTEX_POINT('',#3460);
#1117=VERTEX_POINT('',#3464);
#1118=VERTEX_POINT('',#3466);
#1119=VERTEX_POINT('',#3470);
#1120=VERTEX_POINT('',#3472);
#1121=VERTEX_POINT('',#3480);
#1122=VERTEX_POINT('',#3482);
#1123=VERTEX_POINT('',#3486);
#1124=VERTEX_POINT('',#3490);
#1125=VERTEX_POINT('',#3491);
#1126=VERTEX_POINT('',#3496);
#1127=VERTEX_POINT('',#3500);
#1128=VERTEX_POINT('',#3504);
#1129=VERTEX_POINT('',#3508);
#1130=VERTEX_POINT('',#3509);
#1131=VERTEX_POINT('',#3514);
#1132=VERTEX_POINT('',#3522);
#1133=VERTEX_POINT('',#3523);
#1134=VERTEX_POINT('',#3525);
#1135=VERTEX_POINT('',#3527);
#1136=VERTEX_POINT('',#3531);
#1137=VERTEX_POINT('',#3533);
#1138=VERTEX_POINT('',#3537);
#1139=VERTEX_POINT('',#3539);
#1140=VERTEX_POINT('',#3547);
#1141=VERTEX_POINT('',#3548);
#1142=VERTEX_POINT('',#3550);
#1143=VERTEX_POINT('',#3552);
#1144=VERTEX_POINT('',#3556);
#1145=VERTEX_POINT('',#3558);
#1146=VERTEX_POINT('',#3562);
#1147=VERTEX_POINT('',#3564);
#1148=VERTEX_POINT('',#3571);
#1149=VERTEX_POINT('',#3572);
#1150=VERTEX_POINT('',#3574);
#1151=VERTEX_POINT('',#3576);
#1152=VERTEX_POINT('',#3580);
#1153=VERTEX_POINT('',#3582);
#1154=VERTEX_POINT('',#3586);
#1155=VERTEX_POINT('',#3588);
#1156=VERTEX_POINT('',#3595);
#1157=VERTEX_POINT('',#3596);
#1158=VERTEX_POINT('',#3598);
#1159=VERTEX_POINT('',#3600);
#1160=VERTEX_POINT('',#3604);
#1161=VERTEX_POINT('',#3606);
#1162=VERTEX_POINT('',#3610);
#1163=VERTEX_POINT('',#3612);
#1164=VERTEX_POINT('',#3619);
#1165=VERTEX_POINT('',#3620);
#1166=VERTEX_POINT('',#3622);
#1167=VERTEX_POINT('',#3624);
#1168=VERTEX_POINT('',#3628);
#1169=VERTEX_POINT('',#3630);
#1170=VERTEX_POINT('',#3634);
#1171=VERTEX_POINT('',#3636);
#1172=VERTEX_POINT('',#3643);
#1173=VERTEX_POINT('',#3644);
#1174=VERTEX_POINT('',#3646);
#1175=VERTEX_POINT('',#3648);
#1176=VERTEX_POINT('',#3652);
#1177=VERTEX_POINT('',#3654);
#1178=VERTEX_POINT('',#3658);
#1179=VERTEX_POINT('',#3660);
#1180=VERTEX_POINT('',#3667);
#1181=VERTEX_POINT('',#3668);
#1182=VERTEX_POINT('',#3670);
#1183=VERTEX_POINT('',#3672);
#1184=VERTEX_POINT('',#3676);
#1185=VERTEX_POINT('',#3678);
#1186=VERTEX_POINT('',#3682);
#1187=VERTEX_POINT('',#3684);
#1188=VERTEX_POINT('',#3691);
#1189=VERTEX_POINT('',#3692);
#1190=VERTEX_POINT('',#3694);
#1191=VERTEX_POINT('',#3696);
#1192=VERTEX_POINT('',#3700);
#1193=VERTEX_POINT('',#3702);
#1194=VERTEX_POINT('',#3706);
#1195=VERTEX_POINT('',#3708);
#1196=VERTEX_POINT('',#3715);
#1197=VERTEX_POINT('',#3716);
#1198=VERTEX_POINT('',#3718);
#1199=VERTEX_POINT('',#3720);
#1200=VERTEX_POINT('',#3724);
#1201=VERTEX_POINT('',#3726);
#1202=VERTEX_POINT('',#3730);
#1203=VERTEX_POINT('',#3732);
#1204=VERTEX_POINT('',#3739);
#1205=VERTEX_POINT('',#3740);
#1206=VERTEX_POINT('',#3742);
#1207=VERTEX_POINT('',#3744);
#1208=VERTEX_POINT('',#3748);
#1209=VERTEX_POINT('',#3750);
#1210=VERTEX_POINT('',#3754);
#1211=VERTEX_POINT('',#3756);
#1212=VERTEX_POINT('',#3763);
#1213=VERTEX_POINT('',#3764);
#1214=VERTEX_POINT('',#3766);
#1215=VERTEX_POINT('',#3768);
#1216=VERTEX_POINT('',#3772);
#1217=VERTEX_POINT('',#3774);
#1218=VERTEX_POINT('',#3778);
#1219=VERTEX_POINT('',#3780);
#1220=VERTEX_POINT('',#3787);
#1221=VERTEX_POINT('',#3789);
#1222=VERTEX_POINT('',#3793);
#1223=VERTEX_POINT('',#3797);
#1224=VERTEX_POINT('',#3804);
#1225=VERTEX_POINT('',#3805);
#1226=VERTEX_POINT('',#3807);
#1227=VERTEX_POINT('',#3809);
#1228=VERTEX_POINT('',#3813);
#1229=VERTEX_POINT('',#3815);
#1230=VERTEX_POINT('',#3819);
#1231=VERTEX_POINT('',#3824);
#1232=VERTEX_POINT('',#3832);
#1233=VERTEX_POINT('',#3834);
#1234=VERTEX_POINT('',#3836);
#1235=VERTEX_POINT('',#3838);
#1236=VERTEX_POINT('',#3842);
#1237=VERTEX_POINT('',#3844);
#1238=VERTEX_POINT('',#3848);
#1239=VERTEX_POINT('',#3853);
#1240=VERTEX_POINT('',#3854);
#1241=VERTEX_POINT('',#3856);
#1242=VERTEX_POINT('',#3858);
#1243=VERTEX_POINT('',#3860);
#1244=VERTEX_POINT('',#3862);
#1245=VERTEX_POINT('',#3864);
#1246=VERTEX_POINT('',#3873);
#1247=VERTEX_POINT('',#3875);
#1248=VERTEX_POINT('',#3877);
#1249=VERTEX_POINT('',#3879);
#1250=VERTEX_POINT('',#3881);
#1251=VERTEX_POINT('',#3883);
#1252=VERTEX_POINT('',#3886);
#1253=VERTEX_POINT('',#3888);
#1254=VERTEX_POINT('',#3890);
#1255=VERTEX_POINT('',#3892);
#1256=VERTEX_POINT('',#3896);
#1257=VERTEX_POINT('',#3897);
#1258=VERTEX_POINT('',#3902);
#1259=VERTEX_POINT('',#3903);
#1260=VERTEX_POINT('',#3911);
#1261=VERTEX_POINT('',#3915);
#1262=VERTEX_POINT('',#3925);
#1263=VERTEX_POINT('',#3929);
#1264=VERTEX_POINT('',#3931);
#1265=VERTEX_POINT('',#3936);
#1266=VERTEX_POINT('',#3939);
#1267=VERTEX_POINT('',#3941);
#1268=VERTEX_POINT('',#3944);
#1269=VERTEX_POINT('',#3946);
#1270=VERTEX_POINT('',#3949);
#1271=VERTEX_POINT('',#3951);
#1272=VERTEX_POINT('',#3956);
#1273=VERTEX_POINT('',#3960);
#1274=VERTEX_POINT('',#3962);
#1275=VERTEX_POINT('',#3967);
#1276=VERTEX_POINT('',#3972);
#1277=VERTEX_POINT('',#3974);
#1278=VERTEX_POINT('',#3979);
#1279=VERTEX_POINT('',#3984);
#1280=VERTEX_POINT('',#3986);
#1281=VERTEX_POINT('',#3992);
#1282=VERTEX_POINT('',#3994);
#1283=VERTEX_POINT('',#3999);
#1284=VERTEX_POINT('',#4012);
#1285=VERTEX_POINT('',#4014);
#1286=VERTEX_POINT('',#4018);
#1287=VERTEX_POINT('',#4022);
#1288=VERTEX_POINT('',#4027);
#1289=EDGE_CURVE('',#1065,#1066,#1020,.T.);
#1290=EDGE_CURVE('',#1066,#1067,#486,.T.);
#1291=EDGE_CURVE('',#1067,#1068,#1021,.T.);
#1292=EDGE_CURVE('',#1068,#1069,#480,.T.);
#1293=EDGE_CURVE('',#1069,#1065,#476,.T.);
#1294=EDGE_CURVE('',#1070,#1069,#487,.T.);
#1295=EDGE_CURVE('',#1068,#1071,#488,.T.);
#1296=EDGE_CURVE('',#1071,#1070,#481,.T.);
#1297=EDGE_CURVE('',#1072,#1073,#489,.T.);
#1298=EDGE_CURVE('',#1073,#1067,#490,.T.);
#1299=EDGE_CURVE('',#1066,#1072,#491,.T.);
#1300=EDGE_CURVE('',#1074,#1075,#492,.T.);
#1301=EDGE_CURVE('',#1075,#1073,#1022,.T.);
#1302=EDGE_CURVE('',#1072,#1074,#1023,.T.);
#1303=EDGE_CURVE('',#1076,#1077,#493,.T.);
#1304=EDGE_CURVE('',#1077,#1075,#494,.T.);
#1305=EDGE_CURVE('',#1074,#1076,#495,.T.);
#1306=EDGE_CURVE('',#1078,#1079,#496,.T.);
#1307=EDGE_CURVE('',#1079,#1077,#1024,.T.);
#1308=EDGE_CURVE('',#1076,#1078,#1025,.T.);
#1309=EDGE_CURVE('',#1080,#1081,#497,.T.);
#1310=EDGE_CURVE('',#1081,#1079,#498,.T.);
#1311=EDGE_CURVE('',#1078,#1080,#499,.T.);
#1312=EDGE_CURVE('',#1071,#1081,#1026,.T.);
#1313=EDGE_CURVE('',#1080,#1082,#1027,.T.);
#1314=EDGE_CURVE('',#1082,#1070,#477,.T.);
#1315=EDGE_CURVE('',#1074,#1083,#500,.T.);
#1316=EDGE_CURVE('',#1084,#1083,#501,.T.);
#1317=EDGE_CURVE('',#1076,#1084,#502,.T.);
#1318=EDGE_CURVE('',#1085,#1086,#72,.T.);
#1319=EDGE_CURVE('',#1086,#1087,#503,.T.);
#1320=EDGE_CURVE('',#1087,#1088,#73,.T.);
#1321=EDGE_CURVE('',#1088,#1089,#504,.T.);
#1322=EDGE_CURVE('',#1089,#1090,#74,.T.);
#1323=EDGE_CURVE('',#1090,#1091,#505,.T.);
#1324=EDGE_CURVE('',#1091,#1092,#75,.T.);
#1325=EDGE_CURVE('',#1092,#1085,#506,.T.);
#1326=EDGE_CURVE('',#1072,#1093,#507,.T.);
#1327=EDGE_CURVE('',#1083,#1093,#482,.T.);
#1328=EDGE_CURVE('',#1066,#1094,#508,.T.);
#1329=EDGE_CURVE('',#1094,#1095,#509,.T.);
#1330=EDGE_CURVE('',#1096,#1095,#510,.T.);
#1331=EDGE_CURVE('',#1093,#1096,#478,.T.);
#1332=EDGE_CURVE('',#1097,#1098,#511,.T.);
#1333=EDGE_CURVE('',#1098,#1099,#512,.T.);
#1334=EDGE_CURVE('',#1099,#1100,#513,.T.);
#1335=EDGE_CURVE('',#1100,#1097,#514,.T.);
#1336=EDGE_CURVE('',#1065,#1094,#76,.T.);
#1337=EDGE_CURVE('',#1101,#1102,#1028,.T.);
#1338=EDGE_CURVE('',#1102,#1103,#515,.T.);
#1339=EDGE_CURVE('',#1103,#1104,#1029,.T.);
#1340=EDGE_CURVE('',#1104,#1105,#516,.T.);
#1341=EDGE_CURVE('',#1106,#1105,#517,.T.);
#1342=EDGE_CURVE('',#1107,#1106,#518,.T.);
#1343=EDGE_CURVE('',#1108,#1107,#519,.T.);
#1344=EDGE_CURVE('',#1108,#1109,#520,.T.);
#1345=EDGE_CURVE('',#1109,#1110,#1030,.T.);
#1346=EDGE_CURVE('',#1110,#1111,#521,.T.);
#1347=EDGE_CURVE('',#1111,#1112,#1031,.T.);
#1348=EDGE_CURVE('',#1112,#1101,#522,.T.);
#1349=EDGE_CURVE('',#1113,#1114,#1032,.T.);
#1350=EDGE_CURVE('',#1113,#1115,#523,.T.);
#1351=EDGE_CURVE('',#1115,#1116,#1033,.T.);
#1352=EDGE_CURVE('',#1114,#1116,#524,.T.);
#1353=EDGE_CURVE('',#1114,#1117,#525,.T.);
#1354=EDGE_CURVE('',#1116,#1118,#526,.T.);
#1355=EDGE_CURVE('',#1117,#1118,#527,.T.);
#1356=EDGE_CURVE('',#1117,#1119,#1034,.T.);
#1357=EDGE_CURVE('',#1118,#1120,#1035,.T.);
#1358=EDGE_CURVE('',#1119,#1120,#528,.T.);
#1359=EDGE_CURVE('',#1120,#1115,#529,.T.);
#1360=EDGE_CURVE('',#1119,#1113,#530,.T.);
#1361=EDGE_CURVE('',#1121,#1121,#1036,.T.);
#1362=EDGE_CURVE('',#1121,#1122,#531,.T.);
#1363=EDGE_CURVE('',#1122,#1122,#1037,.T.);
#1364=EDGE_CURVE('',#1122,#1123,#532,.T.);
#1365=EDGE_CURVE('',#1123,#1123,#1038,.T.);
#1366=EDGE_CURVE('',#1124,#1125,#1039,.T.);
#1367=EDGE_CURVE('',#1124,#1090,#533,.T.);
#1368=EDGE_CURVE('',#1125,#1089,#534,.T.);
#1369=EDGE_CURVE('',#1125,#1126,#535,.T.);
#1370=EDGE_CURVE('',#1126,#1088,#536,.T.);
#1371=EDGE_CURVE('',#1126,#1127,#1040,.T.);
#1372=EDGE_CURVE('',#1127,#1087,#537,.T.);
#1373=EDGE_CURVE('',#1127,#1128,#538,.T.);
#1374=EDGE_CURVE('',#1128,#1086,#539,.T.);
#1375=EDGE_CURVE('',#1129,#1130,#1041,.T.);
#1376=EDGE_CURVE('',#1129,#1092,#540,.T.);
#1377=EDGE_CURVE('',#1130,#1091,#541,.T.);
#1378=EDGE_CURVE('',#1128,#1131,#1042,.T.);
#1379=EDGE_CURVE('',#1131,#1085,#542,.T.);
#1380=EDGE_CURVE('',#1131,#1129,#543,.T.);
#1381=EDGE_CURVE('',#1130,#1124,#544,.T.);
#1382=EDGE_CURVE('',#1132,#1133,#545,.T.);
#1383=EDGE_CURVE('',#1134,#1132,#546,.T.);
#1384=EDGE_CURVE('',#1135,#1134,#547,.T.);
#1385=EDGE_CURVE('',#1133,#1135,#548,.T.);
#1386=EDGE_CURVE('',#1136,#1132,#549,.T.);
#1387=EDGE_CURVE('',#1136,#1137,#550,.T.);
#1388=EDGE_CURVE('',#1137,#1134,#551,.T.);
#1389=EDGE_CURVE('',#1133,#1138,#552,.T.);
#1390=EDGE_CURVE('',#1135,#1139,#553,.T.);
#1391=EDGE_CURVE('',#1139,#1138,#554,.T.);
#1392=EDGE_CURVE('',#1139,#1137,#555,.T.);
#1393=EDGE_CURVE('',#1138,#1136,#556,.T.);
#1394=EDGE_CURVE('',#1140,#1141,#557,.T.);
#1395=EDGE_CURVE('',#1142,#1140,#558,.T.);
#1396=EDGE_CURVE('',#1143,#1142,#559,.T.);
#1397=EDGE_CURVE('',#1141,#1143,#560,.T.);
#1398=EDGE_CURVE('',#1141,#1144,#561,.T.);
#1399=EDGE_CURVE('',#1145,#1143,#562,.T.);
#1400=EDGE_CURVE('',#1145,#1144,#563,.T.);
#1401=EDGE_CURVE('',#1144,#1146,#564,.T.);
#1402=EDGE_CURVE('',#1147,#1145,#565,.T.);
#1403=EDGE_CURVE('',#1146,#1147,#566,.T.);
#1404=EDGE_CURVE('',#1146,#1140,#567,.T.);
#1405=EDGE_CURVE('',#1142,#1147,#568,.T.);
#1406=EDGE_CURVE('',#1148,#1149,#569,.T.);
#1407=EDGE_CURVE('',#1150,#1148,#570,.T.);
#1408=EDGE_CURVE('',#1151,#1150,#571,.T.);
#1409=EDGE_CURVE('',#1149,#1151,#572,.T.);
#1410=EDGE_CURVE('',#1149,#1152,#573,.T.);
#1411=EDGE_CURVE('',#1153,#1151,#574,.T.);
#1412=EDGE_CURVE('',#1153,#1152,#575,.T.);
#1413=EDGE_CURVE('',#1152,#1154,#576,.T.);
#1414=EDGE_CURVE('',#1155,#1153,#577,.T.);
#1415=EDGE_CURVE('',#1154,#1155,#578,.T.);
#1416=EDGE_CURVE('',#1154,#1148,#579,.T.);
#1417=EDGE_CURVE('',#1150,#1155,#580,.T.);
#1418=EDGE_CURVE('',#1156,#1157,#581,.T.);
#1419=EDGE_CURVE('',#1158,#1156,#582,.T.);
#1420=EDGE_CURVE('',#1159,#1158,#583,.T.);
#1421=EDGE_CURVE('',#1157,#1159,#584,.T.);
#1422=EDGE_CURVE('',#1157,#1160,#585,.T.);
#1423=EDGE_CURVE('',#1161,#1159,#586,.T.);
#1424=EDGE_CURVE('',#1161,#1160,#587,.T.);
#1425=EDGE_CURVE('',#1160,#1162,#588,.T.);
#1426=EDGE_CURVE('',#1163,#1161,#589,.T.);
#1427=EDGE_CURVE('',#1162,#1163,#590,.T.);
#1428=EDGE_CURVE('',#1162,#1156,#591,.T.);
#1429=EDGE_CURVE('',#1158,#1163,#592,.T.);
#1430=EDGE_CURVE('',#1164,#1165,#593,.T.);
#1431=EDGE_CURVE('',#1166,#1164,#594,.T.);
#1432=EDGE_CURVE('',#1167,#1166,#595,.T.);
#1433=EDGE_CURVE('',#1165,#1167,#596,.T.);
#1434=EDGE_CURVE('',#1165,#1168,#597,.T.);
#1435=EDGE_CURVE('',#1169,#1167,#598,.T.);
#1436=EDGE_CURVE('',#1169,#1168,#599,.T.);
#1437=EDGE_CURVE('',#1168,#1170,#600,.T.);
#1438=EDGE_CURVE('',#1171,#1169,#601,.T.);
#1439=EDGE_CURVE('',#1170,#1171,#602,.T.);
#1440=EDGE_CURVE('',#1170,#1164,#603,.T.);
#1441=EDGE_CURVE('',#1166,#1171,#604,.T.);
#1442=EDGE_CURVE('',#1172,#1173,#605,.T.);
#1443=EDGE_CURVE('',#1174,#1172,#606,.T.);
#1444=EDGE_CURVE('',#1175,#1174,#607,.T.);
#1445=EDGE_CURVE('',#1173,#1175,#608,.T.);
#1446=EDGE_CURVE('',#1173,#1176,#609,.T.);
#1447=EDGE_CURVE('',#1177,#1175,#610,.T.);
#1448=EDGE_CURVE('',#1177,#1176,#611,.T.);
#1449=EDGE_CURVE('',#1176,#1178,#612,.T.);
#1450=EDGE_CURVE('',#1179,#1177,#613,.T.);
#1451=EDGE_CURVE('',#1178,#1179,#614,.T.);
#1452=EDGE_CURVE('',#1178,#1172,#615,.T.);
#1453=EDGE_CURVE('',#1174,#1179,#616,.T.);
#1454=EDGE_CURVE('',#1180,#1181,#617,.T.);
#1455=EDGE_CURVE('',#1182,#1180,#618,.T.);
#1456=EDGE_CURVE('',#1183,#1182,#619,.T.);
#1457=EDGE_CURVE('',#1181,#1183,#620,.T.);
#1458=EDGE_CURVE('',#1181,#1184,#621,.T.);
#1459=EDGE_CURVE('',#1185,#1183,#622,.T.);
#1460=EDGE_CURVE('',#1185,#1184,#623,.T.);
#1461=EDGE_CURVE('',#1184,#1186,#624,.T.);
#1462=EDGE_CURVE('',#1187,#1185,#625,.T.);
#1463=EDGE_CURVE('',#1186,#1187,#626,.T.);
#1464=EDGE_CURVE('',#1186,#1180,#627,.T.);
#1465=EDGE_CURVE('',#1182,#1187,#628,.T.);
#1466=EDGE_CURVE('',#1188,#1189,#629,.T.);
#1467=EDGE_CURVE('',#1190,#1188,#630,.T.);
#1468=EDGE_CURVE('',#1191,#1190,#631,.T.);
#1469=EDGE_CURVE('',#1189,#1191,#632,.T.);
#1470=EDGE_CURVE('',#1189,#1192,#633,.T.);
#1471=EDGE_CURVE('',#1193,#1191,#634,.T.);
#1472=EDGE_CURVE('',#1193,#1192,#635,.T.);
#1473=EDGE_CURVE('',#1192,#1194,#636,.T.);
#1474=EDGE_CURVE('',#1195,#1193,#637,.T.);
#1475=EDGE_CURVE('',#1194,#1195,#638,.T.);
#1476=EDGE_CURVE('',#1194,#1188,#639,.T.);
#1477=EDGE_CURVE('',#1190,#1195,#640,.T.);
#1478=EDGE_CURVE('',#1196,#1197,#641,.T.);
#1479=EDGE_CURVE('',#1198,#1196,#642,.T.);
#1480=EDGE_CURVE('',#1199,#1198,#643,.T.);
#1481=EDGE_CURVE('',#1197,#1199,#644,.T.);
#1482=EDGE_CURVE('',#1197,#1200,#645,.T.);
#1483=EDGE_CURVE('',#1201,#1199,#646,.T.);
#1484=EDGE_CURVE('',#1201,#1200,#647,.T.);
#1485=EDGE_CURVE('',#1200,#1202,#648,.T.);
#1486=EDGE_CURVE('',#1203,#1201,#649,.T.);
#1487=EDGE_CURVE('',#1202,#1203,#650,.T.);
#1488=EDGE_CURVE('',#1202,#1196,#651,.T.);
#1489=EDGE_CURVE('',#1198,#1203,#652,.T.);
#1490=EDGE_CURVE('',#1204,#1205,#653,.T.);
#1491=EDGE_CURVE('',#1206,#1204,#654,.T.);
#1492=EDGE_CURVE('',#1207,#1206,#655,.T.);
#1493=EDGE_CURVE('',#1205,#1207,#656,.T.);
#1494=EDGE_CURVE('',#1205,#1208,#657,.T.);
#1495=EDGE_CURVE('',#1209,#1207,#658,.T.);
#1496=EDGE_CURVE('',#1209,#1208,#659,.T.);
#1497=EDGE_CURVE('',#1208,#1210,#660,.T.);
#1498=EDGE_CURVE('',#1211,#1209,#661,.T.);
#1499=EDGE_CURVE('',#1210,#1211,#662,.T.);
#1500=EDGE_CURVE('',#1210,#1204,#663,.T.);
#1501=EDGE_CURVE('',#1206,#1211,#664,.T.);
#1502=EDGE_CURVE('',#1212,#1213,#665,.T.);
#1503=EDGE_CURVE('',#1214,#1212,#666,.T.);
#1504=EDGE_CURVE('',#1215,#1214,#667,.T.);
#1505=EDGE_CURVE('',#1213,#1215,#668,.T.);
#1506=EDGE_CURVE('',#1213,#1216,#669,.T.);
#1507=EDGE_CURVE('',#1217,#1215,#670,.T.);
#1508=EDGE_CURVE('',#1217,#1216,#671,.T.);
#1509=EDGE_CURVE('',#1216,#1218,#672,.T.);
#1510=EDGE_CURVE('',#1219,#1217,#673,.T.);
#1511=EDGE_CURVE('',#1218,#1219,#674,.T.);
#1512=EDGE_CURVE('',#1218,#1212,#675,.T.);
#1513=EDGE_CURVE('',#1214,#1219,#676,.T.);
#1514=EDGE_CURVE('',#1220,#1099,#677,.T.);
#1515=EDGE_CURVE('',#1221,#1220,#678,.T.);
#1516=EDGE_CURVE('',#1100,#1221,#679,.T.);
#1517=EDGE_CURVE('',#1222,#1221,#680,.T.);
#1518=EDGE_CURVE('',#1222,#1097,#681,.T.);
#1519=EDGE_CURVE('',#1223,#1222,#682,.T.);
#1520=EDGE_CURVE('',#1098,#1223,#683,.T.);
#1521=EDGE_CURVE('',#1220,#1223,#684,.T.);
#1522=EDGE_CURVE('',#1224,#1225,#685,.T.);
#1523=EDGE_CURVE('',#1226,#1224,#686,.T.);
#1524=EDGE_CURVE('',#1227,#1226,#687,.T.);
#1525=EDGE_CURVE('',#1225,#1227,#688,.T.);
#1526=EDGE_CURVE('',#1228,#1226,#689,.T.);
#1527=EDGE_CURVE('',#1229,#1228,#690,.T.);
#1528=EDGE_CURVE('',#1227,#1229,#691,.T.);
#1529=EDGE_CURVE('',#1229,#1230,#692,.T.);
#1530=EDGE_CURVE('',#1108,#1230,#693,.T.);
#1531=EDGE_CURVE('',#1107,#1225,#694,.T.);
#1532=EDGE_CURVE('',#1231,#1228,#695,.T.);
#1533=EDGE_CURVE('',#1230,#1231,#696,.T.);
#1534=EDGE_CURVE('',#1224,#1106,#697,.T.);
#1535=EDGE_CURVE('',#1231,#1105,#698,.T.);
#1536=EDGE_CURVE('',#1104,#1232,#699,.T.);
#1537=EDGE_CURVE('',#1233,#1232,#700,.T.);
#1538=EDGE_CURVE('',#1233,#1234,#701,.T.);
#1539=EDGE_CURVE('',#1234,#1235,#702,.T.);
#1540=EDGE_CURVE('',#1235,#1109,#703,.T.);
#1541=EDGE_CURVE('',#1236,#1236,#77,.T.);
#1542=EDGE_CURVE('',#1236,#1237,#704,.T.);
#1543=EDGE_CURVE('',#1237,#1237,#1043,.T.);
#1544=EDGE_CURVE('',#1237,#1238,#705,.T.);
#1545=EDGE_CURVE('',#1238,#1238,#1044,.T.);
#1546=EDGE_CURVE('',#1239,#1240,#1045,.T.);
#1547=EDGE_CURVE('',#1241,#1239,#706,.T.);
#1548=EDGE_CURVE('',#1242,#1241,#1046,.T.);
#1549=EDGE_CURVE('',#1242,#1243,#707,.T.);
#1550=EDGE_CURVE('',#1243,#1244,#1047,.T.);
#1551=EDGE_CURVE('',#1245,#1244,#708,.T.);
#1552=EDGE_CURVE('',#1240,#1245,#483,.T.);
#1553=EDGE_CURVE('',#1244,#1246,#709,.T.);
#1554=EDGE_CURVE('',#1247,#1243,#710,.T.);
#1555=EDGE_CURVE('',#1248,#1247,#711,.T.);
#1556=EDGE_CURVE('',#1249,#1248,#712,.T.);
#1557=EDGE_CURVE('',#1250,#1249,#713,.T.);
#1558=EDGE_CURVE('',#1251,#1250,#714,.T.);
#1559=EDGE_CURVE('',#1234,#1251,#1048,.T.);
#1560=EDGE_CURVE('',#1252,#1233,#715,.T.);
#1561=EDGE_CURVE('',#1253,#1252,#78,.T.);
#1562=EDGE_CURVE('',#1254,#1253,#716,.T.);
#1563=EDGE_CURVE('',#1255,#1254,#79,.T.);
#1564=EDGE_CURVE('',#1246,#1255,#717,.T.);
#1565=EDGE_CURVE('',#1256,#1257,#718,.T.);
#1566=EDGE_CURVE('',#1256,#1251,#719,.T.);
#1567=EDGE_CURVE('',#1257,#1250,#720,.T.);
#1568=EDGE_CURVE('',#1258,#1259,#1049,.T.);
#1569=EDGE_CURVE('',#1235,#1258,#484,.T.);
#1570=EDGE_CURVE('',#1260,#1256,#1050,.T.);
#1571=EDGE_CURVE('',#1260,#1259,#721,.T.);
#1572=EDGE_CURVE('',#1261,#1242,#722,.T.);
#1573=EDGE_CURVE('',#1247,#1261,#723,.T.);
#1574=EDGE_CURVE('',#1259,#1239,#724,.T.);
#1575=EDGE_CURVE('',#1241,#1260,#725,.T.);
#1576=EDGE_CURVE('',#1112,#1245,#726,.T.);
#1577=EDGE_CURVE('',#1240,#1111,#80,.T.);
#1578=EDGE_CURVE('',#1262,#1246,#727,.T.);
#1579=EDGE_CURVE('',#1262,#1101,#728,.T.);
#1580=EDGE_CURVE('',#1263,#1254,#81,.T.);
#1581=EDGE_CURVE('',#1263,#1264,#729,.T.);
#1582=EDGE_CURVE('',#1264,#1264,#1051,.T.);
#1583=EDGE_CURVE('',#1255,#1263,#82,.T.);
#1584=EDGE_CURVE('',#1253,#1265,#83,.T.);
#1585=EDGE_CURVE('',#1265,#1252,#84,.T.);
#1586=EDGE_CURVE('',#1232,#1266,#85,.T.);
#1587=EDGE_CURVE('',#1266,#1267,#730,.T.);
#1588=EDGE_CURVE('',#1267,#1262,#86,.T.);
#1589=EDGE_CURVE('',#1268,#1268,#87,.T.);
#1590=EDGE_CURVE('',#1269,#1269,#88,.T.);
#1591=EDGE_CURVE('',#1270,#1082,#89,.T.);
#1592=EDGE_CURVE('',#1271,#1270,#731,.T.);
#1593=EDGE_CURVE('',#1261,#1271,#732,.T.);
#1594=EDGE_CURVE('',#1095,#1257,#733,.T.);
#1595=EDGE_CURVE('',#1249,#1272,#734,.T.);
#1596=EDGE_CURVE('',#1096,#1272,#735,.T.);
#1597=EDGE_CURVE('',#1273,#1273,#1052,.T.);
#1598=EDGE_CURVE('',#1273,#1274,#736,.T.);
#1599=EDGE_CURVE('',#1274,#1274,#1053,.T.);
#1600=EDGE_CURVE('',#1269,#1275,#737,.T.);
#1601=EDGE_CURVE('',#1275,#1275,#1054,.T.);
#1602=EDGE_CURVE('',#1276,#1276,#1055,.T.);
#1603=EDGE_CURVE('',#1276,#1277,#738,.T.);
#1604=EDGE_CURVE('',#1277,#1277,#1056,.T.);
#1605=EDGE_CURVE('',#1268,#1278,#739,.T.);
#1606=EDGE_CURVE('',#1278,#1278,#1057,.T.);
#1607=EDGE_CURVE('',#1279,#1279,#1058,.T.);
#1608=EDGE_CURVE('',#1279,#1280,#740,.T.);
#1609=EDGE_CURVE('',#1280,#1280,#1059,.T.);
#1610=EDGE_CURVE('',#1281,#1281,#1060,.T.);
#1611=EDGE_CURVE('',#1281,#1282,#741,.T.);
#1612=EDGE_CURVE('',#1282,#1282,#1061,.T.);
#1613=EDGE_CURVE('',#1265,#1283,#742,.T.);
#1614=EDGE_CURVE('',#1283,#1283,#1062,.T.);
#1615=EDGE_CURVE('',#1110,#1258,#90,.T.);
#1616=EDGE_CURVE('',#1267,#1102,#743,.T.);
#1617=EDGE_CURVE('',#1103,#1266,#744,.T.);
#1618=EDGE_CURVE('',#1271,#1284,#745,.T.);
#1619=EDGE_CURVE('',#1284,#1285,#746,.T.);
#1620=EDGE_CURVE('',#1285,#1248,#747,.T.);
#1621=EDGE_CURVE('',#1272,#1286,#1063,.T.);
#1622=EDGE_CURVE('',#1083,#1286,#748,.T.);
#1623=EDGE_CURVE('',#1286,#1287,#749,.T.);
#1624=EDGE_CURVE('',#1084,#1287,#750,.T.);
#1625=EDGE_CURVE('',#1287,#1285,#1064,.T.);
#1626=EDGE_CURVE('',#1284,#1288,#479,.T.);
#1627=EDGE_CURVE('',#1288,#1084,#485,.T.);
#1628=EDGE_CURVE('',#1078,#1288,#751,.T.);
#1629=EDGE_CURVE('',#1080,#1270,#752,.T.);
#1630=ORIENTED_EDGE('',*,*,#1289,.T.);
#1631=ORIENTED_EDGE('',*,*,#1290,.T.);
#1632=ORIENTED_EDGE('',*,*,#1291,.T.);
#1633=ORIENTED_EDGE('',*,*,#1292,.T.);
#1634=ORIENTED_EDGE('',*,*,#1293,.T.);
#1635=ORIENTED_EDGE('',*,*,#1294,.T.);
#1636=ORIENTED_EDGE('',*,*,#1292,.F.);
#1637=ORIENTED_EDGE('',*,*,#1295,.T.);
#1638=ORIENTED_EDGE('',*,*,#1296,.T.);
#1639=ORIENTED_EDGE('',*,*,#1297,.T.);
#1640=ORIENTED_EDGE('',*,*,#1298,.T.);
#1641=ORIENTED_EDGE('',*,*,#1290,.F.);
#1642=ORIENTED_EDGE('',*,*,#1299,.T.);
#1643=ORIENTED_EDGE('',*,*,#1300,.T.);
#1644=ORIENTED_EDGE('',*,*,#1301,.T.);
#1645=ORIENTED_EDGE('',*,*,#1297,.F.);
#1646=ORIENTED_EDGE('',*,*,#1302,.T.);
#1647=ORIENTED_EDGE('',*,*,#1303,.T.);
#1648=ORIENTED_EDGE('',*,*,#1304,.T.);
#1649=ORIENTED_EDGE('',*,*,#1300,.F.);
#1650=ORIENTED_EDGE('',*,*,#1305,.T.);
#1651=ORIENTED_EDGE('',*,*,#1306,.T.);
#1652=ORIENTED_EDGE('',*,*,#1307,.T.);
#1653=ORIENTED_EDGE('',*,*,#1303,.F.);
#1654=ORIENTED_EDGE('',*,*,#1308,.T.);
#1655=ORIENTED_EDGE('',*,*,#1309,.T.);
#1656=ORIENTED_EDGE('',*,*,#1310,.T.);
#1657=ORIENTED_EDGE('',*,*,#1306,.F.);
#1658=ORIENTED_EDGE('',*,*,#1311,.T.);
#1659=ORIENTED_EDGE('',*,*,#1312,.T.);
#1660=ORIENTED_EDGE('',*,*,#1309,.F.);
#1661=ORIENTED_EDGE('',*,*,#1313,.T.);
#1662=ORIENTED_EDGE('',*,*,#1314,.T.);
#1663=ORIENTED_EDGE('',*,*,#1296,.F.);
#1664=ORIENTED_EDGE('',*,*,#1305,.F.);
#1665=ORIENTED_EDGE('',*,*,#1315,.T.);
#1666=ORIENTED_EDGE('',*,*,#1316,.F.);
#1667=ORIENTED_EDGE('',*,*,#1317,.F.);
#1668=ORIENTED_EDGE('',*,*,#1318,.T.);
#1669=ORIENTED_EDGE('',*,*,#1319,.T.);
#1670=ORIENTED_EDGE('',*,*,#1320,.T.);
#1671=ORIENTED_EDGE('',*,*,#1321,.T.);
#1672=ORIENTED_EDGE('',*,*,#1322,.T.);
#1673=ORIENTED_EDGE('',*,*,#1323,.T.);
#1674=ORIENTED_EDGE('',*,*,#1324,.T.);
#1675=ORIENTED_EDGE('',*,*,#1325,.T.);
#1676=ORIENTED_EDGE('',*,*,#1302,.F.);
#1677=ORIENTED_EDGE('',*,*,#1326,.T.);
#1678=ORIENTED_EDGE('',*,*,#1327,.F.);
#1679=ORIENTED_EDGE('',*,*,#1315,.F.);
#1680=ORIENTED_EDGE('',*,*,#1299,.F.);
#1681=ORIENTED_EDGE('',*,*,#1328,.T.);
#1682=ORIENTED_EDGE('',*,*,#1329,.T.);
#1683=ORIENTED_EDGE('',*,*,#1330,.F.);
#1684=ORIENTED_EDGE('',*,*,#1331,.F.);
#1685=ORIENTED_EDGE('',*,*,#1326,.F.);
#1686=ORIENTED_EDGE('',*,*,#1332,.T.);
#1687=ORIENTED_EDGE('',*,*,#1333,.T.);
#1688=ORIENTED_EDGE('',*,*,#1334,.T.);
#1689=ORIENTED_EDGE('',*,*,#1335,.T.);
#1690=ORIENTED_EDGE('',*,*,#1289,.F.);
#1691=ORIENTED_EDGE('',*,*,#1336,.T.);
#1692=ORIENTED_EDGE('',*,*,#1328,.F.);
#1693=ORIENTED_EDGE('',*,*,#1291,.F.);
#1694=ORIENTED_EDGE('',*,*,#1298,.F.);
#1695=ORIENTED_EDGE('',*,*,#1301,.F.);
#1696=ORIENTED_EDGE('',*,*,#1304,.F.);
#1697=ORIENTED_EDGE('',*,*,#1307,.F.);
#1698=ORIENTED_EDGE('',*,*,#1310,.F.);
#1699=ORIENTED_EDGE('',*,*,#1312,.F.);
#1700=ORIENTED_EDGE('',*,*,#1295,.F.);
#1701=ORIENTED_EDGE('',*,*,#1337,.T.);
#1702=ORIENTED_EDGE('',*,*,#1338,.T.);
#1703=ORIENTED_EDGE('',*,*,#1339,.T.);
#1704=ORIENTED_EDGE('',*,*,#1340,.T.);
#1705=ORIENTED_EDGE('',*,*,#1341,.F.);
#1706=ORIENTED_EDGE('',*,*,#1342,.F.);
#1707=ORIENTED_EDGE('',*,*,#1343,.F.);
#1708=ORIENTED_EDGE('',*,*,#1344,.T.);
#1709=ORIENTED_EDGE('',*,*,#1345,.T.);
#1710=ORIENTED_EDGE('',*,*,#1346,.T.);
#1711=ORIENTED_EDGE('',*,*,#1347,.T.);
#1712=ORIENTED_EDGE('',*,*,#1348,.T.);
#1713=ORIENTED_EDGE('',*,*,#1349,.F.);
#1714=ORIENTED_EDGE('',*,*,#1350,.T.);
#1715=ORIENTED_EDGE('',*,*,#1351,.T.);
#1716=ORIENTED_EDGE('',*,*,#1352,.F.);
#1717=ORIENTED_EDGE('',*,*,#1353,.F.);
#1718=ORIENTED_EDGE('',*,*,#1352,.T.);
#1719=ORIENTED_EDGE('',*,*,#1354,.T.);
#1720=ORIENTED_EDGE('',*,*,#1355,.F.);
#1721=ORIENTED_EDGE('',*,*,#1356,.F.);
#1722=ORIENTED_EDGE('',*,*,#1355,.T.);
#1723=ORIENTED_EDGE('',*,*,#1357,.T.);
#1724=ORIENTED_EDGE('',*,*,#1358,.F.);
#1725=ORIENTED_EDGE('',*,*,#1354,.F.);
#1726=ORIENTED_EDGE('',*,*,#1351,.F.);
#1727=ORIENTED_EDGE('',*,*,#1359,.F.);
#1728=ORIENTED_EDGE('',*,*,#1357,.F.);
#1729=ORIENTED_EDGE('',*,*,#1360,.F.);
#1730=ORIENTED_EDGE('',*,*,#1358,.T.);
#1731=ORIENTED_EDGE('',*,*,#1359,.T.);
#1732=ORIENTED_EDGE('',*,*,#1350,.F.);
#1733=ORIENTED_EDGE('',*,*,#1361,.F.);
#1734=ORIENTED_EDGE('',*,*,#1362,.T.);
#1735=ORIENTED_EDGE('',*,*,#1363,.T.);
#1736=ORIENTED_EDGE('',*,*,#1362,.F.);
#1737=ORIENTED_EDGE('',*,*,#1363,.F.);
#1738=ORIENTED_EDGE('',*,*,#1364,.T.);
#1739=ORIENTED_EDGE('',*,*,#1365,.F.);
#1740=ORIENTED_EDGE('',*,*,#1364,.F.);
#1741=ORIENTED_EDGE('',*,*,#1366,.F.);
#1742=ORIENTED_EDGE('',*,*,#1367,.T.);
#1743=ORIENTED_EDGE('',*,*,#1322,.F.);
#1744=ORIENTED_EDGE('',*,*,#1368,.F.);
#1745=ORIENTED_EDGE('',*,*,#1369,.F.);
#1746=ORIENTED_EDGE('',*,*,#1368,.T.);
#1747=ORIENTED_EDGE('',*,*,#1321,.F.);
#1748=ORIENTED_EDGE('',*,*,#1370,.F.);
#1749=ORIENTED_EDGE('',*,*,#1371,.F.);
#1750=ORIENTED_EDGE('',*,*,#1370,.T.);
#1751=ORIENTED_EDGE('',*,*,#1320,.F.);
#1752=ORIENTED_EDGE('',*,*,#1372,.F.);
#1753=ORIENTED_EDGE('',*,*,#1373,.F.);
#1754=ORIENTED_EDGE('',*,*,#1372,.T.);
#1755=ORIENTED_EDGE('',*,*,#1319,.F.);
#1756=ORIENTED_EDGE('',*,*,#1374,.F.);
#1757=ORIENTED_EDGE('',*,*,#1375,.F.);
#1758=ORIENTED_EDGE('',*,*,#1376,.T.);
#1759=ORIENTED_EDGE('',*,*,#1324,.F.);
#1760=ORIENTED_EDGE('',*,*,#1377,.F.);
#1761=ORIENTED_EDGE('',*,*,#1378,.F.);
#1762=ORIENTED_EDGE('',*,*,#1374,.T.);
#1763=ORIENTED_EDGE('',*,*,#1318,.F.);
#1764=ORIENTED_EDGE('',*,*,#1379,.F.);
#1765=ORIENTED_EDGE('',*,*,#1380,.F.);
#1766=ORIENTED_EDGE('',*,*,#1379,.T.);
#1767=ORIENTED_EDGE('',*,*,#1325,.F.);
#1768=ORIENTED_EDGE('',*,*,#1376,.F.);
#1769=ORIENTED_EDGE('',*,*,#1381,.F.);
#1770=ORIENTED_EDGE('',*,*,#1377,.T.);
#1771=ORIENTED_EDGE('',*,*,#1323,.F.);
#1772=ORIENTED_EDGE('',*,*,#1367,.F.);
#1773=ORIENTED_EDGE('',*,*,#1382,.F.);
#1774=ORIENTED_EDGE('',*,*,#1383,.F.);
#1775=ORIENTED_EDGE('',*,*,#1384,.F.);
#1776=ORIENTED_EDGE('',*,*,#1385,.F.);
#1777=ORIENTED_EDGE('',*,*,#1386,.F.);
#1778=ORIENTED_EDGE('',*,*,#1387,.T.);
#1779=ORIENTED_EDGE('',*,*,#1388,.T.);
#1780=ORIENTED_EDGE('',*,*,#1383,.T.);
#1781=ORIENTED_EDGE('',*,*,#1389,.F.);
#1782=ORIENTED_EDGE('',*,*,#1385,.T.);
#1783=ORIENTED_EDGE('',*,*,#1390,.T.);
#1784=ORIENTED_EDGE('',*,*,#1391,.T.);
#1785=ORIENTED_EDGE('',*,*,#1384,.T.);
#1786=ORIENTED_EDGE('',*,*,#1388,.F.);
#1787=ORIENTED_EDGE('',*,*,#1392,.F.);
#1788=ORIENTED_EDGE('',*,*,#1390,.F.);
#1789=ORIENTED_EDGE('',*,*,#1393,.F.);
#1790=ORIENTED_EDGE('',*,*,#1391,.F.);
#1791=ORIENTED_EDGE('',*,*,#1392,.T.);
#1792=ORIENTED_EDGE('',*,*,#1387,.F.);
#1793=ORIENTED_EDGE('',*,*,#1394,.F.);
#1794=ORIENTED_EDGE('',*,*,#1395,.F.);
#1795=ORIENTED_EDGE('',*,*,#1396,.F.);
#1796=ORIENTED_EDGE('',*,*,#1397,.F.);
#1797=ORIENTED_EDGE('',*,*,#1398,.F.);
#1798=ORIENTED_EDGE('',*,*,#1397,.T.);
#1799=ORIENTED_EDGE('',*,*,#1399,.F.);
#1800=ORIENTED_EDGE('',*,*,#1400,.T.);
#1801=ORIENTED_EDGE('',*,*,#1401,.F.);
#1802=ORIENTED_EDGE('',*,*,#1400,.F.);
#1803=ORIENTED_EDGE('',*,*,#1402,.F.);
#1804=ORIENTED_EDGE('',*,*,#1403,.F.);
#1805=ORIENTED_EDGE('',*,*,#1404,.F.);
#1806=ORIENTED_EDGE('',*,*,#1403,.T.);
#1807=ORIENTED_EDGE('',*,*,#1405,.F.);
#1808=ORIENTED_EDGE('',*,*,#1395,.T.);
#1809=ORIENTED_EDGE('',*,*,#1406,.F.);
#1810=ORIENTED_EDGE('',*,*,#1407,.F.);
#1811=ORIENTED_EDGE('',*,*,#1408,.F.);
#1812=ORIENTED_EDGE('',*,*,#1409,.F.);
#1813=ORIENTED_EDGE('',*,*,#1410,.F.);
#1814=ORIENTED_EDGE('',*,*,#1409,.T.);
#1815=ORIENTED_EDGE('',*,*,#1411,.F.);
#1816=ORIENTED_EDGE('',*,*,#1412,.T.);
#1817=ORIENTED_EDGE('',*,*,#1413,.F.);
#1818=ORIENTED_EDGE('',*,*,#1412,.F.);
#1819=ORIENTED_EDGE('',*,*,#1414,.F.);
#1820=ORIENTED_EDGE('',*,*,#1415,.F.);
#1821=ORIENTED_EDGE('',*,*,#1416,.F.);
#1822=ORIENTED_EDGE('',*,*,#1415,.T.);
#1823=ORIENTED_EDGE('',*,*,#1417,.F.);
#1824=ORIENTED_EDGE('',*,*,#1407,.T.);
#1825=ORIENTED_EDGE('',*,*,#1418,.F.);
#1826=ORIENTED_EDGE('',*,*,#1419,.F.);
#1827=ORIENTED_EDGE('',*,*,#1420,.F.);
#1828=ORIENTED_EDGE('',*,*,#1421,.F.);
#1829=ORIENTED_EDGE('',*,*,#1422,.F.);
#1830=ORIENTED_EDGE('',*,*,#1421,.T.);
#1831=ORIENTED_EDGE('',*,*,#1423,.F.);
#1832=ORIENTED_EDGE('',*,*,#1424,.T.);
#1833=ORIENTED_EDGE('',*,*,#1425,.F.);
#1834=ORIENTED_EDGE('',*,*,#1424,.F.);
#1835=ORIENTED_EDGE('',*,*,#1426,.F.);
#1836=ORIENTED_EDGE('',*,*,#1427,.F.);
#1837=ORIENTED_EDGE('',*,*,#1428,.F.);
#1838=ORIENTED_EDGE('',*,*,#1427,.T.);
#1839=ORIENTED_EDGE('',*,*,#1429,.F.);
#1840=ORIENTED_EDGE('',*,*,#1419,.T.);
#1841=ORIENTED_EDGE('',*,*,#1430,.F.);
#1842=ORIENTED_EDGE('',*,*,#1431,.F.);
#1843=ORIENTED_EDGE('',*,*,#1432,.F.);
#1844=ORIENTED_EDGE('',*,*,#1433,.F.);
#1845=ORIENTED_EDGE('',*,*,#1434,.F.);
#1846=ORIENTED_EDGE('',*,*,#1433,.T.);
#1847=ORIENTED_EDGE('',*,*,#1435,.F.);
#1848=ORIENTED_EDGE('',*,*,#1436,.T.);
#1849=ORIENTED_EDGE('',*,*,#1437,.F.);
#1850=ORIENTED_EDGE('',*,*,#1436,.F.);
#1851=ORIENTED_EDGE('',*,*,#1438,.F.);
#1852=ORIENTED_EDGE('',*,*,#1439,.F.);
#1853=ORIENTED_EDGE('',*,*,#1440,.F.);
#1854=ORIENTED_EDGE('',*,*,#1439,.T.);
#1855=ORIENTED_EDGE('',*,*,#1441,.F.);
#1856=ORIENTED_EDGE('',*,*,#1431,.T.);
#1857=ORIENTED_EDGE('',*,*,#1442,.F.);
#1858=ORIENTED_EDGE('',*,*,#1443,.F.);
#1859=ORIENTED_EDGE('',*,*,#1444,.F.);
#1860=ORIENTED_EDGE('',*,*,#1445,.F.);
#1861=ORIENTED_EDGE('',*,*,#1446,.F.);
#1862=ORIENTED_EDGE('',*,*,#1445,.T.);
#1863=ORIENTED_EDGE('',*,*,#1447,.F.);
#1864=ORIENTED_EDGE('',*,*,#1448,.T.);
#1865=ORIENTED_EDGE('',*,*,#1449,.F.);
#1866=ORIENTED_EDGE('',*,*,#1448,.F.);
#1867=ORIENTED_EDGE('',*,*,#1450,.F.);
#1868=ORIENTED_EDGE('',*,*,#1451,.F.);
#1869=ORIENTED_EDGE('',*,*,#1452,.F.);
#1870=ORIENTED_EDGE('',*,*,#1451,.T.);
#1871=ORIENTED_EDGE('',*,*,#1453,.F.);
#1872=ORIENTED_EDGE('',*,*,#1443,.T.);
#1873=ORIENTED_EDGE('',*,*,#1454,.F.);
#1874=ORIENTED_EDGE('',*,*,#1455,.F.);
#1875=ORIENTED_EDGE('',*,*,#1456,.F.);
#1876=ORIENTED_EDGE('',*,*,#1457,.F.);
#1877=ORIENTED_EDGE('',*,*,#1458,.F.);
#1878=ORIENTED_EDGE('',*,*,#1457,.T.);
#1879=ORIENTED_EDGE('',*,*,#1459,.F.);
#1880=ORIENTED_EDGE('',*,*,#1460,.T.);
#1881=ORIENTED_EDGE('',*,*,#1461,.F.);
#1882=ORIENTED_EDGE('',*,*,#1460,.F.);
#1883=ORIENTED_EDGE('',*,*,#1462,.F.);
#1884=ORIENTED_EDGE('',*,*,#1463,.F.);
#1885=ORIENTED_EDGE('',*,*,#1464,.F.);
#1886=ORIENTED_EDGE('',*,*,#1463,.T.);
#1887=ORIENTED_EDGE('',*,*,#1465,.F.);
#1888=ORIENTED_EDGE('',*,*,#1455,.T.);
#1889=ORIENTED_EDGE('',*,*,#1466,.F.);
#1890=ORIENTED_EDGE('',*,*,#1467,.F.);
#1891=ORIENTED_EDGE('',*,*,#1468,.F.);
#1892=ORIENTED_EDGE('',*,*,#1469,.F.);
#1893=ORIENTED_EDGE('',*,*,#1470,.F.);
#1894=ORIENTED_EDGE('',*,*,#1469,.T.);
#1895=ORIENTED_EDGE('',*,*,#1471,.F.);
#1896=ORIENTED_EDGE('',*,*,#1472,.T.);
#1897=ORIENTED_EDGE('',*,*,#1473,.F.);
#1898=ORIENTED_EDGE('',*,*,#1472,.F.);
#1899=ORIENTED_EDGE('',*,*,#1474,.F.);
#1900=ORIENTED_EDGE('',*,*,#1475,.F.);
#1901=ORIENTED_EDGE('',*,*,#1476,.F.);
#1902=ORIENTED_EDGE('',*,*,#1475,.T.);
#1903=ORIENTED_EDGE('',*,*,#1477,.F.);
#1904=ORIENTED_EDGE('',*,*,#1467,.T.);
#1905=ORIENTED_EDGE('',*,*,#1478,.F.);
#1906=ORIENTED_EDGE('',*,*,#1479,.F.);
#1907=ORIENTED_EDGE('',*,*,#1480,.F.);
#1908=ORIENTED_EDGE('',*,*,#1481,.F.);
#1909=ORIENTED_EDGE('',*,*,#1482,.F.);
#1910=ORIENTED_EDGE('',*,*,#1481,.T.);
#1911=ORIENTED_EDGE('',*,*,#1483,.F.);
#1912=ORIENTED_EDGE('',*,*,#1484,.T.);
#1913=ORIENTED_EDGE('',*,*,#1485,.F.);
#1914=ORIENTED_EDGE('',*,*,#1484,.F.);
#1915=ORIENTED_EDGE('',*,*,#1486,.F.);
#1916=ORIENTED_EDGE('',*,*,#1487,.F.);
#1917=ORIENTED_EDGE('',*,*,#1488,.F.);
#1918=ORIENTED_EDGE('',*,*,#1487,.T.);
#1919=ORIENTED_EDGE('',*,*,#1489,.F.);
#1920=ORIENTED_EDGE('',*,*,#1479,.T.);
#1921=ORIENTED_EDGE('',*,*,#1490,.F.);
#1922=ORIENTED_EDGE('',*,*,#1491,.F.);
#1923=ORIENTED_EDGE('',*,*,#1492,.F.);
#1924=ORIENTED_EDGE('',*,*,#1493,.F.);
#1925=ORIENTED_EDGE('',*,*,#1494,.F.);
#1926=ORIENTED_EDGE('',*,*,#1493,.T.);
#1927=ORIENTED_EDGE('',*,*,#1495,.F.);
#1928=ORIENTED_EDGE('',*,*,#1496,.T.);
#1929=ORIENTED_EDGE('',*,*,#1497,.F.);
#1930=ORIENTED_EDGE('',*,*,#1496,.F.);
#1931=ORIENTED_EDGE('',*,*,#1498,.F.);
#1932=ORIENTED_EDGE('',*,*,#1499,.F.);
#1933=ORIENTED_EDGE('',*,*,#1500,.F.);
#1934=ORIENTED_EDGE('',*,*,#1499,.T.);
#1935=ORIENTED_EDGE('',*,*,#1501,.F.);
#1936=ORIENTED_EDGE('',*,*,#1491,.T.);
#1937=ORIENTED_EDGE('',*,*,#1502,.F.);
#1938=ORIENTED_EDGE('',*,*,#1503,.F.);
#1939=ORIENTED_EDGE('',*,*,#1504,.F.);
#1940=ORIENTED_EDGE('',*,*,#1505,.F.);
#1941=ORIENTED_EDGE('',*,*,#1506,.F.);
#1942=ORIENTED_EDGE('',*,*,#1505,.T.);
#1943=ORIENTED_EDGE('',*,*,#1507,.F.);
#1944=ORIENTED_EDGE('',*,*,#1508,.T.);
#1945=ORIENTED_EDGE('',*,*,#1509,.F.);
#1946=ORIENTED_EDGE('',*,*,#1508,.F.);
#1947=ORIENTED_EDGE('',*,*,#1510,.F.);
#1948=ORIENTED_EDGE('',*,*,#1511,.F.);
#1949=ORIENTED_EDGE('',*,*,#1512,.F.);
#1950=ORIENTED_EDGE('',*,*,#1511,.T.);
#1951=ORIENTED_EDGE('',*,*,#1513,.F.);
#1952=ORIENTED_EDGE('',*,*,#1503,.T.);
#1953=ORIENTED_EDGE('',*,*,#1334,.F.);
#1954=ORIENTED_EDGE('',*,*,#1514,.F.);
#1955=ORIENTED_EDGE('',*,*,#1515,.F.);
#1956=ORIENTED_EDGE('',*,*,#1516,.F.);
#1957=ORIENTED_EDGE('',*,*,#1335,.F.);
#1958=ORIENTED_EDGE('',*,*,#1516,.T.);
#1959=ORIENTED_EDGE('',*,*,#1517,.F.);
#1960=ORIENTED_EDGE('',*,*,#1518,.T.);
#1961=ORIENTED_EDGE('',*,*,#1332,.F.);
#1962=ORIENTED_EDGE('',*,*,#1518,.F.);
#1963=ORIENTED_EDGE('',*,*,#1519,.F.);
#1964=ORIENTED_EDGE('',*,*,#1520,.F.);
#1965=ORIENTED_EDGE('',*,*,#1333,.F.);
#1966=ORIENTED_EDGE('',*,*,#1520,.T.);
#1967=ORIENTED_EDGE('',*,*,#1521,.F.);
#1968=ORIENTED_EDGE('',*,*,#1514,.T.);
#1969=ORIENTED_EDGE('',*,*,#1515,.T.);
#1970=ORIENTED_EDGE('',*,*,#1521,.T.);
#1971=ORIENTED_EDGE('',*,*,#1519,.T.);
#1972=ORIENTED_EDGE('',*,*,#1517,.T.);
#1973=ORIENTED_EDGE('',*,*,#1413,.T.);
#1974=ORIENTED_EDGE('',*,*,#1416,.T.);
#1975=ORIENTED_EDGE('',*,*,#1406,.T.);
#1976=ORIENTED_EDGE('',*,*,#1410,.T.);
#1977=ORIENTED_EDGE('',*,*,#1509,.T.);
#1978=ORIENTED_EDGE('',*,*,#1512,.T.);
#1979=ORIENTED_EDGE('',*,*,#1502,.T.);
#1980=ORIENTED_EDGE('',*,*,#1506,.T.);
#1981=ORIENTED_EDGE('',*,*,#1497,.T.);
#1982=ORIENTED_EDGE('',*,*,#1500,.T.);
#1983=ORIENTED_EDGE('',*,*,#1490,.T.);
#1984=ORIENTED_EDGE('',*,*,#1494,.T.);
#1985=ORIENTED_EDGE('',*,*,#1485,.T.);
#1986=ORIENTED_EDGE('',*,*,#1488,.T.);
#1987=ORIENTED_EDGE('',*,*,#1478,.T.);
#1988=ORIENTED_EDGE('',*,*,#1482,.T.);
#1989=ORIENTED_EDGE('',*,*,#1473,.T.);
#1990=ORIENTED_EDGE('',*,*,#1476,.T.);
#1991=ORIENTED_EDGE('',*,*,#1466,.T.);
#1992=ORIENTED_EDGE('',*,*,#1470,.T.);
#1993=ORIENTED_EDGE('',*,*,#1461,.T.);
#1994=ORIENTED_EDGE('',*,*,#1464,.T.);
#1995=ORIENTED_EDGE('',*,*,#1454,.T.);
#1996=ORIENTED_EDGE('',*,*,#1458,.T.);
#1997=ORIENTED_EDGE('',*,*,#1449,.T.);
#1998=ORIENTED_EDGE('',*,*,#1452,.T.);
#1999=ORIENTED_EDGE('',*,*,#1442,.T.);
#2000=ORIENTED_EDGE('',*,*,#1446,.T.);
#2001=ORIENTED_EDGE('',*,*,#1437,.T.);
#2002=ORIENTED_EDGE('',*,*,#1440,.T.);
#2003=ORIENTED_EDGE('',*,*,#1430,.T.);
#2004=ORIENTED_EDGE('',*,*,#1434,.T.);
#2005=ORIENTED_EDGE('',*,*,#1425,.T.);
#2006=ORIENTED_EDGE('',*,*,#1428,.T.);
#2007=ORIENTED_EDGE('',*,*,#1418,.T.);
#2008=ORIENTED_EDGE('',*,*,#1422,.T.);
#2009=ORIENTED_EDGE('',*,*,#1401,.T.);
#2010=ORIENTED_EDGE('',*,*,#1404,.T.);
#2011=ORIENTED_EDGE('',*,*,#1394,.T.);
#2012=ORIENTED_EDGE('',*,*,#1398,.T.);
#2013=ORIENTED_EDGE('',*,*,#1522,.F.);
#2014=ORIENTED_EDGE('',*,*,#1523,.F.);
#2015=ORIENTED_EDGE('',*,*,#1524,.F.);
#2016=ORIENTED_EDGE('',*,*,#1525,.F.);
#2017=ORIENTED_EDGE('',*,*,#1524,.T.);
#2018=ORIENTED_EDGE('',*,*,#1526,.F.);
#2019=ORIENTED_EDGE('',*,*,#1527,.F.);
#2020=ORIENTED_EDGE('',*,*,#1528,.F.);
#2021=ORIENTED_EDGE('',*,*,#1529,.T.);
#2022=ORIENTED_EDGE('',*,*,#1530,.F.);
#2023=ORIENTED_EDGE('',*,*,#1343,.T.);
#2024=ORIENTED_EDGE('',*,*,#1531,.T.);
#2025=ORIENTED_EDGE('',*,*,#1525,.T.);
#2026=ORIENTED_EDGE('',*,*,#1528,.T.);
#2027=ORIENTED_EDGE('',*,*,#1532,.F.);
#2028=ORIENTED_EDGE('',*,*,#1533,.F.);
#2029=ORIENTED_EDGE('',*,*,#1529,.F.);
#2030=ORIENTED_EDGE('',*,*,#1527,.T.);
#2031=ORIENTED_EDGE('',*,*,#1534,.T.);
#2032=ORIENTED_EDGE('',*,*,#1341,.T.);
#2033=ORIENTED_EDGE('',*,*,#1535,.F.);
#2034=ORIENTED_EDGE('',*,*,#1532,.T.);
#2035=ORIENTED_EDGE('',*,*,#1526,.T.);
#2036=ORIENTED_EDGE('',*,*,#1523,.T.);
#2037=ORIENTED_EDGE('',*,*,#1522,.T.);
#2038=ORIENTED_EDGE('',*,*,#1531,.F.);
#2039=ORIENTED_EDGE('',*,*,#1342,.T.);
#2040=ORIENTED_EDGE('',*,*,#1534,.F.);
#2041=ORIENTED_EDGE('',*,*,#1530,.T.);
#2042=ORIENTED_EDGE('',*,*,#1533,.T.);
#2043=ORIENTED_EDGE('',*,*,#1535,.T.);
#2044=ORIENTED_EDGE('',*,*,#1340,.F.);
#2045=ORIENTED_EDGE('',*,*,#1536,.T.);
#2046=ORIENTED_EDGE('',*,*,#1537,.F.);
#2047=ORIENTED_EDGE('',*,*,#1538,.T.);
#2048=ORIENTED_EDGE('',*,*,#1539,.T.);
#2049=ORIENTED_EDGE('',*,*,#1540,.T.);
#2050=ORIENTED_EDGE('',*,*,#1344,.F.);
#2051=ORIENTED_EDGE('',*,*,#1414,.T.);
#2052=ORIENTED_EDGE('',*,*,#1411,.T.);
#2053=ORIENTED_EDGE('',*,*,#1408,.T.);
#2054=ORIENTED_EDGE('',*,*,#1417,.T.);
#2055=ORIENTED_EDGE('',*,*,#1510,.T.);
#2056=ORIENTED_EDGE('',*,*,#1507,.T.);
#2057=ORIENTED_EDGE('',*,*,#1504,.T.);
#2058=ORIENTED_EDGE('',*,*,#1513,.T.);
#2059=ORIENTED_EDGE('',*,*,#1498,.T.);
#2060=ORIENTED_EDGE('',*,*,#1495,.T.);
#2061=ORIENTED_EDGE('',*,*,#1492,.T.);
#2062=ORIENTED_EDGE('',*,*,#1501,.T.);
#2063=ORIENTED_EDGE('',*,*,#1486,.T.);
#2064=ORIENTED_EDGE('',*,*,#1483,.T.);
#2065=ORIENTED_EDGE('',*,*,#1480,.T.);
#2066=ORIENTED_EDGE('',*,*,#1489,.T.);
#2067=ORIENTED_EDGE('',*,*,#1474,.T.);
#2068=ORIENTED_EDGE('',*,*,#1471,.T.);
#2069=ORIENTED_EDGE('',*,*,#1468,.T.);
#2070=ORIENTED_EDGE('',*,*,#1477,.T.);
#2071=ORIENTED_EDGE('',*,*,#1462,.T.);
#2072=ORIENTED_EDGE('',*,*,#1459,.T.);
#2073=ORIENTED_EDGE('',*,*,#1456,.T.);
#2074=ORIENTED_EDGE('',*,*,#1465,.T.);
#2075=ORIENTED_EDGE('',*,*,#1450,.T.);
#2076=ORIENTED_EDGE('',*,*,#1447,.T.);
#2077=ORIENTED_EDGE('',*,*,#1444,.T.);
#2078=ORIENTED_EDGE('',*,*,#1453,.T.);
#2079=ORIENTED_EDGE('',*,*,#1438,.T.);
#2080=ORIENTED_EDGE('',*,*,#1435,.T.);
#2081=ORIENTED_EDGE('',*,*,#1432,.T.);
#2082=ORIENTED_EDGE('',*,*,#1441,.T.);
#2083=ORIENTED_EDGE('',*,*,#1426,.T.);
#2084=ORIENTED_EDGE('',*,*,#1423,.T.);
#2085=ORIENTED_EDGE('',*,*,#1420,.T.);
#2086=ORIENTED_EDGE('',*,*,#1429,.T.);
#2087=ORIENTED_EDGE('',*,*,#1402,.T.);
#2088=ORIENTED_EDGE('',*,*,#1399,.T.);
#2089=ORIENTED_EDGE('',*,*,#1396,.T.);
#2090=ORIENTED_EDGE('',*,*,#1405,.T.);
#2091=ORIENTED_EDGE('',*,*,#1541,.F.);
#2092=ORIENTED_EDGE('',*,*,#1542,.T.);
#2093=ORIENTED_EDGE('',*,*,#1543,.F.);
#2094=ORIENTED_EDGE('',*,*,#1542,.F.);
#2095=ORIENTED_EDGE('',*,*,#1543,.T.);
#2096=ORIENTED_EDGE('',*,*,#1544,.T.);
#2097=ORIENTED_EDGE('',*,*,#1545,.F.);
#2098=ORIENTED_EDGE('',*,*,#1544,.F.);
#2099=ORIENTED_EDGE('',*,*,#1545,.T.);
#2100=ORIENTED_EDGE('',*,*,#1546,.F.);
#2101=ORIENTED_EDGE('',*,*,#1547,.F.);
#2102=ORIENTED_EDGE('',*,*,#1548,.F.);
#2103=ORIENTED_EDGE('',*,*,#1549,.T.);
#2104=ORIENTED_EDGE('',*,*,#1550,.T.);
#2105=ORIENTED_EDGE('',*,*,#1551,.F.);
#2106=ORIENTED_EDGE('',*,*,#1552,.F.);
#2107=ORIENTED_EDGE('',*,*,#1553,.F.);
#2108=ORIENTED_EDGE('',*,*,#1550,.F.);
#2109=ORIENTED_EDGE('',*,*,#1554,.F.);
#2110=ORIENTED_EDGE('',*,*,#1555,.F.);
#2111=ORIENTED_EDGE('',*,*,#1556,.F.);
#2112=ORIENTED_EDGE('',*,*,#1557,.F.);
#2113=ORIENTED_EDGE('',*,*,#1558,.F.);
#2114=ORIENTED_EDGE('',*,*,#1559,.F.);
#2115=ORIENTED_EDGE('',*,*,#1538,.F.);
#2116=ORIENTED_EDGE('',*,*,#1560,.F.);
#2117=ORIENTED_EDGE('',*,*,#1561,.F.);
#2118=ORIENTED_EDGE('',*,*,#1562,.F.);
#2119=ORIENTED_EDGE('',*,*,#1563,.F.);
#2120=ORIENTED_EDGE('',*,*,#1564,.F.);
#2121=ORIENTED_EDGE('',*,*,#1565,.F.);
#2122=ORIENTED_EDGE('',*,*,#1566,.T.);
#2123=ORIENTED_EDGE('',*,*,#1558,.T.);
#2124=ORIENTED_EDGE('',*,*,#1567,.F.);
#2125=ORIENTED_EDGE('',*,*,#1568,.F.);
#2126=ORIENTED_EDGE('',*,*,#1569,.F.);
#2127=ORIENTED_EDGE('',*,*,#1539,.F.);
#2128=ORIENTED_EDGE('',*,*,#1559,.T.);
#2129=ORIENTED_EDGE('',*,*,#1566,.F.);
#2130=ORIENTED_EDGE('',*,*,#1570,.F.);
#2131=ORIENTED_EDGE('',*,*,#1571,.T.);
#2132=ORIENTED_EDGE('',*,*,#1572,.F.);
#2133=ORIENTED_EDGE('',*,*,#1573,.F.);
#2134=ORIENTED_EDGE('',*,*,#1554,.T.);
#2135=ORIENTED_EDGE('',*,*,#1549,.F.);
#2136=ORIENTED_EDGE('',*,*,#1574,.F.);
#2137=ORIENTED_EDGE('',*,*,#1571,.F.);
#2138=ORIENTED_EDGE('',*,*,#1575,.F.);
#2139=ORIENTED_EDGE('',*,*,#1547,.T.);
#2140=ORIENTED_EDGE('',*,*,#1552,.T.);
#2141=ORIENTED_EDGE('',*,*,#1576,.F.);
#2142=ORIENTED_EDGE('',*,*,#1347,.F.);
#2143=ORIENTED_EDGE('',*,*,#1577,.F.);
#2144=ORIENTED_EDGE('',*,*,#1551,.T.);
#2145=ORIENTED_EDGE('',*,*,#1553,.T.);
#2146=ORIENTED_EDGE('',*,*,#1578,.F.);
#2147=ORIENTED_EDGE('',*,*,#1579,.T.);
#2148=ORIENTED_EDGE('',*,*,#1348,.F.);
#2149=ORIENTED_EDGE('',*,*,#1576,.T.);
#2150=ORIENTED_EDGE('',*,*,#1563,.T.);
#2151=ORIENTED_EDGE('',*,*,#1580,.F.);
#2152=ORIENTED_EDGE('',*,*,#1581,.T.);
#2153=ORIENTED_EDGE('',*,*,#1582,.F.);
#2154=ORIENTED_EDGE('',*,*,#1581,.F.);
#2155=ORIENTED_EDGE('',*,*,#1583,.F.);
#2156=ORIENTED_EDGE('',*,*,#1564,.T.);
#2157=ORIENTED_EDGE('',*,*,#1583,.T.);
#2158=ORIENTED_EDGE('',*,*,#1580,.T.);
#2159=ORIENTED_EDGE('',*,*,#1562,.T.);
#2160=ORIENTED_EDGE('',*,*,#1584,.T.);
#2161=ORIENTED_EDGE('',*,*,#1585,.T.);
#2162=ORIENTED_EDGE('',*,*,#1560,.T.);
#2163=ORIENTED_EDGE('',*,*,#1537,.T.);
#2164=ORIENTED_EDGE('',*,*,#1586,.T.);
#2165=ORIENTED_EDGE('',*,*,#1587,.T.);
#2166=ORIENTED_EDGE('',*,*,#1588,.T.);
#2167=ORIENTED_EDGE('',*,*,#1578,.T.);
#2168=ORIENTED_EDGE('',*,*,#1386,.T.);
#2169=ORIENTED_EDGE('',*,*,#1382,.T.);
#2170=ORIENTED_EDGE('',*,*,#1389,.T.);
#2171=ORIENTED_EDGE('',*,*,#1393,.T.);
#2172=ORIENTED_EDGE('',*,*,#1541,.T.);
#2173=ORIENTED_EDGE('',*,*,#1589,.T.);
#2174=ORIENTED_EDGE('',*,*,#1590,.T.);
#2175=ORIENTED_EDGE('',*,*,#1314,.F.);
#2176=ORIENTED_EDGE('',*,*,#1591,.F.);
#2177=ORIENTED_EDGE('',*,*,#1592,.F.);
#2178=ORIENTED_EDGE('',*,*,#1593,.F.);
#2179=ORIENTED_EDGE('',*,*,#1572,.T.);
#2180=ORIENTED_EDGE('',*,*,#1548,.T.);
#2181=ORIENTED_EDGE('',*,*,#1575,.T.);
#2182=ORIENTED_EDGE('',*,*,#1570,.T.);
#2183=ORIENTED_EDGE('',*,*,#1565,.T.);
#2184=ORIENTED_EDGE('',*,*,#1594,.F.);
#2185=ORIENTED_EDGE('',*,*,#1329,.F.);
#2186=ORIENTED_EDGE('',*,*,#1336,.F.);
#2187=ORIENTED_EDGE('',*,*,#1293,.F.);
#2188=ORIENTED_EDGE('',*,*,#1294,.F.);
#2189=ORIENTED_EDGE('',*,*,#1356,.T.);
#2190=ORIENTED_EDGE('',*,*,#1360,.T.);
#2191=ORIENTED_EDGE('',*,*,#1349,.T.);
#2192=ORIENTED_EDGE('',*,*,#1353,.T.);
#2193=ORIENTED_EDGE('',*,*,#1361,.T.);
#2194=ORIENTED_EDGE('',*,*,#1567,.T.);
#2195=ORIENTED_EDGE('',*,*,#1557,.T.);
#2196=ORIENTED_EDGE('',*,*,#1595,.T.);
#2197=ORIENTED_EDGE('',*,*,#1596,.F.);
#2198=ORIENTED_EDGE('',*,*,#1330,.T.);
#2199=ORIENTED_EDGE('',*,*,#1594,.T.);
#2200=ORIENTED_EDGE('',*,*,#1597,.F.);
#2201=ORIENTED_EDGE('',*,*,#1598,.T.);
#2202=ORIENTED_EDGE('',*,*,#1599,.T.);
#2203=ORIENTED_EDGE('',*,*,#1598,.F.);
#2204=ORIENTED_EDGE('',*,*,#1599,.F.);
#2205=ORIENTED_EDGE('',*,*,#1590,.F.);
#2206=ORIENTED_EDGE('',*,*,#1600,.T.);
#2207=ORIENTED_EDGE('',*,*,#1601,.F.);
#2208=ORIENTED_EDGE('',*,*,#1600,.F.);
#2209=ORIENTED_EDGE('',*,*,#1601,.T.);
#2210=ORIENTED_EDGE('',*,*,#1597,.T.);
#2211=ORIENTED_EDGE('',*,*,#1602,.F.);
#2212=ORIENTED_EDGE('',*,*,#1603,.T.);
#2213=ORIENTED_EDGE('',*,*,#1604,.T.);
#2214=ORIENTED_EDGE('',*,*,#1603,.F.);
#2215=ORIENTED_EDGE('',*,*,#1604,.F.);
#2216=ORIENTED_EDGE('',*,*,#1589,.F.);
#2217=ORIENTED_EDGE('',*,*,#1605,.T.);
#2218=ORIENTED_EDGE('',*,*,#1606,.F.);
#2219=ORIENTED_EDGE('',*,*,#1605,.F.);
#2220=ORIENTED_EDGE('',*,*,#1606,.T.);
#2221=ORIENTED_EDGE('',*,*,#1602,.T.);
#2222=ORIENTED_EDGE('',*,*,#1607,.F.);
#2223=ORIENTED_EDGE('',*,*,#1608,.T.);
#2224=ORIENTED_EDGE('',*,*,#1609,.T.);
#2225=ORIENTED_EDGE('',*,*,#1608,.F.);
#2226=ORIENTED_EDGE('',*,*,#1609,.F.);
#2227=ORIENTED_EDGE('',*,*,#1582,.T.);
#2228=ORIENTED_EDGE('',*,*,#1607,.T.);
#2229=ORIENTED_EDGE('',*,*,#1610,.F.);
#2230=ORIENTED_EDGE('',*,*,#1611,.T.);
#2231=ORIENTED_EDGE('',*,*,#1612,.T.);
#2232=ORIENTED_EDGE('',*,*,#1611,.F.);
#2233=ORIENTED_EDGE('',*,*,#1612,.F.);
#2234=ORIENTED_EDGE('',*,*,#1561,.T.);
#2235=ORIENTED_EDGE('',*,*,#1585,.F.);
#2236=ORIENTED_EDGE('',*,*,#1613,.T.);
#2237=ORIENTED_EDGE('',*,*,#1614,.F.);
#2238=ORIENTED_EDGE('',*,*,#1613,.F.);
#2239=ORIENTED_EDGE('',*,*,#1584,.F.);
#2240=ORIENTED_EDGE('',*,*,#1614,.T.);
#2241=ORIENTED_EDGE('',*,*,#1610,.T.);
#2242=ORIENTED_EDGE('',*,*,#1569,.T.);
#2243=ORIENTED_EDGE('',*,*,#1615,.F.);
#2244=ORIENTED_EDGE('',*,*,#1345,.F.);
#2245=ORIENTED_EDGE('',*,*,#1540,.F.);
#2246=ORIENTED_EDGE('',*,*,#1546,.T.);
#2247=ORIENTED_EDGE('',*,*,#1577,.T.);
#2248=ORIENTED_EDGE('',*,*,#1346,.F.);
#2249=ORIENTED_EDGE('',*,*,#1615,.T.);
#2250=ORIENTED_EDGE('',*,*,#1568,.T.);
#2251=ORIENTED_EDGE('',*,*,#1574,.T.);
#2252=ORIENTED_EDGE('',*,*,#1365,.T.);
#2253=ORIENTED_EDGE('',*,*,#1337,.F.);
#2254=ORIENTED_EDGE('',*,*,#1579,.F.);
#2255=ORIENTED_EDGE('',*,*,#1588,.F.);
#2256=ORIENTED_EDGE('',*,*,#1616,.T.);
#2257=ORIENTED_EDGE('',*,*,#1339,.F.);
#2258=ORIENTED_EDGE('',*,*,#1617,.T.);
#2259=ORIENTED_EDGE('',*,*,#1586,.F.);
#2260=ORIENTED_EDGE('',*,*,#1536,.F.);
#2261=ORIENTED_EDGE('',*,*,#1338,.F.);
#2262=ORIENTED_EDGE('',*,*,#1616,.F.);
#2263=ORIENTED_EDGE('',*,*,#1587,.F.);
#2264=ORIENTED_EDGE('',*,*,#1617,.F.);
#2265=ORIENTED_EDGE('',*,*,#1378,.T.);
#2266=ORIENTED_EDGE('',*,*,#1380,.T.);
#2267=ORIENTED_EDGE('',*,*,#1375,.T.);
#2268=ORIENTED_EDGE('',*,*,#1381,.T.);
#2269=ORIENTED_EDGE('',*,*,#1366,.T.);
#2270=ORIENTED_EDGE('',*,*,#1369,.T.);
#2271=ORIENTED_EDGE('',*,*,#1371,.T.);
#2272=ORIENTED_EDGE('',*,*,#1373,.T.);
#2273=ORIENTED_EDGE('',*,*,#1573,.T.);
#2274=ORIENTED_EDGE('',*,*,#1593,.T.);
#2275=ORIENTED_EDGE('',*,*,#1618,.T.);
#2276=ORIENTED_EDGE('',*,*,#1619,.T.);
#2277=ORIENTED_EDGE('',*,*,#1620,.T.);
#2278=ORIENTED_EDGE('',*,*,#1555,.T.);
#2279=ORIENTED_EDGE('',*,*,#1621,.T.);
#2280=ORIENTED_EDGE('',*,*,#1622,.F.);
#2281=ORIENTED_EDGE('',*,*,#1327,.T.);
#2282=ORIENTED_EDGE('',*,*,#1331,.T.);
#2283=ORIENTED_EDGE('',*,*,#1596,.T.);
#2284=ORIENTED_EDGE('',*,*,#1623,.T.);
#2285=ORIENTED_EDGE('',*,*,#1624,.F.);
#2286=ORIENTED_EDGE('',*,*,#1316,.T.);
#2287=ORIENTED_EDGE('',*,*,#1622,.T.);
#2288=ORIENTED_EDGE('',*,*,#1625,.T.);
#2289=ORIENTED_EDGE('',*,*,#1619,.F.);
#2290=ORIENTED_EDGE('',*,*,#1626,.T.);
#2291=ORIENTED_EDGE('',*,*,#1627,.T.);
#2292=ORIENTED_EDGE('',*,*,#1624,.T.);
#2293=ORIENTED_EDGE('',*,*,#1308,.F.);
#2294=ORIENTED_EDGE('',*,*,#1317,.T.);
#2295=ORIENTED_EDGE('',*,*,#1627,.F.);
#2296=ORIENTED_EDGE('',*,*,#1628,.F.);
#2297=ORIENTED_EDGE('',*,*,#1556,.T.);
#2298=ORIENTED_EDGE('',*,*,#1620,.F.);
#2299=ORIENTED_EDGE('',*,*,#1625,.F.);
#2300=ORIENTED_EDGE('',*,*,#1623,.F.);
#2301=ORIENTED_EDGE('',*,*,#1621,.F.);
#2302=ORIENTED_EDGE('',*,*,#1595,.F.);
#2303=ORIENTED_EDGE('',*,*,#1311,.F.);
#2304=ORIENTED_EDGE('',*,*,#1628,.T.);
#2305=ORIENTED_EDGE('',*,*,#1626,.F.);
#2306=ORIENTED_EDGE('',*,*,#1618,.F.);
#2307=ORIENTED_EDGE('',*,*,#1592,.T.);
#2308=ORIENTED_EDGE('',*,*,#1629,.F.);
#2309=ORIENTED_EDGE('',*,*,#1313,.F.);
#2310=ORIENTED_EDGE('',*,*,#1629,.T.);
#2311=ORIENTED_EDGE('',*,*,#1591,.T.);
#2312=CONICAL_SURFACE('',#2466,12.0061767467413,0.747873584479575);
#2313=CONICAL_SURFACE('',#2471,12.0061767467413,0.747873584479569);
#2314=CONICAL_SURFACE('',#2475,12.0061767467413,0.747873584479572);
#2315=CONICAL_SURFACE('',#2479,12.0061767467413,0.747873584479563);
#2316=CONICAL_SURFACE('',#2487,11.2180841187359,0.0750491578357561);
#2317=CONICAL_SURFACE('',#2489,11.2180841187359,0.0750491578357561);
#2318=CONICAL_SURFACE('',#2505,4.2,0.773053111553224);
#2319=CONICAL_SURFACE('',#2579,2.7,0.436627159813541);
#2320=CONICAL_SURFACE('',#2649,32.45,0.785398163397448);
#2321=CONICAL_SURFACE('',#2652,32.45,0.785398163397448);
#2322=CONICAL_SURFACE('',#2654,11.2180841187359,0.0750491578357561);
#2323=CONICAL_SURFACE('',#2657,11.2180841187359,0.0750491578357561);
#2324=ADVANCED_FACE('',(#185),#2312,.T.);
#2325=ADVANCED_FACE('',(#186),#91,.T.);
#2326=ADVANCED_FACE('',(#187),#92,.T.);
#2327=ADVANCED_FACE('',(#188),#2313,.T.);
#2328=ADVANCED_FACE('',(#189),#93,.T.);
#2329=ADVANCED_FACE('',(#190),#2314,.T.);
#2330=ADVANCED_FACE('',(#191),#94,.T.);
#2331=ADVANCED_FACE('',(#192),#2315,.T.);
#2332=ADVANCED_FACE('',(#193,#37),#95,.T.);
#2333=ADVANCED_FACE('',(#194),#2316,.T.);
#2334=ADVANCED_FACE('',(#195,#38),#96,.T.);
#2335=ADVANCED_FACE('',(#196),#2317,.T.);
#2336=ADVANCED_FACE('',(#197,#39),#97,.T.);
#2337=ADVANCED_FACE('',(#198),#15,.F.);
#2338=ADVANCED_FACE('',(#199),#98,.T.);
#2339=ADVANCED_FACE('',(#200),#16,.F.);
#2340=ADVANCED_FACE('',(#201),#99,.T.);
#2341=ADVANCED_FACE('',(#202),#100,.T.);
#2342=ADVANCED_FACE('',(#203),#2318,.F.);
#2343=ADVANCED_FACE('',(#204),#17,.F.);
#2344=ADVANCED_FACE('',(#205),#18,.F.);
#2345=ADVANCED_FACE('',(#206),#101,.T.);
#2346=ADVANCED_FACE('',(#207),#19,.F.);
#2347=ADVANCED_FACE('',(#208),#102,.T.);
#2348=ADVANCED_FACE('',(#209),#20,.F.);
#2349=ADVANCED_FACE('',(#210),#21,.F.);
#2350=ADVANCED_FACE('',(#211),#103,.T.);
#2351=ADVANCED_FACE('',(#212),#104,.T.);
#2352=ADVANCED_FACE('',(#213),#105,.F.);
#2353=ADVANCED_FACE('',(#214),#106,.F.);
#2354=ADVANCED_FACE('',(#215),#107,.T.);
#2355=ADVANCED_FACE('',(#216),#108,.F.);
#2356=ADVANCED_FACE('',(#217),#109,.F.);
#2357=ADVANCED_FACE('',(#218),#110,.F.);
#2358=ADVANCED_FACE('',(#219),#111,.T.);
#2359=ADVANCED_FACE('',(#220),#112,.T.);
#2360=ADVANCED_FACE('',(#221),#113,.T.);
#2361=ADVANCED_FACE('',(#222),#114,.F.);
#2362=ADVANCED_FACE('',(#223),#115,.T.);
#2363=ADVANCED_FACE('',(#224),#116,.T.);
#2364=ADVANCED_FACE('',(#225),#117,.T.);
#2365=ADVANCED_FACE('',(#226),#118,.F.);
#2366=ADVANCED_FACE('',(#227),#119,.T.);
#2367=ADVANCED_FACE('',(#228),#120,.T.);
#2368=ADVANCED_FACE('',(#229),#121,.T.);
#2369=ADVANCED_FACE('',(#230),#122,.F.);
#2370=ADVANCED_FACE('',(#231),#123,.T.);
#2371=ADVANCED_FACE('',(#232),#124,.T.);
#2372=ADVANCED_FACE('',(#233),#125,.T.);
#2373=ADVANCED_FACE('',(#234),#126,.F.);
#2374=ADVANCED_FACE('',(#235),#127,.T.);
#2375=ADVANCED_FACE('',(#236),#128,.T.);
#2376=ADVANCED_FACE('',(#237),#129,.T.);
#2377=ADVANCED_FACE('',(#238),#130,.F.);
#2378=ADVANCED_FACE('',(#239),#131,.T.);
#2379=ADVANCED_FACE('',(#240),#132,.T.);
#2380=ADVANCED_FACE('',(#241),#133,.T.);
#2381=ADVANCED_FACE('',(#242),#134,.F.);
#2382=ADVANCED_FACE('',(#243),#135,.T.);
#2383=ADVANCED_FACE('',(#244),#136,.T.);
#2384=ADVANCED_FACE('',(#245),#137,.T.);
#2385=ADVANCED_FACE('',(#246),#138,.F.);
#2386=ADVANCED_FACE('',(#247),#139,.T.);
#2387=ADVANCED_FACE('',(#248),#140,.T.);
#2388=ADVANCED_FACE('',(#249),#141,.T.);
#2389=ADVANCED_FACE('',(#250),#142,.F.);
#2390=ADVANCED_FACE('',(#251),#143,.T.);
#2391=ADVANCED_FACE('',(#252),#144,.T.);
#2392=ADVANCED_FACE('',(#253),#145,.T.);
#2393=ADVANCED_FACE('',(#254),#146,.F.);
#2394=ADVANCED_FACE('',(#255),#147,.T.);
#2395=ADVANCED_FACE('',(#256),#148,.T.);
#2396=ADVANCED_FACE('',(#257),#149,.T.);
#2397=ADVANCED_FACE('',(#258),#150,.T.);
#2398=ADVANCED_FACE('',(#259),#151,.T.);
#2399=ADVANCED_FACE('',(#260),#152,.F.);
#2400=ADVANCED_FACE('',(#261),#153,.T.);
#2401=ADVANCED_FACE('',(#262,#40,#41,#42,#43,#44,#45,#46,#47,#48,#49),#154,
 .T.);
#2402=ADVANCED_FACE('',(#263),#155,.F.);
#2403=ADVANCED_FACE('',(#264),#156,.F.);
#2404=ADVANCED_FACE('',(#265),#157,.T.);
#2405=ADVANCED_FACE('',(#266),#158,.F.);
#2406=ADVANCED_FACE('',(#267),#159,.F.);
#2407=ADVANCED_FACE('',(#268),#160,.F.);
#2408=ADVANCED_FACE('',(#269,#50,#51,#52,#53,#54,#55,#56,#57,#58,#59),#161,
 .T.);
#2409=ADVANCED_FACE('',(#270),#2319,.T.);
#2410=ADVANCED_FACE('',(#271),#22,.T.);
#2411=ADVANCED_FACE('',(#272),#162,.T.);
#2412=ADVANCED_FACE('',(#273),#23,.F.);
#2413=ADVANCED_FACE('',(#274),#163,.T.);
#2414=ADVANCED_FACE('',(#275),#164,.T.);
#2415=ADVANCED_FACE('',(#276),#24,.F.);
#2416=ADVANCED_FACE('',(#277),#165,.T.);
#2417=ADVANCED_FACE('',(#278),#166,.T.);
#2418=ADVANCED_FACE('',(#279),#25,.F.);
#2419=ADVANCED_FACE('',(#280),#167,.T.);
#2420=ADVANCED_FACE('',(#281),#26,.T.);
#2421=ADVANCED_FACE('',(#282,#60,#61,#62,#63),#168,.F.);
#2422=ADVANCED_FACE('',(#283,#64,#65),#169,.T.);
#2423=ADVANCED_FACE('',(#284),#170,.T.);
#2424=ADVANCED_FACE('',(#285),#27,.F.);
#2425=ADVANCED_FACE('',(#286),#171,.F.);
#2426=ADVANCED_FACE('',(#287),#28,.T.);
#2427=ADVANCED_FACE('',(#288,#66),#172,.T.);
#2428=ADVANCED_FACE('',(#289),#29,.F.);
#2429=ADVANCED_FACE('',(#290),#173,.F.);
#2430=ADVANCED_FACE('',(#291),#30,.T.);
#2431=ADVANCED_FACE('',(#292,#67),#174,.T.);
#2432=ADVANCED_FACE('',(#293),#31,.F.);
#2433=ADVANCED_FACE('',(#294),#175,.F.);
#2434=ADVANCED_FACE('',(#295,#68),#176,.T.);
#2435=ADVANCED_FACE('',(#296),#32,.F.);
#2436=ADVANCED_FACE('',(#297),#177,.F.);
#2437=ADVANCED_FACE('',(#298),#33,.T.);
#2438=ADVANCED_FACE('',(#299,#69),#178,.T.);
#2439=ADVANCED_FACE('',(#300),#34,.F.);
#2440=ADVANCED_FACE('',(#301,#70),#179,.F.);
#2441=ADVANCED_FACE('',(#302),#35,.F.);
#2442=ADVANCED_FACE('',(#303),#36,.F.);
#2443=ADVANCED_FACE('',(#304,#71),#180,.T.);
#2444=ADVANCED_FACE('',(#305),#181,.T.);
#2445=ADVANCED_FACE('',(#306),#2320,.T.);
#2446=ADVANCED_FACE('',(#307),#182,.T.);
#2447=ADVANCED_FACE('',(#308),#2321,.T.);
#2448=ADVANCED_FACE('',(#309),#2322,.T.);
#2449=ADVANCED_FACE('',(#310),#183,.T.);
#2450=ADVANCED_FACE('',(#311),#184,.T.);
#2451=ADVANCED_FACE('',(#312),#2323,.T.);
#2452=CLOSED_SHELL('',(#2324,#2325,#2326,#2327,#2328,#2329,#2330,#2331,
#2332,#2333,#2334,#2335,#2336,#2337,#2338,#2339,#2340,#2341,#2342,#2343,
#2344,#2345,#2346,#2347,#2348,#2349,#2350,#2351,#2352,#2353,#2354,#2355,
#2356,#2357,#2358,#2359,#2360,#2361,#2362,#2363,#2364,#2365,#2366,#2367,
#2368,#2369,#2370,#2371,#2372,#2373,#2374,#2375,#2376,#2377,#2378,#2379,
#2380,#2381,#2382,#2383,#2384,#2385,#2386,#2387,#2388,#2389,#2390,#2391,
#2392,#2393,#2394,#2395,#2396,#2397,#2398,#2399,#2400,#2401,#2402,#2403,
#2404,#2405,#2406,#2407,#2408,#2409,#2410,#2411,#2412,#2413,#2414,#2415,
#2416,#2417,#2418,#2419,#2420,#2421,#2422,#2423,#2424,#2425,#2426,#2427,
#2428,#2429,#2430,#2431,#2432,#2433,#2434,#2435,#2436,#2437,#2438,#2439,
#2440,#2441,#2442,#2443,#2444,#2445,#2446,#2447,#2448,#2449,#2450,#2451));
#2453=DERIVED_UNIT_ELEMENT(#2455,1.);
#2454=DERIVED_UNIT_ELEMENT(#4052,-3.);
#2455=(
MASS_UNIT()
NAMED_UNIT(*)
SI_UNIT(.KILO.,.GRAM.)
);
#2456=DERIVED_UNIT((#2453,#2454));
#2457=MEASURE_REPRESENTATION_ITEM('density measure',
POSITIVE_RATIO_MEASURE(7850.),#2456);
#2458=PROPERTY_DEFINITION_REPRESENTATION(#2463,#2460);
#2459=PROPERTY_DEFINITION_REPRESENTATION(#2464,#2461);
#2460=REPRESENTATION('material name',(#2462),#4049);
#2461=REPRESENTATION('density',(#2457),#4049);
#2462=DESCRIPTIVE_REPRESENTATION_ITEM('Steel','Steel');
#2463=PROPERTY_DEFINITION('material property','material name',#4059);
#2464=PROPERTY_DEFINITION('material property','density of part',#4059);
#2465=AXIS2_PLACEMENT_3D('',#3311,#2658,#2659);
#2466=AXIS2_PLACEMENT_3D('',#3312,#2660,#2661);
#2467=AXIS2_PLACEMENT_3D('',#3315,#2662,#2663);
#2468=AXIS2_PLACEMENT_3D('',#3319,#2665,#2666);
#2469=AXIS2_PLACEMENT_3D('',#3328,#2667,#2668);
#2470=AXIS2_PLACEMENT_3D('',#3337,#2671,#2672);
#2471=AXIS2_PLACEMENT_3D('',#3343,#2676,#2677);
#2472=AXIS2_PLACEMENT_3D('',#3347,#2679,#2680);
#2473=AXIS2_PLACEMENT_3D('',#3348,#2681,#2682);
#2474=AXIS2_PLACEMENT_3D('',#3349,#2683,#2684);
#2475=AXIS2_PLACEMENT_3D('',#3355,#2688,#2689);
#2476=AXIS2_PLACEMENT_3D('',#3359,#2691,#2692);
#2477=AXIS2_PLACEMENT_3D('',#3360,#2693,#2694);
#2478=AXIS2_PLACEMENT_3D('',#3361,#2695,#2696);
#2479=AXIS2_PLACEMENT_3D('',#3367,#2700,#2701);
#2480=AXIS2_PLACEMENT_3D('',#3368,#2702,#2703);
#2481=AXIS2_PLACEMENT_3D('',#3370,#2704,#2705);
#2482=AXIS2_PLACEMENT_3D('',#3374,#2706,#2707);
#2483=AXIS2_PLACEMENT_3D('',#3382,#2711,#2712);
#2484=AXIS2_PLACEMENT_3D('',#3386,#2714,#2715);
#2485=AXIS2_PLACEMENT_3D('',#3390,#2717,#2718);
#2486=AXIS2_PLACEMENT_3D('',#3394,#2720,#2721);
#2487=AXIS2_PLACEMENT_3D('',#3396,#2723,#2724);
#2488=AXIS2_PLACEMENT_3D('',#3409,#2726,#2727);
#2489=AXIS2_PLACEMENT_3D('',#3427,#2735,#2736);
#2490=AXIS2_PLACEMENT_3D('',#3428,#2737,#2738);
#2491=AXIS2_PLACEMENT_3D('',#3429,#2739,#2740);
#2492=AXIS2_PLACEMENT_3D('',#3432,#2741,#2742);
#2493=AXIS2_PLACEMENT_3D('',#3436,#2744,#2745);
#2494=AXIS2_PLACEMENT_3D('',#3448,#2751,#2752);
#2495=AXIS2_PLACEMENT_3D('',#3452,#2754,#2755);
#2496=AXIS2_PLACEMENT_3D('',#3454,#2757,#2758);
#2497=AXIS2_PLACEMENT_3D('',#3457,#2759,#2760);
#2498=AXIS2_PLACEMENT_3D('',#3461,#2762,#2763);
#2499=AXIS2_PLACEMENT_3D('',#3463,#2765,#2766);
#2500=AXIS2_PLACEMENT_3D('',#3469,#2770,#2771);
#2501=AXIS2_PLACEMENT_3D('',#3471,#2772,#2773);
#2502=AXIS2_PLACEMENT_3D('',#3473,#2774,#2775);
#2503=AXIS2_PLACEMENT_3D('',#3475,#2777,#2778);
#2504=AXIS2_PLACEMENT_3D('',#3477,#2780,#2781);
#2505=AXIS2_PLACEMENT_3D('',#3479,#2783,#2784);
#2506=AXIS2_PLACEMENT_3D('',#3481,#2785,#2786);
#2507=AXIS2_PLACEMENT_3D('',#3484,#2788,#2789);
#2508=AXIS2_PLACEMENT_3D('',#3485,#2790,#2791);
#2509=AXIS2_PLACEMENT_3D('',#3488,#2793,#2794);
#2510=AXIS2_PLACEMENT_3D('',#3489,#2795,#2796);
#2511=AXIS2_PLACEMENT_3D('',#3492,#2797,#2798);
#2512=AXIS2_PLACEMENT_3D('',#3495,#2801,#2802);
#2513=AXIS2_PLACEMENT_3D('',#3499,#2805,#2806);
#2514=AXIS2_PLACEMENT_3D('',#3501,#2807,#2808);
#2515=AXIS2_PLACEMENT_3D('',#3503,#2810,#2811);
#2516=AXIS2_PLACEMENT_3D('',#3507,#2814,#2815);
#2517=AXIS2_PLACEMENT_3D('',#3510,#2816,#2817);
#2518=AXIS2_PLACEMENT_3D('',#3513,#2820,#2821);
#2519=AXIS2_PLACEMENT_3D('',#3515,#2822,#2823);
#2520=AXIS2_PLACEMENT_3D('',#3517,#2825,#2826);
#2521=AXIS2_PLACEMENT_3D('',#3519,#2828,#2829);
#2522=AXIS2_PLACEMENT_3D('',#3521,#2831,#2832);
#2523=AXIS2_PLACEMENT_3D('',#3530,#2837,#2838);
#2524=AXIS2_PLACEMENT_3D('',#3536,#2842,#2843);
#2525=AXIS2_PLACEMENT_3D('',#3542,#2847,#2848);
#2526=AXIS2_PLACEMENT_3D('',#3544,#2850,#2851);
#2527=AXIS2_PLACEMENT_3D('',#3546,#2853,#2854);
#2528=AXIS2_PLACEMENT_3D('',#3555,#2859,#2860);
#2529=AXIS2_PLACEMENT_3D('',#3561,#2864,#2865);
#2530=AXIS2_PLACEMENT_3D('',#3567,#2869,#2870);
#2531=AXIS2_PLACEMENT_3D('',#3570,#2873,#2874);
#2532=AXIS2_PLACEMENT_3D('',#3579,#2879,#2880);
#2533=AXIS2_PLACEMENT_3D('',#3585,#2884,#2885);
#2534=AXIS2_PLACEMENT_3D('',#3591,#2889,#2890);
#2535=AXIS2_PLACEMENT_3D('',#3594,#2893,#2894);
#2536=AXIS2_PLACEMENT_3D('',#3603,#2899,#2900);
#2537=AXIS2_PLACEMENT_3D('',#3609,#2904,#2905);
#2538=AXIS2_PLACEMENT_3D('',#3615,#2909,#2910);
#2539=AXIS2_PLACEMENT_3D('',#3618,#2913,#2914);
#2540=AXIS2_PLACEMENT_3D('',#3627,#2919,#2920);
#2541=AXIS2_PLACEMENT_3D('',#3633,#2924,#2925);
#2542=AXIS2_PLACEMENT_3D('',#3639,#2929,#2930);
#2543=AXIS2_PLACEMENT_3D('',#3642,#2933,#2934);
#2544=AXIS2_PLACEMENT_3D('',#3651,#2939,#2940);
#2545=AXIS2_PLACEMENT_3D('',#3657,#2944,#2945);
#2546=AXIS2_PLACEMENT_3D('',#3663,#2949,#2950);
#2547=AXIS2_PLACEMENT_3D('',#3666,#2953,#2954);
#2548=AXIS2_PLACEMENT_3D('',#3675,#2959,#2960);
#2549=AXIS2_PLACEMENT_3D('',#3681,#2964,#2965);
#2550=AXIS2_PLACEMENT_3D('',#3687,#2969,#2970);
#2551=AXIS2_PLACEMENT_3D('',#3690,#2973,#2974);
#2552=AXIS2_PLACEMENT_3D('',#3699,#2979,#2980);
#2553=AXIS2_PLACEMENT_3D('',#3705,#2984,#2985);
#2554=AXIS2_PLACEMENT_3D('',#3711,#2989,#2990);
#2555=AXIS2_PLACEMENT_3D('',#3714,#2993,#2994);
#2556=AXIS2_PLACEMENT_3D('',#3723,#2999,#3000);
#2557=AXIS2_PLACEMENT_3D('',#3729,#3004,#3005);
#2558=AXIS2_PLACEMENT_3D('',#3735,#3009,#3010);
#2559=AXIS2_PLACEMENT_3D('',#3738,#3013,#3014);
#2560=AXIS2_PLACEMENT_3D('',#3747,#3019,#3020);
#2561=AXIS2_PLACEMENT_3D('',#3753,#3024,#3025);
#2562=AXIS2_PLACEMENT_3D('',#3759,#3029,#3030);
#2563=AXIS2_PLACEMENT_3D('',#3762,#3033,#3034);
#2564=AXIS2_PLACEMENT_3D('',#3771,#3039,#3040);
#2565=AXIS2_PLACEMENT_3D('',#3777,#3044,#3045);
#2566=AXIS2_PLACEMENT_3D('',#3783,#3049,#3050);
#2567=AXIS2_PLACEMENT_3D('',#3786,#3053,#3054);
#2568=AXIS2_PLACEMENT_3D('',#3792,#3058,#3059);
#2569=AXIS2_PLACEMENT_3D('',#3796,#3062,#3063);
#2570=AXIS2_PLACEMENT_3D('',#3800,#3066,#3067);
#2571=AXIS2_PLACEMENT_3D('',#3802,#3069,#3070);
#2572=AXIS2_PLACEMENT_3D('',#3803,#3071,#3072);
#2573=AXIS2_PLACEMENT_3D('',#3812,#3077,#3078);
#2574=AXIS2_PLACEMENT_3D('',#3818,#3082,#3083);
#2575=AXIS2_PLACEMENT_3D('',#3823,#3087,#3088);
#2576=AXIS2_PLACEMENT_3D('',#3827,#3091,#3092);
#2577=AXIS2_PLACEMENT_3D('',#3830,#3095,#3096);
#2578=AXIS2_PLACEMENT_3D('',#3831,#3097,#3098);
#2579=AXIS2_PLACEMENT_3D('',#3841,#3104,#3105);
#2580=AXIS2_PLACEMENT_3D('',#3843,#3106,#3107);
#2581=AXIS2_PLACEMENT_3D('',#3846,#3109,#3110);
#2582=AXIS2_PLACEMENT_3D('',#3847,#3111,#3112);
#2583=AXIS2_PLACEMENT_3D('',#3850,#3114,#3115);
#2584=AXIS2_PLACEMENT_3D('',#3851,#3116,#3117);
#2585=AXIS2_PLACEMENT_3D('',#3852,#3118,#3119);
#2586=AXIS2_PLACEMENT_3D('',#3855,#3120,#3121);
#2587=AXIS2_PLACEMENT_3D('',#3859,#3123,#3124);
#2588=AXIS2_PLACEMENT_3D('',#3863,#3126,#3127);
#2589=AXIS2_PLACEMENT_3D('',#3872,#3129,#3130);
#2590=AXIS2_PLACEMENT_3D('',#3885,#3137,#3138);
#2591=AXIS2_PLACEMENT_3D('',#3889,#3140,#3141);
#2592=AXIS2_PLACEMENT_3D('',#3893,#3143,#3144);
#2593=AXIS2_PLACEMENT_3D('',#3895,#3146,#3147);
#2594=AXIS2_PLACEMENT_3D('',#3901,#3151,#3152);
#2595=AXIS2_PLACEMENT_3D('',#3904,#3153,#3154);
#2596=AXIS2_PLACEMENT_3D('',#3912,#3155,#3156);
#2597=AXIS2_PLACEMENT_3D('',#3914,#3158,#3159);
#2598=AXIS2_PLACEMENT_3D('',#3918,#3162,#3163);
#2599=AXIS2_PLACEMENT_3D('',#3921,#3166,#3167);
#2600=AXIS2_PLACEMENT_3D('',#3923,#3169,#3170);
#2601=AXIS2_PLACEMENT_3D('',#3924,#3171,#3172);
#2602=AXIS2_PLACEMENT_3D('',#3928,#3175,#3176);
#2603=AXIS2_PLACEMENT_3D('',#3930,#3177,#3178);
#2604=AXIS2_PLACEMENT_3D('',#3933,#3180,#3181);
#2605=AXIS2_PLACEMENT_3D('',#3934,#3182,#3183);
#2606=AXIS2_PLACEMENT_3D('',#3935,#3184,#3185);
#2607=AXIS2_PLACEMENT_3D('',#3937,#3186,#3187);
#2608=AXIS2_PLACEMENT_3D('',#3938,#3188,#3189);
#2609=AXIS2_PLACEMENT_3D('',#3940,#3190,#3191);
#2610=AXIS2_PLACEMENT_3D('',#3943,#3193,#3194);
#2611=AXIS2_PLACEMENT_3D('',#3945,#3195,#3196);
#2612=AXIS2_PLACEMENT_3D('',#3947,#3197,#3198);
#2613=AXIS2_PLACEMENT_3D('',#3948,#3199,#3200);
#2614=AXIS2_PLACEMENT_3D('',#3950,#3201,#3202);
#2615=AXIS2_PLACEMENT_3D('',#3955,#3206,#3207);
#2616=AXIS2_PLACEMENT_3D('',#3959,#3210,#3211);
#2617=AXIS2_PLACEMENT_3D('',#3961,#3212,#3213);
#2618=AXIS2_PLACEMENT_3D('',#3964,#3215,#3216);
#2619=AXIS2_PLACEMENT_3D('',#3965,#3217,#3218);
#2620=AXIS2_PLACEMENT_3D('',#3966,#3219,#3220);
#2621=AXIS2_PLACEMENT_3D('',#3969,#3222,#3223);
#2622=AXIS2_PLACEMENT_3D('',#3970,#3224,#3225);
#2623=AXIS2_PLACEMENT_3D('',#3971,#3226,#3227);
#2624=AXIS2_PLACEMENT_3D('',#3973,#3228,#3229);
#2625=AXIS2_PLACEMENT_3D('',#3976,#3231,#3232);
#2626=AXIS2_PLACEMENT_3D('',#3977,#3233,#3234);
#2627=AXIS2_PLACEMENT_3D('',#3978,#3235,#3236);
#2628=AXIS2_PLACEMENT_3D('',#3981,#3238,#3239);
#2629=AXIS2_PLACEMENT_3D('',#3982,#3240,#3241);
#2630=AXIS2_PLACEMENT_3D('',#3983,#3242,#3243);
#2631=AXIS2_PLACEMENT_3D('',#3985,#3244,#3245);
#2632=AXIS2_PLACEMENT_3D('',#3988,#3247,#3248);
#2633=AXIS2_PLACEMENT_3D('',#3989,#3249,#3250);
#2634=AXIS2_PLACEMENT_3D('',#3990,#3251,#3252);
#2635=AXIS2_PLACEMENT_3D('',#3991,#3253,#3254);
#2636=AXIS2_PLACEMENT_3D('',#3993,#3255,#3256);
#2637=AXIS2_PLACEMENT_3D('',#3996,#3258,#3259);
#2638=AXIS2_PLACEMENT_3D('',#3997,#3260,#3261);
#2639=AXIS2_PLACEMENT_3D('',#3998,#3262,#3263);
#2640=AXIS2_PLACEMENT_3D('',#4001,#3265,#3266);
#2641=AXIS2_PLACEMENT_3D('',#4002,#3267,#3268);
#2642=AXIS2_PLACEMENT_3D('',#4003,#3269,#3270);
#2643=AXIS2_PLACEMENT_3D('',#4004,#3271,#3272);
#2644=AXIS2_PLACEMENT_3D('',#4005,#3273,#3274);
#2645=AXIS2_PLACEMENT_3D('',#4006,#3275,#3276);
#2646=AXIS2_PLACEMENT_3D('',#4008,#3278,#3279);
#2647=AXIS2_PLACEMENT_3D('',#4010,#3281,#3282);
#2648=AXIS2_PLACEMENT_3D('',#4011,#3283,#3284);
#2649=AXIS2_PLACEMENT_3D('',#4017,#3288,#3289);
#2650=AXIS2_PLACEMENT_3D('',#4019,#3290,#3291);
#2651=AXIS2_PLACEMENT_3D('',#4021,#3293,#3294);
#2652=AXIS2_PLACEMENT_3D('',#4025,#3297,#3298);
#2653=AXIS2_PLACEMENT_3D('',#4026,#3299,#3300);
#2654=AXIS2_PLACEMENT_3D('',#4041,#3301,#3302);
#2655=AXIS2_PLACEMENT_3D('',#4043,#3304,#3305);
#2656=AXIS2_PLACEMENT_3D('',#4044,#3306,#3307);
#2657=AXIS2_PLACEMENT_3D('',#4046,#3309,#3310);
#2658=DIRECTION('axis',(0.,0.,1.));
#2659=DIRECTION('refdir',(1.,0.,0.));
#2660=DIRECTION('center_axis',(-1.04377216486038E-15,0.,1.));
#2661=DIRECTION('ref_axis',(-1.,-4.62354939480001E-17,0.));
#2662=DIRECTION('center_axis',(0.,0.,-1.));
#2663=DIRECTION('ref_axis',(-1.,-8.97063999656881E-17,0.));
#2664=DIRECTION('',(0.680081345566015,0.,-0.733136660802827));
#2665=DIRECTION('center_axis',(0.,0.,1.));
#2666=DIRECTION('ref_axis',(-1.,0.,0.));
#2667=DIRECTION('center_axis',(0.,-0.819152044288993,-0.573576436351045));
#2668=DIRECTION('ref_axis',(-1.,0.,0.));
#2669=DIRECTION('',(-1.,0.,0.));
#2670=DIRECTION('',(1.,0.,0.));
#2671=DIRECTION('center_axis',(-0.733136660802857,0.,-0.680081345565982));
#2672=DIRECTION('ref_axis',(-0.680081345565982,0.,0.733136660802857));
#2673=DIRECTION('',(0.680081345565954,0.,-0.733136660802883));
#2674=DIRECTION('',(0.,-1.,0.));
#2675=DIRECTION('',(0.,1.,0.));
#2676=DIRECTION('center_axis',(-1.04377216486038E-15,0.,1.));
#2677=DIRECTION('ref_axis',(-1.,0.,0.));
#2678=DIRECTION('',(1.72176218906557E-15,-0.680081345565991,-0.733136660802848));
#2679=DIRECTION('center_axis',(0.,0.,1.));
#2680=DIRECTION('ref_axis',(-1.,0.,0.));
#2681=DIRECTION('center_axis',(0.,0.,-1.));
#2682=DIRECTION('ref_axis',(-1.,0.,0.));
#2683=DIRECTION('center_axis',(0.,0.733136660802867,-0.680081345565971));
#2684=DIRECTION('ref_axis',(-1.,0.,0.));
#2685=DIRECTION('',(0.,-0.68008134556597,-0.733136660802868));
#2686=DIRECTION('',(-1.,0.,0.));
#2687=DIRECTION('',(1.,0.,0.));
#2688=DIRECTION('center_axis',(0.,0.,1.));
#2689=DIRECTION('ref_axis',(1.,0.,0.));
#2690=DIRECTION('',(-0.680081345565991,0.,-0.733136660802848));
#2691=DIRECTION('center_axis',(0.,0.,1.));
#2692=DIRECTION('ref_axis',(1.,0.,0.));
#2693=DIRECTION('center_axis',(0.,0.,-1.));
#2694=DIRECTION('ref_axis',(1.,0.,0.));
#2695=DIRECTION('center_axis',(0.733136660802873,0.,-0.680081345565965));
#2696=DIRECTION('ref_axis',(-0.680081345565965,0.,-0.733136660802873));
#2697=DIRECTION('',(-0.680081345565964,0.,-0.733136660802874));
#2698=DIRECTION('',(0.,1.,0.));
#2699=DIRECTION('',(0.,-1.,0.));
#2700=DIRECTION('center_axis',(0.,0.,1.));
#2701=DIRECTION('ref_axis',(1.,0.,0.));
#2702=DIRECTION('center_axis',(0.,0.,1.));
#2703=DIRECTION('ref_axis',(1.,0.,0.));
#2704=DIRECTION('center_axis',(0.,0.,-1.));
#2705=DIRECTION('ref_axis',(1.,0.,0.));
#2706=DIRECTION('center_axis',(0.,0.997185133525116,0.0749787268263277));
#2707=DIRECTION('ref_axis',(0.,-0.0749787268263277,0.997185133525116));
#2708=DIRECTION('',(0.,-0.0749787268263277,0.997185133525116));
#2709=DIRECTION('',(-1.,0.,0.));
#2710=DIRECTION('',(0.,-0.0749787268263277,0.997185133525116));
#2711=DIRECTION('center_axis',(0.,-0.997185133525116,-0.0749787268263277));
#2712=DIRECTION('ref_axis',(0.,-0.0749787268263277,0.997185133525116));
#2713=DIRECTION('',(1.,0.,0.));
#2714=DIRECTION('center_axis',(0.,-0.997185133525116,-0.0749787268263277));
#2715=DIRECTION('ref_axis',(0.,-0.0749787268263277,0.997185133525116));
#2716=DIRECTION('',(0.,-0.0749787268263277,0.997185133525116));
#2717=DIRECTION('center_axis',(0.,-0.997185133525116,-0.0749787268263277));
#2718=DIRECTION('ref_axis',(0.,-0.0749787268263277,0.997185133525116));
#2719=DIRECTION('',(-1.,0.,0.));
#2720=DIRECTION('center_axis',(0.,-0.997185133525116,-0.0749787268263277));
#2721=DIRECTION('ref_axis',(0.,-0.0749787268263277,0.997185133525116));
#2722=DIRECTION('',(0.,0.0749787268263277,-0.997185133525116));
#2723=DIRECTION('center_axis',(0.,0.,-1.));
#2724=DIRECTION('ref_axis',(1.,0.,0.));
#2725=DIRECTION('',(0.0749787268263277,0.,0.997185133525116));
#2726=DIRECTION('center_axis',(-0.997185133525116,0.,0.0749787268263277));
#2727=DIRECTION('ref_axis',(0.,1.,0.));
#2728=DIRECTION('',(0.0749787268263277,0.,0.997185133525116));
#2729=DIRECTION('',(0.0704801349381859,0.341169601873816,0.937355777352632));
#2730=DIRECTION('',(0.00729891811830156,-0.995250548894978,0.0970725023811918));
#2731=DIRECTION('',(-0.0749787268263277,0.,-0.997185133525116));
#2732=DIRECTION('',(0.,1.,0.));
#2733=DIRECTION('',(0.0749787268263277,0.,0.997185133525116));
#2734=DIRECTION('',(0.,-1.,0.));
#2735=DIRECTION('center_axis',(0.,0.,-1.));
#2736=DIRECTION('ref_axis',(1.,0.,0.));
#2737=DIRECTION('center_axis',(0.,0.939692620785908,-0.342020143325669));
#2738=DIRECTION('ref_axis',(9.49257915789435E-16,0.342020143325669,0.939692620785908));
#2739=DIRECTION('center_axis',(0.,0.,-1.));
#2740=DIRECTION('ref_axis',(-1.,0.,0.));
#2741=DIRECTION('center_axis',(0.,0.,1.));
#2742=DIRECTION('ref_axis',(1.,0.,0.));
#2743=DIRECTION('',(-1.,0.,0.));
#2744=DIRECTION('center_axis',(0.,0.,1.));
#2745=DIRECTION('ref_axis',(1.,0.,0.));
#2746=DIRECTION('',(0.,-1.,0.));
#2747=DIRECTION('',(-1.,0.,0.));
#2748=DIRECTION('',(0.,1.,0.));
#2749=DIRECTION('',(1.,0.,0.));
#2750=DIRECTION('',(0.,-1.,0.));
#2751=DIRECTION('center_axis',(0.,0.,1.));
#2752=DIRECTION('ref_axis',(1.,0.,0.));
#2753=DIRECTION('',(1.,0.,0.));
#2754=DIRECTION('center_axis',(0.,0.,1.));
#2755=DIRECTION('ref_axis',(1.,0.,0.));
#2756=DIRECTION('',(0.,1.,0.));
#2757=DIRECTION('center_axis',(0.,-0.939692620785909,0.342020143325668));
#2758=DIRECTION('ref_axis',(1.,0.,0.));
#2759=DIRECTION('center_axis',(0.,0.939692620785908,-0.342020143325669));
#2760=DIRECTION('ref_axis',(1.,0.,0.));
#2761=DIRECTION('',(0.,0.939692620785908,-0.342020143325669));
#2762=DIRECTION('center_axis',(0.,0.939692620785909,-0.342020143325668));
#2763=DIRECTION('ref_axis',(1.,0.,0.));
#2764=DIRECTION('',(0.,0.939692620785908,-0.342020143325669));
#2765=DIRECTION('center_axis',(0.,0.342020143325669,0.939692620785908));
#2766=DIRECTION('ref_axis',(0.,-0.939692620785908,0.342020143325669));
#2767=DIRECTION('',(-1.,0.,0.));
#2768=DIRECTION('',(-1.,0.,0.));
#2769=DIRECTION('',(0.,0.939692620785908,-0.342020143325669));
#2770=DIRECTION('center_axis',(0.,-0.939692620785909,0.342020143325668));
#2771=DIRECTION('ref_axis',(-1.,4.18853873767699E-17,1.15079156022785E-16));
#2772=DIRECTION('center_axis',(0.,0.939692620785908,-0.342020143325669));
#2773=DIRECTION('ref_axis',(1.,0.,0.));
#2774=DIRECTION('center_axis',(0.,0.939692620785909,-0.342020143325668));
#2775=DIRECTION('ref_axis',(1.,0.,0.));
#2776=DIRECTION('',(0.,0.939692620785908,-0.342020143325669));
#2777=DIRECTION('center_axis',(0.,-0.939692620785908,0.342020143325669));
#2778=DIRECTION('ref_axis',(1.,0.,0.));
#2779=DIRECTION('',(1.,0.,0.));
#2780=DIRECTION('center_axis',(0.,-0.342020143325669,-0.939692620785908));
#2781=DIRECTION('ref_axis',(0.,0.939692620785908,-0.342020143325669));
#2782=DIRECTION('',(1.,0.,0.));
#2783=DIRECTION('center_axis',(0.,-0.939692620785909,0.342020143325668));
#2784=DIRECTION('ref_axis',(1.,0.,0.));
#2785=DIRECTION('center_axis',(0.,0.939692620785908,-0.342020143325669));
#2786=DIRECTION('ref_axis',(1.,0.,0.));
#2787=DIRECTION('',(0.698323852075328,0.672615014981825,-0.2448118445739));
#2788=DIRECTION('center_axis',(0.,0.939692620785908,-0.342020143325669));
#2789=DIRECTION('ref_axis',(1.,0.,0.));
#2790=DIRECTION('center_axis',(0.,0.939692620785908,-0.342020143325669));
#2791=DIRECTION('ref_axis',(1.,0.,0.));
#2792=DIRECTION('',(0.,0.939692620785909,-0.342020143325669));
#2793=DIRECTION('center_axis',(0.,-0.939692620785908,0.342020143325669));
#2794=DIRECTION('ref_axis',(1.,0.,0.));
#2795=DIRECTION('center_axis',(0.,-1.,0.));
#2796=DIRECTION('ref_axis',(1.,0.,0.));
#2797=DIRECTION('center_axis',(0.,1.,0.));
#2798=DIRECTION('ref_axis',(1.,0.,0.));
#2799=DIRECTION('',(0.,1.,0.));
#2800=DIRECTION('',(0.,1.,0.));
#2801=DIRECTION('center_axis',(-1.,0.,0.));
#2802=DIRECTION('ref_axis',(0.,-1.,0.));
#2803=DIRECTION('',(0.,0.,-1.));
#2804=DIRECTION('',(0.,1.,0.));
#2805=DIRECTION('center_axis',(0.,-1.,0.));
#2806=DIRECTION('ref_axis',(1.,0.,0.));
#2807=DIRECTION('center_axis',(0.,1.,0.));
#2808=DIRECTION('ref_axis',(1.,0.,0.));
#2809=DIRECTION('',(0.,1.,0.));
#2810=DIRECTION('center_axis',(0.,0.,1.));
#2811=DIRECTION('ref_axis',(0.,-1.,0.));
#2812=DIRECTION('',(-1.,0.,0.));
#2813=DIRECTION('',(0.,1.,0.));
#2814=DIRECTION('center_axis',(0.,-1.,0.));
#2815=DIRECTION('ref_axis',(1.,0.,0.));
#2816=DIRECTION('center_axis',(0.,1.,0.));
#2817=DIRECTION('ref_axis',(1.,0.,0.));
#2818=DIRECTION('',(0.,1.,0.));
#2819=DIRECTION('',(0.,1.,0.));
#2820=DIRECTION('center_axis',(0.,-1.,0.));
#2821=DIRECTION('ref_axis',(1.,0.,0.));
#2822=DIRECTION('center_axis',(0.,1.,0.));
#2823=DIRECTION('ref_axis',(1.,0.,0.));
#2824=DIRECTION('',(0.,1.,0.));
#2825=DIRECTION('center_axis',(1.,0.,0.));
#2826=DIRECTION('ref_axis',(0.,1.,0.));
#2827=DIRECTION('',(0.,0.,1.));
#2828=DIRECTION('center_axis',(0.,0.,-1.));
#2829=DIRECTION('ref_axis',(0.,1.,0.));
#2830=DIRECTION('',(1.,0.,0.));
#2831=DIRECTION('center_axis',(1.,0.,0.));
#2832=DIRECTION('ref_axis',(0.,1.,0.));
#2833=DIRECTION('',(0.,-0.995959109476994,0.0898078629619579));
#2834=DIRECTION('',(0.,0.,1.));
#2835=DIRECTION('',(0.,1.,0.));
#2836=DIRECTION('',(0.,0.,-1.));
#2837=DIRECTION('center_axis',(0.,-1.,0.));
#2838=DIRECTION('ref_axis',(1.,0.,0.));
#2839=DIRECTION('',(-1.,0.,0.));
#2840=DIRECTION('',(0.,0.,-1.));
#2841=DIRECTION('',(-1.,0.,0.));
#2842=DIRECTION('center_axis',(0.,-1.,0.));
#2843=DIRECTION('ref_axis',(1.,0.,0.));
#2844=DIRECTION('',(1.,0.,0.));
#2845=DIRECTION('',(1.,0.,0.));
#2846=DIRECTION('',(0.,0.,1.));
#2847=DIRECTION('center_axis',(0.,0.,1.));
#2848=DIRECTION('ref_axis',(0.,-1.,0.));
#2849=DIRECTION('',(0.,1.,0.));
#2850=DIRECTION('center_axis',(-1.,0.,0.));
#2851=DIRECTION('ref_axis',(0.,-1.,0.));
#2852=DIRECTION('',(0.,0.995959109476994,-0.0898078629619579));
#2853=DIRECTION('center_axis',(0.,-1.,0.));
#2854=DIRECTION('ref_axis',(1.,0.,0.));
#2855=DIRECTION('',(-0.0749787268263277,0.,-0.997185133525116));
#2856=DIRECTION('',(-1.,0.,0.));
#2857=DIRECTION('',(0.,0.,1.));
#2858=DIRECTION('',(1.,0.,0.));
#2859=DIRECTION('center_axis',(0.,0.,1.));
#2860=DIRECTION('ref_axis',(0.,-1.,0.));
#2861=DIRECTION('',(0.,1.,0.));
#2862=DIRECTION('',(0.,-1.,0.));
#2863=DIRECTION('',(-1.,0.,0.));
#2864=DIRECTION('center_axis',(0.,-1.,0.));
#2865=DIRECTION('ref_axis',(1.,0.,0.));
#2866=DIRECTION('',(0.0749787268263277,0.,0.997185133525116));
#2867=DIRECTION('',(0.,0.,-1.));
#2868=DIRECTION('',(1.,0.,0.));
#2869=DIRECTION('center_axis',(0.,0.,-1.));
#2870=DIRECTION('ref_axis',(0.,1.,0.));
#2871=DIRECTION('',(0.,-1.,0.));
#2872=DIRECTION('',(0.,1.,0.));
#2873=DIRECTION('center_axis',(0.,-1.,0.));
#2874=DIRECTION('ref_axis',(1.,0.,0.));
#2875=DIRECTION('',(-0.0749787268263277,0.,-0.997185133525116));
#2876=DIRECTION('',(-1.,0.,0.));
#2877=DIRECTION('',(0.,0.,1.));
#2878=DIRECTION('',(1.,0.,0.));
#2879=DIRECTION('center_axis',(0.,0.,1.));
#2880=DIRECTION('ref_axis',(0.,-1.,0.));
#2881=DIRECTION('',(0.,1.,0.));
#2882=DIRECTION('',(0.,-1.,0.));
#2883=DIRECTION('',(-1.,0.,0.));
#2884=DIRECTION('center_axis',(0.,-1.,0.));
#2885=DIRECTION('ref_axis',(1.,0.,0.));
#2886=DIRECTION('',(0.0749787268263277,0.,0.997185133525116));
#2887=DIRECTION('',(0.,0.,-1.));
#2888=DIRECTION('',(1.,0.,0.));
#2889=DIRECTION('center_axis',(0.,0.,-1.));
#2890=DIRECTION('ref_axis',(0.,1.,0.));
#2891=DIRECTION('',(0.,-1.,0.));
#2892=DIRECTION('',(0.,1.,0.));
#2893=DIRECTION('center_axis',(0.,-1.,0.));
#2894=DIRECTION('ref_axis',(1.,0.,0.));
#2895=DIRECTION('',(-0.0749787268263277,0.,-0.997185133525116));
#2896=DIRECTION('',(-1.,0.,0.));
#2897=DIRECTION('',(0.,0.,1.));
#2898=DIRECTION('',(1.,0.,0.));
#2899=DIRECTION('center_axis',(0.,0.,1.));
#2900=DIRECTION('ref_axis',(0.,-1.,0.));
#2901=DIRECTION('',(0.,1.,0.));
#2902=DIRECTION('',(0.,-1.,0.));
#2903=DIRECTION('',(-1.,0.,0.));
#2904=DIRECTION('center_axis',(0.,-1.,0.));
#2905=DIRECTION('ref_axis',(1.,0.,0.));
#2906=DIRECTION('',(0.0749787268263277,0.,0.997185133525116));
#2907=DIRECTION('',(0.,0.,-1.));
#2908=DIRECTION('',(1.,0.,0.));
#2909=DIRECTION('center_axis',(0.,0.,-1.));
#2910=DIRECTION('ref_axis',(0.,1.,0.));
#2911=DIRECTION('',(0.,-1.,0.));
#2912=DIRECTION('',(0.,1.,0.));
#2913=DIRECTION('center_axis',(0.,-1.,0.));
#2914=DIRECTION('ref_axis',(1.,0.,0.));
#2915=DIRECTION('',(-0.0749787268263277,0.,-0.997185133525116));
#2916=DIRECTION('',(-1.,0.,0.));
#2917=DIRECTION('',(0.,0.,1.));
#2918=DIRECTION('',(1.,0.,0.));
#2919=DIRECTION('center_axis',(0.,0.,1.));
#2920=DIRECTION('ref_axis',(0.,-1.,0.));
#2921=DIRECTION('',(0.,1.,0.));
#2922=DIRECTION('',(0.,-1.,0.));
#2923=DIRECTION('',(-1.,0.,0.));
#2924=DIRECTION('center_axis',(0.,-1.,0.));
#2925=DIRECTION('ref_axis',(1.,0.,0.));
#2926=DIRECTION('',(0.0749787268263277,0.,0.997185133525116));
#2927=DIRECTION('',(0.,0.,-1.));
#2928=DIRECTION('',(1.,0.,0.));
#2929=DIRECTION('center_axis',(0.,0.,-1.));
#2930=DIRECTION('ref_axis',(0.,1.,0.));
#2931=DIRECTION('',(0.,-1.,0.));
#2932=DIRECTION('',(0.,1.,0.));
#2933=DIRECTION('center_axis',(0.,-1.,0.));
#2934=DIRECTION('ref_axis',(1.,0.,0.));
#2935=DIRECTION('',(-0.0749787268263277,0.,-0.997185133525116));
#2936=DIRECTION('',(-1.,0.,0.));
#2937=DIRECTION('',(0.,0.,1.));
#2938=DIRECTION('',(1.,0.,0.));
#2939=DIRECTION('center_axis',(0.,0.,1.));
#2940=DIRECTION('ref_axis',(0.,-1.,0.));
#2941=DIRECTION('',(0.,1.,0.));
#2942=DIRECTION('',(0.,-1.,0.));
#2943=DIRECTION('',(-1.,0.,0.));
#2944=DIRECTION('center_axis',(0.,-1.,0.));
#2945=DIRECTION('ref_axis',(1.,0.,0.));
#2946=DIRECTION('',(0.0749787268263277,0.,0.997185133525116));
#2947=DIRECTION('',(0.,0.,-1.));
#2948=DIRECTION('',(1.,0.,0.));
#2949=DIRECTION('center_axis',(0.,0.,-1.));
#2950=DIRECTION('ref_axis',(0.,1.,0.));
#2951=DIRECTION('',(0.,-1.,0.));
#2952=DIRECTION('',(0.,1.,0.));
#2953=DIRECTION('center_axis',(0.,-1.,0.));
#2954=DIRECTION('ref_axis',(1.,0.,0.));
#2955=DIRECTION('',(-0.0749787268263277,0.,-0.997185133525116));
#2956=DIRECTION('',(-1.,0.,0.));
#2957=DIRECTION('',(0.,0.,1.));
#2958=DIRECTION('',(1.,0.,0.));
#2959=DIRECTION('center_axis',(0.,0.,1.));
#2960=DIRECTION('ref_axis',(0.,-1.,0.));
#2961=DIRECTION('',(0.,1.,0.));
#2962=DIRECTION('',(0.,-1.,0.));
#2963=DIRECTION('',(-1.,0.,0.));
#2964=DIRECTION('center_axis',(0.,-1.,0.));
#2965=DIRECTION('ref_axis',(1.,0.,0.));
#2966=DIRECTION('',(0.0749787268263277,0.,0.997185133525116));
#2967=DIRECTION('',(0.,0.,-1.));
#2968=DIRECTION('',(1.,0.,0.));
#2969=DIRECTION('center_axis',(0.,0.,-1.));
#2970=DIRECTION('ref_axis',(0.,1.,0.));
#2971=DIRECTION('',(0.,-1.,0.));
#2972=DIRECTION('',(0.,1.,0.));
#2973=DIRECTION('center_axis',(0.,-1.,0.));
#2974=DIRECTION('ref_axis',(1.,0.,0.));
#2975=DIRECTION('',(-0.0749787268263277,0.,-0.997185133525116));
#2976=DIRECTION('',(-1.,0.,0.));
#2977=DIRECTION('',(0.,0.,1.));
#2978=DIRECTION('',(1.,0.,0.));
#2979=DIRECTION('center_axis',(0.,0.,1.));
#2980=DIRECTION('ref_axis',(0.,-1.,0.));
#2981=DIRECTION('',(0.,1.,0.));
#2982=DIRECTION('',(0.,-1.,0.));
#2983=DIRECTION('',(-1.,0.,0.));
#2984=DIRECTION('center_axis',(0.,-1.,0.));
#2985=DIRECTION('ref_axis',(1.,0.,0.));
#2986=DIRECTION('',(0.0749787268263277,0.,0.997185133525116));
#2987=DIRECTION('',(0.,0.,-1.));
#2988=DIRECTION('',(1.,0.,0.));
#2989=DIRECTION('center_axis',(0.,0.,-1.));
#2990=DIRECTION('ref_axis',(0.,1.,0.));
#2991=DIRECTION('',(0.,-1.,0.));
#2992=DIRECTION('',(0.,1.,0.));
#2993=DIRECTION('center_axis',(0.,-1.,0.));
#2994=DIRECTION('ref_axis',(1.,0.,0.));
#2995=DIRECTION('',(-0.0749787268263277,0.,-0.997185133525116));
#2996=DIRECTION('',(-1.,0.,0.));
#2997=DIRECTION('',(0.,0.,1.));
#2998=DIRECTION('',(1.,0.,0.));
#2999=DIRECTION('center_axis',(0.,0.,1.));
#3000=DIRECTION('ref_axis',(0.,-1.,0.));
#3001=DIRECTION('',(0.,1.,0.));
#3002=DIRECTION('',(0.,-1.,0.));
#3003=DIRECTION('',(-1.,0.,0.));
#3004=DIRECTION('center_axis',(0.,-1.,0.));
#3005=DIRECTION('ref_axis',(1.,0.,0.));
#3006=DIRECTION('',(0.0749787268263277,0.,0.997185133525116));
#3007=DIRECTION('',(0.,0.,-1.));
#3008=DIRECTION('',(1.,0.,0.));
#3009=DIRECTION('center_axis',(0.,0.,-1.));
#3010=DIRECTION('ref_axis',(0.,1.,0.));
#3011=DIRECTION('',(0.,-1.,0.));
#3012=DIRECTION('',(0.,1.,0.));
#3013=DIRECTION('center_axis',(0.,-1.,0.));
#3014=DIRECTION('ref_axis',(1.,0.,0.));
#3015=DIRECTION('',(-0.0749787268263277,0.,-0.997185133525116));
#3016=DIRECTION('',(-1.,0.,0.));
#3017=DIRECTION('',(0.,0.,1.));
#3018=DIRECTION('',(1.,0.,0.));
#3019=DIRECTION('center_axis',(0.,0.,1.));
#3020=DIRECTION('ref_axis',(0.,-1.,0.));
#3021=DIRECTION('',(0.,1.,0.));
#3022=DIRECTION('',(0.,-1.,0.));
#3023=DIRECTION('',(-1.,0.,0.));
#3024=DIRECTION('center_axis',(0.,-1.,0.));
#3025=DIRECTION('ref_axis',(1.,0.,0.));
#3026=DIRECTION('',(0.0749787268263277,0.,0.997185133525116));
#3027=DIRECTION('',(0.,0.,-1.));
#3028=DIRECTION('',(1.,0.,0.));
#3029=DIRECTION('center_axis',(0.,0.,-1.));
#3030=DIRECTION('ref_axis',(0.,1.,0.));
#3031=DIRECTION('',(0.,-1.,0.));
#3032=DIRECTION('',(0.,1.,0.));
#3033=DIRECTION('center_axis',(0.,-1.,0.));
#3034=DIRECTION('ref_axis',(1.,0.,0.));
#3035=DIRECTION('',(-0.0749787268263277,0.,-0.997185133525116));
#3036=DIRECTION('',(-1.,0.,0.));
#3037=DIRECTION('',(0.,0.,1.));
#3038=DIRECTION('',(1.,0.,0.));
#3039=DIRECTION('center_axis',(0.,0.,1.));
#3040=DIRECTION('ref_axis',(0.,-1.,0.));
#3041=DIRECTION('',(0.,1.,0.));
#3042=DIRECTION('',(0.,-1.,0.));
#3043=DIRECTION('',(-1.,0.,0.));
#3044=DIRECTION('center_axis',(0.,-1.,0.));
#3045=DIRECTION('ref_axis',(1.,0.,0.));
#3046=DIRECTION('',(0.0749787268263277,0.,0.997185133525116));
#3047=DIRECTION('',(0.,0.,-1.));
#3048=DIRECTION('',(1.,0.,0.));
#3049=DIRECTION('center_axis',(0.,0.,-1.));
#3050=DIRECTION('ref_axis',(0.,1.,0.));
#3051=DIRECTION('',(0.,-1.,0.));
#3052=DIRECTION('',(0.,1.,0.));
#3053=DIRECTION('center_axis',(0.,-1.,0.));
#3054=DIRECTION('ref_axis',(1.,0.,0.));
#3055=DIRECTION('',(-1.,0.,0.));
#3056=DIRECTION('',(-0.0749787268263277,0.,-0.997185133525116));
#3057=DIRECTION('',(1.,0.,0.));
#3058=DIRECTION('center_axis',(0.,0.,-1.));
#3059=DIRECTION('ref_axis',(0.,1.,0.));
#3060=DIRECTION('',(0.,1.,0.));
#3061=DIRECTION('',(-1.,0.,0.));
#3062=DIRECTION('center_axis',(0.,-1.,0.));
#3063=DIRECTION('ref_axis',(1.,0.,0.));
#3064=DIRECTION('',(0.0749787268263277,0.,0.997185133525116));
#3065=DIRECTION('',(1.,0.,0.));
#3066=DIRECTION('center_axis',(0.,0.,1.));
#3067=DIRECTION('ref_axis',(0.,-1.,0.));
#3068=DIRECTION('',(0.,-1.,0.));
#3069=DIRECTION('center_axis',(-0.997185133525116,0.,0.0749787268263277));
#3070=DIRECTION('ref_axis',(0.,1.,0.));
#3071=DIRECTION('center_axis',(0.,0.,1.));
#3072=DIRECTION('ref_axis',(0.,-1.,0.));
#3073=DIRECTION('',(0.,-1.,0.));
#3074=DIRECTION('',(-1.,0.,0.));
#3075=DIRECTION('',(0.,1.,0.));
#3076=DIRECTION('',(1.,0.,0.));
#3077=DIRECTION('center_axis',(-1.,0.,0.));
#3078=DIRECTION('ref_axis',(0.,-1.,0.));
#3079=DIRECTION('',(0.,0.,-1.));
#3080=DIRECTION('',(0.,1.,0.));
#3081=DIRECTION('',(0.,0.,1.));
#3082=DIRECTION('center_axis',(0.,-1.,0.));
#3083=DIRECTION('ref_axis',(1.,0.,0.));
#3084=DIRECTION('',(-1.,0.,0.));
#3085=DIRECTION('',(0.,0.,1.));
#3086=DIRECTION('',(0.,0.,1.));
#3087=DIRECTION('center_axis',(0.,0.,-1.));
#3088=DIRECTION('ref_axis',(0.,1.,0.));
#3089=DIRECTION('',(1.,0.,0.));
#3090=DIRECTION('',(0.,1.,0.));
#3091=DIRECTION('center_axis',(0.,-1.,0.));
#3092=DIRECTION('ref_axis',(1.,0.,0.));
#3093=DIRECTION('',(0.,0.,-1.));
#3094=DIRECTION('',(0.,0.,-1.));
#3095=DIRECTION('center_axis',(-1.,0.,0.));
#3096=DIRECTION('ref_axis',(0.,-1.,0.));
#3097=DIRECTION('center_axis',(1.,0.,0.));
#3098=DIRECTION('ref_axis',(0.,1.,0.));
#3099=DIRECTION('',(0.,0.,1.));
#3100=DIRECTION('',(0.,0.995959109476994,-0.0898078629619579));
#3101=DIRECTION('',(0.,-0.342020143325669,-0.939692620785909));
#3102=DIRECTION('',(0.,-0.939692620785909,0.342020143325669));
#3103=DIRECTION('',(0.,0.,-1.));
#3104=DIRECTION('center_axis',(0.,0.,1.));
#3105=DIRECTION('ref_axis',(1.,0.,0.));
#3106=DIRECTION('center_axis',(0.,0.0898078629619579,0.995959109476994));
#3107=DIRECTION('ref_axis',(1.56783056329258E-12,0.995959109476994,-0.0898078629619583));
#3108=DIRECTION('',(0.422885465331124,5.178853315237E-17,-0.906183139995265));
#3109=DIRECTION('center_axis',(0.,0.,-1.));
#3110=DIRECTION('ref_axis',(1.,0.,0.));
#3111=DIRECTION('center_axis',(0.,0.,1.));
#3112=DIRECTION('ref_axis',(1.,0.,0.));
#3113=DIRECTION('',(0.,0.,-1.));
#3114=DIRECTION('center_axis',(0.,0.,-1.));
#3115=DIRECTION('ref_axis',(1.,0.,0.));
#3116=DIRECTION('center_axis',(0.,0.,-1.));
#3117=DIRECTION('ref_axis',(-1.,0.,0.));
#3118=DIRECTION('center_axis',(0.,-0.939692620785908,0.342020143325669));
#3119=DIRECTION('ref_axis',(1.,0.,0.));
#3120=DIRECTION('center_axis',(0.,-0.939692620785908,0.342020143325669));
#3121=DIRECTION('ref_axis',(1.,0.,0.));
#3122=DIRECTION('',(0.,0.939692620785909,-0.342020143325669));
#3123=DIRECTION('center_axis',(0.,0.939692620785908,-0.342020143325669));
#3124=DIRECTION('ref_axis',(1.,0.,0.));
#3125=DIRECTION('',(0.,0.939692620785909,-0.342020143325669));
#3126=DIRECTION('center_axis',(0.,0.939692620785908,-0.342020143325669));
#3127=DIRECTION('ref_axis',(1.,0.,0.));
#3128=DIRECTION('',(0.,0.939692620785909,-0.342020143325669));
#3129=DIRECTION('center_axis',(0.,-0.939692620785908,0.342020143325669));
#3130=DIRECTION('ref_axis',(1.,0.,0.));
#3131=DIRECTION('',(0.,0.342020143325669,0.939692620785909));
#3132=DIRECTION('',(0.,-0.342020143325669,-0.939692620785908));
#3133=DIRECTION('',(0.695001600721615,-0.245915283650834,-0.675646688929445));
#3134=DIRECTION('',(1.,0.,0.));
#3135=DIRECTION('',(0.695001600721615,0.245915283650834,0.675646688929445));
#3136=DIRECTION('',(0.,0.342020143325669,0.939692620785909));
#3137=DIRECTION('center_axis',(0.,0.939692620785908,-0.342020143325669));
#3138=DIRECTION('ref_axis',(1.,0.,0.));
#3139=DIRECTION('',(-1.,0.,0.));
#3140=DIRECTION('center_axis',(0.,0.939692620785908,-0.342020143325669));
#3141=DIRECTION('ref_axis',(0.,0.342020143325669,0.939692620785908));
#3142=DIRECTION('',(-1.,0.,0.));
#3143=DIRECTION('center_axis',(0.,0.939692620785908,-0.342020143325669));
#3144=DIRECTION('ref_axis',(0.,0.342020143325669,0.939692620785908));
#3145=DIRECTION('',(-1.,0.,0.));
#3146=DIRECTION('center_axis',(1.,0.,0.));
#3147=DIRECTION('ref_axis',(0.,0.939692620785909,-0.342020143325669));
#3148=DIRECTION('',(0.,0.342020143325669,0.939692620785908));
#3149=DIRECTION('',(0.,0.939692620785909,-0.342020143325669));
#3150=DIRECTION('',(0.,0.995959109476994,-0.0898078629619579));
#3151=DIRECTION('center_axis',(0.,-0.939692620785908,0.342020143325669));
#3152=DIRECTION('ref_axis',(1.,0.,0.));
#3153=DIRECTION('center_axis',(0.,-0.939692620785908,0.342020143325669));
#3154=DIRECTION('ref_axis',(1.,0.,0.));
#3155=DIRECTION('center_axis',(0.,0.939692620785908,-0.342020143325669));
#3156=DIRECTION('ref_axis',(1.,0.,0.));
#3157=DIRECTION('',(0.,0.939692620785909,-0.342020143325669));
#3158=DIRECTION('center_axis',(-1.,0.,0.));
#3159=DIRECTION('ref_axis',(0.,-0.939692620785909,0.342020143325669));
#3160=DIRECTION('',(0.,-0.342020143325669,-0.939692620785908));
#3161=DIRECTION('',(0.,-0.995959109476994,0.0898078629619579));
#3162=DIRECTION('center_axis',(0.,0.342020143325669,0.939692620785908));
#3163=DIRECTION('ref_axis',(0.,-0.939692620785909,0.342020143325669));
#3164=DIRECTION('',(1.,0.,0.));
#3165=DIRECTION('',(-1.,0.,0.));
#3166=DIRECTION('center_axis',(0.,0.,1.));
#3167=DIRECTION('ref_axis',(1.,0.,0.));
#3168=DIRECTION('',(0.,0.,1.));
#3169=DIRECTION('center_axis',(0.,0.939692620785908,-0.342020143325669));
#3170=DIRECTION('ref_axis',(0.,0.342020143325669,0.939692620785908));
#3171=DIRECTION('center_axis',(-1.,0.,0.));
#3172=DIRECTION('ref_axis',(0.,-1.,0.));
#3173=DIRECTION('',(0.,-0.995959109476994,0.0898078629619579));
#3174=DIRECTION('',(0.,0.,-1.));
#3175=DIRECTION('center_axis',(0.,0.,1.));
#3176=DIRECTION('ref_axis',(1.,0.,0.));
#3177=DIRECTION('center_axis',(0.,0.0898078629619579,0.995959109476994));
#3178=DIRECTION('ref_axis',(0.,0.995959109476994,-0.0898078629619579));
#3179=DIRECTION('',(0.,0.,-1.));
#3180=DIRECTION('center_axis',(0.,0.,-1.));
#3181=DIRECTION('ref_axis',(1.,0.,0.));
#3182=DIRECTION('center_axis',(0.,0.0898078629619579,0.995959109476994));
#3183=DIRECTION('ref_axis',(0.,0.995959109476994,-0.0898078629619579));
#3184=DIRECTION('center_axis',(0.,0.0898078629619579,0.995959109476994));
#3185=DIRECTION('ref_axis',(0.,-0.995959109476994,0.0898078629619579));
#3186=DIRECTION('center_axis',(0.,0.0898078629619579,0.995959109476994));
#3187=DIRECTION('ref_axis',(0.,0.995959109476994,-0.0898078629619579));
#3188=DIRECTION('center_axis',(0.,0.0898078629619579,0.995959109476994));
#3189=DIRECTION('ref_axis',(0.,0.995959109476994,-0.0898078629619579));
#3190=DIRECTION('center_axis',(0.,-0.0898078629619579,-0.995959109476994));
#3191=DIRECTION('ref_axis',(0.,0.995959109476994,-0.0898078629619578));
#3192=DIRECTION('',(1.,0.,0.));
#3193=DIRECTION('center_axis',(0.,-0.0898078629619579,-0.995959109476994));
#3194=DIRECTION('ref_axis',(0.,0.995959109476994,-0.0898078629619578));
#3195=DIRECTION('center_axis',(0.,0.0898078629619579,0.995959109476994));
#3196=DIRECTION('ref_axis',(0.,0.995959109476994,-0.0898078629619579));
#3197=DIRECTION('center_axis',(0.,0.0898078629619579,0.995959109476994));
#3198=DIRECTION('ref_axis',(0.,0.995959109476994,-0.0898078629619579));
#3199=DIRECTION('center_axis',(0.,-0.939692620785908,0.342020143325669));
#3200=DIRECTION('ref_axis',(0.,-0.342020143325669,-0.939692620785908));
#3201=DIRECTION('center_axis',(0.,0.939692620785908,-0.342020143325669));
#3202=DIRECTION('ref_axis',(1.66445223590476E-15,-0.342020143325669,-0.939692620785908));
#3203=DIRECTION('',(0.0704801349381859,-0.341169601873816,-0.937355777352632));
#3204=DIRECTION('',(0.695001600721615,-0.245915283650834,-0.675646688929445));
#3205=DIRECTION('',(0.695001600721615,0.245915283650834,0.675646688929445));
#3206=DIRECTION('center_axis',(-0.707106781186548,0.0635037489042726,0.704249440095697));
#3207=DIRECTION('ref_axis',(0.,0.995959109476994,-0.0898078629619579));
#3208=DIRECTION('',(0.,0.995959109476994,-0.0898078629619579));
#3209=DIRECTION('',(0.707106781186547,0.0635037489042726,0.704249440095697));
#3210=DIRECTION('center_axis',(0.,0.,1.));
#3211=DIRECTION('ref_axis',(1.,0.,0.));
#3212=DIRECTION('center_axis',(0.,0.,1.));
#3213=DIRECTION('ref_axis',(1.,0.,0.));
#3214=DIRECTION('',(0.,0.,1.));
#3215=DIRECTION('center_axis',(0.,0.,1.));
#3216=DIRECTION('ref_axis',(1.,0.,0.));
#3217=DIRECTION('center_axis',(0.,0.,1.));
#3218=DIRECTION('ref_axis',(1.,0.,0.));
#3219=DIRECTION('center_axis',(0.,0.,1.));
#3220=DIRECTION('ref_axis',(1.,0.,0.));
#3221=DIRECTION('',(0.,0.,-1.));
#3222=DIRECTION('center_axis',(0.,0.,-1.));
#3223=DIRECTION('ref_axis',(1.,0.,0.));
#3224=DIRECTION('center_axis',(0.,0.,-1.));
#3225=DIRECTION('ref_axis',(-1.,0.,0.));
#3226=DIRECTION('center_axis',(0.,0.,1.));
#3227=DIRECTION('ref_axis',(1.,0.,0.));
#3228=DIRECTION('center_axis',(0.,0.,1.));
#3229=DIRECTION('ref_axis',(1.,0.,0.));
#3230=DIRECTION('',(0.,0.,1.));
#3231=DIRECTION('center_axis',(0.,0.,1.));
#3232=DIRECTION('ref_axis',(1.,0.,0.));
#3233=DIRECTION('center_axis',(0.,0.,1.));
#3234=DIRECTION('ref_axis',(1.,0.,0.));
#3235=DIRECTION('center_axis',(0.,0.,1.));
#3236=DIRECTION('ref_axis',(1.,0.,0.));
#3237=DIRECTION('',(0.,0.,-1.));
#3238=DIRECTION('center_axis',(0.,0.,-1.));
#3239=DIRECTION('ref_axis',(1.,0.,0.));
#3240=DIRECTION('center_axis',(0.,0.,-1.));
#3241=DIRECTION('ref_axis',(-1.,0.,0.));
#3242=DIRECTION('center_axis',(0.,0.,1.));
#3243=DIRECTION('ref_axis',(1.,0.,0.));
#3244=DIRECTION('center_axis',(0.,0.,1.));
#3245=DIRECTION('ref_axis',(1.,0.,0.));
#3246=DIRECTION('',(0.,0.,1.));
#3247=DIRECTION('center_axis',(0.,0.,1.));
#3248=DIRECTION('ref_axis',(1.,0.,0.));
#3249=DIRECTION('center_axis',(0.,0.,1.));
#3250=DIRECTION('ref_axis',(1.,0.,0.));
#3251=DIRECTION('center_axis',(0.,0.,-1.));
#3252=DIRECTION('ref_axis',(-1.,0.,0.));
#3253=DIRECTION('center_axis',(0.,0.,1.));
#3254=DIRECTION('ref_axis',(1.,0.,0.));
#3255=DIRECTION('center_axis',(0.,0.,1.));
#3256=DIRECTION('ref_axis',(1.,0.,0.));
#3257=DIRECTION('',(0.,0.,1.));
#3258=DIRECTION('center_axis',(0.,0.,1.));
#3259=DIRECTION('ref_axis',(1.,0.,0.));
#3260=DIRECTION('center_axis',(0.,0.,1.));
#3261=DIRECTION('ref_axis',(1.,0.,0.));
#3262=DIRECTION('center_axis',(0.,0.,1.));
#3263=DIRECTION('ref_axis',(1.,0.,0.));
#3264=DIRECTION('',(0.,0.,-1.));
#3265=DIRECTION('center_axis',(0.,0.,-1.));
#3266=DIRECTION('ref_axis',(1.,0.,0.));
#3267=DIRECTION('center_axis',(0.,0.,-1.));
#3268=DIRECTION('ref_axis',(-1.,0.,0.));
#3269=DIRECTION('center_axis',(0.,0.,1.));
#3270=DIRECTION('ref_axis',(1.,0.,0.));
#3271=DIRECTION('center_axis',(0.,0.939692620785908,-0.342020143325669));
#3272=DIRECTION('ref_axis',(0.,0.342020143325669,0.939692620785908));
#3273=DIRECTION('center_axis',(0.,-0.939692620785908,0.342020143325669));
#3274=DIRECTION('ref_axis',(0.,-0.342020143325669,-0.939692620785908));
#3275=DIRECTION('center_axis',(0.,0.,1.));
#3276=DIRECTION('ref_axis',(1.,0.,0.));
#3277=DIRECTION('',(0.,0.,-1.));
#3278=DIRECTION('center_axis',(0.,0.,1.));
#3279=DIRECTION('ref_axis',(1.,0.,0.));
#3280=DIRECTION('',(0.,0.,1.));
#3281=DIRECTION('center_axis',(0.,-1.,0.));
#3282=DIRECTION('ref_axis',(1.,0.,0.));
#3283=DIRECTION('center_axis',(0.707106781186548,0.0635037489042726,0.704249440095697));
#3284=DIRECTION('ref_axis',(0.,0.995959109476994,-0.0898078629619579));
#3285=DIRECTION('',(0.00729891811830156,0.995250548894978,-0.0970725023811918));
#3286=DIRECTION('',(-0.707106781186547,0.0635037489042726,0.704249440095697));
#3287=DIRECTION('',(0.,-0.995959109476994,0.0898078629619579));
#3288=DIRECTION('center_axis',(0.,-0.0898078629619579,-0.995959109476994));
#3289=DIRECTION('ref_axis',(1.,0.,0.));
#3290=DIRECTION('center_axis',(0.,-0.0898078629619579,-0.995959109476994));
#3291=DIRECTION('ref_axis',(1.,0.,0.));
#3292=DIRECTION('',(0.,-0.640745691191425,0.76775318899997));
#3293=DIRECTION('center_axis',(0.,0.76775318899997,0.640745691191425));
#3294=DIRECTION('ref_axis',(0.,-0.640745691191425,0.76775318899997));
#3295=DIRECTION('',(1.,0.,0.));
#3296=DIRECTION('',(0.,-0.640745691191425,0.76775318899997));
#3297=DIRECTION('center_axis',(0.,-0.0898078629619579,-0.995959109476994));
#3298=DIRECTION('ref_axis',(1.,0.,0.));
#3299=DIRECTION('center_axis',(0.,-0.0898078629619579,-0.995959109476994));
#3300=DIRECTION('ref_axis',(1.,0.,0.));
#3301=DIRECTION('center_axis',(0.,0.,-1.));
#3302=DIRECTION('ref_axis',(1.,0.,0.));
#3303=DIRECTION('',(-0.0749787268263277,0.,0.997185133525116));
#3304=DIRECTION('center_axis',(0.,0.0898078629619579,0.995959109476994));
#3305=DIRECTION('ref_axis',(0.,-0.995959109476994,0.0898078629619579));
#3306=DIRECTION('center_axis',(0.997185133525116,0.,0.0749787268263277));
#3307=DIRECTION('ref_axis',(0.,1.,0.));
#3308=DIRECTION('',(-0.0749787268263277,0.,0.997185133525116));
#3309=DIRECTION('center_axis',(0.,0.,-1.));
#3310=DIRECTION('ref_axis',(1.,0.,0.));
#3311=CARTESIAN_POINT('',(0.,0.,0.));
#3312=CARTESIAN_POINT('Origin',(-0.6,10.,1.89887405341004));
#3313=CARTESIAN_POINT('',(-8.91846032649823,0.83631191672403,2.29774810682008));
#3314=CARTESIAN_POINT('',(-12.9761852560109,10.,2.29774810682009));
#3315=CARTESIAN_POINT('Origin',(-0.600000000000001,10.,2.29774810682009));
#3316=CARTESIAN_POINT('',(-12.2361682374719,10.,1.5));
#3317=CARTESIAN_POINT('',(-12.9761852560109,10.,2.29774810682009));
#3318=CARTESIAN_POINT('',(-8.37868385209056,1.3459553513993,1.5));
#3319=CARTESIAN_POINT('Origin',(-0.6,10.,1.5));
#3320=CARTESIAN_POINT('',(-8.83622732965213,0.819571466059836,2.25175409662872));
#3321=CARTESIAN_POINT('Ctrl Pts',(-8.37868385209056,1.34595535139929,1.5));
#3322=CARTESIAN_POINT('Ctrl Pts',(-8.53107925086923,1.17063419495137,1.75038456012083));
#3323=CARTESIAN_POINT('Ctrl Pts',(-8.68384656374242,0.994881867144738,2.00138489675816));
#3324=CARTESIAN_POINT('Ctrl Pts',(-8.83622732965213,0.819571466059835,2.25175409662873));
#3325=CARTESIAN_POINT('Ctrl Pts',(-8.83622732965213,0.819571466059836,2.25175409662872));
#3326=CARTESIAN_POINT('Ctrl Pts',(-8.87729731239265,0.827900113518517,2.27463686745604));
#3327=CARTESIAN_POINT('Ctrl Pts',(-8.91846032649823,0.83631191672403,2.29774810682008));
#3328=CARTESIAN_POINT('Origin',(-0.3,1.08276340872957,1.87587704831436));
#3329=CARTESIAN_POINT('',(134.136227329652,0.819571466059837,2.25175409662872));
#3330=CARTESIAN_POINT('',(-0.3,0.819571466059837,2.25175409662872));
#3331=CARTESIAN_POINT('',(133.678683852091,1.3459553513993,1.5));
#3332=CARTESIAN_POINT('',(-0.3,1.3459553513993,1.5));
#3333=CARTESIAN_POINT('Ctrl Pts',(133.678683852091,1.3459553513993,1.5));
#3334=CARTESIAN_POINT('Ctrl Pts',(133.83107925108,1.17063419470944,1.75038456046634));
#3335=CARTESIAN_POINT('Ctrl Pts',(133.983846564232,0.994881866580952,2.00138489756333));
#3336=CARTESIAN_POINT('Ctrl Pts',(134.136227329652,0.819571466059837,2.25175409662872));
#3337=CARTESIAN_POINT('Origin',(-12.6061767467414,44.35,1.89887405341004));
#3338=CARTESIAN_POINT('',(-12.9761852560108,88.7,2.29774810682008));
#3339=CARTESIAN_POINT('',(-12.2361682374719,88.7,1.5));
#3340=CARTESIAN_POINT('',(-12.9761852560108,88.7,2.29774810682008));
#3341=CARTESIAN_POINT('',(-12.2361682374719,44.35,1.5));
#3342=CARTESIAN_POINT('',(-12.9761852560109,44.35,2.29774810682009));
#3343=CARTESIAN_POINT('Origin',(-0.6,88.7,1.89887405341004));
#3344=CARTESIAN_POINT('',(-0.6,101.076185256011,2.29774810682008));
#3345=CARTESIAN_POINT('',(-0.599999999999998,100.336168237472,1.5));
#3346=CARTESIAN_POINT('',(-0.6,101.076185256011,2.29774810682008));
#3347=CARTESIAN_POINT('Origin',(-0.6,88.7,1.5));
#3348=CARTESIAN_POINT('Origin',(-0.600000000000001,88.7,2.29774810682008));
#3349=CARTESIAN_POINT('Origin',(-0.3,100.706176746741,1.89887405341004));
#3350=CARTESIAN_POINT('',(125.9,101.076185256011,2.29774810682009));
#3351=CARTESIAN_POINT('',(125.9,100.336168237472,1.5));
#3352=CARTESIAN_POINT('',(125.9,101.076185256011,2.29774810682009));
#3353=CARTESIAN_POINT('',(-0.3,100.336168237472,1.5));
#3354=CARTESIAN_POINT('',(-0.3,101.076185256011,2.29774810682009));
#3355=CARTESIAN_POINT('Origin',(125.9,88.7,1.89887405341004));
#3356=CARTESIAN_POINT('',(138.276185256011,88.7,2.29774810682008));
#3357=CARTESIAN_POINT('',(137.536168237472,88.7,1.5));
#3358=CARTESIAN_POINT('',(138.276185256011,88.7,2.29774810682008));
#3359=CARTESIAN_POINT('Origin',(125.9,88.7,1.5));
#3360=CARTESIAN_POINT('Origin',(125.9,88.7,2.29774810682008));
#3361=CARTESIAN_POINT('Origin',(137.906176746741,44.35,1.89887405341004));
#3362=CARTESIAN_POINT('',(138.276185256011,10.,2.29774810682009));
#3363=CARTESIAN_POINT('',(137.536168237472,10.,1.5));
#3364=CARTESIAN_POINT('',(138.276185256011,10.,2.29774810682009));
#3365=CARTESIAN_POINT('',(137.536168237472,44.35,1.5));
#3366=CARTESIAN_POINT('',(138.276185256011,44.35,2.29774810682008));
#3367=CARTESIAN_POINT('Origin',(125.9,10.,1.89887405341004));
#3368=CARTESIAN_POINT('Origin',(125.9,10.,1.5));
#3369=CARTESIAN_POINT('',(134.218460326498,0.836311916724028,2.29774810682008));
#3370=CARTESIAN_POINT('Origin',(125.9,10.,2.29774810682009));
#3371=CARTESIAN_POINT('Ctrl Pts',(134.218460326498,0.836311916724028,2.29774810682008));
#3372=CARTESIAN_POINT('Ctrl Pts',(134.177297312389,0.827900113517866,2.27463686745426));
#3373=CARTESIAN_POINT('Ctrl Pts',(134.136227329652,0.819571466059837,2.25175409662872));
#3374=CARTESIAN_POINT('Origin',(0.,98.7,33.9));
#3375=CARTESIAN_POINT('',(-0.6,99.5959267598538,21.9845556670639));
#3376=CARTESIAN_POINT('',(-0.6,99.918084118736,17.7));
#3377=CARTESIAN_POINT('',(125.9,99.5959267598538,21.9845556670639));
#3378=CARTESIAN_POINT('',(0.,99.5959267598538,21.9845556670639));
#3379=CARTESIAN_POINT('',(125.9,99.918084118736,17.7));
#3380=CARTESIAN_POINT('',(89.575,100.797811537823,6.));
#3381=CARTESIAN_POINT('',(91.575,100.948192293223,4.));
#3382=CARTESIAN_POINT('Origin',(91.575,100.797811537823,6.));
#3383=CARTESIAN_POINT('',(100.425,100.948192293223,4.));
#3384=CARTESIAN_POINT('',(48.,100.948192293223,4.));
#3385=CARTESIAN_POINT('',(102.425,100.797811537823,6.));
#3386=CARTESIAN_POINT('Origin',(100.425,100.797811537823,6.));
#3387=CARTESIAN_POINT('',(102.425,100.497050027024,10.));
#3388=CARTESIAN_POINT('',(102.425,99.6790633320403,20.8788746646561));
#3389=CARTESIAN_POINT('',(100.425,100.346669271625,12.));
#3390=CARTESIAN_POINT('Origin',(100.425,100.497050027024,10.));
#3391=CARTESIAN_POINT('',(91.575,100.346669271625,12.));
#3392=CARTESIAN_POINT('',(48.,100.346669271625,12.));
#3393=CARTESIAN_POINT('',(89.575,100.497050027024,10.));
#3394=CARTESIAN_POINT('Origin',(91.575,100.497050027024,10.));
#3395=CARTESIAN_POINT('',(89.575,99.6790633320403,20.8788746646561));
#3396=CARTESIAN_POINT('Origin',(-0.6,88.7,17.7));
#3397=CARTESIAN_POINT('',(-11.3732009752578,88.7,23.6167563335647));
#3398=CARTESIAN_POINT('',(-11.8180841187359,88.7,17.7));
#3399=CARTESIAN_POINT('Ctrl Pts',(-0.600000000000001,99.5959267598538,21.9845556670639));
#3400=CARTESIAN_POINT('Ctrl Pts',(-2.02599566542955,99.5959267598538,21.9845556670639));
#3401=CARTESIAN_POINT('Ctrl Pts',(-3.54001881214433,99.2954887600553,22.0324520399341));
#3402=CARTESIAN_POINT('Ctrl Pts',(-6.29750246920082,98.0880755974429,22.2221951264292));
#3403=CARTESIAN_POINT('Ctrl Pts',(-7.5410332902732,97.1812071006236,22.3636986165048));
#3404=CARTESIAN_POINT('Ctrl Pts',(-9.44014150510782,95.129668031601,22.677463513501));
#3405=CARTESIAN_POINT('Ctrl Pts',(-10.2302728071595,93.8635471455825,22.8683898091013));
#3406=CARTESIAN_POINT('Ctrl Pts',(-11.1735795411164,91.2624679973982,23.2509899384369));
#3407=CARTESIAN_POINT('Ctrl Pts',(-11.3864556141978,89.9479793164711,23.440475280783));
#3408=CARTESIAN_POINT('Ctrl Pts',(-11.3732009752578,88.7,23.6167563335647));
#3409=CARTESIAN_POINT('Origin',(-10.6000000000001,0.,33.9));
#3410=CARTESIAN_POINT('',(-11.0831151551183,10.,27.4747741945462));
#3411=CARTESIAN_POINT('',(-11.818084118736,10.,17.7));
#3412=CARTESIAN_POINT('',(-10.8051992247043,11.345293498897,31.1709377053048));
#3413=CARTESIAN_POINT('',(-11.9901634226374,5.60929761866633,15.4114185462863));
#3414=CARTESIAN_POINT('',(-11.3693639186715,88.2724780812334,23.6677875519706));
#3415=CARTESIAN_POINT('',(-10.7213710052773,-0.0851788047199015,32.2858173214406));
#3416=CARTESIAN_POINT('Ctrl Pts',(-11.3732009752578,88.7,23.6167563335647));
#3417=CARTESIAN_POINT('Ctrl Pts',(-11.3709336902626,88.4865256993068,23.6469102583703));
#3418=CARTESIAN_POINT('Ctrl Pts',(-11.3693639186715,88.2724780812334,23.6677875519706));
#3419=CARTESIAN_POINT('',(-11.5323606834769,39.4,21.5));
#3420=CARTESIAN_POINT('',(-12.5850259712734,39.4,7.5));
#3421=CARTESIAN_POINT('',(-11.1474566910078,39.4,26.6190591701257));
#3422=CARTESIAN_POINT('',(-12.5850259712734,80.,7.5));
#3423=CARTESIAN_POINT('',(-12.5850259712734,29.85,7.5));
#3424=CARTESIAN_POINT('',(-11.5323606834769,80.,21.5));
#3425=CARTESIAN_POINT('',(-11.1474566910078,80.,26.6190591701257));
#3426=CARTESIAN_POINT('',(-11.5323606834769,29.85,21.5));
#3427=CARTESIAN_POINT('Origin',(-0.6,10.,17.7));
#3428=CARTESIAN_POINT('Origin',(-0.599999999999997,7.73781450638087,21.2594706322099));
#3429=CARTESIAN_POINT('Origin',(-0.6,88.7,1.5));
#3430=CARTESIAN_POINT('',(133.9,88.7,1.5));
#3431=CARTESIAN_POINT('',(125.9,96.7,1.5));
#3432=CARTESIAN_POINT('Origin',(125.9,88.7,1.5));
#3433=CARTESIAN_POINT('',(-0.599999999999996,96.7,1.5));
#3434=CARTESIAN_POINT('',(31.025,96.7,1.5));
#3435=CARTESIAN_POINT('',(-8.59999999999999,88.7,1.5));
#3436=CARTESIAN_POINT('Origin',(-0.6,88.7,1.5));
#3437=CARTESIAN_POINT('',(-8.6,58.1,1.5));
#3438=CARTESIAN_POINT('',(-8.59999999999999,69.025,1.5));
#3439=CARTESIAN_POINT('',(-7.1,58.1,1.5));
#3440=CARTESIAN_POINT('',(-7.85,58.1,1.5));
#3441=CARTESIAN_POINT('',(-7.1,54.8,1.5));
#3442=CARTESIAN_POINT('',(-7.1,56.45,1.5));
#3443=CARTESIAN_POINT('',(-8.6,54.8,1.5));
#3444=CARTESIAN_POINT('',(-7.85,54.8,1.5));
#3445=CARTESIAN_POINT('',(-8.59999999999999,10.,1.5));
#3446=CARTESIAN_POINT('',(-8.59999999999999,69.025,1.5));
#3447=CARTESIAN_POINT('',(-3.8146973662664,2.67431089635112,1.49999999999999));
#3448=CARTESIAN_POINT('Origin',(-0.6,10.,1.5));
#3449=CARTESIAN_POINT('',(129.114697366266,2.67431089635112,1.49999999999999));
#3450=CARTESIAN_POINT('',(-0.3,2.67431089635112,1.5));
#3451=CARTESIAN_POINT('',(133.9,10.,1.5));
#3452=CARTESIAN_POINT('Origin',(125.9,10.,1.5));
#3453=CARTESIAN_POINT('',(133.9,69.025,1.5));
#3454=CARTESIAN_POINT('Origin',(75.35,2.68711051641678,7.67515590745045));
#3455=CARTESIAN_POINT('',(75.35,4.42277646645858,12.1514784728902));
#3456=CARTESIAN_POINT('',(75.35,1.13938309053216,3.13042931334553));
#3457=CARTESIAN_POINT('Origin',(75.35,2.78107977849536,7.64095389311789));
#3458=CARTESIAN_POINT('',(75.35,5.1745305630873,11.8778623582297));
#3459=CARTESIAN_POINT('',(75.35,4.32880720437999,12.1856804872228));
#3460=CARTESIAN_POINT('',(75.35,1.89113718716088,2.85681319868499));
#3461=CARTESIAN_POINT('Origin',(75.35,3.5328338751241,7.36733777845735));
#3462=CARTESIAN_POINT('',(75.35,1.04541382845357,3.16463132767809));
#3463=CARTESIAN_POINT('Origin',(62.65,1.04541382845357,3.16463132767809));
#3464=CARTESIAN_POINT('',(49.95,1.13938309053216,3.13042931334553));
#3465=CARTESIAN_POINT('',(31.325,1.13938309053216,3.13042931334553));
#3466=CARTESIAN_POINT('',(49.95,1.89113718716088,2.85681319868499));
#3467=CARTESIAN_POINT('',(62.65,1.89113718716088,2.85681319868499));
#3468=CARTESIAN_POINT('',(49.95,1.04541382845357,3.16463132767809));
#3469=CARTESIAN_POINT('Origin',(49.95,2.68711051641678,7.67515590745045));
#3470=CARTESIAN_POINT('',(49.95,4.42277646645858,12.1514784728902));
#3471=CARTESIAN_POINT('Origin',(49.95,2.78107977849536,7.64095389311789));
#3472=CARTESIAN_POINT('',(49.95,5.1745305630873,11.8778623582297));
#3473=CARTESIAN_POINT('Origin',(49.95,3.5328338751241,7.36733777845735));
#3474=CARTESIAN_POINT('',(49.95,4.32880720437999,12.1856804872228));
#3475=CARTESIAN_POINT('Origin',(62.65,3.53283387512409,7.36733777845735));
#3476=CARTESIAN_POINT('',(62.65,5.1745305630873,11.8778623582297));
#3477=CARTESIAN_POINT('Origin',(62.65,4.32880720437999,12.1856804872228));
#3478=CARTESIAN_POINT('',(31.325,4.42277646645858,12.1514784728902));
#3479=CARTESIAN_POINT('Origin',(118.,3.01734754980368,7.71995240170053));
#3480=CARTESIAN_POINT('',(113.609756097561,2.83410748875042,7.78664632964904));
#3481=CARTESIAN_POINT('Origin',(118.,2.83410748875042,7.78664632964904));
#3482=CARTESIAN_POINT('',(114.,3.20998453706479,7.64983827231877));
#3483=CARTESIAN_POINT('',(113.8,3.01734754980368,7.71995240170053));
#3484=CARTESIAN_POINT('Origin',(118.,3.20998453706479,7.64983827231877));
#3485=CARTESIAN_POINT('Origin',(118.,2.97506138186831,7.73534330815019));
#3486=CARTESIAN_POINT('',(114.,4.71349273032224,7.1026060429977));
#3487=CARTESIAN_POINT('',(114.,2.97506138186831,7.73534330815019));
#3488=CARTESIAN_POINT('Origin',(118.,4.71349273032224,7.1026060429977));
#3489=CARTESIAN_POINT('Origin',(100.425,102.55,10.));
#3490=CARTESIAN_POINT('',(100.425,96.7,12.));
#3491=CARTESIAN_POINT('',(102.425,96.7,10.));
#3492=CARTESIAN_POINT('Origin',(100.425,96.7,10.));
#3493=CARTESIAN_POINT('',(100.425,102.55,12.));
#3494=CARTESIAN_POINT('',(102.425,102.55,10.));
#3495=CARTESIAN_POINT('Origin',(102.425,102.55,8.));
#3496=CARTESIAN_POINT('',(102.425,96.7,6.));
#3497=CARTESIAN_POINT('',(102.425,96.7,10.85));
#3498=CARTESIAN_POINT('',(102.425,102.55,6.));
#3499=CARTESIAN_POINT('Origin',(100.425,102.55,6.));
#3500=CARTESIAN_POINT('',(100.425,96.7,4.));
#3501=CARTESIAN_POINT('Origin',(100.425,96.7,6.));
#3502=CARTESIAN_POINT('',(100.425,102.55,4.));
#3503=CARTESIAN_POINT('Origin',(96.,102.55,4.));
#3504=CARTESIAN_POINT('',(91.575,96.7,4.));
#3505=CARTESIAN_POINT('',(79.325,96.7,4.));
#3506=CARTESIAN_POINT('',(91.575,102.55,4.));
#3507=CARTESIAN_POINT('Origin',(91.575,102.55,10.));
#3508=CARTESIAN_POINT('',(89.575,96.7,10.));
#3509=CARTESIAN_POINT('',(91.575,96.7,12.));
#3510=CARTESIAN_POINT('Origin',(91.575,96.7,10.));
#3511=CARTESIAN_POINT('',(89.575,102.55,10.));
#3512=CARTESIAN_POINT('',(91.575,102.55,12.));
#3513=CARTESIAN_POINT('Origin',(91.575,102.55,6.));
#3514=CARTESIAN_POINT('',(89.575,96.7,6.));
#3515=CARTESIAN_POINT('Origin',(91.575,96.7,6.));
#3516=CARTESIAN_POINT('',(89.575,102.55,6.));
#3517=CARTESIAN_POINT('Origin',(89.575,102.55,8.));
#3518=CARTESIAN_POINT('',(89.575,96.7,10.85));
#3519=CARTESIAN_POINT('Origin',(96.,102.55,12.));
#3520=CARTESIAN_POINT('',(79.325,96.7,12.));
#3521=CARTESIAN_POINT('Origin',(74.,84.83,24.2468794326241));
#3522=CARTESIAN_POINT('',(74.,89.3,23.847619047619));
#3523=CARTESIAN_POINT('',(74.,80.36,24.6537588652482));
#3524=CARTESIAN_POINT('',(74.,42.4151703713509,28.0753291154506));
#3525=CARTESIAN_POINT('',(74.,89.3,23.34));
#3526=CARTESIAN_POINT('',(74.,89.3,24.2468794326241));
#3527=CARTESIAN_POINT('',(74.,80.36,23.34));
#3528=CARTESIAN_POINT('',(74.,84.83,23.34));
#3529=CARTESIAN_POINT('',(74.,80.36,24.2468794326241));
#3530=CARTESIAN_POINT('Origin',(77.765,89.3,24.2468794326241));
#3531=CARTESIAN_POINT('',(81.53,89.3,23.847619047619));
#3532=CARTESIAN_POINT('',(38.8825,89.3,23.847619047619));
#3533=CARTESIAN_POINT('',(81.53,89.3,23.34));
#3534=CARTESIAN_POINT('',(81.53,89.3,24.2468794326241));
#3535=CARTESIAN_POINT('',(77.765,89.3,23.34));
#3536=CARTESIAN_POINT('Origin',(77.765,80.36,24.2468794326241));
#3537=CARTESIAN_POINT('',(81.53,80.36,24.6537588652482));
#3538=CARTESIAN_POINT('',(38.8825,80.36,24.6537588652482));
#3539=CARTESIAN_POINT('',(81.53,80.36,23.34));
#3540=CARTESIAN_POINT('',(77.765,80.36,23.34));
#3541=CARTESIAN_POINT('',(81.53,80.36,24.2468794326241));
#3542=CARTESIAN_POINT('Origin',(77.765,84.83,23.34));
#3543=CARTESIAN_POINT('',(81.53,84.83,23.34));
#3544=CARTESIAN_POINT('Origin',(81.53,84.83,24.2468794326241));
#3545=CARTESIAN_POINT('',(81.53,42.4151703713509,28.0753291154506));
#3546=CARTESIAN_POINT('Origin',(-19.35,75.4,14.5));
#3547=CARTESIAN_POINT('',(-10.6451462500265,75.4,20.));
#3548=CARTESIAN_POINT('',(-11.4722404047238,75.4,9.));
#3549=CARTESIAN_POINT('',(-10.3526527369,75.4,23.890039152278));
#3550=CARTESIAN_POINT('',(-8.59999999999999,75.4,20.));
#3551=CARTESIAN_POINT('',(-19.35,75.4,20.));
#3552=CARTESIAN_POINT('',(-8.59999999999999,75.4,9.));
#3553=CARTESIAN_POINT('',(-8.59999999999999,75.4,14.1));
#3554=CARTESIAN_POINT('',(-19.35,75.4,9.));
#3555=CARTESIAN_POINT('Origin',(-19.35,76.5,9.));
#3556=CARTESIAN_POINT('',(-11.4722404047238,77.6,9.));
#3557=CARTESIAN_POINT('',(-11.4722404047238,38.25,9.));
#3558=CARTESIAN_POINT('',(-8.59999999999999,77.6,9.));
#3559=CARTESIAN_POINT('',(-8.59999999999999,62.925,9.));
#3560=CARTESIAN_POINT('',(-19.35,77.6,9.));
#3561=CARTESIAN_POINT('Origin',(-19.35,77.6,14.5));
#3562=CARTESIAN_POINT('',(-10.6451462500265,77.6,20.));
#3563=CARTESIAN_POINT('',(-10.3526527369,77.6,23.890039152278));
#3564=CARTESIAN_POINT('',(-8.59999999999999,77.6,20.));
#3565=CARTESIAN_POINT('',(-8.59999999999999,77.6,14.1));
#3566=CARTESIAN_POINT('',(-19.35,77.6,20.));
#3567=CARTESIAN_POINT('Origin',(-19.35,76.5,20.));
#3568=CARTESIAN_POINT('',(-10.6451462500265,38.25,20.));
#3569=CARTESIAN_POINT('',(-8.59999999999999,62.925,20.));
#3570=CARTESIAN_POINT('Origin',(-19.35,72.,14.5));
#3571=CARTESIAN_POINT('',(-10.6451462500265,72.,20.));
#3572=CARTESIAN_POINT('',(-11.4722404047238,72.,9.));
#3573=CARTESIAN_POINT('',(-10.3526527369,72.,23.890039152278));
#3574=CARTESIAN_POINT('',(-8.59999999999999,72.,20.));
#3575=CARTESIAN_POINT('',(-19.35,72.,20.));
#3576=CARTESIAN_POINT('',(-8.59999999999999,72.,9.));
#3577=CARTESIAN_POINT('',(-8.59999999999999,72.,14.1));
#3578=CARTESIAN_POINT('',(-19.35,72.,9.));
#3579=CARTESIAN_POINT('Origin',(-19.35,73.1,9.));
#3580=CARTESIAN_POINT('',(-11.4722404047238,74.2,9.));
#3581=CARTESIAN_POINT('',(-11.4722404047238,36.55,9.));
#3582=CARTESIAN_POINT('',(-8.59999999999999,74.2,9.));
#3583=CARTESIAN_POINT('',(-8.59999999999999,61.225,9.));
#3584=CARTESIAN_POINT('',(-19.35,74.2,9.));
#3585=CARTESIAN_POINT('Origin',(-19.35,74.2,14.5));
#3586=CARTESIAN_POINT('',(-10.6451462500265,74.2,20.));
#3587=CARTESIAN_POINT('',(-10.3526527369,74.2,23.890039152278));
#3588=CARTESIAN_POINT('',(-8.59999999999999,74.2,20.));
#3589=CARTESIAN_POINT('',(-8.59999999999999,74.2,14.1));
#3590=CARTESIAN_POINT('',(-19.35,74.2,20.));
#3591=CARTESIAN_POINT('Origin',(-19.35,73.1,20.));
#3592=CARTESIAN_POINT('',(-10.6451462500265,36.55,20.));
#3593=CARTESIAN_POINT('',(-8.59999999999999,61.225,20.));
#3594=CARTESIAN_POINT('Origin',(-19.35,68.6,14.5));
#3595=CARTESIAN_POINT('',(-10.6451462500265,68.6,20.));
#3596=CARTESIAN_POINT('',(-11.4722404047238,68.6,9.));
#3597=CARTESIAN_POINT('',(-10.3526527369,68.6,23.890039152278));
#3598=CARTESIAN_POINT('',(-8.59999999999999,68.6,20.));
#3599=CARTESIAN_POINT('',(-19.35,68.6,20.));
#3600=CARTESIAN_POINT('',(-8.59999999999999,68.6,9.));
#3601=CARTESIAN_POINT('',(-8.59999999999999,68.6,14.1));
#3602=CARTESIAN_POINT('',(-19.35,68.6,9.));
#3603=CARTESIAN_POINT('Origin',(-19.35,69.7,9.));
#3604=CARTESIAN_POINT('',(-11.4722404047238,70.8,9.));
#3605=CARTESIAN_POINT('',(-11.4722404047238,34.85,9.));
#3606=CARTESIAN_POINT('',(-8.59999999999999,70.8,9.));
#3607=CARTESIAN_POINT('',(-8.59999999999999,59.525,9.));
#3608=CARTESIAN_POINT('',(-19.35,70.8,9.));
#3609=CARTESIAN_POINT('Origin',(-19.35,70.8,14.5));
#3610=CARTESIAN_POINT('',(-10.6451462500265,70.8,20.));
#3611=CARTESIAN_POINT('',(-10.3526527369,70.8,23.890039152278));
#3612=CARTESIAN_POINT('',(-8.59999999999999,70.8,20.));
#3613=CARTESIAN_POINT('',(-8.59999999999999,70.8,14.1));
#3614=CARTESIAN_POINT('',(-19.35,70.8,20.));
#3615=CARTESIAN_POINT('Origin',(-19.35,69.7,20.));
#3616=CARTESIAN_POINT('',(-10.6451462500265,34.85,20.));
#3617=CARTESIAN_POINT('',(-8.59999999999999,59.525,20.));
#3618=CARTESIAN_POINT('Origin',(-19.35,65.2,14.5));
#3619=CARTESIAN_POINT('',(-10.6451462500265,65.2,20.));
#3620=CARTESIAN_POINT('',(-11.4722404047238,65.2,9.));
#3621=CARTESIAN_POINT('',(-10.3526527369,65.2,23.890039152278));
#3622=CARTESIAN_POINT('',(-8.59999999999999,65.2,20.));
#3623=CARTESIAN_POINT('',(-19.35,65.2,20.));
#3624=CARTESIAN_POINT('',(-8.59999999999999,65.2,9.));
#3625=CARTESIAN_POINT('',(-8.59999999999999,65.2,14.1));
#3626=CARTESIAN_POINT('',(-19.35,65.2,9.));
#3627=CARTESIAN_POINT('Origin',(-19.35,66.3,9.));
#3628=CARTESIAN_POINT('',(-11.4722404047238,67.4,9.));
#3629=CARTESIAN_POINT('',(-11.4722404047238,33.15,9.));
#3630=CARTESIAN_POINT('',(-8.59999999999999,67.4,9.));
#3631=CARTESIAN_POINT('',(-8.59999999999999,57.825,9.));
#3632=CARTESIAN_POINT('',(-19.35,67.4,9.));
#3633=CARTESIAN_POINT('Origin',(-19.35,67.4,14.5));
#3634=CARTESIAN_POINT('',(-10.6451462500265,67.4,20.));
#3635=CARTESIAN_POINT('',(-10.3526527369,67.4,23.890039152278));
#3636=CARTESIAN_POINT('',(-8.59999999999999,67.4,20.));
#3637=CARTESIAN_POINT('',(-8.59999999999999,67.4,14.1));
#3638=CARTESIAN_POINT('',(-19.35,67.4,20.));
#3639=CARTESIAN_POINT('Origin',(-19.35,66.3,20.));
#3640=CARTESIAN_POINT('',(-10.6451462500265,33.15,20.));
#3641=CARTESIAN_POINT('',(-8.59999999999999,57.825,20.));
#3642=CARTESIAN_POINT('Origin',(-19.35,61.8,14.5));
#3643=CARTESIAN_POINT('',(-10.6451462500265,61.8,20.));
#3644=CARTESIAN_POINT('',(-11.4722404047238,61.8,9.));
#3645=CARTESIAN_POINT('',(-10.3526527369,61.8,23.890039152278));
#3646=CARTESIAN_POINT('',(-8.59999999999999,61.8,20.));
#3647=CARTESIAN_POINT('',(-19.35,61.8,20.));
#3648=CARTESIAN_POINT('',(-8.59999999999999,61.8,9.));
#3649=CARTESIAN_POINT('',(-8.59999999999999,61.8,14.1));
#3650=CARTESIAN_POINT('',(-19.35,61.8,9.));
#3651=CARTESIAN_POINT('Origin',(-19.35,62.9,9.));
#3652=CARTESIAN_POINT('',(-11.4722404047238,64.,9.));
#3653=CARTESIAN_POINT('',(-11.4722404047238,31.45,9.));
#3654=CARTESIAN_POINT('',(-8.59999999999999,64.,9.));
#3655=CARTESIAN_POINT('',(-8.59999999999999,56.125,9.));
#3656=CARTESIAN_POINT('',(-19.35,64.,9.));
#3657=CARTESIAN_POINT('Origin',(-19.35,64.,14.5));
#3658=CARTESIAN_POINT('',(-10.6451462500265,64.,20.));
#3659=CARTESIAN_POINT('',(-10.3526527369,64.,23.890039152278));
#3660=CARTESIAN_POINT('',(-8.59999999999999,64.,20.));
#3661=CARTESIAN_POINT('',(-8.59999999999999,64.,14.1));
#3662=CARTESIAN_POINT('',(-19.35,64.,20.));
#3663=CARTESIAN_POINT('Origin',(-19.35,62.9,20.));
#3664=CARTESIAN_POINT('',(-10.6451462500265,31.45,20.));
#3665=CARTESIAN_POINT('',(-8.59999999999999,56.125,20.));
#3666=CARTESIAN_POINT('Origin',(-19.35,58.4,14.5));
#3667=CARTESIAN_POINT('',(-10.6451462500265,58.4,20.));
#3668=CARTESIAN_POINT('',(-11.4722404047238,58.4,9.));
#3669=CARTESIAN_POINT('',(-10.3526527369,58.4,23.890039152278));
#3670=CARTESIAN_POINT('',(-8.59999999999999,58.4,20.));
#3671=CARTESIAN_POINT('',(-19.35,58.4,20.));
#3672=CARTESIAN_POINT('',(-8.59999999999999,58.4,9.));
#3673=CARTESIAN_POINT('',(-8.59999999999999,58.4,14.1));
#3674=CARTESIAN_POINT('',(-19.35,58.4,9.));
#3675=CARTESIAN_POINT('Origin',(-19.35,59.5,9.));
#3676=CARTESIAN_POINT('',(-11.4722404047238,60.6,9.));
#3677=CARTESIAN_POINT('',(-11.4722404047238,29.75,9.));
#3678=CARTESIAN_POINT('',(-8.59999999999999,60.6,9.));
#3679=CARTESIAN_POINT('',(-8.59999999999999,54.425,9.));
#3680=CARTESIAN_POINT('',(-19.35,60.6,9.));
#3681=CARTESIAN_POINT('Origin',(-19.35,60.6,14.5));
#3682=CARTESIAN_POINT('',(-10.6451462500265,60.6,20.));
#3683=CARTESIAN_POINT('',(-10.3526527369,60.6,23.890039152278));
#3684=CARTESIAN_POINT('',(-8.59999999999999,60.6,20.));
#3685=CARTESIAN_POINT('',(-8.59999999999999,60.6,14.1));
#3686=CARTESIAN_POINT('',(-19.35,60.6,20.));
#3687=CARTESIAN_POINT('Origin',(-19.35,59.5,20.));
#3688=CARTESIAN_POINT('',(-10.6451462500265,29.75,20.));
#3689=CARTESIAN_POINT('',(-8.59999999999999,54.425,20.));
#3690=CARTESIAN_POINT('Origin',(-19.35,51.6,14.5));
#3691=CARTESIAN_POINT('',(-10.6451462500265,51.6,20.));
#3692=CARTESIAN_POINT('',(-11.4722404047238,51.6,9.));
#3693=CARTESIAN_POINT('',(-10.3526527369,51.6,23.890039152278));
#3694=CARTESIAN_POINT('',(-8.59999999999999,51.6,20.));
#3695=CARTESIAN_POINT('',(-19.35,51.6,20.));
#3696=CARTESIAN_POINT('',(-8.59999999999999,51.6,9.));
#3697=CARTESIAN_POINT('',(-8.59999999999999,51.6,14.1));
#3698=CARTESIAN_POINT('',(-19.35,51.6,9.));
#3699=CARTESIAN_POINT('Origin',(-19.35,52.7,9.));
#3700=CARTESIAN_POINT('',(-11.4722404047238,53.8,9.));
#3701=CARTESIAN_POINT('',(-11.4722404047238,26.35,9.));
#3702=CARTESIAN_POINT('',(-8.59999999999999,53.8,9.));
#3703=CARTESIAN_POINT('',(-8.59999999999999,51.025,9.));
#3704=CARTESIAN_POINT('',(-19.35,53.8,9.));
#3705=CARTESIAN_POINT('Origin',(-19.35,53.8,14.5));
#3706=CARTESIAN_POINT('',(-10.6451462500265,53.8,20.));
#3707=CARTESIAN_POINT('',(-10.3526527369,53.8,23.890039152278));
#3708=CARTESIAN_POINT('',(-8.59999999999999,53.8,20.));
#3709=CARTESIAN_POINT('',(-8.59999999999999,53.8,14.1));
#3710=CARTESIAN_POINT('',(-19.35,53.8,20.));
#3711=CARTESIAN_POINT('Origin',(-19.35,52.7,20.));
#3712=CARTESIAN_POINT('',(-10.6451462500265,26.35,20.));
#3713=CARTESIAN_POINT('',(-8.59999999999999,51.025,20.));
#3714=CARTESIAN_POINT('Origin',(-19.35,48.2,14.5));
#3715=CARTESIAN_POINT('',(-10.6451462500265,48.2,20.));
#3716=CARTESIAN_POINT('',(-11.4722404047238,48.2,9.));
#3717=CARTESIAN_POINT('',(-10.3526527369,48.2,23.890039152278));
#3718=CARTESIAN_POINT('',(-8.59999999999999,48.2,20.));
#3719=CARTESIAN_POINT('',(-19.35,48.2,20.));
#3720=CARTESIAN_POINT('',(-8.59999999999999,48.2,9.));
#3721=CARTESIAN_POINT('',(-8.59999999999999,48.2,14.1));
#3722=CARTESIAN_POINT('',(-19.35,48.2,9.));
#3723=CARTESIAN_POINT('Origin',(-19.35,49.3,9.));
#3724=CARTESIAN_POINT('',(-11.4722404047238,50.4,9.));
#3725=CARTESIAN_POINT('',(-11.4722404047238,24.65,9.));
#3726=CARTESIAN_POINT('',(-8.59999999999999,50.4,9.));
#3727=CARTESIAN_POINT('',(-8.59999999999999,49.325,9.));
#3728=CARTESIAN_POINT('',(-19.35,50.4,9.));
#3729=CARTESIAN_POINT('Origin',(-19.35,50.4,14.5));
#3730=CARTESIAN_POINT('',(-10.6451462500265,50.4,20.));
#3731=CARTESIAN_POINT('',(-10.3526527369,50.4,23.890039152278));
#3732=CARTESIAN_POINT('',(-8.59999999999999,50.4,20.));
#3733=CARTESIAN_POINT('',(-8.59999999999999,50.4,14.1));
#3734=CARTESIAN_POINT('',(-19.35,50.4,20.));
#3735=CARTESIAN_POINT('Origin',(-19.35,49.3,20.));
#3736=CARTESIAN_POINT('',(-10.6451462500265,24.65,20.));
#3737=CARTESIAN_POINT('',(-8.59999999999999,49.325,20.));
#3738=CARTESIAN_POINT('Origin',(-19.35,44.8,14.5));
#3739=CARTESIAN_POINT('',(-10.6451462500265,44.8,20.));
#3740=CARTESIAN_POINT('',(-11.4722404047238,44.8,9.));
#3741=CARTESIAN_POINT('',(-10.3526527369,44.8,23.890039152278));
#3742=CARTESIAN_POINT('',(-8.59999999999999,44.8,20.));
#3743=CARTESIAN_POINT('',(-19.35,44.8,20.));
#3744=CARTESIAN_POINT('',(-8.59999999999999,44.8,9.));
#3745=CARTESIAN_POINT('',(-8.59999999999999,44.8,14.1));
#3746=CARTESIAN_POINT('',(-19.35,44.8,9.));
#3747=CARTESIAN_POINT('Origin',(-19.35,45.9,9.));
#3748=CARTESIAN_POINT('',(-11.4722404047238,47.,9.));
#3749=CARTESIAN_POINT('',(-11.4722404047238,22.95,9.));
#3750=CARTESIAN_POINT('',(-8.59999999999999,47.,9.));
#3751=CARTESIAN_POINT('',(-8.59999999999999,47.625,9.));
#3752=CARTESIAN_POINT('',(-19.35,47.,9.));
#3753=CARTESIAN_POINT('Origin',(-19.35,47.,14.5));
#3754=CARTESIAN_POINT('',(-10.6451462500265,47.,20.));
#3755=CARTESIAN_POINT('',(-10.3526527369,47.,23.890039152278));
#3756=CARTESIAN_POINT('',(-8.59999999999999,47.,20.));
#3757=CARTESIAN_POINT('',(-8.59999999999999,47.,14.1));
#3758=CARTESIAN_POINT('',(-19.35,47.,20.));
#3759=CARTESIAN_POINT('Origin',(-19.35,45.9,20.));
#3760=CARTESIAN_POINT('',(-10.6451462500265,22.95,20.));
#3761=CARTESIAN_POINT('',(-8.59999999999999,47.625,20.));
#3762=CARTESIAN_POINT('Origin',(-19.35,41.4,14.5));
#3763=CARTESIAN_POINT('',(-10.6451462500265,41.4,20.));
#3764=CARTESIAN_POINT('',(-11.4722404047238,41.4,9.));
#3765=CARTESIAN_POINT('',(-10.3526527369,41.4,23.890039152278));
#3766=CARTESIAN_POINT('',(-8.59999999999999,41.4,20.));
#3767=CARTESIAN_POINT('',(-19.35,41.4,20.));
#3768=CARTESIAN_POINT('',(-8.59999999999999,41.4,9.));
#3769=CARTESIAN_POINT('',(-8.59999999999999,41.4,14.1));
#3770=CARTESIAN_POINT('',(-19.35,41.4,9.));
#3771=CARTESIAN_POINT('Origin',(-19.35,42.5,9.));
#3772=CARTESIAN_POINT('',(-11.4722404047238,43.6,9.));
#3773=CARTESIAN_POINT('',(-11.4722404047238,21.25,9.));
#3774=CARTESIAN_POINT('',(-8.59999999999999,43.6,9.));
#3775=CARTESIAN_POINT('',(-8.59999999999999,45.925,9.));
#3776=CARTESIAN_POINT('',(-19.35,43.6,9.));
#3777=CARTESIAN_POINT('Origin',(-19.35,43.6,14.5));
#3778=CARTESIAN_POINT('',(-10.6451462500265,43.6,20.));
#3779=CARTESIAN_POINT('',(-10.3526527369,43.6,23.890039152278));
#3780=CARTESIAN_POINT('',(-8.59999999999999,43.6,20.));
#3781=CARTESIAN_POINT('',(-8.59999999999999,43.6,14.1));
#3782=CARTESIAN_POINT('',(-19.35,43.6,20.));
#3783=CARTESIAN_POINT('Origin',(-19.35,42.5,20.));
#3784=CARTESIAN_POINT('',(-10.6451462500265,21.25,20.));
#3785=CARTESIAN_POINT('',(-8.59999999999999,45.925,20.));
#3786=CARTESIAN_POINT('Origin',(52.65,80.,14.5));
#3787=CARTESIAN_POINT('',(-11.5850259712734,80.,7.5));
#3788=CARTESIAN_POINT('',(52.65,80.,7.5));
#3789=CARTESIAN_POINT('',(-10.5323606834769,80.,21.5));
#3790=CARTESIAN_POINT('',(-10.1502675957461,80.,26.5816753342648));
#3791=CARTESIAN_POINT('',(52.65,80.,21.5));
#3792=CARTESIAN_POINT('Origin',(52.65,59.7,21.5));
#3793=CARTESIAN_POINT('',(-10.5323606834769,39.4,21.5));
#3794=CARTESIAN_POINT('',(-10.5323606834769,29.85,21.5));
#3795=CARTESIAN_POINT('',(52.65,39.4,21.5));
#3796=CARTESIAN_POINT('Origin',(52.65,39.4,14.5));
#3797=CARTESIAN_POINT('',(-11.5850259712734,39.4,7.5));
#3798=CARTESIAN_POINT('',(-10.1502675957461,39.4,26.5816753342648));
#3799=CARTESIAN_POINT('',(52.65,39.4,7.5));
#3800=CARTESIAN_POINT('Origin',(52.65,59.7,7.5));
#3801=CARTESIAN_POINT('',(-11.5850259712734,29.85,7.5));
#3802=CARTESIAN_POINT('Origin',(-9.60000000000004,0.,33.9));
#3803=CARTESIAN_POINT('Origin',(-5.555,56.45,2.2));
#3804=CARTESIAN_POINT('',(-7.1,58.1,2.2));
#3805=CARTESIAN_POINT('',(-7.1,54.8,2.2));
#3806=CARTESIAN_POINT('',(-7.1,56.45,2.2));
#3807=CARTESIAN_POINT('',(-4.,58.1,2.2));
#3808=CARTESIAN_POINT('',(-5.555,58.1,2.2));
#3809=CARTESIAN_POINT('',(-4.,54.8,2.2));
#3810=CARTESIAN_POINT('',(-4.,56.45,2.2));
#3811=CARTESIAN_POINT('',(-5.555,54.8,2.2));
#3812=CARTESIAN_POINT('Origin',(-4.,56.45,10.6));
#3813=CARTESIAN_POINT('',(-4.,58.1,19.));
#3814=CARTESIAN_POINT('',(-4.,58.1,10.6));
#3815=CARTESIAN_POINT('',(-4.,54.8,19.));
#3816=CARTESIAN_POINT('',(-4.,56.45,19.));
#3817=CARTESIAN_POINT('',(-4.,54.8,10.6));
#3818=CARTESIAN_POINT('Origin',(-7.85,54.8,10.25));
#3819=CARTESIAN_POINT('',(-8.6,54.8,19.));
#3820=CARTESIAN_POINT('',(-7.85,54.8,19.));
#3821=CARTESIAN_POINT('',(-8.59999999999999,54.8,11.975));
#3822=CARTESIAN_POINT('',(-7.1,54.8,10.25));
#3823=CARTESIAN_POINT('Origin',(-7.85,56.45,19.));
#3824=CARTESIAN_POINT('',(-8.6,58.1,19.));
#3825=CARTESIAN_POINT('',(-5.555,58.1,19.));
#3826=CARTESIAN_POINT('',(-8.59999999999999,52.9,19.));
#3827=CARTESIAN_POINT('Origin',(-7.85,58.1,10.25));
#3828=CARTESIAN_POINT('',(-7.1,58.1,10.25));
#3829=CARTESIAN_POINT('',(-8.59999999999999,58.1,11.975));
#3830=CARTESIAN_POINT('Origin',(-7.1,56.45,10.25));
#3831=CARTESIAN_POINT('Origin',(-8.59999999999999,49.35,13.7));
#3832=CARTESIAN_POINT('',(-8.59999999999999,88.7,23.901722391084));
#3833=CARTESIAN_POINT('',(-8.59999999999999,88.7,13.7));
#3834=CARTESIAN_POINT('',(-8.59999999999999,27.387459447658,29.4304114581139));
#3835=CARTESIAN_POINT('',(-8.59999999999999,25.2899340946349,29.6195500157826));
#3836=CARTESIAN_POINT('',(-8.59999999999999,20.1757974808752,9.61653304763854));
#3837=CARTESIAN_POINT('',(-8.59999999999999,29.2127656047191,34.4453989082309));
#3838=CARTESIAN_POINT('',(-8.59999999999999,10.,13.3202204405981));
#3839=CARTESIAN_POINT('',(-8.59999999999999,12.6723519038997,12.347563892094));
#3840=CARTESIAN_POINT('',(-8.59999999999999,10.,13.7));
#3841=CARTESIAN_POINT('Origin',(15.5,84.75,23.2579027355623));
#3842=CARTESIAN_POINT('',(12.3333333333334,84.75,24.2579027355623));
#3843=CARTESIAN_POINT('Origin',(15.5,84.6165090887429,24.2699399099309));
#3844=CARTESIAN_POINT('',(13.5,84.75,21.7579027355623));
#3845=CARTESIAN_POINT('',(12.8,84.75,23.2579027355623));
#3846=CARTESIAN_POINT('Origin',(15.5,84.75,21.7579027355623));
#3847=CARTESIAN_POINT('Origin',(15.5,84.75,16.0789513677812));
#3848=CARTESIAN_POINT('',(13.5,84.75,7.4));
#3849=CARTESIAN_POINT('',(13.5,84.75,16.0789513677812));
#3850=CARTESIAN_POINT('Origin',(15.5,84.75,7.4));
#3851=CARTESIAN_POINT('Origin',(15.5,84.75,7.4));
#3852=CARTESIAN_POINT('Origin',(129.6,13.8452366699618,15.5700383024718));
#3853=CARTESIAN_POINT('',(129.6,6.62197333250271,12.3461134029557));
#3854=CARTESIAN_POINT('',(133.368610694455,7.13297117303079,13.7500684311967));
#3855=CARTESIAN_POINT('Origin',(129.6,8.50308412079389,17.5144228172782));
#3856=CARTESIAN_POINT('',(129.6,4.7425880909309,13.030153689607));
#3857=CARTESIAN_POINT('',(129.6,11.9641258816706,10.4017288881493));
#3858=CARTESIAN_POINT('',(135.1,6.62369887922207,18.1984631039295));
#3859=CARTESIAN_POINT('Origin',(129.6,6.62369887922207,18.1984631039295));
#3860=CARTESIAN_POINT('',(135.1,21.3486822469373,12.8390074580163));
#3861=CARTESIAN_POINT('',(135.1,13.8452366699618,15.5700383024718));
#3862=CARTESIAN_POINT('',(133.9,20.1757974808752,9.61653304763852));
#3863=CARTESIAN_POINT('Origin',(129.6,21.3486822469373,12.8390074580163));
#3864=CARTESIAN_POINT('',(133.9,10.,13.3202204405981));
#3865=CARTESIAN_POINT('',(133.9,12.6723519038997,12.347563892094));
#3866=CARTESIAN_POINT('Ctrl Pts',(133.368610694455,7.13297117303079,13.7500684311967));
#3867=CARTESIAN_POINT('Ctrl Pts',(133.508518245776,7.49743037351118,13.757481873655));
#3868=CARTESIAN_POINT('Ctrl Pts',(133.620827397244,7.87023296414333,13.7489285338007));
#3869=CARTESIAN_POINT('Ctrl Pts',(133.837821871061,8.8349392883443,13.6567664113602));
#3870=CARTESIAN_POINT('Ctrl Pts',(133.9,9.42871417945477,13.5281514745349));
#3871=CARTESIAN_POINT('Ctrl Pts',(133.9,10.,13.3202204405981));
#3872=CARTESIAN_POINT('Origin',(62.65,33.5245993493311,46.2920647579947));
#3873=CARTESIAN_POINT('',(133.9,27.387459447658,29.4304114581139));
#3874=CARTESIAN_POINT('',(133.9,29.2127656047191,34.4453989082309));
#3875=CARTESIAN_POINT('',(135.1,27.8467289083975,30.6922439309407));
#3876=CARTESIAN_POINT('',(135.1,33.5245993493311,46.2920647579947));
#3877=CARTESIAN_POINT('',(134.406061335785,28.0922680888391,31.3668572847956));
#3878=CARTESIAN_POINT('',(115.626398966215,34.7371535015988,49.6235299112163));
#3879=CARTESIAN_POINT('',(-9.10606133578458,28.0922680888391,31.3668572847956));
#3880=CARTESIAN_POINT('',(31.325,28.0922680888391,31.3668572847956));
#3881=CARTESIAN_POINT('',(-9.8,27.8467289083975,30.6922439309408));
#3882=CARTESIAN_POINT('',(9.67360103378542,34.7371535015988,49.6235299112163));
#3883=CARTESIAN_POINT('',(-9.8,21.3486822469373,12.8390074580163));
#3884=CARTESIAN_POINT('',(-9.8,33.5245993493311,46.2920647579947));
#3885=CARTESIAN_POINT('Origin',(-4.3,21.3486822469373,12.8390074580163));
#3886=CARTESIAN_POINT('',(65.6709160894531,27.387459447658,29.4304114581139));
#3887=CARTESIAN_POINT('',(31.325,27.387459447658,29.4304114581139));
#3888=CARTESIAN_POINT('',(70.3290839105469,27.387459447658,29.4304114581139));
#3889=CARTESIAN_POINT('Origin',(68.,30.,36.6083076330831));
#3890=CARTESIAN_POINT('',(122.670916089453,27.387459447658,29.4304114581139));
#3891=CARTESIAN_POINT('',(31.325,27.387459447658,29.4304114581139));
#3892=CARTESIAN_POINT('',(127.329083910547,27.387459447658,29.4304114581139));
#3893=CARTESIAN_POINT('Origin',(125.,30.,36.6083076330831));
#3894=CARTESIAN_POINT('',(31.325,27.387459447658,29.4304114581139));
#3895=CARTESIAN_POINT('Origin',(-9.8,26.0211537723556,49.0230956024501));
#3896=CARTESIAN_POINT('',(-9.8,6.62369887922207,18.1984631039295));
#3897=CARTESIAN_POINT('',(-9.8,11.700967287579,32.1481434084006));
#3898=CARTESIAN_POINT('',(-9.8,9.39980799080794,25.8257602019539));
#3899=CARTESIAN_POINT('',(-9.8,13.8452366699618,15.5700383024718));
#3900=CARTESIAN_POINT('',(-9.8,12.2340609357971,32.1000731604863));
#3901=CARTESIAN_POINT('Origin',(-4.3,13.8452366699618,15.5700383024718));
#3902=CARTESIAN_POINT('',(-8.068610694455,7.13297117303079,13.7500684311967));
#3903=CARTESIAN_POINT('',(-4.29999999999999,6.62197333250271,12.3461134029557));
#3904=CARTESIAN_POINT('Origin',(-4.3,8.50308412079389,17.5144228172782));
#3905=CARTESIAN_POINT('Ctrl Pts',(-8.6,10.,13.3202204405981));
#3906=CARTESIAN_POINT('Ctrl Pts',(-8.6,9.42871417945477,13.5281514745349));
#3907=CARTESIAN_POINT('Ctrl Pts',(-8.53782187106147,8.8349392883443,13.6567664113602));
#3908=CARTESIAN_POINT('Ctrl Pts',(-8.32082739724422,7.87023296414333,13.7489285338007));
#3909=CARTESIAN_POINT('Ctrl Pts',(-8.20851824577605,7.49743037351117,13.757481873655));
#3910=CARTESIAN_POINT('Ctrl Pts',(-8.068610694455,7.13297117303079,13.7500684311967));
#3911=CARTESIAN_POINT('',(-4.29999999999999,4.7425880909309,13.030153689607));
#3912=CARTESIAN_POINT('Origin',(-4.3,6.62369887922207,18.1984631039295));
#3913=CARTESIAN_POINT('',(-4.29999999999999,11.9641258816706,10.4017288881493));
#3914=CARTESIAN_POINT('Origin',(135.1,26.0211537723556,49.0230956024501));
#3915=CARTESIAN_POINT('',(135.1,11.700967287579,32.1481434084005));
#3916=CARTESIAN_POINT('',(135.1,9.39980799080794,25.8257602019539));
#3917=CARTESIAN_POINT('',(135.1,12.2340609357971,32.1000731604862));
#3918=CARTESIAN_POINT('Origin',(62.65,11.9641258816706,10.4017288881493));
#3919=CARTESIAN_POINT('',(31.325,6.62197333250271,12.3461134029557));
#3920=CARTESIAN_POINT('',(31.325,4.7425880909309,13.030153689607));
#3921=CARTESIAN_POINT('Origin',(125.9,10.,13.7));
#3922=CARTESIAN_POINT('',(133.9,10.,13.7));
#3923=CARTESIAN_POINT('Origin',(125.9,10.,21.6271653942201));
#3924=CARTESIAN_POINT('Origin',(133.9,49.35,13.7));
#3925=CARTESIAN_POINT('',(133.9,88.7,23.901722391084));
#3926=CARTESIAN_POINT('',(133.9,25.2899340946349,29.6195500157826));
#3927=CARTESIAN_POINT('',(133.9,88.7,13.7));
#3928=CARTESIAN_POINT('Origin',(125.,30.,16.3474164133739));
#3929=CARTESIAN_POINT('',(121.5,30.,29.1948328267477));
#3930=CARTESIAN_POINT('Origin',(125.,30.,29.1948328267477));
#3931=CARTESIAN_POINT('',(121.5,30.,3.));
#3932=CARTESIAN_POINT('',(121.5,30.,16.3474164133739));
#3933=CARTESIAN_POINT('Origin',(125.,30.,3.));
#3934=CARTESIAN_POINT('Origin',(125.,30.,29.1948328267477));
#3935=CARTESIAN_POINT('Origin',(0.,-4.44089209850063E-15,31.8999999999999));
#3936=CARTESIAN_POINT('',(64.5,30.,29.1948328267477));
#3937=CARTESIAN_POINT('Origin',(68.,30.,29.1948328267477));
#3938=CARTESIAN_POINT('Origin',(68.,30.,29.1948328267477));
#3939=CARTESIAN_POINT('',(-0.599999999999996,96.7,23.1803444782168));
#3940=CARTESIAN_POINT('Origin',(-0.6,88.7,23.901722391084));
#3941=CARTESIAN_POINT('',(125.9,96.7,23.1803444782168));
#3942=CARTESIAN_POINT('',(31.325,96.7,23.1803444782168));
#3943=CARTESIAN_POINT('Origin',(125.9,88.7,23.901722391084));
#3944=CARTESIAN_POINT('',(-3.5,88.7,23.901722391084));
#3945=CARTESIAN_POINT('Origin',(0.,88.7,23.901722391084));
#3946=CARTESIAN_POINT('',(121.5,88.7,23.901722391084));
#3947=CARTESIAN_POINT('Origin',(125.,88.7,23.901722391084));
#3948=CARTESIAN_POINT('Origin',(0.,0.,0.));
#3949=CARTESIAN_POINT('',(136.383115155118,10.,27.4747741945462));
#3950=CARTESIAN_POINT('Origin',(125.9,7.73781450638087,21.2594706322099));
#3951=CARTESIAN_POINT('',(136.105199224704,11.345293498897,31.1709377053047));
#3952=CARTESIAN_POINT('',(136.978952716418,7.11575944415746,19.5503883950936));
#3953=CARTESIAN_POINT('',(112.153409794827,19.8202539673011,54.4557002230157));
#3954=CARTESIAN_POINT('',(-17.1150654414285,9.11264750373174,25.0367932479525));
#3955=CARTESIAN_POINT('Origin',(-10.6,1.11022302462516E-15,32.4));
#3956=CARTESIAN_POINT('',(-9.10606133578458,88.4757404494388,25.9219443768996));
#3957=CARTESIAN_POINT('',(-9.10606133578458,0.0670837194147137,33.8939509108126));
#3958=CARTESIAN_POINT('',(-33.05,86.3253864871134,2.07476054751585));
#3959=CARTESIAN_POINT('Origin',(125.,88.7,5.));
#3960=CARTESIAN_POINT('',(123.,88.7,3.));
#3961=CARTESIAN_POINT('Origin',(125.,88.7,3.));
#3962=CARTESIAN_POINT('',(123.,88.7,9.));
#3963=CARTESIAN_POINT('',(123.,88.7,5.));
#3964=CARTESIAN_POINT('Origin',(125.,88.7,9.));
#3965=CARTESIAN_POINT('Origin',(125.,88.7,9.));
#3966=CARTESIAN_POINT('Origin',(125.,88.7,13.700861195542));
#3967=CARTESIAN_POINT('',(121.5,88.7,3.));
#3968=CARTESIAN_POINT('',(121.5,88.7,13.700861195542));
#3969=CARTESIAN_POINT('Origin',(125.,88.7,3.));
#3970=CARTESIAN_POINT('Origin',(125.,88.7,3.));
#3971=CARTESIAN_POINT('Origin',(0.,88.7,5.));
#3972=CARTESIAN_POINT('',(-2.,88.7,3.));
#3973=CARTESIAN_POINT('Origin',(0.,88.7,3.));
#3974=CARTESIAN_POINT('',(-2.,88.7,9.));
#3975=CARTESIAN_POINT('',(-2.,88.7,5.));
#3976=CARTESIAN_POINT('Origin',(0.,88.7,9.));
#3977=CARTESIAN_POINT('Origin',(0.,88.7,9.));
#3978=CARTESIAN_POINT('Origin',(0.,88.7,13.700861195542));
#3979=CARTESIAN_POINT('',(-3.5,88.7,3.));
#3980=CARTESIAN_POINT('',(-3.5,88.7,13.700861195542));
#3981=CARTESIAN_POINT('Origin',(0.,88.7,3.));
#3982=CARTESIAN_POINT('Origin',(0.,88.7,3.));
#3983=CARTESIAN_POINT('Origin',(125.,30.,5.));
#3984=CARTESIAN_POINT('',(123.,30.,3.));
#3985=CARTESIAN_POINT('Origin',(125.,30.,3.));
#3986=CARTESIAN_POINT('',(123.,30.,9.));
#3987=CARTESIAN_POINT('',(123.,30.,5.));
#3988=CARTESIAN_POINT('Origin',(125.,30.,9.));
#3989=CARTESIAN_POINT('Origin',(125.,30.,9.));
#3990=CARTESIAN_POINT('Origin',(125.,30.,3.));
#3991=CARTESIAN_POINT('Origin',(68.,30.,5.));
#3992=CARTESIAN_POINT('',(66.,30.,3.));
#3993=CARTESIAN_POINT('Origin',(68.,30.,3.));
#3994=CARTESIAN_POINT('',(66.,30.,9.));
#3995=CARTESIAN_POINT('',(66.,30.,5.));
#3996=CARTESIAN_POINT('Origin',(68.,30.,9.));
#3997=CARTESIAN_POINT('Origin',(68.,30.,9.));
#3998=CARTESIAN_POINT('Origin',(68.,30.,16.3474164133739));
#3999=CARTESIAN_POINT('',(64.5,30.,3.));
#4000=CARTESIAN_POINT('',(64.5,30.,16.3474164133739));
#4001=CARTESIAN_POINT('Origin',(68.,30.,3.));
#4002=CARTESIAN_POINT('Origin',(68.,30.,3.));
#4003=CARTESIAN_POINT('Origin',(-0.6,10.,13.7));
#4004=CARTESIAN_POINT('Origin',(-0.6,10.,21.6271653942201));
#4005=CARTESIAN_POINT('Origin',(0.,2.12835554495182,0.));
#4006=CARTESIAN_POINT('Origin',(125.9,88.7,13.7));
#4007=CARTESIAN_POINT('',(125.9,96.7,13.7));
#4008=CARTESIAN_POINT('Origin',(-0.6,88.7,13.7));
#4009=CARTESIAN_POINT('',(-0.599999999999996,96.7,13.7));
#4010=CARTESIAN_POINT('Origin',(62.65,96.7,13.7));
#4011=CARTESIAN_POINT('Origin',(135.9,1.11022302462516E-15,32.4));
#4012=CARTESIAN_POINT('',(136.669363918671,88.2724780812334,23.6677875519706));
#4013=CARTESIAN_POINT('',(136.021371005277,-0.0851788047199054,32.2858173214405));
#4014=CARTESIAN_POINT('',(134.406061335785,88.4757404494388,25.9219443768996));
#4015=CARTESIAN_POINT('',(158.35,86.3253864871134,2.07476054751581));
#4016=CARTESIAN_POINT('',(134.406061335785,0.0670837194147123,33.8939509108126));
#4017=CARTESIAN_POINT('Origin',(-0.6,86.3253864871134,2.07476054751583));
#4018=CARTESIAN_POINT('',(-0.6,96.9474297225835,25.1580331861095));
#4019=CARTESIAN_POINT('Origin',(-0.6,88.4757404494388,25.9219443768996));
#4020=CARTESIAN_POINT('',(-0.6,118.644259589642,-0.839504605599692));
#4021=CARTESIAN_POINT('Origin',(0.,98.3011641053793,23.5359639256548));
#4022=CARTESIAN_POINT('',(125.9,96.9474297225835,25.1580331861095));
#4023=CARTESIAN_POINT('',(0.,96.9474297225835,25.1580331861095));
#4024=CARTESIAN_POINT('',(125.9,118.644259589642,-0.839504605599692));
#4025=CARTESIAN_POINT('Origin',(125.9,86.3253864871134,2.07476054751583));
#4026=CARTESIAN_POINT('Origin',(125.9,88.4757404494388,25.9219443768996));
#4027=CARTESIAN_POINT('',(136.673200975258,88.7,23.6167563335647));
#4028=CARTESIAN_POINT('Ctrl Pts',(136.669363918671,88.2724780812334,23.6677875519706));
#4029=CARTESIAN_POINT('Ctrl Pts',(136.670933690263,88.4865256993111,23.6469102583698));
#4030=CARTESIAN_POINT('Ctrl Pts',(136.673200975258,88.7,23.6167563335647));
#4031=CARTESIAN_POINT('Ctrl Pts',(136.673200975258,88.7,23.6167563335647));
#4032=CARTESIAN_POINT('Ctrl Pts',(136.686455614198,89.9479793164712,23.440475280783));
#4033=CARTESIAN_POINT('Ctrl Pts',(136.473579541116,91.2624679973982,23.2509899384369));
#4034=CARTESIAN_POINT('Ctrl Pts',(135.53027280716,93.8635471455825,22.8683898091013));
#4035=CARTESIAN_POINT('Ctrl Pts',(134.740141505108,95.129668031601,22.677463513501));
#4036=CARTESIAN_POINT('Ctrl Pts',(132.841033290273,97.1812071006236,22.3636986165048));
#4037=CARTESIAN_POINT('Ctrl Pts',(131.597502469201,98.0880755974429,22.2221951264292));
#4038=CARTESIAN_POINT('Ctrl Pts',(128.840018812144,99.2954887600553,22.0324520399341));
#4039=CARTESIAN_POINT('Ctrl Pts',(127.32599566543,99.5959267598538,21.9845556670639));
#4040=CARTESIAN_POINT('Ctrl Pts',(125.9,99.5959267598538,21.9845556670639));
#4041=CARTESIAN_POINT('Origin',(125.9,88.7,17.7));
#4042=CARTESIAN_POINT('',(137.118084118736,88.7,17.7));
#4043=CARTESIAN_POINT('Origin',(0.,-4.44089209850063E-15,33.9));
#4044=CARTESIAN_POINT('Origin',(135.9,0.,33.9));
#4045=CARTESIAN_POINT('',(137.118084118736,10.,17.7));
#4046=CARTESIAN_POINT('Origin',(125.9,10.,17.7));
#4047=UNCERTAINTY_MEASURE_WITH_UNIT(LENGTH_MEASURE(0.01),#4051,
'DISTANCE_ACCURACY_VALUE',
'Maximum model space distance between geometric entities at asserted c
onnectivities');
#4048=UNCERTAINTY_MEASURE_WITH_UNIT(LENGTH_MEASURE(0.01),#4051,
'DISTANCE_ACCURACY_VALUE',
'Maximum model space distance between geometric entities at asserted c
onnectivities');
#4049=(
GEOMETRIC_REPRESENTATION_CONTEXT(3)
GLOBAL_UNCERTAINTY_ASSIGNED_CONTEXT((#4047))
GLOBAL_UNIT_ASSIGNED_CONTEXT((#4051,#4053,#4054))
REPRESENTATION_CONTEXT('','3D')
);
#4050=(
GEOMETRIC_REPRESENTATION_CONTEXT(3)
GLOBAL_UNCERTAINTY_ASSIGNED_CONTEXT((#4048))
GLOBAL_UNIT_ASSIGNED_CONTEXT((#4051,#4053,#4054))
REPRESENTATION_CONTEXT('','3D')
);
#4051=(
LENGTH_UNIT()
NAMED_UNIT(*)
SI_UNIT(.MILLI.,.METRE.)
);
#4052=(
LENGTH_UNIT()
NAMED_UNIT(*)
SI_UNIT($,.METRE.)
);
#4053=(
NAMED_UNIT(*)
PLANE_ANGLE_UNIT()
SI_UNIT($,.RADIAN.)
);
#4054=(
NAMED_UNIT(*)
SI_UNIT($,.STERADIAN.)
SOLID_ANGLE_UNIT()
);
#4055=SHAPE_DEFINITION_REPRESENTATION(#4056,#4057);
#4056=PRODUCT_DEFINITION_SHAPE('',$,#4059);
#4057=SHAPE_REPRESENTATION('',(#2465),#4049);
#4058=PRODUCT_DEFINITION_CONTEXT('part definition',#4063,'design');
#4059=PRODUCT_DEFINITION('Dock shell','Dock shell',#4060,#4058);
#4060=PRODUCT_DEFINITION_FORMATION('',$,#4065);
#4061=PRODUCT_RELATED_PRODUCT_CATEGORY('Dock shell','Dock shell',(#4065));
#4062=APPLICATION_PROTOCOL_DEFINITION('international standard',
'automotive_design',2009,#4063);
#4063=APPLICATION_CONTEXT(
'Core Data for Automotive Mechanical Design Process');
#4064=PRODUCT_CONTEXT('part definition',#4063,'mechanical');
#4065=PRODUCT('Dock shell','Dock shell',$,(#4064));
#4066=PRESENTATION_STYLE_ASSIGNMENT((#4067));
#4067=SURFACE_STYLE_USAGE(.BOTH.,#4068);
#4068=SURFACE_SIDE_STYLE('',(#4069));
#4069=SURFACE_STYLE_FILL_AREA(#4070);
#4070=FILL_AREA_STYLE('Steel - Satin',(#4071));
#4071=FILL_AREA_STYLE_COLOUR('Steel - Satin',#4072);
#4072=COLOUR_RGB('Steel - Satin',0.627450980392157,0.627450980392157,0.627450980392157);
ENDSEC;
END-ISO-10303-21;
