ISO-10303-21;
HEADER;
/* Generated by software containing ST-Developer
 * from STEP Tools, Inc. (www.steptools.com) 
 */

FILE_DESCRIPTION(
/* description */ (''),
/* implementation_level */ '2;1');

FILE_NAME(
/* name */ 'dock-chassis.step',
/* time_stamp */ '2026-09-18T11:55:51+01:00',
/* author */ (''),
/* organization */ (''),
/* preprocessor_version */ 'ST-DEVELOPER v20.2',
/* originating_system */ 'Autodesk Translation Framework v15.15.0.0',
/* authorisation */ '');

FILE_SCHEMA (('AUTOMOTIVE_DESIGN { 1 0 10303 214 3 1 1 }'));
ENDSEC;

DATA;
#10=MECHANICAL_DESIGN_GEOMETRIC_PRESENTATION_REPRESENTATION('',(#13),#7527);
#11=SHAPE_REPRESENTATION_RELATIONSHIP('SRR','None',#7534,#12);
#12=ADVANCED_BREP_SHAPE_REPRESENTATION('',(#14),#7526);
#13=STYLED_ITEM('',(#7543),#14);
#14=MANIFOLD_SOLID_BREP('Dock chassis',#4578);
#15=B_SPLINE_CURVE_WITH_KNOTS('',3,(#7302,#7303,#7304,#7305,#7306,#7307,
#7308,#7309),.UNSPECIFIED.,.F.,.F.,(4,2,2,4),(3.52591941540125,3.67499955265879,
3.82407968991633,3.83302446595438),.UNSPECIFIED.);
#16=B_SPLINE_CURVE_WITH_KNOTS('',3,(#7312,#7313,#7314,#7315,#7316,#7317,
#7318,#7319),.UNSPECIFIED.,.F.,.F.,(4,2,2,4),(1.76876764866823,1.77771242470628,
1.92679256196382,2.07587269922136),.UNSPECIFIED.);
#17=CONICAL_SURFACE('',#4619,2.4,0.781839459559232);
#18=CONICAL_SURFACE('',#4628,2.4,0.781839459559232);
#19=CONICAL_SURFACE('',#4637,2.4,0.781839459559232);
#20=CONICAL_SURFACE('',#4646,2.4,0.781839459559232);
#21=CYLINDRICAL_SURFACE('',#4602,2.1);
#22=CYLINDRICAL_SURFACE('',#4606,1.7);
#23=CYLINDRICAL_SURFACE('',#4622,1.7);
#24=CYLINDRICAL_SURFACE('',#4624,3.5);
#25=CYLINDRICAL_SURFACE('',#4631,1.7);
#26=CYLINDRICAL_SURFACE('',#4633,3.5);
#27=CYLINDRICAL_SURFACE('',#4640,1.7);
#28=CYLINDRICAL_SURFACE('',#4642,3.5);
#29=CYLINDRICAL_SURFACE('',#4649,1.7);
#30=CYLINDRICAL_SURFACE('',#4651,3.5);
#31=CYLINDRICAL_SURFACE('',#4782,1.3);
#32=CYLINDRICAL_SURFACE('',#4786,1.3);
#33=CYLINDRICAL_SURFACE('',#4790,1.3);
#34=CYLINDRICAL_SURFACE('',#4794,1.3);
#35=CYLINDRICAL_SURFACE('',#4798,1.3);
#36=CYLINDRICAL_SURFACE('',#4802,1.3);
#37=CYLINDRICAL_SURFACE('',#4806,1.3);
#38=CYLINDRICAL_SURFACE('',#4810,1.3);
#39=CYLINDRICAL_SURFACE('',#4814,1.05);
#40=CYLINDRICAL_SURFACE('',#4818,1.05);
#41=CYLINDRICAL_SURFACE('',#4822,1.05);
#42=CYLINDRICAL_SURFACE('',#4826,1.05);
#43=CYLINDRICAL_SURFACE('',#4830,1.05);
#44=CYLINDRICAL_SURFACE('',#4834,1.05);
#45=CYLINDRICAL_SURFACE('',#4838,1.05);
#46=CYLINDRICAL_SURFACE('',#4842,1.05);
#47=CYLINDRICAL_SURFACE('',#4846,2.6);
#48=CYLINDRICAL_SURFACE('',#4849,2.6);
#49=CYLINDRICAL_SURFACE('',#4852,2.6);
#50=CYLINDRICAL_SURFACE('',#4855,2.6);
#51=CYLINDRICAL_SURFACE('',#4858,2.6);
#52=CYLINDRICAL_SURFACE('',#4861,2.6);
#53=CYLINDRICAL_SURFACE('',#4864,2.6);
#54=CYLINDRICAL_SURFACE('',#4867,2.6);
#55=CYLINDRICAL_SURFACE('',#4870,2.6);
#56=CYLINDRICAL_SURFACE('',#4873,2.6);
#57=CYLINDRICAL_SURFACE('',#4876,2.6);
#58=CYLINDRICAL_SURFACE('',#4879,2.6);
#59=CYLINDRICAL_SURFACE('',#4882,2.6);
#60=CYLINDRICAL_SURFACE('',#4885,2.6);
#61=CYLINDRICAL_SURFACE('',#4888,2.6);
#62=CYLINDRICAL_SURFACE('',#4891,2.6);
#63=CYLINDRICAL_SURFACE('',#4895,6.5);
#64=CYLINDRICAL_SURFACE('',#4897,6.5);
#65=CYLINDRICAL_SURFACE('',#4899,6.5);
#66=CYLINDRICAL_SURFACE('',#4901,6.5);
#67=CYLINDRICAL_SURFACE('',#4903,5.5);
#68=CYLINDRICAL_SURFACE('',#4905,5.5);
#69=CYLINDRICAL_SURFACE('',#4921,5.7);
#70=CYLINDRICAL_SURFACE('',#4925,5.7);
#71=CYLINDRICAL_SURFACE('',#4939,4.2);
#72=CYLINDRICAL_SURFACE('',#4940,4.2);
#73=CYLINDRICAL_SURFACE('',#4945,7.9);
#74=CYLINDRICAL_SURFACE('',#4950,7.9);
#75=CIRCLE('',#4601,5.5);
#76=CIRCLE('',#4603,2.1);
#77=CIRCLE('',#4605,1.7);
#78=CIRCLE('',#4607,1.7);
#79=CIRCLE('',#4614,5.5);
#80=CIRCLE('',#4618,5.5);
#81=CIRCLE('',#4620,3.09007092198582);
#82=CIRCLE('',#4621,1.7);
#83=CIRCLE('',#4623,1.7);
#84=CIRCLE('',#4625,3.5);
#85=CIRCLE('',#4626,3.5);
#86=CIRCLE('',#4629,3.09007092198582);
#87=CIRCLE('',#4630,1.7);
#88=CIRCLE('',#4632,1.7);
#89=CIRCLE('',#4634,3.5);
#90=CIRCLE('',#4635,3.5);
#91=CIRCLE('',#4638,3.09007092198582);
#92=CIRCLE('',#4639,1.7);
#93=CIRCLE('',#4641,1.7);
#94=CIRCLE('',#4643,3.5);
#95=CIRCLE('',#4644,3.5);
#96=CIRCLE('',#4647,3.09007092198582);
#97=CIRCLE('',#4648,1.7);
#98=CIRCLE('',#4650,1.7);
#99=CIRCLE('',#4652,3.5);
#100=CIRCLE('',#4653,3.5);
#101=CIRCLE('',#4669,6.5);
#102=CIRCLE('',#4670,6.5);
#103=CIRCLE('',#4671,2.6);
#104=CIRCLE('',#4672,2.6);
#105=CIRCLE('',#4673,2.6);
#106=CIRCLE('',#4674,2.6);
#107=CIRCLE('',#4675,2.6);
#108=CIRCLE('',#4676,2.6);
#109=CIRCLE('',#4677,2.6);
#110=CIRCLE('',#4678,2.6);
#111=CIRCLE('',#4679,2.6);
#112=CIRCLE('',#4680,2.6);
#113=CIRCLE('',#4681,2.6);
#114=CIRCLE('',#4682,2.6);
#115=CIRCLE('',#4683,2.6);
#116=CIRCLE('',#4684,2.6);
#117=CIRCLE('',#4685,2.6);
#118=CIRCLE('',#4686,2.6);
#119=CIRCLE('',#4783,1.3);
#120=CIRCLE('',#4784,1.3);
#121=CIRCLE('',#4787,1.3);
#122=CIRCLE('',#4788,1.3);
#123=CIRCLE('',#4791,1.3);
#124=CIRCLE('',#4792,1.3);
#125=CIRCLE('',#4795,1.3);
#126=CIRCLE('',#4796,1.3);
#127=CIRCLE('',#4799,1.3);
#128=CIRCLE('',#4800,1.3);
#129=CIRCLE('',#4803,1.3);
#130=CIRCLE('',#4804,1.3);
#131=CIRCLE('',#4807,1.3);
#132=CIRCLE('',#4808,1.3);
#133=CIRCLE('',#4811,1.3);
#134=CIRCLE('',#4812,1.3);
#135=CIRCLE('',#4815,1.05);
#136=CIRCLE('',#4816,1.05);
#137=CIRCLE('',#4819,1.05);
#138=CIRCLE('',#4820,1.05);
#139=CIRCLE('',#4823,1.05);
#140=CIRCLE('',#4824,1.05);
#141=CIRCLE('',#4827,1.05);
#142=CIRCLE('',#4828,1.05);
#143=CIRCLE('',#4831,1.05);
#144=CIRCLE('',#4832,1.05);
#145=CIRCLE('',#4835,1.05);
#146=CIRCLE('',#4836,1.05);
#147=CIRCLE('',#4839,1.05);
#148=CIRCLE('',#4840,1.05);
#149=CIRCLE('',#4843,1.05);
#150=CIRCLE('',#4844,1.05);
#151=CIRCLE('',#4847,2.6);
#152=CIRCLE('',#4850,2.6);
#153=CIRCLE('',#4853,2.6);
#154=CIRCLE('',#4856,2.6);
#155=CIRCLE('',#4859,2.6);
#156=CIRCLE('',#4862,2.6);
#157=CIRCLE('',#4865,2.6);
#158=CIRCLE('',#4868,2.6);
#159=CIRCLE('',#4871,2.6);
#160=CIRCLE('',#4874,2.6);
#161=CIRCLE('',#4877,2.6);
#162=CIRCLE('',#4880,2.6);
#163=CIRCLE('',#4883,2.6);
#164=CIRCLE('',#4886,2.6);
#165=CIRCLE('',#4889,2.6);
#166=CIRCLE('',#4892,2.6);
#167=CIRCLE('',#4896,6.5);
#168=CIRCLE('',#4898,6.5);
#169=CIRCLE('',#4900,6.5);
#170=CIRCLE('',#4902,6.5);
#171=CIRCLE('',#4904,5.5);
#172=CIRCLE('',#4922,5.7);
#173=CIRCLE('',#4923,5.7);
#174=CIRCLE('',#4926,5.7);
#175=CIRCLE('',#4927,5.7);
#176=CIRCLE('',#4930,4.2);
#177=CIRCLE('',#4931,4.2);
#178=CIRCLE('',#4937,4.2);
#179=CIRCLE('',#4941,4.2);
#180=CIRCLE('',#4944,7.9);
#181=CIRCLE('',#4946,7.9);
#182=CIRCLE('',#4949,7.9);
#183=CIRCLE('',#4951,7.9);
#184=FACE_BOUND('',#499,.T.);
#185=FACE_BOUND('',#507,.T.);
#186=FACE_BOUND('',#512,.T.);
#187=FACE_BOUND('',#521,.T.);
#188=FACE_BOUND('',#526,.T.);
#189=FACE_BOUND('',#531,.T.);
#190=FACE_BOUND('',#536,.T.);
#191=FACE_BOUND('',#541,.T.);
#192=FACE_BOUND('',#552,.T.);
#193=FACE_BOUND('',#553,.T.);
#194=FACE_BOUND('',#554,.T.);
#195=FACE_BOUND('',#555,.T.);
#196=FACE_BOUND('',#556,.T.);
#197=FACE_BOUND('',#557,.T.);
#198=FACE_BOUND('',#558,.T.);
#199=FACE_BOUND('',#559,.T.);
#200=FACE_BOUND('',#560,.T.);
#201=FACE_BOUND('',#561,.T.);
#202=FACE_BOUND('',#562,.T.);
#203=FACE_BOUND('',#563,.T.);
#204=FACE_BOUND('',#564,.T.);
#205=FACE_BOUND('',#565,.T.);
#206=FACE_BOUND('',#566,.T.);
#207=FACE_BOUND('',#567,.T.);
#208=FACE_BOUND('',#568,.T.);
#209=FACE_BOUND('',#569,.T.);
#210=FACE_BOUND('',#570,.T.);
#211=FACE_BOUND('',#571,.T.);
#212=FACE_BOUND('',#572,.T.);
#213=FACE_BOUND('',#573,.T.);
#214=FACE_BOUND('',#574,.T.);
#215=FACE_BOUND('',#575,.T.);
#216=FACE_BOUND('',#665,.T.);
#217=FACE_BOUND('',#706,.T.);
#218=FACE_BOUND('',#709,.T.);
#219=FACE_BOUND('',#712,.T.);
#220=FACE_BOUND('',#715,.T.);
#221=FACE_BOUND('',#718,.T.);
#222=FACE_BOUND('',#721,.T.);
#223=FACE_BOUND('',#724,.T.);
#224=FACE_BOUND('',#727,.T.);
#225=FACE_BOUND('',#730,.T.);
#226=FACE_BOUND('',#733,.T.);
#227=FACE_BOUND('',#736,.T.);
#228=FACE_BOUND('',#739,.T.);
#229=FACE_BOUND('',#742,.T.);
#230=FACE_BOUND('',#745,.T.);
#231=FACE_BOUND('',#748,.T.);
#232=FACE_BOUND('',#751,.T.);
#233=FACE_BOUND('',#761,.T.);
#234=FACE_BOUND('',#762,.T.);
#235=FACE_BOUND('',#763,.T.);
#236=FACE_BOUND('',#764,.T.);
#237=ELLIPSE('',#4595,2.23477332219942,2.1);
#238=ELLIPSE('',#4615,19.0047286010601,6.5);
#239=ELLIPSE('',#4617,19.0047286010601,6.5);
#240=ELLIPSE('',#4913,8.40700440255971,7.9);
#241=ELLIPSE('',#4915,8.40700440255971,7.9);
#242=ELLIPSE('',#4947,23.0980547612884,7.9);
#243=ELLIPSE('',#4952,23.0980547612884,7.9);
#244=FACE_OUTER_BOUND('',#496,.T.);
#245=FACE_OUTER_BOUND('',#497,.T.);
#246=FACE_OUTER_BOUND('',#498,.T.);
#247=FACE_OUTER_BOUND('',#500,.T.);
#248=FACE_OUTER_BOUND('',#501,.T.);
#249=FACE_OUTER_BOUND('',#502,.T.);
#250=FACE_OUTER_BOUND('',#503,.T.);
#251=FACE_OUTER_BOUND('',#504,.T.);
#252=FACE_OUTER_BOUND('',#505,.T.);
#253=FACE_OUTER_BOUND('',#506,.T.);
#254=FACE_OUTER_BOUND('',#508,.T.);
#255=FACE_OUTER_BOUND('',#509,.T.);
#256=FACE_OUTER_BOUND('',#510,.T.);
#257=FACE_OUTER_BOUND('',#511,.T.);
#258=FACE_OUTER_BOUND('',#513,.T.);
#259=FACE_OUTER_BOUND('',#514,.T.);
#260=FACE_OUTER_BOUND('',#515,.T.);
#261=FACE_OUTER_BOUND('',#516,.T.);
#262=FACE_OUTER_BOUND('',#517,.T.);
#263=FACE_OUTER_BOUND('',#518,.T.);
#264=FACE_OUTER_BOUND('',#519,.T.);
#265=FACE_OUTER_BOUND('',#520,.T.);
#266=FACE_OUTER_BOUND('',#522,.T.);
#267=FACE_OUTER_BOUND('',#523,.T.);
#268=FACE_OUTER_BOUND('',#524,.T.);
#269=FACE_OUTER_BOUND('',#525,.T.);
#270=FACE_OUTER_BOUND('',#527,.T.);
#271=FACE_OUTER_BOUND('',#528,.T.);
#272=FACE_OUTER_BOUND('',#529,.T.);
#273=FACE_OUTER_BOUND('',#530,.T.);
#274=FACE_OUTER_BOUND('',#532,.T.);
#275=FACE_OUTER_BOUND('',#533,.T.);
#276=FACE_OUTER_BOUND('',#534,.T.);
#277=FACE_OUTER_BOUND('',#535,.T.);
#278=FACE_OUTER_BOUND('',#537,.T.);
#279=FACE_OUTER_BOUND('',#538,.T.);
#280=FACE_OUTER_BOUND('',#539,.T.);
#281=FACE_OUTER_BOUND('',#540,.T.);
#282=FACE_OUTER_BOUND('',#542,.T.);
#283=FACE_OUTER_BOUND('',#543,.T.);
#284=FACE_OUTER_BOUND('',#544,.T.);
#285=FACE_OUTER_BOUND('',#545,.T.);
#286=FACE_OUTER_BOUND('',#546,.T.);
#287=FACE_OUTER_BOUND('',#547,.T.);
#288=FACE_OUTER_BOUND('',#548,.T.);
#289=FACE_OUTER_BOUND('',#549,.T.);
#290=FACE_OUTER_BOUND('',#550,.T.);
#291=FACE_OUTER_BOUND('',#551,.T.);
#292=FACE_OUTER_BOUND('',#576,.T.);
#293=FACE_OUTER_BOUND('',#577,.T.);
#294=FACE_OUTER_BOUND('',#578,.T.);
#295=FACE_OUTER_BOUND('',#579,.T.);
#296=FACE_OUTER_BOUND('',#580,.T.);
#297=FACE_OUTER_BOUND('',#581,.T.);
#298=FACE_OUTER_BOUND('',#582,.T.);
#299=FACE_OUTER_BOUND('',#583,.T.);
#300=FACE_OUTER_BOUND('',#584,.T.);
#301=FACE_OUTER_BOUND('',#585,.T.);
#302=FACE_OUTER_BOUND('',#586,.T.);
#303=FACE_OUTER_BOUND('',#587,.T.);
#304=FACE_OUTER_BOUND('',#588,.T.);
#305=FACE_OUTER_BOUND('',#589,.T.);
#306=FACE_OUTER_BOUND('',#590,.T.);
#307=FACE_OUTER_BOUND('',#591,.T.);
#308=FACE_OUTER_BOUND('',#592,.T.);
#309=FACE_OUTER_BOUND('',#593,.T.);
#310=FACE_OUTER_BOUND('',#594,.T.);
#311=FACE_OUTER_BOUND('',#595,.T.);
#312=FACE_OUTER_BOUND('',#596,.T.);
#313=FACE_OUTER_BOUND('',#597,.T.);
#314=FACE_OUTER_BOUND('',#598,.T.);
#315=FACE_OUTER_BOUND('',#599,.T.);
#316=FACE_OUTER_BOUND('',#600,.T.);
#317=FACE_OUTER_BOUND('',#601,.T.);
#318=FACE_OUTER_BOUND('',#602,.T.);
#319=FACE_OUTER_BOUND('',#603,.T.);
#320=FACE_OUTER_BOUND('',#604,.T.);
#321=FACE_OUTER_BOUND('',#605,.T.);
#322=FACE_OUTER_BOUND('',#606,.T.);
#323=FACE_OUTER_BOUND('',#607,.T.);
#324=FACE_OUTER_BOUND('',#608,.T.);
#325=FACE_OUTER_BOUND('',#609,.T.);
#326=FACE_OUTER_BOUND('',#610,.T.);
#327=FACE_OUTER_BOUND('',#611,.T.);
#328=FACE_OUTER_BOUND('',#612,.T.);
#329=FACE_OUTER_BOUND('',#613,.T.);
#330=FACE_OUTER_BOUND('',#614,.T.);
#331=FACE_OUTER_BOUND('',#615,.T.);
#332=FACE_OUTER_BOUND('',#616,.T.);
#333=FACE_OUTER_BOUND('',#617,.T.);
#334=FACE_OUTER_BOUND('',#618,.T.);
#335=FACE_OUTER_BOUND('',#619,.T.);
#336=FACE_OUTER_BOUND('',#620,.T.);
#337=FACE_OUTER_BOUND('',#621,.T.);
#338=FACE_OUTER_BOUND('',#622,.T.);
#339=FACE_OUTER_BOUND('',#623,.T.);
#340=FACE_OUTER_BOUND('',#624,.T.);
#341=FACE_OUTER_BOUND('',#625,.T.);
#342=FACE_OUTER_BOUND('',#626,.T.);
#343=FACE_OUTER_BOUND('',#627,.T.);
#344=FACE_OUTER_BOUND('',#628,.T.);
#345=FACE_OUTER_BOUND('',#629,.T.);
#346=FACE_OUTER_BOUND('',#630,.T.);
#347=FACE_OUTER_BOUND('',#631,.T.);
#348=FACE_OUTER_BOUND('',#632,.T.);
#349=FACE_OUTER_BOUND('',#633,.T.);
#350=FACE_OUTER_BOUND('',#634,.T.);
#351=FACE_OUTER_BOUND('',#635,.T.);
#352=FACE_OUTER_BOUND('',#636,.T.);
#353=FACE_OUTER_BOUND('',#637,.T.);
#354=FACE_OUTER_BOUND('',#638,.T.);
#355=FACE_OUTER_BOUND('',#639,.T.);
#356=FACE_OUTER_BOUND('',#640,.T.);
#357=FACE_OUTER_BOUND('',#641,.T.);
#358=FACE_OUTER_BOUND('',#642,.T.);
#359=FACE_OUTER_BOUND('',#643,.T.);
#360=FACE_OUTER_BOUND('',#644,.T.);
#361=FACE_OUTER_BOUND('',#645,.T.);
#362=FACE_OUTER_BOUND('',#646,.T.);
#363=FACE_OUTER_BOUND('',#647,.T.);
#364=FACE_OUTER_BOUND('',#648,.T.);
#365=FACE_OUTER_BOUND('',#649,.T.);
#366=FACE_OUTER_BOUND('',#650,.T.);
#367=FACE_OUTER_BOUND('',#651,.T.);
#368=FACE_OUTER_BOUND('',#652,.T.);
#369=FACE_OUTER_BOUND('',#653,.T.);
#370=FACE_OUTER_BOUND('',#654,.T.);
#371=FACE_OUTER_BOUND('',#655,.T.);
#372=FACE_OUTER_BOUND('',#656,.T.);
#373=FACE_OUTER_BOUND('',#657,.T.);
#374=FACE_OUTER_BOUND('',#658,.T.);
#375=FACE_OUTER_BOUND('',#659,.T.);
#376=FACE_OUTER_BOUND('',#660,.T.);
#377=FACE_OUTER_BOUND('',#661,.T.);
#378=FACE_OUTER_BOUND('',#662,.T.);
#379=FACE_OUTER_BOUND('',#663,.T.);
#380=FACE_OUTER_BOUND('',#664,.T.);
#381=FACE_OUTER_BOUND('',#666,.T.);
#382=FACE_OUTER_BOUND('',#667,.T.);
#383=FACE_OUTER_BOUND('',#668,.T.);
#384=FACE_OUTER_BOUND('',#669,.T.);
#385=FACE_OUTER_BOUND('',#670,.T.);
#386=FACE_OUTER_BOUND('',#671,.T.);
#387=FACE_OUTER_BOUND('',#672,.T.);
#388=FACE_OUTER_BOUND('',#673,.T.);
#389=FACE_OUTER_BOUND('',#674,.T.);
#390=FACE_OUTER_BOUND('',#675,.T.);
#391=FACE_OUTER_BOUND('',#676,.T.);
#392=FACE_OUTER_BOUND('',#677,.T.);
#393=FACE_OUTER_BOUND('',#678,.T.);
#394=FACE_OUTER_BOUND('',#679,.T.);
#395=FACE_OUTER_BOUND('',#680,.T.);
#396=FACE_OUTER_BOUND('',#681,.T.);
#397=FACE_OUTER_BOUND('',#682,.T.);
#398=FACE_OUTER_BOUND('',#683,.T.);
#399=FACE_OUTER_BOUND('',#684,.T.);
#400=FACE_OUTER_BOUND('',#685,.T.);
#401=FACE_OUTER_BOUND('',#686,.T.);
#402=FACE_OUTER_BOUND('',#687,.T.);
#403=FACE_OUTER_BOUND('',#688,.T.);
#404=FACE_OUTER_BOUND('',#689,.T.);
#405=FACE_OUTER_BOUND('',#690,.T.);
#406=FACE_OUTER_BOUND('',#691,.T.);
#407=FACE_OUTER_BOUND('',#692,.T.);
#408=FACE_OUTER_BOUND('',#693,.T.);
#409=FACE_OUTER_BOUND('',#694,.T.);
#410=FACE_OUTER_BOUND('',#695,.T.);
#411=FACE_OUTER_BOUND('',#696,.T.);
#412=FACE_OUTER_BOUND('',#697,.T.);
#413=FACE_OUTER_BOUND('',#698,.T.);
#414=FACE_OUTER_BOUND('',#699,.T.);
#415=FACE_OUTER_BOUND('',#700,.T.);
#416=FACE_OUTER_BOUND('',#701,.T.);
#417=FACE_OUTER_BOUND('',#702,.T.);
#418=FACE_OUTER_BOUND('',#703,.T.);
#419=FACE_OUTER_BOUND('',#704,.T.);
#420=FACE_OUTER_BOUND('',#705,.T.);
#421=FACE_OUTER_BOUND('',#707,.T.);
#422=FACE_OUTER_BOUND('',#708,.T.);
#423=FACE_OUTER_BOUND('',#710,.T.);
#424=FACE_OUTER_BOUND('',#711,.T.);
#425=FACE_OUTER_BOUND('',#713,.T.);
#426=FACE_OUTER_BOUND('',#714,.T.);
#427=FACE_OUTER_BOUND('',#716,.T.);
#428=FACE_OUTER_BOUND('',#717,.T.);
#429=FACE_OUTER_BOUND('',#719,.T.);
#430=FACE_OUTER_BOUND('',#720,.T.);
#431=FACE_OUTER_BOUND('',#722,.T.);
#432=FACE_OUTER_BOUND('',#723,.T.);
#433=FACE_OUTER_BOUND('',#725,.T.);
#434=FACE_OUTER_BOUND('',#726,.T.);
#435=FACE_OUTER_BOUND('',#728,.T.);
#436=FACE_OUTER_BOUND('',#729,.T.);
#437=FACE_OUTER_BOUND('',#731,.T.);
#438=FACE_OUTER_BOUND('',#732,.T.);
#439=FACE_OUTER_BOUND('',#734,.T.);
#440=FACE_OUTER_BOUND('',#735,.T.);
#441=FACE_OUTER_BOUND('',#737,.T.);
#442=FACE_OUTER_BOUND('',#738,.T.);
#443=FACE_OUTER_BOUND('',#740,.T.);
#444=FACE_OUTER_BOUND('',#741,.T.);
#445=FACE_OUTER_BOUND('',#743,.T.);
#446=FACE_OUTER_BOUND('',#744,.T.);
#447=FACE_OUTER_BOUND('',#746,.T.);
#448=FACE_OUTER_BOUND('',#747,.T.);
#449=FACE_OUTER_BOUND('',#749,.T.);
#450=FACE_OUTER_BOUND('',#750,.T.);
#451=FACE_OUTER_BOUND('',#752,.T.);
#452=FACE_OUTER_BOUND('',#753,.T.);
#453=FACE_OUTER_BOUND('',#754,.T.);
#454=FACE_OUTER_BOUND('',#755,.T.);
#455=FACE_OUTER_BOUND('',#756,.T.);
#456=FACE_OUTER_BOUND('',#757,.T.);
#457=FACE_OUTER_BOUND('',#758,.T.);
#458=FACE_OUTER_BOUND('',#759,.T.);
#459=FACE_OUTER_BOUND('',#760,.T.);
#460=FACE_OUTER_BOUND('',#765,.T.);
#461=FACE_OUTER_BOUND('',#766,.T.);
#462=FACE_OUTER_BOUND('',#767,.T.);
#463=FACE_OUTER_BOUND('',#768,.T.);
#464=FACE_OUTER_BOUND('',#769,.T.);
#465=FACE_OUTER_BOUND('',#770,.T.);
#466=FACE_OUTER_BOUND('',#771,.T.);
#467=FACE_OUTER_BOUND('',#772,.T.);
#468=FACE_OUTER_BOUND('',#773,.T.);
#469=FACE_OUTER_BOUND('',#774,.T.);
#470=FACE_OUTER_BOUND('',#775,.T.);
#471=FACE_OUTER_BOUND('',#776,.T.);
#472=FACE_OUTER_BOUND('',#777,.T.);
#473=FACE_OUTER_BOUND('',#778,.T.);
#474=FACE_OUTER_BOUND('',#779,.T.);
#475=FACE_OUTER_BOUND('',#780,.T.);
#476=FACE_OUTER_BOUND('',#781,.T.);
#477=FACE_OUTER_BOUND('',#782,.T.);
#478=FACE_OUTER_BOUND('',#783,.T.);
#479=FACE_OUTER_BOUND('',#784,.T.);
#480=FACE_OUTER_BOUND('',#785,.T.);
#481=FACE_OUTER_BOUND('',#786,.T.);
#482=FACE_OUTER_BOUND('',#787,.T.);
#483=FACE_OUTER_BOUND('',#788,.T.);
#484=FACE_OUTER_BOUND('',#789,.T.);
#485=FACE_OUTER_BOUND('',#790,.T.);
#486=FACE_OUTER_BOUND('',#791,.T.);
#487=FACE_OUTER_BOUND('',#792,.T.);
#488=FACE_OUTER_BOUND('',#793,.T.);
#489=FACE_OUTER_BOUND('',#794,.T.);
#490=FACE_OUTER_BOUND('',#795,.T.);
#491=FACE_OUTER_BOUND('',#796,.T.);
#492=FACE_OUTER_BOUND('',#797,.T.);
#493=FACE_OUTER_BOUND('',#798,.T.);
#494=FACE_OUTER_BOUND('',#799,.T.);
#495=FACE_OUTER_BOUND('',#800,.T.);
#496=EDGE_LOOP('',(#2872,#2873,#2874,#2875));
#497=EDGE_LOOP('',(#2876,#2877,#2878,#2879,#2880,#2881));
#498=EDGE_LOOP('',(#2882,#2883,#2884,#2885));
#499=EDGE_LOOP('',(#2886));
#500=EDGE_LOOP('',(#2887,#2888,#2889,#2890,#2891,#2892));
#501=EDGE_LOOP('',(#2893,#2894,#2895,#2896,#2897,#2898,#2899,#2900,#2901,
#2902,#2903,#2904,#2905,#2906,#2907,#2908));
#502=EDGE_LOOP('',(#2909,#2910,#2911,#2912));
#503=EDGE_LOOP('',(#2913,#2914,#2915,#2916));
#504=EDGE_LOOP('',(#2917,#2918,#2919,#2920,#2921));
#505=EDGE_LOOP('',(#2922,#2923,#2924,#2925));
#506=EDGE_LOOP('',(#2926));
#507=EDGE_LOOP('',(#2927));
#508=EDGE_LOOP('',(#2928,#2929,#2930,#2931));
#509=EDGE_LOOP('',(#2932,#2933,#2934,#2935,#2936));
#510=EDGE_LOOP('',(#2937,#2938,#2939,#2940));
#511=EDGE_LOOP('',(#2941,#2942,#2943,#2944));
#512=EDGE_LOOP('',(#2945));
#513=EDGE_LOOP('',(#2946,#2947,#2948,#2949,#2950));
#514=EDGE_LOOP('',(#2951,#2952,#2953,#2954,#2955,#2956,#2957,#2958));
#515=EDGE_LOOP('',(#2959,#2960,#2961,#2962,#2963,#2964,#2965,#2966,#2967));
#516=EDGE_LOOP('',(#2968,#2969,#2970,#2971,#2972));
#517=EDGE_LOOP('',(#2973,#2974,#2975,#2976));
#518=EDGE_LOOP('',(#2977,#2978,#2979,#2980));
#519=EDGE_LOOP('',(#2981,#2982,#2983,#2984));
#520=EDGE_LOOP('',(#2985));
#521=EDGE_LOOP('',(#2986));
#522=EDGE_LOOP('',(#2987,#2988,#2989,#2990));
#523=EDGE_LOOP('',(#2991,#2992,#2993,#2994));
#524=EDGE_LOOP('',(#2995,#2996,#2997,#2998));
#525=EDGE_LOOP('',(#2999));
#526=EDGE_LOOP('',(#3000));
#527=EDGE_LOOP('',(#3001,#3002,#3003,#3004));
#528=EDGE_LOOP('',(#3005,#3006,#3007,#3008));
#529=EDGE_LOOP('',(#3009,#3010,#3011,#3012));
#530=EDGE_LOOP('',(#3013));
#531=EDGE_LOOP('',(#3014));
#532=EDGE_LOOP('',(#3015,#3016,#3017,#3018));
#533=EDGE_LOOP('',(#3019,#3020,#3021,#3022));
#534=EDGE_LOOP('',(#3023,#3024,#3025,#3026));
#535=EDGE_LOOP('',(#3027));
#536=EDGE_LOOP('',(#3028));
#537=EDGE_LOOP('',(#3029,#3030,#3031,#3032,#3033,#3034,#3035,#3036,#3037,
#3038,#3039,#3040));
#538=EDGE_LOOP('',(#3041,#3042,#3043,#3044));
#539=EDGE_LOOP('',(#3045,#3046,#3047,#3048));
#540=EDGE_LOOP('',(#3049,#3050,#3051,#3052));
#541=EDGE_LOOP('',(#3053,#3054,#3055,#3056));
#542=EDGE_LOOP('',(#3057,#3058,#3059,#3060));
#543=EDGE_LOOP('',(#3061,#3062,#3063,#3064));
#544=EDGE_LOOP('',(#3065,#3066,#3067,#3068));
#545=EDGE_LOOP('',(#3069,#3070,#3071,#3072,#3073));
#546=EDGE_LOOP('',(#3074,#3075,#3076,#3077));
#547=EDGE_LOOP('',(#3078,#3079,#3080,#3081));
#548=EDGE_LOOP('',(#3082,#3083,#3084,#3085,#3086,#3087));
#549=EDGE_LOOP('',(#3088,#3089,#3090,#3091));
#550=EDGE_LOOP('',(#3092,#3093,#3094,#3095,#3096));
#551=EDGE_LOOP('',(#3097,#3098,#3099,#3100,#3101,#3102,#3103,#3104,#3105,
#3106,#3107,#3108,#3109,#3110,#3111,#3112,#3113,#3114,#3115,#3116,#3117,
#3118,#3119,#3120,#3121,#3122,#3123,#3124,#3125,#3126,#3127,#3128,#3129,
#3130,#3131,#3132));
#552=EDGE_LOOP('',(#3133));
#553=EDGE_LOOP('',(#3134));
#554=EDGE_LOOP('',(#3135,#3136,#3137,#3138,#3139,#3140,#3141,#3142));
#555=EDGE_LOOP('',(#3143,#3144,#3145,#3146,#3147,#3148,#3149,#3150));
#556=EDGE_LOOP('',(#3151));
#557=EDGE_LOOP('',(#3152));
#558=EDGE_LOOP('',(#3153));
#559=EDGE_LOOP('',(#3154));
#560=EDGE_LOOP('',(#3155));
#561=EDGE_LOOP('',(#3156));
#562=EDGE_LOOP('',(#3157));
#563=EDGE_LOOP('',(#3158));
#564=EDGE_LOOP('',(#3159));
#565=EDGE_LOOP('',(#3160));
#566=EDGE_LOOP('',(#3161));
#567=EDGE_LOOP('',(#3162));
#568=EDGE_LOOP('',(#3163));
#569=EDGE_LOOP('',(#3164));
#570=EDGE_LOOP('',(#3165));
#571=EDGE_LOOP('',(#3166));
#572=EDGE_LOOP('',(#3167,#3168,#3169,#3170,#3171,#3172,#3173,#3174));
#573=EDGE_LOOP('',(#3175,#3176,#3177,#3178,#3179,#3180,#3181,#3182,#3183,
#3184,#3185,#3186));
#574=EDGE_LOOP('',(#3187));
#575=EDGE_LOOP('',(#3188));
#576=EDGE_LOOP('',(#3189,#3190,#3191,#3192));
#577=EDGE_LOOP('',(#3193,#3194,#3195,#3196));
#578=EDGE_LOOP('',(#3197,#3198,#3199,#3200,#3201,#3202));
#579=EDGE_LOOP('',(#3203,#3204,#3205,#3206,#3207,#3208));
#580=EDGE_LOOP('',(#3209,#3210,#3211,#3212));
#581=EDGE_LOOP('',(#3213,#3214,#3215,#3216));
#582=EDGE_LOOP('',(#3217,#3218,#3219,#3220));
#583=EDGE_LOOP('',(#3221,#3222,#3223,#3224));
#584=EDGE_LOOP('',(#3225,#3226,#3227,#3228,#3229,#3230));
#585=EDGE_LOOP('',(#3231,#3232,#3233,#3234));
#586=EDGE_LOOP('',(#3235,#3236,#3237,#3238,#3239,#3240));
#587=EDGE_LOOP('',(#3241,#3242,#3243,#3244,#3245,#3246,#3247,#3248,#3249,
#3250,#3251,#3252,#3253,#3254,#3255,#3256));
#588=EDGE_LOOP('',(#3257,#3258,#3259,#3260));
#589=EDGE_LOOP('',(#3261,#3262,#3263,#3264));
#590=EDGE_LOOP('',(#3265,#3266,#3267,#3268));
#591=EDGE_LOOP('',(#3269,#3270,#3271,#3272));
#592=EDGE_LOOP('',(#3273,#3274,#3275,#3276));
#593=EDGE_LOOP('',(#3277,#3278,#3279,#3280));
#594=EDGE_LOOP('',(#3281,#3282,#3283,#3284,#3285,#3286));
#595=EDGE_LOOP('',(#3287,#3288,#3289,#3290));
#596=EDGE_LOOP('',(#3291,#3292,#3293,#3294));
#597=EDGE_LOOP('',(#3295,#3296,#3297,#3298,#3299,#3300,#3301,#3302));
#598=EDGE_LOOP('',(#3303,#3304,#3305,#3306,#3307,#3308));
#599=EDGE_LOOP('',(#3309,#3310,#3311,#3312));
#600=EDGE_LOOP('',(#3313,#3314,#3315,#3316));
#601=EDGE_LOOP('',(#3317,#3318,#3319,#3320,#3321,#3322));
#602=EDGE_LOOP('',(#3323,#3324,#3325,#3326,#3327,#3328));
#603=EDGE_LOOP('',(#3329,#3330,#3331,#3332,#3333,#3334,#3335,#3336));
#604=EDGE_LOOP('',(#3337,#3338,#3339,#3340));
#605=EDGE_LOOP('',(#3341,#3342,#3343,#3344));
#606=EDGE_LOOP('',(#3345,#3346,#3347,#3348));
#607=EDGE_LOOP('',(#3349,#3350,#3351,#3352,#3353,#3354));
#608=EDGE_LOOP('',(#3355,#3356,#3357,#3358));
#609=EDGE_LOOP('',(#3359,#3360,#3361,#3362));
#610=EDGE_LOOP('',(#3363,#3364,#3365,#3366));
#611=EDGE_LOOP('',(#3367,#3368,#3369,#3370,#3371,#3372,#3373,#3374));
#612=EDGE_LOOP('',(#3375,#3376,#3377,#3378));
#613=EDGE_LOOP('',(#3379,#3380,#3381,#3382,#3383,#3384,#3385,#3386));
#614=EDGE_LOOP('',(#3387,#3388,#3389,#3390,#3391,#3392));
#615=EDGE_LOOP('',(#3393,#3394,#3395,#3396));
#616=EDGE_LOOP('',(#3397,#3398,#3399,#3400));
#617=EDGE_LOOP('',(#3401,#3402,#3403,#3404,#3405,#3406));
#618=EDGE_LOOP('',(#3407,#3408,#3409,#3410,#3411,#3412));
#619=EDGE_LOOP('',(#3413,#3414,#3415,#3416));
#620=EDGE_LOOP('',(#3417,#3418,#3419,#3420));
#621=EDGE_LOOP('',(#3421,#3422,#3423,#3424,#3425));
#622=EDGE_LOOP('',(#3426,#3427,#3428,#3429));
#623=EDGE_LOOP('',(#3430,#3431,#3432,#3433,#3434,#3435,#3436,#3437));
#624=EDGE_LOOP('',(#3438,#3439,#3440,#3441,#3442));
#625=EDGE_LOOP('',(#3443,#3444,#3445,#3446));
#626=EDGE_LOOP('',(#3447,#3448,#3449,#3450,#3451,#3452));
#627=EDGE_LOOP('',(#3453,#3454,#3455,#3456,#3457));
#628=EDGE_LOOP('',(#3458,#3459,#3460,#3461));
#629=EDGE_LOOP('',(#3462,#3463,#3464,#3465));
#630=EDGE_LOOP('',(#3466,#3467,#3468,#3469,#3470,#3471));
#631=EDGE_LOOP('',(#3472,#3473,#3474,#3475,#3476));
#632=EDGE_LOOP('',(#3477,#3478,#3479,#3480));
#633=EDGE_LOOP('',(#3481,#3482,#3483,#3484));
#634=EDGE_LOOP('',(#3485,#3486,#3487,#3488));
#635=EDGE_LOOP('',(#3489,#3490,#3491,#3492));
#636=EDGE_LOOP('',(#3493,#3494,#3495,#3496,#3497,#3498,#3499,#3500));
#637=EDGE_LOOP('',(#3501,#3502,#3503,#3504));
#638=EDGE_LOOP('',(#3505,#3506,#3507,#3508,#3509));
#639=EDGE_LOOP('',(#3510,#3511,#3512,#3513));
#640=EDGE_LOOP('',(#3514,#3515,#3516,#3517));
#641=EDGE_LOOP('',(#3518,#3519,#3520,#3521,#3522));
#642=EDGE_LOOP('',(#3523,#3524,#3525,#3526));
#643=EDGE_LOOP('',(#3527,#3528,#3529,#3530));
#644=EDGE_LOOP('',(#3531,#3532,#3533,#3534));
#645=EDGE_LOOP('',(#3535,#3536,#3537,#3538));
#646=EDGE_LOOP('',(#3539,#3540,#3541,#3542,#3543,#3544,#3545,#3546));
#647=EDGE_LOOP('',(#3547,#3548,#3549,#3550));
#648=EDGE_LOOP('',(#3551,#3552,#3553,#3554));
#649=EDGE_LOOP('',(#3555,#3556,#3557,#3558));
#650=EDGE_LOOP('',(#3559,#3560,#3561,#3562));
#651=EDGE_LOOP('',(#3563,#3564,#3565,#3566));
#652=EDGE_LOOP('',(#3567,#3568,#3569,#3570,#3571,#3572));
#653=EDGE_LOOP('',(#3573,#3574,#3575,#3576));
#654=EDGE_LOOP('',(#3577,#3578,#3579,#3580));
#655=EDGE_LOOP('',(#3581,#3582,#3583,#3584));
#656=EDGE_LOOP('',(#3585,#3586,#3587,#3588));
#657=EDGE_LOOP('',(#3589,#3590,#3591,#3592,#3593,#3594,#3595,#3596,#3597,
#3598,#3599,#3600,#3601,#3602,#3603,#3604));
#658=EDGE_LOOP('',(#3605,#3606,#3607,#3608,#3609,#3610,#3611,#3612,#3613,
#3614));
#659=EDGE_LOOP('',(#3615,#3616,#3617,#3618));
#660=EDGE_LOOP('',(#3619,#3620,#3621,#3622,#3623,#3624,#3625,#3626,#3627,
#3628,#3629,#3630));
#661=EDGE_LOOP('',(#3631,#3632,#3633,#3634));
#662=EDGE_LOOP('',(#3635,#3636,#3637,#3638));
#663=EDGE_LOOP('',(#3639,#3640,#3641,#3642,#3643,#3644,#3645,#3646,#3647,
#3648));
#664=EDGE_LOOP('',(#3649,#3650,#3651,#3652));
#665=EDGE_LOOP('',(#3653,#3654,#3655,#3656));
#666=EDGE_LOOP('',(#3657,#3658,#3659,#3660));
#667=EDGE_LOOP('',(#3661,#3662,#3663,#3664));
#668=EDGE_LOOP('',(#3665,#3666,#3667,#3668));
#669=EDGE_LOOP('',(#3669,#3670,#3671,#3672));
#670=EDGE_LOOP('',(#3673,#3674,#3675,#3676));
#671=EDGE_LOOP('',(#3677,#3678,#3679,#3680));
#672=EDGE_LOOP('',(#3681,#3682,#3683,#3684));
#673=EDGE_LOOP('',(#3685));
#674=EDGE_LOOP('',(#3686,#3687,#3688,#3689));
#675=EDGE_LOOP('',(#3690));
#676=EDGE_LOOP('',(#3691,#3692,#3693,#3694));
#677=EDGE_LOOP('',(#3695));
#678=EDGE_LOOP('',(#3696,#3697,#3698,#3699));
#679=EDGE_LOOP('',(#3700));
#680=EDGE_LOOP('',(#3701,#3702,#3703,#3704));
#681=EDGE_LOOP('',(#3705));
#682=EDGE_LOOP('',(#3706,#3707,#3708,#3709));
#683=EDGE_LOOP('',(#3710));
#684=EDGE_LOOP('',(#3711,#3712,#3713,#3714));
#685=EDGE_LOOP('',(#3715));
#686=EDGE_LOOP('',(#3716,#3717,#3718,#3719));
#687=EDGE_LOOP('',(#3720));
#688=EDGE_LOOP('',(#3721,#3722,#3723,#3724));
#689=EDGE_LOOP('',(#3725));
#690=EDGE_LOOP('',(#3726,#3727,#3728,#3729));
#691=EDGE_LOOP('',(#3730));
#692=EDGE_LOOP('',(#3731,#3732,#3733,#3734));
#693=EDGE_LOOP('',(#3735));
#694=EDGE_LOOP('',(#3736,#3737,#3738,#3739));
#695=EDGE_LOOP('',(#3740));
#696=EDGE_LOOP('',(#3741,#3742,#3743,#3744));
#697=EDGE_LOOP('',(#3745));
#698=EDGE_LOOP('',(#3746,#3747,#3748,#3749));
#699=EDGE_LOOP('',(#3750));
#700=EDGE_LOOP('',(#3751,#3752,#3753,#3754));
#701=EDGE_LOOP('',(#3755));
#702=EDGE_LOOP('',(#3756,#3757,#3758,#3759));
#703=EDGE_LOOP('',(#3760));
#704=EDGE_LOOP('',(#3761,#3762,#3763,#3764));
#705=EDGE_LOOP('',(#3765));
#706=EDGE_LOOP('',(#3766));
#707=EDGE_LOOP('',(#3767,#3768,#3769,#3770));
#708=EDGE_LOOP('',(#3771));
#709=EDGE_LOOP('',(#3772));
#710=EDGE_LOOP('',(#3773,#3774,#3775,#3776));
#711=EDGE_LOOP('',(#3777));
#712=EDGE_LOOP('',(#3778));
#713=EDGE_LOOP('',(#3779,#3780,#3781,#3782));
#714=EDGE_LOOP('',(#3783));
#715=EDGE_LOOP('',(#3784));
#716=EDGE_LOOP('',(#3785,#3786,#3787,#3788));
#717=EDGE_LOOP('',(#3789));
#718=EDGE_LOOP('',(#3790));
#719=EDGE_LOOP('',(#3791,#3792,#3793,#3794));
#720=EDGE_LOOP('',(#3795));
#721=EDGE_LOOP('',(#3796));
#722=EDGE_LOOP('',(#3797,#3798,#3799,#3800));
#723=EDGE_LOOP('',(#3801));
#724=EDGE_LOOP('',(#3802));
#725=EDGE_LOOP('',(#3803,#3804,#3805,#3806));
#726=EDGE_LOOP('',(#3807));
#727=EDGE_LOOP('',(#3808));
#728=EDGE_LOOP('',(#3809,#3810,#3811,#3812));
#729=EDGE_LOOP('',(#3813));
#730=EDGE_LOOP('',(#3814));
#731=EDGE_LOOP('',(#3815,#3816,#3817,#3818));
#732=EDGE_LOOP('',(#3819));
#733=EDGE_LOOP('',(#3820));
#734=EDGE_LOOP('',(#3821,#3822,#3823,#3824));
#735=EDGE_LOOP('',(#3825));
#736=EDGE_LOOP('',(#3826));
#737=EDGE_LOOP('',(#3827,#3828,#3829,#3830));
#738=EDGE_LOOP('',(#3831));
#739=EDGE_LOOP('',(#3832));
#740=EDGE_LOOP('',(#3833,#3834,#3835,#3836));
#741=EDGE_LOOP('',(#3837));
#742=EDGE_LOOP('',(#3838));
#743=EDGE_LOOP('',(#3839,#3840,#3841,#3842));
#744=EDGE_LOOP('',(#3843));
#745=EDGE_LOOP('',(#3844));
#746=EDGE_LOOP('',(#3845,#3846,#3847,#3848));
#747=EDGE_LOOP('',(#3849));
#748=EDGE_LOOP('',(#3850));
#749=EDGE_LOOP('',(#3851,#3852,#3853,#3854));
#750=EDGE_LOOP('',(#3855));
#751=EDGE_LOOP('',(#3856));
#752=EDGE_LOOP('',(#3857,#3858,#3859,#3860,#3861,#3862,#3863,#3864));
#753=EDGE_LOOP('',(#3865,#3866,#3867,#3868));
#754=EDGE_LOOP('',(#3869,#3870,#3871,#3872));
#755=EDGE_LOOP('',(#3873,#3874,#3875,#3876,#3877));
#756=EDGE_LOOP('',(#3878,#3879,#3880,#3881,#3882));
#757=EDGE_LOOP('',(#3883,#3884,#3885,#3886,#3887));
#758=EDGE_LOOP('',(#3888,#3889,#3890,#3891,#3892));
#759=EDGE_LOOP('',(#3893,#3894,#3895,#3896));
#760=EDGE_LOOP('',(#3897,#3898,#3899,#3900,#3901,#3902,#3903,#3904));
#761=EDGE_LOOP('',(#3905));
#762=EDGE_LOOP('',(#3906));
#763=EDGE_LOOP('',(#3907));
#764=EDGE_LOOP('',(#3908));
#765=EDGE_LOOP('',(#3909,#3910,#3911,#3912));
#766=EDGE_LOOP('',(#3913,#3914,#3915,#3916,#3917,#3918,#3919,#3920,#3921,
#3922,#3923,#3924,#3925,#3926,#3927));
#767=EDGE_LOOP('',(#3928,#3929,#3930,#3931,#3932,#3933,#3934,#3935,#3936,
#3937,#3938,#3939,#3940,#3941,#3942));
#768=EDGE_LOOP('',(#3943,#3944,#3945,#3946,#3947,#3948,#3949,#3950));
#769=EDGE_LOOP('',(#3951,#3952,#3953,#3954,#3955,#3956));
#770=EDGE_LOOP('',(#3957,#3958,#3959,#3960,#3961,#3962));
#771=EDGE_LOOP('',(#3963,#3964,#3965,#3966));
#772=EDGE_LOOP('',(#3967,#3968,#3969,#3970));
#773=EDGE_LOOP('',(#3971,#3972,#3973,#3974));
#774=EDGE_LOOP('',(#3975,#3976,#3977,#3978));
#775=EDGE_LOOP('',(#3979,#3980,#3981,#3982,#3983,#3984));
#776=EDGE_LOOP('',(#3985,#3986,#3987,#3988));
#777=EDGE_LOOP('',(#3989,#3990,#3991,#3992,#3993,#3994,#3995,#3996));
#778=EDGE_LOOP('',(#3997,#3998,#3999,#4000));
#779=EDGE_LOOP('',(#4001,#4002,#4003,#4004,#4005,#4006));
#780=EDGE_LOOP('',(#4007,#4008,#4009,#4010,#4011,#4012,#4013,#4014,#4015,
#4016,#4017,#4018,#4019,#4020));
#781=EDGE_LOOP('',(#4021,#4022,#4023,#4024));
#782=EDGE_LOOP('',(#4025,#4026,#4027,#4028));
#783=EDGE_LOOP('',(#4029,#4030,#4031,#4032));
#784=EDGE_LOOP('',(#4033,#4034,#4035,#4036));
#785=EDGE_LOOP('',(#4037,#4038,#4039,#4040));
#786=EDGE_LOOP('',(#4041,#4042,#4043,#4044,#4045,#4046,#4047,#4048));
#787=EDGE_LOOP('',(#4049,#4050,#4051,#4052));
#788=EDGE_LOOP('',(#4053,#4054,#4055,#4056));
#789=EDGE_LOOP('',(#4057,#4058,#4059,#4060));
#790=EDGE_LOOP('',(#4061,#4062,#4063,#4064,#4065,#4066,#4067));
#791=EDGE_LOOP('',(#4068,#4069,#4070,#4071,#4072,#4073));
#792=EDGE_LOOP('',(#4074,#4075,#4076,#4077,#4078,#4079,#4080,#4081));
#793=EDGE_LOOP('',(#4082,#4083,#4084,#4085,#4086,#4087));
#794=EDGE_LOOP('',(#4088,#4089,#4090,#4091,#4092,#4093,#4094,#4095,#4096,
#4097,#4098,#4099,#4100,#4101,#4102));
#795=EDGE_LOOP('',(#4103,#4104,#4105,#4106));
#796=EDGE_LOOP('',(#4107,#4108,#4109,#4110));
#797=EDGE_LOOP('',(#4111,#4112,#4113,#4114,#4115,#4116));
#798=EDGE_LOOP('',(#4117,#4118,#4119,#4120,#4121,#4122));
#799=EDGE_LOOP('',(#4123,#4124,#4125,#4126,#4127));
#800=EDGE_LOOP('',(#4128,#4129,#4130,#4131));
#801=LINE('',#6214,#1313);
#802=LINE('',#6216,#1314);
#803=LINE('',#6218,#1315);
#804=LINE('',#6219,#1316);
#805=LINE('',#6222,#1317);
#806=LINE('',#6224,#1318);
#807=LINE('',#6226,#1319);
#808=LINE('',#6228,#1320);
#809=LINE('',#6229,#1321);
#810=LINE('',#6232,#1322);
#811=LINE('',#6233,#1323);
#812=LINE('',#6238,#1324);
#813=LINE('',#6240,#1325);
#814=LINE('',#6242,#1326);
#815=LINE('',#6243,#1327);
#816=LINE('',#6246,#1328);
#817=LINE('',#6248,#1329);
#818=LINE('',#6250,#1330);
#819=LINE('',#6252,#1331);
#820=LINE('',#6254,#1332);
#821=LINE('',#6256,#1333);
#822=LINE('',#6258,#1334);
#823=LINE('',#6260,#1335);
#824=LINE('',#6262,#1336);
#825=LINE('',#6264,#1337);
#826=LINE('',#6266,#1338);
#827=LINE('',#6268,#1339);
#828=LINE('',#6269,#1340);
#829=LINE('',#6272,#1341);
#830=LINE('',#6273,#1342);
#831=LINE('',#6276,#1343);
#832=LINE('',#6277,#1344);
#833=LINE('',#6280,#1345);
#834=LINE('',#6283,#1346);
#835=LINE('',#6287,#1347);
#836=LINE('',#6294,#1348);
#837=LINE('',#6298,#1349);
#838=LINE('',#6300,#1350);
#839=LINE('',#6302,#1351);
#840=LINE('',#6304,#1352);
#841=LINE('',#6305,#1353);
#842=LINE('',#6308,#1354);
#843=LINE('',#6310,#1355);
#844=LINE('',#6311,#1356);
#845=LINE('',#6314,#1357);
#846=LINE('',#6315,#1358);
#847=LINE('',#6318,#1359);
#848=LINE('',#6320,#1360);
#849=LINE('',#6321,#1361);
#850=LINE('',#6324,#1362);
#851=LINE('',#6326,#1363);
#852=LINE('',#6328,#1364);
#853=LINE('',#6330,#1365);
#854=LINE('',#6331,#1366);
#855=LINE('',#6334,#1367);
#856=LINE('',#6336,#1368);
#857=LINE('',#6338,#1369);
#858=LINE('',#6340,#1370);
#859=LINE('',#6342,#1371);
#860=LINE('',#6351,#1372);
#861=LINE('',#6356,#1373);
#862=LINE('',#6360,#1374);
#863=LINE('',#6366,#1375);
#864=LINE('',#6373,#1376);
#865=LINE('',#6377,#1377);
#866=LINE('',#6383,#1378);
#867=LINE('',#6390,#1379);
#868=LINE('',#6394,#1380);
#869=LINE('',#6400,#1381);
#870=LINE('',#6407,#1382);
#871=LINE('',#6411,#1383);
#872=LINE('',#6417,#1384);
#873=LINE('',#6423,#1385);
#874=LINE('',#6425,#1386);
#875=LINE('',#6427,#1387);
#876=LINE('',#6429,#1388);
#877=LINE('',#6431,#1389);
#878=LINE('',#6433,#1390);
#879=LINE('',#6435,#1391);
#880=LINE('',#6437,#1392);
#881=LINE('',#6439,#1393);
#882=LINE('',#6441,#1394);
#883=LINE('',#6443,#1395);
#884=LINE('',#6444,#1396);
#885=LINE('',#6447,#1397);
#886=LINE('',#6449,#1398);
#887=LINE('',#6450,#1399);
#888=LINE('',#6453,#1400);
#889=LINE('',#6454,#1401);
#890=LINE('',#6457,#1402);
#891=LINE('',#6458,#1403);
#892=LINE('',#6461,#1404);
#893=LINE('',#6463,#1405);
#894=LINE('',#6465,#1406);
#895=LINE('',#6466,#1407);
#896=LINE('',#6469,#1408);
#897=LINE('',#6470,#1409);
#898=LINE('',#6473,#1410);
#899=LINE('',#6474,#1411);
#900=LINE('',#6477,#1412);
#901=LINE('',#6478,#1413);
#902=LINE('',#6482,#1414);
#903=LINE('',#6484,#1415);
#904=LINE('',#6486,#1416);
#905=LINE('',#6488,#1417);
#906=LINE('',#6489,#1418);
#907=LINE('',#6493,#1419);
#908=LINE('',#6494,#1420);
#909=LINE('',#6495,#1421);
#910=LINE('',#6498,#1422);
#911=LINE('',#6500,#1423);
#912=LINE('',#6501,#1424);
#913=LINE('',#6504,#1425);
#914=LINE('',#6506,#1426);
#915=LINE('',#6507,#1427);
#916=LINE('',#6510,#1428);
#917=LINE('',#6512,#1429);
#918=LINE('',#6513,#1430);
#919=LINE('',#6516,#1431);
#920=LINE('',#6518,#1432);
#921=LINE('',#6519,#1433);
#922=LINE('',#6522,#1434);
#923=LINE('',#6524,#1435);
#924=LINE('',#6526,#1436);
#925=LINE('',#6528,#1437);
#926=LINE('',#6530,#1438);
#927=LINE('',#6532,#1439);
#928=LINE('',#6534,#1440);
#929=LINE('',#6536,#1441);
#930=LINE('',#6538,#1442);
#931=LINE('',#6540,#1443);
#932=LINE('',#6543,#1444);
#933=LINE('',#6545,#1445);
#934=LINE('',#6547,#1446);
#935=LINE('',#6549,#1447);
#936=LINE('',#6550,#1448);
#937=LINE('',#6552,#1449);
#938=LINE('',#6554,#1450);
#939=LINE('',#6556,#1451);
#940=LINE('',#6558,#1452);
#941=LINE('',#6560,#1453);
#942=LINE('',#6562,#1454);
#943=LINE('',#6564,#1455);
#944=LINE('',#6568,#1456);
#945=LINE('',#6569,#1457);
#946=LINE('',#6572,#1458);
#947=LINE('',#6574,#1459);
#948=LINE('',#6576,#1460);
#949=LINE('',#6578,#1461);
#950=LINE('',#6580,#1462);
#951=LINE('',#6582,#1463);
#952=LINE('',#6584,#1464);
#953=LINE('',#6585,#1465);
#954=LINE('',#6588,#1466);
#955=LINE('',#6590,#1467);
#956=LINE('',#6592,#1468);
#957=LINE('',#6594,#1469);
#958=LINE('',#6596,#1470);
#959=LINE('',#6598,#1471);
#960=LINE('',#6600,#1472);
#961=LINE('',#6601,#1473);
#962=LINE('',#6636,#1474);
#963=LINE('',#6638,#1475);
#964=LINE('',#6640,#1476);
#965=LINE('',#6642,#1477);
#966=LINE('',#6644,#1478);
#967=LINE('',#6646,#1479);
#968=LINE('',#6648,#1480);
#969=LINE('',#6649,#1481);
#970=LINE('',#6652,#1482);
#971=LINE('',#6654,#1483);
#972=LINE('',#6656,#1484);
#973=LINE('',#6658,#1485);
#974=LINE('',#6660,#1486);
#975=LINE('',#6662,#1487);
#976=LINE('',#6664,#1488);
#977=LINE('',#6666,#1489);
#978=LINE('',#6668,#1490);
#979=LINE('',#6670,#1491);
#980=LINE('',#6672,#1492);
#981=LINE('',#6673,#1493);
#982=LINE('',#6676,#1494);
#983=LINE('',#6678,#1495);
#984=LINE('',#6679,#1496);
#985=LINE('',#6681,#1497);
#986=LINE('',#6684,#1498);
#987=LINE('',#6686,#1499);
#988=LINE('',#6687,#1500);
#989=LINE('',#6689,#1501);
#990=LINE('',#6691,#1502);
#991=LINE('',#6694,#1503);
#992=LINE('',#6696,#1504);
#993=LINE('',#6697,#1505);
#994=LINE('',#6700,#1506);
#995=LINE('',#6701,#1507);
#996=LINE('',#6704,#1508);
#997=LINE('',#6705,#1509);
#998=LINE('',#6708,#1510);
#999=LINE('',#6710,#1511);
#1000=LINE('',#6712,#1512);
#1001=LINE('',#6713,#1513);
#1002=LINE('',#6716,#1514);
#1003=LINE('',#6717,#1515);
#1004=LINE('',#6719,#1516);
#1005=LINE('',#6722,#1517);
#1006=LINE('',#6724,#1518);
#1007=LINE('',#6725,#1519);
#1008=LINE('',#6727,#1520);
#1009=LINE('',#6728,#1521);
#1010=LINE('',#6731,#1522);
#1011=LINE('',#6732,#1523);
#1012=LINE('',#6734,#1524);
#1013=LINE('',#6739,#1525);
#1014=LINE('',#6741,#1526);
#1015=LINE('',#6743,#1527);
#1016=LINE('',#6744,#1528);
#1017=LINE('',#6748,#1529);
#1018=LINE('',#6749,#1530);
#1019=LINE('',#6750,#1531);
#1020=LINE('',#6753,#1532);
#1021=LINE('',#6754,#1533);
#1022=LINE('',#6756,#1534);
#1023=LINE('',#6758,#1535);
#1024=LINE('',#6759,#1536);
#1025=LINE('',#6763,#1537);
#1026=LINE('',#6765,#1538);
#1027=LINE('',#6767,#1539);
#1028=LINE('',#6768,#1540);
#1029=LINE('',#6771,#1541);
#1030=LINE('',#6772,#1542);
#1031=LINE('',#6774,#1543);
#1032=LINE('',#6775,#1544);
#1033=LINE('',#6779,#1545);
#1034=LINE('',#6781,#1546);
#1035=LINE('',#6782,#1547);
#1036=LINE('',#6783,#1548);
#1037=LINE('',#6786,#1549);
#1038=LINE('',#6787,#1550);
#1039=LINE('',#6789,#1551);
#1040=LINE('',#6792,#1552);
#1041=LINE('',#6793,#1553);
#1042=LINE('',#6796,#1554);
#1043=LINE('',#6798,#1555);
#1044=LINE('',#6799,#1556);
#1045=LINE('',#6801,#1557);
#1046=LINE('',#6803,#1558);
#1047=LINE('',#6808,#1559);
#1048=LINE('',#6810,#1560);
#1049=LINE('',#6812,#1561);
#1050=LINE('',#6813,#1562);
#1051=LINE('',#6816,#1563);
#1052=LINE('',#6818,#1564);
#1053=LINE('',#6819,#1565);
#1054=LINE('',#6820,#1566);
#1055=LINE('',#6823,#1567);
#1056=LINE('',#6824,#1568);
#1057=LINE('',#6827,#1569);
#1058=LINE('',#6828,#1570);
#1059=LINE('',#6832,#1571);
#1060=LINE('',#6834,#1572);
#1061=LINE('',#6836,#1573);
#1062=LINE('',#6837,#1574);
#1063=LINE('',#6840,#1575);
#1064=LINE('',#6842,#1576);
#1065=LINE('',#6844,#1577);
#1066=LINE('',#6845,#1578);
#1067=LINE('',#6846,#1579);
#1068=LINE('',#6848,#1580);
#1069=LINE('',#6851,#1581);
#1070=LINE('',#6852,#1582);
#1071=LINE('',#6855,#1583);
#1072=LINE('',#6857,#1584);
#1073=LINE('',#6858,#1585);
#1074=LINE('',#6861,#1586);
#1075=LINE('',#6862,#1587);
#1076=LINE('',#6865,#1588);
#1077=LINE('',#6866,#1589);
#1078=LINE('',#6868,#1590);
#1079=LINE('',#6869,#1591);
#1080=LINE('',#6871,#1592);
#1081=LINE('',#6876,#1593);
#1082=LINE('',#6878,#1594);
#1083=LINE('',#6880,#1595);
#1084=LINE('',#6881,#1596);
#1085=LINE('',#6884,#1597);
#1086=LINE('',#6886,#1598);
#1087=LINE('',#6887,#1599);
#1088=LINE('',#6890,#1600);
#1089=LINE('',#6892,#1601);
#1090=LINE('',#6894,#1602);
#1091=LINE('',#6895,#1603);
#1092=LINE('',#6897,#1604);
#1093=LINE('',#6898,#1605);
#1094=LINE('',#6901,#1606);
#1095=LINE('',#6903,#1607);
#1096=LINE('',#6905,#1608);
#1097=LINE('',#6906,#1609);
#1098=LINE('',#6908,#1610);
#1099=LINE('',#6909,#1611);
#1100=LINE('',#6913,#1612);
#1101=LINE('',#6915,#1613);
#1102=LINE('',#6917,#1614);
#1103=LINE('',#6919,#1615);
#1104=LINE('',#6921,#1616);
#1105=LINE('',#6922,#1617);
#1106=LINE('',#6924,#1618);
#1107=LINE('',#6926,#1619);
#1108=LINE('',#6927,#1620);
#1109=LINE('',#6930,#1621);
#1110=LINE('',#6931,#1622);
#1111=LINE('',#6934,#1623);
#1112=LINE('',#6936,#1624);
#1113=LINE('',#6937,#1625);
#1114=LINE('',#6940,#1626);
#1115=LINE('',#6942,#1627);
#1116=LINE('',#6944,#1628);
#1117=LINE('',#6946,#1629);
#1118=LINE('',#6947,#1630);
#1119=LINE('',#6950,#1631);
#1120=LINE('',#6951,#1632);
#1121=LINE('',#6952,#1633);
#1122=LINE('',#6955,#1634);
#1123=LINE('',#6956,#1635);
#1124=LINE('',#6959,#1636);
#1125=LINE('',#6960,#1637);
#1126=LINE('',#6963,#1638);
#1127=LINE('',#6964,#1639);
#1128=LINE('',#6966,#1640);
#1129=LINE('',#6970,#1641);
#1130=LINE('',#6971,#1642);
#1131=LINE('',#6974,#1643);
#1132=LINE('',#6975,#1644);
#1133=LINE('',#6977,#1645);
#1134=LINE('',#6980,#1646);
#1135=LINE('',#6981,#1647);
#1136=LINE('',#6984,#1648);
#1137=LINE('',#6985,#1649);
#1138=LINE('',#6988,#1650);
#1139=LINE('',#6990,#1651);
#1140=LINE('',#6991,#1652);
#1141=LINE('',#6993,#1653);
#1142=LINE('',#6995,#1654);
#1143=LINE('',#6997,#1655);
#1144=LINE('',#7001,#1656);
#1145=LINE('',#7004,#1657);
#1146=LINE('',#7006,#1658);
#1147=LINE('',#7010,#1659);
#1148=LINE('',#7012,#1660);
#1149=LINE('',#7013,#1661);
#1150=LINE('',#7017,#1662);
#1151=LINE('',#7018,#1663);
#1152=LINE('',#7019,#1664);
#1153=LINE('',#7023,#1665);
#1154=LINE('',#7025,#1666);
#1155=LINE('',#7027,#1667);
#1156=LINE('',#7028,#1668);
#1157=LINE('',#7030,#1669);
#1158=LINE('',#7031,#1670);
#1159=LINE('',#7033,#1671);
#1160=LINE('',#7035,#1672);
#1161=LINE('',#7037,#1673);
#1162=LINE('',#7039,#1674);
#1163=LINE('',#7040,#1675);
#1164=LINE('',#7041,#1676);
#1165=LINE('',#7044,#1677);
#1166=LINE('',#7046,#1678);
#1167=LINE('',#7048,#1679);
#1168=LINE('',#7050,#1680);
#1169=LINE('',#7051,#1681);
#1170=LINE('',#7052,#1682);
#1171=LINE('',#7056,#1683);
#1172=LINE('',#7057,#1684);
#1173=LINE('',#7058,#1685);
#1174=LINE('',#7060,#1686);
#1175=LINE('',#7062,#1687);
#1176=LINE('',#7063,#1688);
#1177=LINE('',#7066,#1689);
#1178=LINE('',#7067,#1690);
#1179=LINE('',#7069,#1691);
#1180=LINE('',#7072,#1692);
#1181=LINE('',#7075,#1693);
#1182=LINE('',#7077,#1694);
#1183=LINE('',#7079,#1695);
#1184=LINE('',#7080,#1696);
#1185=LINE('',#7082,#1697);
#1186=LINE('',#7083,#1698);
#1187=LINE('',#7085,#1699);
#1188=LINE('',#7087,#1700);
#1189=LINE('',#7090,#1701);
#1190=LINE('',#7096,#1702);
#1191=LINE('',#7103,#1703);
#1192=LINE('',#7110,#1704);
#1193=LINE('',#7117,#1705);
#1194=LINE('',#7124,#1706);
#1195=LINE('',#7131,#1707);
#1196=LINE('',#7138,#1708);
#1197=LINE('',#7145,#1709);
#1198=LINE('',#7152,#1710);
#1199=LINE('',#7159,#1711);
#1200=LINE('',#7166,#1712);
#1201=LINE('',#7173,#1713);
#1202=LINE('',#7180,#1714);
#1203=LINE('',#7187,#1715);
#1204=LINE('',#7194,#1716);
#1205=LINE('',#7201,#1717);
#1206=LINE('',#7207,#1718);
#1207=LINE('',#7212,#1719);
#1208=LINE('',#7217,#1720);
#1209=LINE('',#7222,#1721);
#1210=LINE('',#7227,#1722);
#1211=LINE('',#7232,#1723);
#1212=LINE('',#7237,#1724);
#1213=LINE('',#7242,#1725);
#1214=LINE('',#7247,#1726);
#1215=LINE('',#7252,#1727);
#1216=LINE('',#7257,#1728);
#1217=LINE('',#7262,#1729);
#1218=LINE('',#7267,#1730);
#1219=LINE('',#7272,#1731);
#1220=LINE('',#7277,#1732);
#1221=LINE('',#7282,#1733);
#1222=LINE('',#7287,#1734);
#1223=LINE('',#7289,#1735);
#1224=LINE('',#7291,#1736);
#1225=LINE('',#7293,#1737);
#1226=LINE('',#7294,#1738);
#1227=LINE('',#7295,#1739);
#1228=LINE('',#7322,#1740);
#1229=LINE('',#7325,#1741);
#1230=LINE('',#7328,#1742);
#1231=LINE('',#7329,#1743);
#1232=LINE('',#7334,#1744);
#1233=LINE('',#7336,#1745);
#1234=LINE('',#7338,#1746);
#1235=LINE('',#7339,#1747);
#1236=LINE('',#7342,#1748);
#1237=LINE('',#7344,#1749);
#1238=LINE('',#7346,#1750);
#1239=LINE('',#7348,#1751);
#1240=LINE('',#7350,#1752);
#1241=LINE('',#7352,#1753);
#1242=LINE('',#7354,#1754);
#1243=LINE('',#7356,#1755);
#1244=LINE('',#7358,#1756);
#1245=LINE('',#7360,#1757);
#1246=LINE('',#7361,#1758);
#1247=LINE('',#7363,#1759);
#1248=LINE('',#7364,#1760);
#1249=LINE('',#7367,#1761);
#1250=LINE('',#7369,#1762);
#1251=LINE('',#7370,#1763);
#1252=LINE('',#7372,#1764);
#1253=LINE('',#7374,#1765);
#1254=LINE('',#7376,#1766);
#1255=LINE('',#7378,#1767);
#1256=LINE('',#7380,#1768);
#1257=LINE('',#7382,#1769);
#1258=LINE('',#7384,#1770);
#1259=LINE('',#7386,#1771);
#1260=LINE('',#7388,#1772);
#1261=LINE('',#7389,#1773);
#1262=LINE('',#7392,#1774);
#1263=LINE('',#7394,#1775);
#1264=LINE('',#7396,#1776);
#1265=LINE('',#7398,#1777);
#1266=LINE('',#7399,#1778);
#1267=LINE('',#7402,#1779);
#1268=LINE('',#7404,#1780);
#1269=LINE('',#7410,#1781);
#1270=LINE('',#7411,#1782);
#1271=LINE('',#7413,#1783);
#1272=LINE('',#7415,#1784);
#1273=LINE('',#7417,#1785);
#1274=LINE('',#7420,#1786);
#1275=LINE('',#7422,#1787);
#1276=LINE('',#7423,#1788);
#1277=LINE('',#7426,#1789);
#1278=LINE('',#7428,#1790);
#1279=LINE('',#7430,#1791);
#1280=LINE('',#7432,#1792);
#1281=LINE('',#7433,#1793);
#1282=LINE('',#7439,#1794);
#1283=LINE('',#7442,#1795);
#1284=LINE('',#7444,#1796);
#1285=LINE('',#7445,#1797);
#1286=LINE('',#7446,#1798);
#1287=LINE('',#7452,#1799);
#1288=LINE('',#7455,#1800);
#1289=LINE('',#7457,#1801);
#1290=LINE('',#7458,#1802);
#1291=LINE('',#7459,#1803);
#1292=LINE('',#7462,#1804);
#1293=LINE('',#7466,#1805);
#1294=LINE('',#7469,#1806);
#1295=LINE('',#7470,#1807);
#1296=LINE('',#7472,#1808);
#1297=LINE('',#7476,#1809);
#1298=LINE('',#7477,#1810);
#1299=LINE('',#7481,#1811);
#1300=LINE('',#7483,#1812);
#1301=LINE('',#7485,#1813);
#1302=LINE('',#7486,#1814);
#1303=LINE('',#7495,#1815);
#1304=LINE('',#7497,#1816);
#1305=LINE('',#7498,#1817);
#1306=LINE('',#7510,#1818);
#1307=LINE('',#7511,#1819);
#1308=LINE('',#7513,#1820);
#1309=LINE('',#7515,#1821);
#1310=LINE('',#7518,#1822);
#1311=LINE('',#7519,#1823);
#1312=LINE('',#7522,#1824);
#1313=VECTOR('',#4964,10.);
#1314=VECTOR('',#4965,10.);
#1315=VECTOR('',#4966,10.);
#1316=VECTOR('',#4967,10.);
#1317=VECTOR('',#4970,10.);
#1318=VECTOR('',#4971,10.);
#1319=VECTOR('',#4972,10.);
#1320=VECTOR('',#4973,10.);
#1321=VECTOR('',#4974,10.);
#1322=VECTOR('',#4977,10.);
#1323=VECTOR('',#4978,10.);
#1324=VECTOR('',#4983,10.);
#1325=VECTOR('',#4984,10.);
#1326=VECTOR('',#4985,10.);
#1327=VECTOR('',#4986,10.);
#1328=VECTOR('',#4989,10.);
#1329=VECTOR('',#4990,10.);
#1330=VECTOR('',#4991,10.);
#1331=VECTOR('',#4992,10.);
#1332=VECTOR('',#4993,10.);
#1333=VECTOR('',#4994,10.);
#1334=VECTOR('',#4995,10.);
#1335=VECTOR('',#4996,10.);
#1336=VECTOR('',#4997,10.);
#1337=VECTOR('',#4998,10.);
#1338=VECTOR('',#4999,10.);
#1339=VECTOR('',#5000,10.);
#1340=VECTOR('',#5001,10.);
#1341=VECTOR('',#5004,10.);
#1342=VECTOR('',#5005,10.);
#1343=VECTOR('',#5008,10.);
#1344=VECTOR('',#5009,10.);
#1345=VECTOR('',#5012,10.);
#1346=VECTOR('',#5015,10.);
#1347=VECTOR('',#5020,2.1);
#1348=VECTOR('',#5029,1.7);
#1349=VECTOR('',#5032,10.);
#1350=VECTOR('',#5033,10.);
#1351=VECTOR('',#5034,10.);
#1352=VECTOR('',#5035,10.);
#1353=VECTOR('',#5036,10.);
#1354=VECTOR('',#5039,10.);
#1355=VECTOR('',#5040,10.);
#1356=VECTOR('',#5041,10.);
#1357=VECTOR('',#5044,10.);
#1358=VECTOR('',#5045,10.);
#1359=VECTOR('',#5048,10.);
#1360=VECTOR('',#5049,10.);
#1361=VECTOR('',#5050,10.);
#1362=VECTOR('',#5053,10.);
#1363=VECTOR('',#5054,10.);
#1364=VECTOR('',#5055,10.);
#1365=VECTOR('',#5056,10.);
#1366=VECTOR('',#5057,10.);
#1367=VECTOR('',#5060,10.);
#1368=VECTOR('',#5061,10.);
#1369=VECTOR('',#5062,10.);
#1370=VECTOR('',#5063,10.);
#1371=VECTOR('',#5064,10.);
#1372=VECTOR('',#5075,10.);
#1373=VECTOR('',#5080,2.4);
#1374=VECTOR('',#5085,1.7);
#1375=VECTOR('',#5092,3.5);
#1376=VECTOR('',#5101,2.4);
#1377=VECTOR('',#5106,1.7);
#1378=VECTOR('',#5113,3.5);
#1379=VECTOR('',#5122,2.4);
#1380=VECTOR('',#5127,1.7);
#1381=VECTOR('',#5134,3.5);
#1382=VECTOR('',#5143,2.4);
#1383=VECTOR('',#5148,1.7);
#1384=VECTOR('',#5155,3.5);
#1385=VECTOR('',#5162,10.);
#1386=VECTOR('',#5163,10.);
#1387=VECTOR('',#5164,10.);
#1388=VECTOR('',#5165,10.);
#1389=VECTOR('',#5166,10.);
#1390=VECTOR('',#5167,10.);
#1391=VECTOR('',#5168,10.);
#1392=VECTOR('',#5169,10.);
#1393=VECTOR('',#5170,10.);
#1394=VECTOR('',#5171,10.);
#1395=VECTOR('',#5172,10.);
#1396=VECTOR('',#5173,10.);
#1397=VECTOR('',#5176,10.);
#1398=VECTOR('',#5177,10.);
#1399=VECTOR('',#5178,10.);
#1400=VECTOR('',#5181,10.);
#1401=VECTOR('',#5182,10.);
#1402=VECTOR('',#5185,10.);
#1403=VECTOR('',#5186,10.);
#1404=VECTOR('',#5187,10.);
#1405=VECTOR('',#5188,10.);
#1406=VECTOR('',#5189,10.);
#1407=VECTOR('',#5190,10.);
#1408=VECTOR('',#5193,10.);
#1409=VECTOR('',#5194,10.);
#1410=VECTOR('',#5197,10.);
#1411=VECTOR('',#5198,10.);
#1412=VECTOR('',#5201,10.);
#1413=VECTOR('',#5202,10.);
#1414=VECTOR('',#5205,10.);
#1415=VECTOR('',#5206,10.);
#1416=VECTOR('',#5207,10.);
#1417=VECTOR('',#5208,10.);
#1418=VECTOR('',#5209,10.);
#1419=VECTOR('',#5212,10.);
#1420=VECTOR('',#5213,10.);
#1421=VECTOR('',#5214,10.);
#1422=VECTOR('',#5217,10.);
#1423=VECTOR('',#5218,10.);
#1424=VECTOR('',#5219,10.);
#1425=VECTOR('',#5222,10.);
#1426=VECTOR('',#5223,10.);
#1427=VECTOR('',#5224,10.);
#1428=VECTOR('',#5227,10.);
#1429=VECTOR('',#5228,10.);
#1430=VECTOR('',#5229,10.);
#1431=VECTOR('',#5232,10.);
#1432=VECTOR('',#5233,10.);
#1433=VECTOR('',#5234,10.);
#1434=VECTOR('',#5237,10.);
#1435=VECTOR('',#5238,10.);
#1436=VECTOR('',#5239,10.);
#1437=VECTOR('',#5240,10.);
#1438=VECTOR('',#5241,10.);
#1439=VECTOR('',#5242,10.);
#1440=VECTOR('',#5243,10.);
#1441=VECTOR('',#5244,10.);
#1442=VECTOR('',#5245,10.);
#1443=VECTOR('',#5246,10.);
#1444=VECTOR('',#5249,10.);
#1445=VECTOR('',#5250,10.);
#1446=VECTOR('',#5251,10.);
#1447=VECTOR('',#5252,10.);
#1448=VECTOR('',#5253,10.);
#1449=VECTOR('',#5254,10.);
#1450=VECTOR('',#5255,10.);
#1451=VECTOR('',#5256,10.);
#1452=VECTOR('',#5257,10.);
#1453=VECTOR('',#5258,10.);
#1454=VECTOR('',#5259,10.);
#1455=VECTOR('',#5260,10.);
#1456=VECTOR('',#5263,10.);
#1457=VECTOR('',#5264,10.);
#1458=VECTOR('',#5265,10.);
#1459=VECTOR('',#5266,10.);
#1460=VECTOR('',#5267,10.);
#1461=VECTOR('',#5268,10.);
#1462=VECTOR('',#5269,10.);
#1463=VECTOR('',#5270,10.);
#1464=VECTOR('',#5271,10.);
#1465=VECTOR('',#5272,10.);
#1466=VECTOR('',#5273,10.);
#1467=VECTOR('',#5274,10.);
#1468=VECTOR('',#5275,10.);
#1469=VECTOR('',#5276,10.);
#1470=VECTOR('',#5277,10.);
#1471=VECTOR('',#5278,10.);
#1472=VECTOR('',#5279,10.);
#1473=VECTOR('',#5280,10.);
#1474=VECTOR('',#5313,10.);
#1475=VECTOR('',#5314,10.);
#1476=VECTOR('',#5315,10.);
#1477=VECTOR('',#5316,10.);
#1478=VECTOR('',#5317,10.);
#1479=VECTOR('',#5318,10.);
#1480=VECTOR('',#5319,10.);
#1481=VECTOR('',#5320,10.);
#1482=VECTOR('',#5321,10.);
#1483=VECTOR('',#5322,10.);
#1484=VECTOR('',#5323,10.);
#1485=VECTOR('',#5324,10.);
#1486=VECTOR('',#5325,10.);
#1487=VECTOR('',#5326,10.);
#1488=VECTOR('',#5327,10.);
#1489=VECTOR('',#5328,10.);
#1490=VECTOR('',#5329,10.);
#1491=VECTOR('',#5330,10.);
#1492=VECTOR('',#5331,10.);
#1493=VECTOR('',#5332,10.);
#1494=VECTOR('',#5335,10.);
#1495=VECTOR('',#5336,10.);
#1496=VECTOR('',#5337,10.);
#1497=VECTOR('',#5340,10.);
#1498=VECTOR('',#5343,10.);
#1499=VECTOR('',#5344,10.);
#1500=VECTOR('',#5345,10.);
#1501=VECTOR('',#5348,10.);
#1502=VECTOR('',#5351,10.);
#1503=VECTOR('',#5354,10.);
#1504=VECTOR('',#5355,10.);
#1505=VECTOR('',#5356,10.);
#1506=VECTOR('',#5359,10.);
#1507=VECTOR('',#5360,10.);
#1508=VECTOR('',#5363,10.);
#1509=VECTOR('',#5364,10.);
#1510=VECTOR('',#5367,10.);
#1511=VECTOR('',#5368,10.);
#1512=VECTOR('',#5369,10.);
#1513=VECTOR('',#5370,10.);
#1514=VECTOR('',#5373,10.);
#1515=VECTOR('',#5374,10.);
#1516=VECTOR('',#5377,10.);
#1517=VECTOR('',#5380,10.);
#1518=VECTOR('',#5381,10.);
#1519=VECTOR('',#5382,10.);
#1520=VECTOR('',#5383,10.);
#1521=VECTOR('',#5384,10.);
#1522=VECTOR('',#5387,10.);
#1523=VECTOR('',#5388,10.);
#1524=VECTOR('',#5391,10.);
#1525=VECTOR('',#5396,10.);
#1526=VECTOR('',#5397,10.);
#1527=VECTOR('',#5398,10.);
#1528=VECTOR('',#5399,10.);
#1529=VECTOR('',#5402,10.);
#1530=VECTOR('',#5403,10.);
#1531=VECTOR('',#5404,10.);
#1532=VECTOR('',#5407,10.);
#1533=VECTOR('',#5408,10.);
#1534=VECTOR('',#5411,10.);
#1535=VECTOR('',#5412,10.);
#1536=VECTOR('',#5413,10.);
#1537=VECTOR('',#5416,10.);
#1538=VECTOR('',#5417,10.);
#1539=VECTOR('',#5418,10.);
#1540=VECTOR('',#5419,10.);
#1541=VECTOR('',#5422,10.);
#1542=VECTOR('',#5423,10.);
#1543=VECTOR('',#5426,10.);
#1544=VECTOR('',#5427,10.);
#1545=VECTOR('',#5430,10.);
#1546=VECTOR('',#5431,10.);
#1547=VECTOR('',#5432,10.);
#1548=VECTOR('',#5433,10.);
#1549=VECTOR('',#5436,10.);
#1550=VECTOR('',#5437,10.);
#1551=VECTOR('',#5440,10.);
#1552=VECTOR('',#5443,10.);
#1553=VECTOR('',#5444,10.);
#1554=VECTOR('',#5447,10.);
#1555=VECTOR('',#5448,10.);
#1556=VECTOR('',#5449,10.);
#1557=VECTOR('',#5452,10.);
#1558=VECTOR('',#5455,10.);
#1559=VECTOR('',#5460,10.);
#1560=VECTOR('',#5461,10.);
#1561=VECTOR('',#5462,10.);
#1562=VECTOR('',#5463,10.);
#1563=VECTOR('',#5466,10.);
#1564=VECTOR('',#5467,10.);
#1565=VECTOR('',#5468,10.);
#1566=VECTOR('',#5469,10.);
#1567=VECTOR('',#5472,10.);
#1568=VECTOR('',#5473,10.);
#1569=VECTOR('',#5476,10.);
#1570=VECTOR('',#5477,10.);
#1571=VECTOR('',#5480,10.);
#1572=VECTOR('',#5481,10.);
#1573=VECTOR('',#5482,10.);
#1574=VECTOR('',#5483,10.);
#1575=VECTOR('',#5486,10.);
#1576=VECTOR('',#5487,10.);
#1577=VECTOR('',#5488,10.);
#1578=VECTOR('',#5489,10.);
#1579=VECTOR('',#5490,10.);
#1580=VECTOR('',#5493,10.);
#1581=VECTOR('',#5496,10.);
#1582=VECTOR('',#5497,10.);
#1583=VECTOR('',#5500,10.);
#1584=VECTOR('',#5501,10.);
#1585=VECTOR('',#5502,10.);
#1586=VECTOR('',#5505,10.);
#1587=VECTOR('',#5506,10.);
#1588=VECTOR('',#5509,10.);
#1589=VECTOR('',#5510,10.);
#1590=VECTOR('',#5513,10.);
#1591=VECTOR('',#5514,10.);
#1592=VECTOR('',#5517,10.);
#1593=VECTOR('',#5524,10.);
#1594=VECTOR('',#5525,10.);
#1595=VECTOR('',#5526,10.);
#1596=VECTOR('',#5527,10.);
#1597=VECTOR('',#5530,10.);
#1598=VECTOR('',#5531,10.);
#1599=VECTOR('',#5532,10.);
#1600=VECTOR('',#5535,10.);
#1601=VECTOR('',#5536,10.);
#1602=VECTOR('',#5537,10.);
#1603=VECTOR('',#5538,10.);
#1604=VECTOR('',#5539,10.);
#1605=VECTOR('',#5540,10.);
#1606=VECTOR('',#5543,10.);
#1607=VECTOR('',#5544,10.);
#1608=VECTOR('',#5545,10.);
#1609=VECTOR('',#5546,10.);
#1610=VECTOR('',#5549,10.);
#1611=VECTOR('',#5550,10.);
#1612=VECTOR('',#5553,10.);
#1613=VECTOR('',#5554,10.);
#1614=VECTOR('',#5555,10.);
#1615=VECTOR('',#5556,10.);
#1616=VECTOR('',#5557,10.);
#1617=VECTOR('',#5558,10.);
#1618=VECTOR('',#5561,10.);
#1619=VECTOR('',#5562,10.);
#1620=VECTOR('',#5563,10.);
#1621=VECTOR('',#5566,10.);
#1622=VECTOR('',#5567,10.);
#1623=VECTOR('',#5570,10.);
#1624=VECTOR('',#5571,10.);
#1625=VECTOR('',#5572,10.);
#1626=VECTOR('',#5575,10.);
#1627=VECTOR('',#5576,10.);
#1628=VECTOR('',#5577,10.);
#1629=VECTOR('',#5578,10.);
#1630=VECTOR('',#5579,10.);
#1631=VECTOR('',#5582,10.);
#1632=VECTOR('',#5583,10.);
#1633=VECTOR('',#5584,10.);
#1634=VECTOR('',#5587,10.);
#1635=VECTOR('',#5588,10.);
#1636=VECTOR('',#5591,10.);
#1637=VECTOR('',#5592,10.);
#1638=VECTOR('',#5595,10.);
#1639=VECTOR('',#5596,10.);
#1640=VECTOR('',#5599,10.);
#1641=VECTOR('',#5604,10.);
#1642=VECTOR('',#5605,10.);
#1643=VECTOR('',#5608,10.);
#1644=VECTOR('',#5609,10.);
#1645=VECTOR('',#5612,10.);
#1646=VECTOR('',#5615,10.);
#1647=VECTOR('',#5616,10.);
#1648=VECTOR('',#5619,10.);
#1649=VECTOR('',#5620,10.);
#1650=VECTOR('',#5623,10.);
#1651=VECTOR('',#5624,10.);
#1652=VECTOR('',#5625,10.);
#1653=VECTOR('',#5628,10.);
#1654=VECTOR('',#5631,10.);
#1655=VECTOR('',#5634,10.);
#1656=VECTOR('',#5641,10.);
#1657=VECTOR('',#5646,10.);
#1658=VECTOR('',#5649,10.);
#1659=VECTOR('',#5654,10.);
#1660=VECTOR('',#5655,10.);
#1661=VECTOR('',#5656,10.);
#1662=VECTOR('',#5659,10.);
#1663=VECTOR('',#5660,10.);
#1664=VECTOR('',#5661,10.);
#1665=VECTOR('',#5664,10.);
#1666=VECTOR('',#5665,10.);
#1667=VECTOR('',#5666,10.);
#1668=VECTOR('',#5667,10.);
#1669=VECTOR('',#5670,10.);
#1670=VECTOR('',#5671,10.);
#1671=VECTOR('',#5674,10.);
#1672=VECTOR('',#5675,10.);
#1673=VECTOR('',#5676,10.);
#1674=VECTOR('',#5677,10.);
#1675=VECTOR('',#5678,10.);
#1676=VECTOR('',#5679,10.);
#1677=VECTOR('',#5682,10.);
#1678=VECTOR('',#5683,10.);
#1679=VECTOR('',#5684,10.);
#1680=VECTOR('',#5685,10.);
#1681=VECTOR('',#5686,10.);
#1682=VECTOR('',#5687,10.);
#1683=VECTOR('',#5690,10.);
#1684=VECTOR('',#5691,10.);
#1685=VECTOR('',#5692,10.);
#1686=VECTOR('',#5695,10.);
#1687=VECTOR('',#5696,10.);
#1688=VECTOR('',#5697,10.);
#1689=VECTOR('',#5700,10.);
#1690=VECTOR('',#5701,10.);
#1691=VECTOR('',#5704,10.);
#1692=VECTOR('',#5709,10.);
#1693=VECTOR('',#5710,10.);
#1694=VECTOR('',#5711,10.);
#1695=VECTOR('',#5712,10.);
#1696=VECTOR('',#5713,10.);
#1697=VECTOR('',#5716,10.);
#1698=VECTOR('',#5717,10.);
#1699=VECTOR('',#5720,10.);
#1700=VECTOR('',#5723,10.);
#1701=VECTOR('',#5728,10.);
#1702=VECTOR('',#5735,1.3);
#1703=VECTOR('',#5744,1.3);
#1704=VECTOR('',#5753,1.3);
#1705=VECTOR('',#5762,1.3);
#1706=VECTOR('',#5771,1.3);
#1707=VECTOR('',#5780,1.3);
#1708=VECTOR('',#5789,1.3);
#1709=VECTOR('',#5798,1.3);
#1710=VECTOR('',#5807,1.05);
#1711=VECTOR('',#5816,1.05);
#1712=VECTOR('',#5825,1.05);
#1713=VECTOR('',#5834,1.05);
#1714=VECTOR('',#5843,1.05);
#1715=VECTOR('',#5852,1.05);
#1716=VECTOR('',#5861,1.05);
#1717=VECTOR('',#5870,1.05);
#1718=VECTOR('',#5879,2.6);
#1719=VECTOR('',#5886,2.6);
#1720=VECTOR('',#5893,2.6);
#1721=VECTOR('',#5900,2.6);
#1722=VECTOR('',#5907,2.6);
#1723=VECTOR('',#5914,2.6);
#1724=VECTOR('',#5921,2.6);
#1725=VECTOR('',#5928,2.6);
#1726=VECTOR('',#5935,2.6);
#1727=VECTOR('',#5942,2.6);
#1728=VECTOR('',#5949,2.6);
#1729=VECTOR('',#5956,2.6);
#1730=VECTOR('',#5963,2.6);
#1731=VECTOR('',#5970,2.6);
#1732=VECTOR('',#5977,2.6);
#1733=VECTOR('',#5984,2.6);
#1734=VECTOR('',#5989,10.);
#1735=VECTOR('',#5990,10.);
#1736=VECTOR('',#5991,10.);
#1737=VECTOR('',#5992,10.);
#1738=VECTOR('',#5993,10.);
#1739=VECTOR('',#5994,10.);
#1740=VECTOR('',#6013,10.);
#1741=VECTOR('',#6018,10.);
#1742=VECTOR('',#6021,10.);
#1743=VECTOR('',#6022,10.);
#1744=VECTOR('',#6027,10.);
#1745=VECTOR('',#6028,10.);
#1746=VECTOR('',#6029,10.);
#1747=VECTOR('',#6030,10.);
#1748=VECTOR('',#6033,10.);
#1749=VECTOR('',#6034,10.);
#1750=VECTOR('',#6035,10.);
#1751=VECTOR('',#6036,10.);
#1752=VECTOR('',#6037,10.);
#1753=VECTOR('',#6038,10.);
#1754=VECTOR('',#6039,10.);
#1755=VECTOR('',#6040,10.);
#1756=VECTOR('',#6041,10.);
#1757=VECTOR('',#6042,10.);
#1758=VECTOR('',#6043,10.);
#1759=VECTOR('',#6044,10.);
#1760=VECTOR('',#6045,10.);
#1761=VECTOR('',#6048,10.);
#1762=VECTOR('',#6049,10.);
#1763=VECTOR('',#6050,10.);
#1764=VECTOR('',#6051,10.);
#1765=VECTOR('',#6052,10.);
#1766=VECTOR('',#6053,10.);
#1767=VECTOR('',#6054,10.);
#1768=VECTOR('',#6055,10.);
#1769=VECTOR('',#6056,10.);
#1770=VECTOR('',#6057,10.);
#1771=VECTOR('',#6058,10.);
#1772=VECTOR('',#6059,10.);
#1773=VECTOR('',#6060,10.);
#1774=VECTOR('',#6063,10.);
#1775=VECTOR('',#6064,10.);
#1776=VECTOR('',#6065,10.);
#1777=VECTOR('',#6066,10.);
#1778=VECTOR('',#6067,10.);
#1779=VECTOR('',#6070,10.);
#1780=VECTOR('',#6071,10.);
#1781=VECTOR('',#6078,10.);
#1782=VECTOR('',#6079,10.);
#1783=VECTOR('',#6082,10.);
#1784=VECTOR('',#6085,10.);
#1785=VECTOR('',#6088,10.);
#1786=VECTOR('',#6091,10.);
#1787=VECTOR('',#6092,10.);
#1788=VECTOR('',#6093,10.);
#1789=VECTOR('',#6096,10.);
#1790=VECTOR('',#6097,10.);
#1791=VECTOR('',#6098,10.);
#1792=VECTOR('',#6099,10.);
#1793=VECTOR('',#6100,10.);
#1794=VECTOR('',#6107,10.);
#1795=VECTOR('',#6110,10.);
#1796=VECTOR('',#6111,10.);
#1797=VECTOR('',#6112,10.);
#1798=VECTOR('',#6113,10.);
#1799=VECTOR('',#6120,10.);
#1800=VECTOR('',#6123,10.);
#1801=VECTOR('',#6124,10.);
#1802=VECTOR('',#6125,10.);
#1803=VECTOR('',#6126,10.);
#1804=VECTOR('',#6129,10.);
#1805=VECTOR('',#6132,10.);
#1806=VECTOR('',#6137,10.);
#1807=VECTOR('',#6138,10.);
#1808=VECTOR('',#6141,10.);
#1809=VECTOR('',#6146,10.);
#1810=VECTOR('',#6147,10.);
#1811=VECTOR('',#6152,10.);
#1812=VECTOR('',#6155,10.);
#1813=VECTOR('',#6156,10.);
#1814=VECTOR('',#6157,10.);
#1815=VECTOR('',#6170,10.);
#1816=VECTOR('',#6171,10.);
#1817=VECTOR('',#6172,10.);
#1818=VECTOR('',#6191,10.);
#1819=VECTOR('',#6192,10.);
#1820=VECTOR('',#6195,10.);
#1821=VECTOR('',#6198,10.);
#1822=VECTOR('',#6201,10.);
#1823=VECTOR('',#6202,10.);
#1824=VECTOR('',#6207,10.);
#1825=VERTEX_POINT('',#6212);
#1826=VERTEX_POINT('',#6213);
#1827=VERTEX_POINT('',#6215);
#1828=VERTEX_POINT('',#6217);
#1829=VERTEX_POINT('',#6221);
#1830=VERTEX_POINT('',#6223);
#1831=VERTEX_POINT('',#6225);
#1832=VERTEX_POINT('',#6227);
#1833=VERTEX_POINT('',#6231);
#1834=VERTEX_POINT('',#6234);
#1835=VERTEX_POINT('',#6237);
#1836=VERTEX_POINT('',#6239);
#1837=VERTEX_POINT('',#6241);
#1838=VERTEX_POINT('',#6245);
#1839=VERTEX_POINT('',#6247);
#1840=VERTEX_POINT('',#6249);
#1841=VERTEX_POINT('',#6251);
#1842=VERTEX_POINT('',#6253);
#1843=VERTEX_POINT('',#6255);
#1844=VERTEX_POINT('',#6257);
#1845=VERTEX_POINT('',#6259);
#1846=VERTEX_POINT('',#6261);
#1847=VERTEX_POINT('',#6263);
#1848=VERTEX_POINT('',#6265);
#1849=VERTEX_POINT('',#6267);
#1850=VERTEX_POINT('',#6271);
#1851=VERTEX_POINT('',#6275);
#1852=VERTEX_POINT('',#6279);
#1853=VERTEX_POINT('',#6281);
#1854=VERTEX_POINT('',#6285);
#1855=VERTEX_POINT('',#6289);
#1856=VERTEX_POINT('',#6292);
#1857=VERTEX_POINT('',#6296);
#1858=VERTEX_POINT('',#6297);
#1859=VERTEX_POINT('',#6299);
#1860=VERTEX_POINT('',#6301);
#1861=VERTEX_POINT('',#6303);
#1862=VERTEX_POINT('',#6307);
#1863=VERTEX_POINT('',#6309);
#1864=VERTEX_POINT('',#6313);
#1865=VERTEX_POINT('',#6317);
#1866=VERTEX_POINT('',#6319);
#1867=VERTEX_POINT('',#6323);
#1868=VERTEX_POINT('',#6325);
#1869=VERTEX_POINT('',#6327);
#1870=VERTEX_POINT('',#6329);
#1871=VERTEX_POINT('',#6333);
#1872=VERTEX_POINT('',#6335);
#1873=VERTEX_POINT('',#6337);
#1874=VERTEX_POINT('',#6339);
#1875=VERTEX_POINT('',#6341);
#1876=VERTEX_POINT('',#6343);
#1877=VERTEX_POINT('',#6347);
#1878=VERTEX_POINT('',#6349);
#1879=VERTEX_POINT('',#6353);
#1880=VERTEX_POINT('',#6355);
#1881=VERTEX_POINT('',#6359);
#1882=VERTEX_POINT('',#6363);
#1883=VERTEX_POINT('',#6365);
#1884=VERTEX_POINT('',#6370);
#1885=VERTEX_POINT('',#6372);
#1886=VERTEX_POINT('',#6376);
#1887=VERTEX_POINT('',#6380);
#1888=VERTEX_POINT('',#6382);
#1889=VERTEX_POINT('',#6387);
#1890=VERTEX_POINT('',#6389);
#1891=VERTEX_POINT('',#6393);
#1892=VERTEX_POINT('',#6397);
#1893=VERTEX_POINT('',#6399);
#1894=VERTEX_POINT('',#6404);
#1895=VERTEX_POINT('',#6406);
#1896=VERTEX_POINT('',#6410);
#1897=VERTEX_POINT('',#6414);
#1898=VERTEX_POINT('',#6416);
#1899=VERTEX_POINT('',#6421);
#1900=VERTEX_POINT('',#6422);
#1901=VERTEX_POINT('',#6424);
#1902=VERTEX_POINT('',#6426);
#1903=VERTEX_POINT('',#6428);
#1904=VERTEX_POINT('',#6430);
#1905=VERTEX_POINT('',#6432);
#1906=VERTEX_POINT('',#6434);
#1907=VERTEX_POINT('',#6436);
#1908=VERTEX_POINT('',#6438);
#1909=VERTEX_POINT('',#6440);
#1910=VERTEX_POINT('',#6442);
#1911=VERTEX_POINT('',#6446);
#1912=VERTEX_POINT('',#6448);
#1913=VERTEX_POINT('',#6452);
#1914=VERTEX_POINT('',#6456);
#1915=VERTEX_POINT('',#6459);
#1916=VERTEX_POINT('',#6460);
#1917=VERTEX_POINT('',#6462);
#1918=VERTEX_POINT('',#6464);
#1919=VERTEX_POINT('',#6468);
#1920=VERTEX_POINT('',#6472);
#1921=VERTEX_POINT('',#6476);
#1922=VERTEX_POINT('',#6480);
#1923=VERTEX_POINT('',#6481);
#1924=VERTEX_POINT('',#6483);
#1925=VERTEX_POINT('',#6485);
#1926=VERTEX_POINT('',#6487);
#1927=VERTEX_POINT('',#6491);
#1928=VERTEX_POINT('',#6492);
#1929=VERTEX_POINT('',#6497);
#1930=VERTEX_POINT('',#6499);
#1931=VERTEX_POINT('',#6503);
#1932=VERTEX_POINT('',#6505);
#1933=VERTEX_POINT('',#6509);
#1934=VERTEX_POINT('',#6511);
#1935=VERTEX_POINT('',#6515);
#1936=VERTEX_POINT('',#6517);
#1937=VERTEX_POINT('',#6521);
#1938=VERTEX_POINT('',#6523);
#1939=VERTEX_POINT('',#6525);
#1940=VERTEX_POINT('',#6527);
#1941=VERTEX_POINT('',#6529);
#1942=VERTEX_POINT('',#6531);
#1943=VERTEX_POINT('',#6533);
#1944=VERTEX_POINT('',#6535);
#1945=VERTEX_POINT('',#6537);
#1946=VERTEX_POINT('',#6539);
#1947=VERTEX_POINT('',#6541);
#1948=VERTEX_POINT('',#6544);
#1949=VERTEX_POINT('',#6546);
#1950=VERTEX_POINT('',#6548);
#1951=VERTEX_POINT('',#6551);
#1952=VERTEX_POINT('',#6553);
#1953=VERTEX_POINT('',#6555);
#1954=VERTEX_POINT('',#6557);
#1955=VERTEX_POINT('',#6559);
#1956=VERTEX_POINT('',#6561);
#1957=VERTEX_POINT('',#6563);
#1958=VERTEX_POINT('',#6565);
#1959=VERTEX_POINT('',#6567);
#1960=VERTEX_POINT('',#6570);
#1961=VERTEX_POINT('',#6571);
#1962=VERTEX_POINT('',#6573);
#1963=VERTEX_POINT('',#6575);
#1964=VERTEX_POINT('',#6577);
#1965=VERTEX_POINT('',#6579);
#1966=VERTEX_POINT('',#6581);
#1967=VERTEX_POINT('',#6583);
#1968=VERTEX_POINT('',#6586);
#1969=VERTEX_POINT('',#6587);
#1970=VERTEX_POINT('',#6589);
#1971=VERTEX_POINT('',#6591);
#1972=VERTEX_POINT('',#6593);
#1973=VERTEX_POINT('',#6595);
#1974=VERTEX_POINT('',#6597);
#1975=VERTEX_POINT('',#6599);
#1976=VERTEX_POINT('',#6602);
#1977=VERTEX_POINT('',#6604);
#1978=VERTEX_POINT('',#6606);
#1979=VERTEX_POINT('',#6608);
#1980=VERTEX_POINT('',#6610);
#1981=VERTEX_POINT('',#6612);
#1982=VERTEX_POINT('',#6614);
#1983=VERTEX_POINT('',#6616);
#1984=VERTEX_POINT('',#6618);
#1985=VERTEX_POINT('',#6620);
#1986=VERTEX_POINT('',#6622);
#1987=VERTEX_POINT('',#6624);
#1988=VERTEX_POINT('',#6626);
#1989=VERTEX_POINT('',#6628);
#1990=VERTEX_POINT('',#6630);
#1991=VERTEX_POINT('',#6632);
#1992=VERTEX_POINT('',#6634);
#1993=VERTEX_POINT('',#6635);
#1994=VERTEX_POINT('',#6637);
#1995=VERTEX_POINT('',#6639);
#1996=VERTEX_POINT('',#6641);
#1997=VERTEX_POINT('',#6643);
#1998=VERTEX_POINT('',#6645);
#1999=VERTEX_POINT('',#6647);
#2000=VERTEX_POINT('',#6650);
#2001=VERTEX_POINT('',#6651);
#2002=VERTEX_POINT('',#6653);
#2003=VERTEX_POINT('',#6655);
#2004=VERTEX_POINT('',#6657);
#2005=VERTEX_POINT('',#6659);
#2006=VERTEX_POINT('',#6661);
#2007=VERTEX_POINT('',#6663);
#2008=VERTEX_POINT('',#6665);
#2009=VERTEX_POINT('',#6667);
#2010=VERTEX_POINT('',#6669);
#2011=VERTEX_POINT('',#6671);
#2012=VERTEX_POINT('',#6675);
#2013=VERTEX_POINT('',#6677);
#2014=VERTEX_POINT('',#6683);
#2015=VERTEX_POINT('',#6685);
#2016=VERTEX_POINT('',#6693);
#2017=VERTEX_POINT('',#6695);
#2018=VERTEX_POINT('',#6699);
#2019=VERTEX_POINT('',#6703);
#2020=VERTEX_POINT('',#6707);
#2021=VERTEX_POINT('',#6709);
#2022=VERTEX_POINT('',#6711);
#2023=VERTEX_POINT('',#6715);
#2024=VERTEX_POINT('',#6721);
#2025=VERTEX_POINT('',#6723);
#2026=VERTEX_POINT('',#6726);
#2027=VERTEX_POINT('',#6730);
#2028=VERTEX_POINT('',#6737);
#2029=VERTEX_POINT('',#6738);
#2030=VERTEX_POINT('',#6740);
#2031=VERTEX_POINT('',#6742);
#2032=VERTEX_POINT('',#6746);
#2033=VERTEX_POINT('',#6747);
#2034=VERTEX_POINT('',#6752);
#2035=VERTEX_POINT('',#6757);
#2036=VERTEX_POINT('',#6761);
#2037=VERTEX_POINT('',#6762);
#2038=VERTEX_POINT('',#6764);
#2039=VERTEX_POINT('',#6766);
#2040=VERTEX_POINT('',#6770);
#2041=VERTEX_POINT('',#6777);
#2042=VERTEX_POINT('',#6778);
#2043=VERTEX_POINT('',#6780);
#2044=VERTEX_POINT('',#6785);
#2045=VERTEX_POINT('',#6791);
#2046=VERTEX_POINT('',#6795);
#2047=VERTEX_POINT('',#6797);
#2048=VERTEX_POINT('',#6806);
#2049=VERTEX_POINT('',#6807);
#2050=VERTEX_POINT('',#6809);
#2051=VERTEX_POINT('',#6811);
#2052=VERTEX_POINT('',#6815);
#2053=VERTEX_POINT('',#6817);
#2054=VERTEX_POINT('',#6822);
#2055=VERTEX_POINT('',#6826);
#2056=VERTEX_POINT('',#6830);
#2057=VERTEX_POINT('',#6831);
#2058=VERTEX_POINT('',#6833);
#2059=VERTEX_POINT('',#6835);
#2060=VERTEX_POINT('',#6839);
#2061=VERTEX_POINT('',#6841);
#2062=VERTEX_POINT('',#6843);
#2063=VERTEX_POINT('',#6850);
#2064=VERTEX_POINT('',#6854);
#2065=VERTEX_POINT('',#6856);
#2066=VERTEX_POINT('',#6860);
#2067=VERTEX_POINT('',#6864);
#2068=VERTEX_POINT('',#6875);
#2069=VERTEX_POINT('',#6877);
#2070=VERTEX_POINT('',#6879);
#2071=VERTEX_POINT('',#6883);
#2072=VERTEX_POINT('',#6885);
#2073=VERTEX_POINT('',#6889);
#2074=VERTEX_POINT('',#6891);
#2075=VERTEX_POINT('',#6893);
#2076=VERTEX_POINT('',#6896);
#2077=VERTEX_POINT('',#6900);
#2078=VERTEX_POINT('',#6902);
#2079=VERTEX_POINT('',#6904);
#2080=VERTEX_POINT('',#6911);
#2081=VERTEX_POINT('',#6912);
#2082=VERTEX_POINT('',#6914);
#2083=VERTEX_POINT('',#6916);
#2084=VERTEX_POINT('',#6918);
#2085=VERTEX_POINT('',#6920);
#2086=VERTEX_POINT('',#6925);
#2087=VERTEX_POINT('',#6929);
#2088=VERTEX_POINT('',#6933);
#2089=VERTEX_POINT('',#6935);
#2090=VERTEX_POINT('',#6939);
#2091=VERTEX_POINT('',#6941);
#2092=VERTEX_POINT('',#6943);
#2093=VERTEX_POINT('',#6945);
#2094=VERTEX_POINT('',#6949);
#2095=VERTEX_POINT('',#6954);
#2096=VERTEX_POINT('',#6958);
#2097=VERTEX_POINT('',#6962);
#2098=VERTEX_POINT('',#6969);
#2099=VERTEX_POINT('',#6973);
#2100=VERTEX_POINT('',#6979);
#2101=VERTEX_POINT('',#6983);
#2102=VERTEX_POINT('',#6987);
#2103=VERTEX_POINT('',#6989);
#2104=VERTEX_POINT('',#7009);
#2105=VERTEX_POINT('',#7011);
#2106=VERTEX_POINT('',#7015);
#2107=VERTEX_POINT('',#7016);
#2108=VERTEX_POINT('',#7021);
#2109=VERTEX_POINT('',#7022);
#2110=VERTEX_POINT('',#7024);
#2111=VERTEX_POINT('',#7026);
#2112=VERTEX_POINT('',#7034);
#2113=VERTEX_POINT('',#7036);
#2114=VERTEX_POINT('',#7038);
#2115=VERTEX_POINT('',#7043);
#2116=VERTEX_POINT('',#7045);
#2117=VERTEX_POINT('',#7047);
#2118=VERTEX_POINT('',#7049);
#2119=VERTEX_POINT('',#7054);
#2120=VERTEX_POINT('',#7055);
#2121=VERTEX_POINT('',#7061);
#2122=VERTEX_POINT('',#7065);
#2123=VERTEX_POINT('',#7073);
#2124=VERTEX_POINT('',#7074);
#2125=VERTEX_POINT('',#7076);
#2126=VERTEX_POINT('',#7078);
#2127=VERTEX_POINT('',#7093);
#2128=VERTEX_POINT('',#7095);
#2129=VERTEX_POINT('',#7100);
#2130=VERTEX_POINT('',#7102);
#2131=VERTEX_POINT('',#7107);
#2132=VERTEX_POINT('',#7109);
#2133=VERTEX_POINT('',#7114);
#2134=VERTEX_POINT('',#7116);
#2135=VERTEX_POINT('',#7121);
#2136=VERTEX_POINT('',#7123);
#2137=VERTEX_POINT('',#7128);
#2138=VERTEX_POINT('',#7130);
#2139=VERTEX_POINT('',#7135);
#2140=VERTEX_POINT('',#7137);
#2141=VERTEX_POINT('',#7142);
#2142=VERTEX_POINT('',#7144);
#2143=VERTEX_POINT('',#7149);
#2144=VERTEX_POINT('',#7151);
#2145=VERTEX_POINT('',#7156);
#2146=VERTEX_POINT('',#7158);
#2147=VERTEX_POINT('',#7163);
#2148=VERTEX_POINT('',#7165);
#2149=VERTEX_POINT('',#7170);
#2150=VERTEX_POINT('',#7172);
#2151=VERTEX_POINT('',#7177);
#2152=VERTEX_POINT('',#7179);
#2153=VERTEX_POINT('',#7184);
#2154=VERTEX_POINT('',#7186);
#2155=VERTEX_POINT('',#7191);
#2156=VERTEX_POINT('',#7193);
#2157=VERTEX_POINT('',#7198);
#2158=VERTEX_POINT('',#7200);
#2159=VERTEX_POINT('',#7205);
#2160=VERTEX_POINT('',#7210);
#2161=VERTEX_POINT('',#7215);
#2162=VERTEX_POINT('',#7220);
#2163=VERTEX_POINT('',#7225);
#2164=VERTEX_POINT('',#7230);
#2165=VERTEX_POINT('',#7235);
#2166=VERTEX_POINT('',#7240);
#2167=VERTEX_POINT('',#7245);
#2168=VERTEX_POINT('',#7250);
#2169=VERTEX_POINT('',#7255);
#2170=VERTEX_POINT('',#7260);
#2171=VERTEX_POINT('',#7265);
#2172=VERTEX_POINT('',#7270);
#2173=VERTEX_POINT('',#7275);
#2174=VERTEX_POINT('',#7280);
#2175=VERTEX_POINT('',#7285);
#2176=VERTEX_POINT('',#7286);
#2177=VERTEX_POINT('',#7288);
#2178=VERTEX_POINT('',#7290);
#2179=VERTEX_POINT('',#7292);
#2180=VERTEX_POINT('',#7321);
#2181=VERTEX_POINT('',#7327);
#2182=VERTEX_POINT('',#7332);
#2183=VERTEX_POINT('',#7333);
#2184=VERTEX_POINT('',#7335);
#2185=VERTEX_POINT('',#7337);
#2186=VERTEX_POINT('',#7341);
#2187=VERTEX_POINT('',#7343);
#2188=VERTEX_POINT('',#7345);
#2189=VERTEX_POINT('',#7347);
#2190=VERTEX_POINT('',#7349);
#2191=VERTEX_POINT('',#7351);
#2192=VERTEX_POINT('',#7353);
#2193=VERTEX_POINT('',#7355);
#2194=VERTEX_POINT('',#7357);
#2195=VERTEX_POINT('',#7359);
#2196=VERTEX_POINT('',#7362);
#2197=VERTEX_POINT('',#7366);
#2198=VERTEX_POINT('',#7368);
#2199=VERTEX_POINT('',#7371);
#2200=VERTEX_POINT('',#7373);
#2201=VERTEX_POINT('',#7375);
#2202=VERTEX_POINT('',#7377);
#2203=VERTEX_POINT('',#7379);
#2204=VERTEX_POINT('',#7381);
#2205=VERTEX_POINT('',#7383);
#2206=VERTEX_POINT('',#7385);
#2207=VERTEX_POINT('',#7387);
#2208=VERTEX_POINT('',#7391);
#2209=VERTEX_POINT('',#7393);
#2210=VERTEX_POINT('',#7395);
#2211=VERTEX_POINT('',#7397);
#2212=VERTEX_POINT('',#7401);
#2213=VERTEX_POINT('',#7403);
#2214=VERTEX_POINT('',#7407);
#2215=VERTEX_POINT('',#7409);
#2216=VERTEX_POINT('',#7419);
#2217=VERTEX_POINT('',#7421);
#2218=VERTEX_POINT('',#7425);
#2219=VERTEX_POINT('',#7427);
#2220=VERTEX_POINT('',#7429);
#2221=VERTEX_POINT('',#7431);
#2222=VERTEX_POINT('',#7435);
#2223=VERTEX_POINT('',#7437);
#2224=VERTEX_POINT('',#7441);
#2225=VERTEX_POINT('',#7443);
#2226=VERTEX_POINT('',#7448);
#2227=VERTEX_POINT('',#7450);
#2228=VERTEX_POINT('',#7454);
#2229=VERTEX_POINT('',#7456);
#2230=VERTEX_POINT('',#7461);
#2231=VERTEX_POINT('',#7463);
#2232=VERTEX_POINT('',#7465);
#2233=VERTEX_POINT('',#7475);
#2234=VERTEX_POINT('',#7479);
#2235=VERTEX_POINT('',#7484);
#2236=VERTEX_POINT('',#7492);
#2237=VERTEX_POINT('',#7494);
#2238=VERTEX_POINT('',#7496);
#2239=VERTEX_POINT('',#7505);
#2240=VERTEX_POINT('',#7509);
#2241=VERTEX_POINT('',#7517);
#2242=EDGE_CURVE('',#1825,#1826,#801,.T.);
#2243=EDGE_CURVE('',#1827,#1825,#802,.T.);
#2244=EDGE_CURVE('',#1827,#1828,#803,.T.);
#2245=EDGE_CURVE('',#1828,#1826,#804,.T.);
#2246=EDGE_CURVE('',#1826,#1829,#805,.T.);
#2247=EDGE_CURVE('',#1828,#1830,#806,.T.);
#2248=EDGE_CURVE('',#1831,#1830,#807,.T.);
#2249=EDGE_CURVE('',#1832,#1831,#808,.T.);
#2250=EDGE_CURVE('',#1829,#1832,#809,.T.);
#2251=EDGE_CURVE('',#1830,#1833,#810,.T.);
#2252=EDGE_CURVE('',#1833,#1827,#811,.T.);
#2253=EDGE_CURVE('',#1834,#1834,#237,.T.);
#2254=EDGE_CURVE('',#1835,#1825,#812,.T.);
#2255=EDGE_CURVE('',#1836,#1835,#813,.T.);
#2256=EDGE_CURVE('',#1837,#1836,#814,.T.);
#2257=EDGE_CURVE('',#1833,#1837,#815,.T.);
#2258=EDGE_CURVE('',#1829,#1838,#816,.T.);
#2259=EDGE_CURVE('',#1839,#1838,#817,.T.);
#2260=EDGE_CURVE('',#1840,#1839,#818,.T.);
#2261=EDGE_CURVE('',#1841,#1840,#819,.T.);
#2262=EDGE_CURVE('',#1841,#1842,#820,.T.);
#2263=EDGE_CURVE('',#1842,#1843,#821,.T.);
#2264=EDGE_CURVE('',#1843,#1844,#822,.T.);
#2265=EDGE_CURVE('',#1844,#1845,#823,.T.);
#2266=EDGE_CURVE('',#1845,#1846,#824,.T.);
#2267=EDGE_CURVE('',#1846,#1847,#825,.T.);
#2268=EDGE_CURVE('',#1847,#1848,#826,.T.);
#2269=EDGE_CURVE('',#1848,#1849,#827,.T.);
#2270=EDGE_CURVE('',#1849,#1835,#828,.T.);
#2271=EDGE_CURVE('',#1850,#1832,#829,.T.);
#2272=EDGE_CURVE('',#1838,#1850,#830,.T.);
#2273=EDGE_CURVE('',#1849,#1851,#831,.T.);
#2274=EDGE_CURVE('',#1836,#1851,#832,.T.);
#2275=EDGE_CURVE('',#1852,#1831,#833,.T.);
#2276=EDGE_CURVE('',#1853,#1852,#75,.T.);
#2277=EDGE_CURVE('',#1850,#1853,#834,.T.);
#2278=EDGE_CURVE('',#1854,#1854,#76,.T.);
#2279=EDGE_CURVE('',#1854,#1834,#835,.T.);
#2280=EDGE_CURVE('',#1855,#1855,#77,.T.);
#2281=EDGE_CURVE('',#1856,#1856,#78,.T.);
#2282=EDGE_CURVE('',#1856,#1855,#836,.T.);
#2283=EDGE_CURVE('',#1857,#1858,#837,.T.);
#2284=EDGE_CURVE('',#1857,#1859,#838,.T.);
#2285=EDGE_CURVE('',#1860,#1859,#839,.T.);
#2286=EDGE_CURVE('',#1861,#1860,#840,.T.);
#2287=EDGE_CURVE('',#1858,#1861,#841,.T.);
#2288=EDGE_CURVE('',#1860,#1862,#842,.T.);
#2289=EDGE_CURVE('',#1859,#1863,#843,.T.);
#2290=EDGE_CURVE('',#1862,#1863,#844,.T.);
#2291=EDGE_CURVE('',#1864,#1857,#845,.T.);
#2292=EDGE_CURVE('',#1863,#1864,#846,.T.);
#2293=EDGE_CURVE('',#1865,#1864,#847,.T.);
#2294=EDGE_CURVE('',#1866,#1865,#848,.T.);
#2295=EDGE_CURVE('',#1862,#1866,#849,.T.);
#2296=EDGE_CURVE('',#1866,#1867,#850,.T.);
#2297=EDGE_CURVE('',#1867,#1868,#851,.T.);
#2298=EDGE_CURVE('',#1868,#1869,#852,.T.);
#2299=EDGE_CURVE('',#1869,#1870,#853,.T.);
#2300=EDGE_CURVE('',#1870,#1861,#854,.T.);
#2301=EDGE_CURVE('',#1871,#1865,#855,.T.);
#2302=EDGE_CURVE('',#1871,#1872,#856,.T.);
#2303=EDGE_CURVE('',#1872,#1873,#857,.T.);
#2304=EDGE_CURVE('',#1873,#1874,#858,.T.);
#2305=EDGE_CURVE('',#1875,#1874,#859,.T.);
#2306=EDGE_CURVE('',#1876,#1875,#79,.T.);
#2307=EDGE_CURVE('',#1867,#1876,#238,.T.);
#2308=EDGE_CURVE('',#1877,#1870,#239,.T.);
#2309=EDGE_CURVE('',#1878,#1877,#80,.T.);
#2310=EDGE_CURVE('',#1858,#1878,#860,.T.);
#2311=EDGE_CURVE('',#1879,#1879,#81,.T.);
#2312=EDGE_CURVE('',#1879,#1880,#861,.T.);
#2313=EDGE_CURVE('',#1880,#1880,#82,.T.);
#2314=EDGE_CURVE('',#1880,#1881,#862,.T.);
#2315=EDGE_CURVE('',#1881,#1881,#83,.T.);
#2316=EDGE_CURVE('',#1882,#1882,#84,.T.);
#2317=EDGE_CURVE('',#1882,#1883,#863,.T.);
#2318=EDGE_CURVE('',#1883,#1883,#85,.T.);
#2319=EDGE_CURVE('',#1884,#1884,#86,.T.);
#2320=EDGE_CURVE('',#1884,#1885,#864,.T.);
#2321=EDGE_CURVE('',#1885,#1885,#87,.T.);
#2322=EDGE_CURVE('',#1885,#1886,#865,.T.);
#2323=EDGE_CURVE('',#1886,#1886,#88,.T.);
#2324=EDGE_CURVE('',#1887,#1887,#89,.T.);
#2325=EDGE_CURVE('',#1887,#1888,#866,.T.);
#2326=EDGE_CURVE('',#1888,#1888,#90,.T.);
#2327=EDGE_CURVE('',#1889,#1889,#91,.T.);
#2328=EDGE_CURVE('',#1889,#1890,#867,.T.);
#2329=EDGE_CURVE('',#1890,#1890,#92,.T.);
#2330=EDGE_CURVE('',#1890,#1891,#868,.T.);
#2331=EDGE_CURVE('',#1891,#1891,#93,.T.);
#2332=EDGE_CURVE('',#1892,#1892,#94,.T.);
#2333=EDGE_CURVE('',#1892,#1893,#869,.T.);
#2334=EDGE_CURVE('',#1893,#1893,#95,.T.);
#2335=EDGE_CURVE('',#1894,#1894,#96,.T.);
#2336=EDGE_CURVE('',#1894,#1895,#870,.T.);
#2337=EDGE_CURVE('',#1895,#1895,#97,.T.);
#2338=EDGE_CURVE('',#1895,#1896,#871,.T.);
#2339=EDGE_CURVE('',#1896,#1896,#98,.T.);
#2340=EDGE_CURVE('',#1897,#1897,#99,.T.);
#2341=EDGE_CURVE('',#1897,#1898,#872,.T.);
#2342=EDGE_CURVE('',#1898,#1898,#100,.T.);
#2343=EDGE_CURVE('',#1899,#1900,#873,.T.);
#2344=EDGE_CURVE('',#1901,#1899,#874,.T.);
#2345=EDGE_CURVE('',#1902,#1901,#875,.T.);
#2346=EDGE_CURVE('',#1903,#1902,#876,.T.);
#2347=EDGE_CURVE('',#1904,#1903,#877,.T.);
#2348=EDGE_CURVE('',#1905,#1904,#878,.T.);
#2349=EDGE_CURVE('',#1906,#1905,#879,.T.);
#2350=EDGE_CURVE('',#1907,#1906,#880,.T.);
#2351=EDGE_CURVE('',#1908,#1907,#881,.T.);
#2352=EDGE_CURVE('',#1909,#1908,#882,.T.);
#2353=EDGE_CURVE('',#1910,#1909,#883,.T.);
#2354=EDGE_CURVE('',#1900,#1910,#884,.T.);
#2355=EDGE_CURVE('',#1911,#1905,#885,.T.);
#2356=EDGE_CURVE('',#1912,#1911,#886,.T.);
#2357=EDGE_CURVE('',#1912,#1906,#887,.T.);
#2358=EDGE_CURVE('',#1904,#1913,#888,.T.);
#2359=EDGE_CURVE('',#1911,#1913,#889,.T.);
#2360=EDGE_CURVE('',#1903,#1914,#890,.T.);
#2361=EDGE_CURVE('',#1913,#1914,#891,.T.);
#2362=EDGE_CURVE('',#1915,#1916,#892,.T.);
#2363=EDGE_CURVE('',#1916,#1917,#893,.T.);
#2364=EDGE_CURVE('',#1917,#1918,#894,.T.);
#2365=EDGE_CURVE('',#1918,#1915,#895,.T.);
#2366=EDGE_CURVE('',#1919,#1902,#896,.T.);
#2367=EDGE_CURVE('',#1914,#1919,#897,.T.);
#2368=EDGE_CURVE('',#1920,#1901,#898,.T.);
#2369=EDGE_CURVE('',#1919,#1920,#899,.T.);
#2370=EDGE_CURVE('',#1899,#1921,#900,.T.);
#2371=EDGE_CURVE('',#1920,#1921,#901,.T.);
#2372=EDGE_CURVE('',#1922,#1923,#902,.T.);
#2373=EDGE_CURVE('',#1924,#1922,#903,.T.);
#2374=EDGE_CURVE('',#1924,#1925,#904,.T.);
#2375=EDGE_CURVE('',#1925,#1926,#905,.T.);
#2376=EDGE_CURVE('',#1926,#1923,#906,.T.);
#2377=EDGE_CURVE('',#1927,#1928,#907,.T.);
#2378=EDGE_CURVE('',#1923,#1927,#908,.T.);
#2379=EDGE_CURVE('',#1928,#1926,#909,.T.);
#2380=EDGE_CURVE('',#1922,#1929,#910,.T.);
#2381=EDGE_CURVE('',#1930,#1929,#911,.T.);
#2382=EDGE_CURVE('',#1930,#1924,#912,.T.);
#2383=EDGE_CURVE('',#1927,#1931,#913,.T.);
#2384=EDGE_CURVE('',#1932,#1931,#914,.T.);
#2385=EDGE_CURVE('',#1929,#1932,#915,.T.);
#2386=EDGE_CURVE('',#1924,#1933,#916,.T.);
#2387=EDGE_CURVE('',#1933,#1934,#917,.T.);
#2388=EDGE_CURVE('',#1925,#1934,#918,.T.);
#2389=EDGE_CURVE('',#1935,#1930,#919,.T.);
#2390=EDGE_CURVE('',#1936,#1935,#920,.T.);
#2391=EDGE_CURVE('',#1936,#1933,#921,.T.);
#2392=EDGE_CURVE('',#1937,#1935,#922,.T.);
#2393=EDGE_CURVE('',#1938,#1932,#923,.T.);
#2394=EDGE_CURVE('',#1938,#1939,#924,.T.);
#2395=EDGE_CURVE('',#1939,#1940,#925,.T.);
#2396=EDGE_CURVE('',#1940,#1941,#926,.T.);
#2397=EDGE_CURVE('',#1941,#1942,#927,.T.);
#2398=EDGE_CURVE('',#1942,#1943,#928,.T.);
#2399=EDGE_CURVE('',#1943,#1944,#929,.T.);
#2400=EDGE_CURVE('',#1944,#1945,#930,.T.);
#2401=EDGE_CURVE('',#1946,#1945,#931,.T.);
#2402=EDGE_CURVE('',#1947,#1946,#101,.T.);
#2403=EDGE_CURVE('',#1840,#1947,#932,.T.);
#2404=EDGE_CURVE('',#1948,#1839,#933,.T.);
#2405=EDGE_CURVE('',#1948,#1949,#934,.T.);
#2406=EDGE_CURVE('',#1949,#1950,#935,.T.);
#2407=EDGE_CURVE('',#1950,#1912,#936,.T.);
#2408=EDGE_CURVE('',#1921,#1951,#937,.T.);
#2409=EDGE_CURVE('',#1951,#1952,#938,.T.);
#2410=EDGE_CURVE('',#1952,#1953,#939,.T.);
#2411=EDGE_CURVE('',#1953,#1954,#940,.T.);
#2412=EDGE_CURVE('',#1954,#1955,#941,.T.);
#2413=EDGE_CURVE('',#1955,#1956,#942,.T.);
#2414=EDGE_CURVE('',#1957,#1956,#943,.T.);
#2415=EDGE_CURVE('',#1958,#1957,#102,.T.);
#2416=EDGE_CURVE('',#1959,#1958,#944,.T.);
#2417=EDGE_CURVE('',#1959,#1937,#945,.T.);
#2418=EDGE_CURVE('',#1960,#1961,#946,.T.);
#2419=EDGE_CURVE('',#1961,#1962,#947,.T.);
#2420=EDGE_CURVE('',#1962,#1963,#948,.T.);
#2421=EDGE_CURVE('',#1963,#1964,#949,.T.);
#2422=EDGE_CURVE('',#1964,#1965,#950,.T.);
#2423=EDGE_CURVE('',#1965,#1966,#951,.T.);
#2424=EDGE_CURVE('',#1966,#1967,#952,.T.);
#2425=EDGE_CURVE('',#1967,#1960,#953,.T.);
#2426=EDGE_CURVE('',#1968,#1969,#954,.T.);
#2427=EDGE_CURVE('',#1969,#1970,#955,.T.);
#2428=EDGE_CURVE('',#1970,#1971,#956,.T.);
#2429=EDGE_CURVE('',#1971,#1972,#957,.T.);
#2430=EDGE_CURVE('',#1972,#1973,#958,.T.);
#2431=EDGE_CURVE('',#1973,#1974,#959,.T.);
#2432=EDGE_CURVE('',#1974,#1975,#960,.T.);
#2433=EDGE_CURVE('',#1975,#1968,#961,.T.);
#2434=EDGE_CURVE('',#1976,#1976,#103,.T.);
#2435=EDGE_CURVE('',#1977,#1977,#104,.T.);
#2436=EDGE_CURVE('',#1978,#1978,#105,.T.);
#2437=EDGE_CURVE('',#1979,#1979,#106,.T.);
#2438=EDGE_CURVE('',#1980,#1980,#107,.T.);
#2439=EDGE_CURVE('',#1981,#1981,#108,.T.);
#2440=EDGE_CURVE('',#1982,#1982,#109,.T.);
#2441=EDGE_CURVE('',#1983,#1983,#110,.T.);
#2442=EDGE_CURVE('',#1984,#1984,#111,.T.);
#2443=EDGE_CURVE('',#1985,#1985,#112,.T.);
#2444=EDGE_CURVE('',#1986,#1986,#113,.T.);
#2445=EDGE_CURVE('',#1987,#1987,#114,.T.);
#2446=EDGE_CURVE('',#1988,#1988,#115,.T.);
#2447=EDGE_CURVE('',#1989,#1989,#116,.T.);
#2448=EDGE_CURVE('',#1990,#1990,#117,.T.);
#2449=EDGE_CURVE('',#1991,#1991,#118,.T.);
#2450=EDGE_CURVE('',#1992,#1993,#962,.T.);
#2451=EDGE_CURVE('',#1993,#1994,#963,.T.);
#2452=EDGE_CURVE('',#1994,#1995,#964,.T.);
#2453=EDGE_CURVE('',#1995,#1996,#965,.T.);
#2454=EDGE_CURVE('',#1996,#1997,#966,.T.);
#2455=EDGE_CURVE('',#1997,#1998,#967,.T.);
#2456=EDGE_CURVE('',#1998,#1999,#968,.T.);
#2457=EDGE_CURVE('',#1999,#1992,#969,.T.);
#2458=EDGE_CURVE('',#2000,#2001,#970,.T.);
#2459=EDGE_CURVE('',#2001,#2002,#971,.T.);
#2460=EDGE_CURVE('',#2002,#2003,#972,.T.);
#2461=EDGE_CURVE('',#2003,#2004,#973,.T.);
#2462=EDGE_CURVE('',#2004,#2005,#974,.T.);
#2463=EDGE_CURVE('',#2005,#2006,#975,.T.);
#2464=EDGE_CURVE('',#2006,#2007,#976,.T.);
#2465=EDGE_CURVE('',#2007,#2008,#977,.T.);
#2466=EDGE_CURVE('',#2008,#2009,#978,.T.);
#2467=EDGE_CURVE('',#2009,#2010,#979,.T.);
#2468=EDGE_CURVE('',#2010,#2011,#980,.T.);
#2469=EDGE_CURVE('',#2011,#2000,#981,.T.);
#2470=EDGE_CURVE('',#2012,#1959,#982,.T.);
#2471=EDGE_CURVE('',#2013,#2012,#983,.T.);
#2472=EDGE_CURVE('',#1937,#2013,#984,.T.);
#2473=EDGE_CURVE('',#2013,#1936,#985,.T.);
#2474=EDGE_CURVE('',#1934,#2014,#986,.T.);
#2475=EDGE_CURVE('',#2015,#2014,#987,.T.);
#2476=EDGE_CURVE('',#1928,#2015,#988,.T.);
#2477=EDGE_CURVE('',#2014,#2012,#989,.T.);
#2478=EDGE_CURVE('',#1931,#2015,#990,.T.);
#2479=EDGE_CURVE('',#2016,#1942,#991,.T.);
#2480=EDGE_CURVE('',#2017,#2016,#992,.T.);
#2481=EDGE_CURVE('',#1943,#2017,#993,.T.);
#2482=EDGE_CURVE('',#2018,#1941,#994,.T.);
#2483=EDGE_CURVE('',#2018,#2016,#995,.T.);
#2484=EDGE_CURVE('',#2017,#2019,#996,.T.);
#2485=EDGE_CURVE('',#2019,#1944,#997,.T.);
#2486=EDGE_CURVE('',#2020,#1940,#998,.T.);
#2487=EDGE_CURVE('',#2020,#2021,#999,.T.);
#2488=EDGE_CURVE('',#2022,#2021,#1000,.T.);
#2489=EDGE_CURVE('',#2018,#2022,#1001,.T.);
#2490=EDGE_CURVE('',#2019,#2023,#1002,.T.);
#2491=EDGE_CURVE('',#1945,#2023,#1003,.T.);
#2492=EDGE_CURVE('',#2023,#2022,#1004,.T.);
#2493=EDGE_CURVE('',#1958,#2024,#1005,.T.);
#2494=EDGE_CURVE('',#2024,#2025,#1006,.T.);
#2495=EDGE_CURVE('',#2025,#1946,#1007,.T.);
#2496=EDGE_CURVE('',#2021,#2026,#1008,.T.);
#2497=EDGE_CURVE('',#2026,#1938,#1009,.T.);
#2498=EDGE_CURVE('',#2027,#2026,#1010,.T.);
#2499=EDGE_CURVE('',#1939,#2027,#1011,.T.);
#2500=EDGE_CURVE('',#2027,#2020,#1012,.T.);
#2501=EDGE_CURVE('',#2028,#2029,#1013,.T.);
#2502=EDGE_CURVE('',#2030,#2028,#1014,.T.);
#2503=EDGE_CURVE('',#2031,#2030,#1015,.T.);
#2504=EDGE_CURVE('',#2029,#2031,#1016,.T.);
#2505=EDGE_CURVE('',#2032,#2033,#1017,.T.);
#2506=EDGE_CURVE('',#2033,#1960,#1018,.T.);
#2507=EDGE_CURVE('',#1967,#2032,#1019,.T.);
#2508=EDGE_CURVE('',#1961,#2034,#1020,.T.);
#2509=EDGE_CURVE('',#2033,#2034,#1021,.T.);
#2510=EDGE_CURVE('',#2034,#2031,#1022,.T.);
#2511=EDGE_CURVE('',#2030,#2035,#1023,.T.);
#2512=EDGE_CURVE('',#2035,#1962,#1024,.T.);
#2513=EDGE_CURVE('',#2036,#2037,#1025,.T.);
#2514=EDGE_CURVE('',#2038,#2036,#1026,.T.);
#2515=EDGE_CURVE('',#2038,#2039,#1027,.T.);
#2516=EDGE_CURVE('',#2037,#2039,#1028,.T.);
#2517=EDGE_CURVE('',#2040,#1966,#1029,.T.);
#2518=EDGE_CURVE('',#2032,#2040,#1030,.T.);
#2519=EDGE_CURVE('',#2039,#2040,#1031,.T.);
#2520=EDGE_CURVE('',#2029,#2038,#1032,.T.);
#2521=EDGE_CURVE('',#2041,#2042,#1033,.T.);
#2522=EDGE_CURVE('',#2043,#2041,#1034,.T.);
#2523=EDGE_CURVE('',#1963,#2043,#1035,.T.);
#2524=EDGE_CURVE('',#2042,#2035,#1036,.T.);
#2525=EDGE_CURVE('',#2043,#2044,#1037,.T.);
#2526=EDGE_CURVE('',#2044,#1964,#1038,.T.);
#2527=EDGE_CURVE('',#2036,#2028,#1039,.T.);
#2528=EDGE_CURVE('',#1965,#2045,#1040,.T.);
#2529=EDGE_CURVE('',#2045,#2037,#1041,.T.);
#2530=EDGE_CURVE('',#2046,#2044,#1042,.T.);
#2531=EDGE_CURVE('',#2047,#2046,#1043,.T.);
#2532=EDGE_CURVE('',#2047,#2045,#1044,.T.);
#2533=EDGE_CURVE('',#2042,#2047,#1045,.T.);
#2534=EDGE_CURVE('',#2046,#2041,#1046,.T.);
#2535=EDGE_CURVE('',#2048,#2049,#1047,.T.);
#2536=EDGE_CURVE('',#2050,#2048,#1048,.T.);
#2537=EDGE_CURVE('',#2051,#2050,#1049,.T.);
#2538=EDGE_CURVE('',#2049,#2051,#1050,.T.);
#2539=EDGE_CURVE('',#2052,#1968,#1051,.T.);
#2540=EDGE_CURVE('',#1975,#2053,#1052,.T.);
#2541=EDGE_CURVE('',#2053,#2049,#1053,.T.);
#2542=EDGE_CURVE('',#2051,#2052,#1054,.T.);
#2543=EDGE_CURVE('',#1969,#2054,#1055,.T.);
#2544=EDGE_CURVE('',#2052,#2054,#1056,.T.);
#2545=EDGE_CURVE('',#2054,#2055,#1057,.T.);
#2546=EDGE_CURVE('',#2055,#1970,#1058,.T.);
#2547=EDGE_CURVE('',#2056,#2057,#1059,.T.);
#2548=EDGE_CURVE('',#2058,#2056,#1060,.T.);
#2549=EDGE_CURVE('',#2058,#2059,#1061,.T.);
#2550=EDGE_CURVE('',#2057,#2059,#1062,.T.);
#2551=EDGE_CURVE('',#2053,#2060,#1063,.T.);
#2552=EDGE_CURVE('',#2061,#2060,#1064,.T.);
#2553=EDGE_CURVE('',#2062,#2061,#1065,.T.);
#2554=EDGE_CURVE('',#2056,#2062,#1066,.T.);
#2555=EDGE_CURVE('',#2048,#2057,#1067,.T.);
#2556=EDGE_CURVE('',#2059,#2050,#1068,.T.);
#2557=EDGE_CURVE('',#2063,#2058,#1069,.T.);
#2558=EDGE_CURVE('',#2063,#2055,#1070,.T.);
#2559=EDGE_CURVE('',#2064,#1974,#1071,.T.);
#2560=EDGE_CURVE('',#2065,#2064,#1072,.T.);
#2561=EDGE_CURVE('',#2060,#2065,#1073,.T.);
#2562=EDGE_CURVE('',#1973,#2066,#1074,.T.);
#2563=EDGE_CURVE('',#2066,#2064,#1075,.T.);
#2564=EDGE_CURVE('',#2065,#2067,#1076,.T.);
#2565=EDGE_CURVE('',#2067,#2061,#1077,.T.);
#2566=EDGE_CURVE('',#2062,#1972,#1078,.T.);
#2567=EDGE_CURVE('',#1971,#2063,#1079,.T.);
#2568=EDGE_CURVE('',#2066,#2067,#1080,.T.);
#2569=EDGE_CURVE('',#2068,#2000,#1081,.T.);
#2570=EDGE_CURVE('',#2069,#2068,#1082,.T.);
#2571=EDGE_CURVE('',#2070,#2069,#1083,.T.);
#2572=EDGE_CURVE('',#2001,#2070,#1084,.T.);
#2573=EDGE_CURVE('',#2071,#2070,#1085,.T.);
#2574=EDGE_CURVE('',#2069,#2072,#1086,.T.);
#2575=EDGE_CURVE('',#2071,#2072,#1087,.T.);
#2576=EDGE_CURVE('',#2073,#2072,#1088,.T.);
#2577=EDGE_CURVE('',#2073,#2074,#1089,.T.);
#2578=EDGE_CURVE('',#2075,#2074,#1090,.T.);
#2579=EDGE_CURVE('',#2005,#2075,#1091,.T.);
#2580=EDGE_CURVE('',#2076,#2004,#1092,.T.);
#2581=EDGE_CURVE('',#2071,#2076,#1093,.T.);
#2582=EDGE_CURVE('',#2077,#2008,#1094,.T.);
#2583=EDGE_CURVE('',#2078,#2077,#1095,.T.);
#2584=EDGE_CURVE('',#2079,#2078,#1096,.T.);
#2585=EDGE_CURVE('',#2009,#2079,#1097,.T.);
#2586=EDGE_CURVE('',#2077,#2074,#1098,.T.);
#2587=EDGE_CURVE('',#2073,#2078,#1099,.T.);
#2588=EDGE_CURVE('',#2080,#2081,#1100,.T.);
#2589=EDGE_CURVE('',#2081,#2082,#1101,.T.);
#2590=EDGE_CURVE('',#2083,#2082,#1102,.T.);
#2591=EDGE_CURVE('',#2084,#2083,#1103,.T.);
#2592=EDGE_CURVE('',#2084,#2085,#1104,.T.);
#2593=EDGE_CURVE('',#2085,#2080,#1105,.T.);
#2594=EDGE_CURVE('',#2080,#1992,#1106,.T.);
#2595=EDGE_CURVE('',#2085,#2086,#1107,.T.);
#2596=EDGE_CURVE('',#1993,#2086,#1108,.T.);
#2597=EDGE_CURVE('',#1999,#2087,#1109,.T.);
#2598=EDGE_CURVE('',#2087,#2080,#1110,.T.);
#2599=EDGE_CURVE('',#2082,#2088,#1111,.T.);
#2600=EDGE_CURVE('',#2088,#2089,#1112,.T.);
#2601=EDGE_CURVE('',#2089,#2083,#1113,.T.);
#2602=EDGE_CURVE('',#2088,#2090,#1114,.T.);
#2603=EDGE_CURVE('',#2090,#2091,#1115,.T.);
#2604=EDGE_CURVE('',#2091,#2092,#1116,.T.);
#2605=EDGE_CURVE('',#2092,#2093,#1117,.T.);
#2606=EDGE_CURVE('',#2089,#2093,#1118,.T.);
#2607=EDGE_CURVE('',#2094,#1996,#1119,.T.);
#2608=EDGE_CURVE('',#2094,#2092,#1120,.T.);
#2609=EDGE_CURVE('',#1997,#2091,#1121,.T.);
#2610=EDGE_CURVE('',#2091,#2095,#1122,.T.);
#2611=EDGE_CURVE('',#2095,#1998,#1123,.T.);
#2612=EDGE_CURVE('',#2011,#2096,#1124,.T.);
#2613=EDGE_CURVE('',#2096,#2068,#1125,.T.);
#2614=EDGE_CURVE('',#2097,#2010,#1126,.T.);
#2615=EDGE_CURVE('',#2097,#2096,#1127,.T.);
#2616=EDGE_CURVE('',#2079,#2097,#1128,.T.);
#2617=EDGE_CURVE('',#2070,#2098,#1129,.T.);
#2618=EDGE_CURVE('',#2098,#2002,#1130,.T.);
#2619=EDGE_CURVE('',#2099,#2076,#1131,.T.);
#2620=EDGE_CURVE('',#2099,#2098,#1132,.T.);
#2621=EDGE_CURVE('',#2003,#2099,#1133,.T.);
#2622=EDGE_CURVE('',#2075,#2100,#1134,.T.);
#2623=EDGE_CURVE('',#2100,#2006,#1135,.T.);
#2624=EDGE_CURVE('',#2101,#2077,#1136,.T.);
#2625=EDGE_CURVE('',#2101,#2100,#1137,.T.);
#2626=EDGE_CURVE('',#2102,#1994,#1138,.T.);
#2627=EDGE_CURVE('',#2103,#2102,#1139,.T.);
#2628=EDGE_CURVE('',#1995,#2103,#1140,.T.);
#2629=EDGE_CURVE('',#2086,#2102,#1141,.T.);
#2630=EDGE_CURVE('',#2103,#2094,#1142,.T.);
#2631=EDGE_CURVE('',#2093,#2084,#1143,.T.);
#2632=EDGE_CURVE('',#2007,#2101,#1144,.T.);
#2633=EDGE_CURVE('',#2090,#2081,#1145,.T.);
#2634=EDGE_CURVE('',#2095,#2087,#1146,.T.);
#2635=EDGE_CURVE('',#1955,#2104,#1147,.T.);
#2636=EDGE_CURVE('',#2104,#2105,#1148,.T.);
#2637=EDGE_CURVE('',#2105,#1956,#1149,.T.);
#2638=EDGE_CURVE('',#2106,#2107,#1150,.T.);
#2639=EDGE_CURVE('',#2106,#2105,#1151,.T.);
#2640=EDGE_CURVE('',#2107,#2104,#1152,.T.);
#2641=EDGE_CURVE('',#2108,#2109,#1153,.T.);
#2642=EDGE_CURVE('',#2110,#2108,#1154,.T.);
#2643=EDGE_CURVE('',#2111,#2110,#1155,.T.);
#2644=EDGE_CURVE('',#2111,#2109,#1156,.T.);
#2645=EDGE_CURVE('',#1948,#2111,#1157,.T.);
#2646=EDGE_CURVE('',#2110,#1949,#1158,.T.);
#2647=EDGE_CURVE('',#2109,#1907,#1159,.T.);
#2648=EDGE_CURVE('',#1853,#2112,#1160,.T.);
#2649=EDGE_CURVE('',#2113,#2112,#1161,.T.);
#2650=EDGE_CURVE('',#2113,#2114,#1162,.T.);
#2651=EDGE_CURVE('',#1957,#2114,#1163,.T.);
#2652=EDGE_CURVE('',#1908,#2106,#1164,.T.);
#2653=EDGE_CURVE('',#2107,#2115,#1165,.T.);
#2654=EDGE_CURVE('',#2115,#2116,#1166,.T.);
#2655=EDGE_CURVE('',#2116,#2117,#1167,.T.);
#2656=EDGE_CURVE('',#2117,#2118,#1168,.T.);
#2657=EDGE_CURVE('',#2118,#1954,#1169,.T.);
#2658=EDGE_CURVE('',#1909,#1953,#1170,.T.);
#2659=EDGE_CURVE('',#2119,#2120,#1171,.T.);
#2660=EDGE_CURVE('',#2119,#2116,#1172,.T.);
#2661=EDGE_CURVE('',#2120,#2115,#1173,.T.);
#2662=EDGE_CURVE('',#2120,#2108,#1174,.T.);
#2663=EDGE_CURVE('',#2121,#2118,#1175,.T.);
#2664=EDGE_CURVE('',#1950,#2121,#1176,.T.);
#2665=EDGE_CURVE('',#2121,#2122,#1177,.T.);
#2666=EDGE_CURVE('',#2122,#2117,#1178,.T.);
#2667=EDGE_CURVE('',#2122,#2119,#1179,.T.);
#2668=EDGE_CURVE('',#1910,#1952,#1180,.T.);
#2669=EDGE_CURVE('',#2123,#2124,#1181,.T.);
#2670=EDGE_CURVE('',#2124,#2125,#1182,.T.);
#2671=EDGE_CURVE('',#2125,#2126,#1183,.T.);
#2672=EDGE_CURVE('',#2126,#2123,#1184,.T.);
#2673=EDGE_CURVE('',#2126,#1917,#1185,.T.);
#2674=EDGE_CURVE('',#1918,#2125,#1186,.T.);
#2675=EDGE_CURVE('',#2124,#1915,#1187,.T.);
#2676=EDGE_CURVE('',#1916,#2123,#1188,.T.);
#2677=EDGE_CURVE('',#1951,#1900,#1189,.T.);
#2678=EDGE_CURVE('',#2127,#2127,#119,.T.);
#2679=EDGE_CURVE('',#2127,#2128,#1190,.T.);
#2680=EDGE_CURVE('',#2128,#2128,#120,.T.);
#2681=EDGE_CURVE('',#2129,#2129,#121,.T.);
#2682=EDGE_CURVE('',#2129,#2130,#1191,.T.);
#2683=EDGE_CURVE('',#2130,#2130,#122,.T.);
#2684=EDGE_CURVE('',#2131,#2131,#123,.T.);
#2685=EDGE_CURVE('',#2131,#2132,#1192,.T.);
#2686=EDGE_CURVE('',#2132,#2132,#124,.T.);
#2687=EDGE_CURVE('',#2133,#2133,#125,.T.);
#2688=EDGE_CURVE('',#2133,#2134,#1193,.T.);
#2689=EDGE_CURVE('',#2134,#2134,#126,.T.);
#2690=EDGE_CURVE('',#2135,#2135,#127,.T.);
#2691=EDGE_CURVE('',#2135,#2136,#1194,.T.);
#2692=EDGE_CURVE('',#2136,#2136,#128,.T.);
#2693=EDGE_CURVE('',#2137,#2137,#129,.T.);
#2694=EDGE_CURVE('',#2137,#2138,#1195,.T.);
#2695=EDGE_CURVE('',#2138,#2138,#130,.T.);
#2696=EDGE_CURVE('',#2139,#2139,#131,.T.);
#2697=EDGE_CURVE('',#2139,#2140,#1196,.T.);
#2698=EDGE_CURVE('',#2140,#2140,#132,.T.);
#2699=EDGE_CURVE('',#2141,#2141,#133,.T.);
#2700=EDGE_CURVE('',#2141,#2142,#1197,.T.);
#2701=EDGE_CURVE('',#2142,#2142,#134,.T.);
#2702=EDGE_CURVE('',#2143,#2143,#135,.T.);
#2703=EDGE_CURVE('',#2143,#2144,#1198,.T.);
#2704=EDGE_CURVE('',#2144,#2144,#136,.T.);
#2705=EDGE_CURVE('',#2145,#2145,#137,.T.);
#2706=EDGE_CURVE('',#2145,#2146,#1199,.T.);
#2707=EDGE_CURVE('',#2146,#2146,#138,.T.);
#2708=EDGE_CURVE('',#2147,#2147,#139,.T.);
#2709=EDGE_CURVE('',#2147,#2148,#1200,.T.);
#2710=EDGE_CURVE('',#2148,#2148,#140,.T.);
#2711=EDGE_CURVE('',#2149,#2149,#141,.T.);
#2712=EDGE_CURVE('',#2149,#2150,#1201,.T.);
#2713=EDGE_CURVE('',#2150,#2150,#142,.T.);
#2714=EDGE_CURVE('',#2151,#2151,#143,.T.);
#2715=EDGE_CURVE('',#2151,#2152,#1202,.T.);
#2716=EDGE_CURVE('',#2152,#2152,#144,.T.);
#2717=EDGE_CURVE('',#2153,#2153,#145,.T.);
#2718=EDGE_CURVE('',#2153,#2154,#1203,.T.);
#2719=EDGE_CURVE('',#2154,#2154,#146,.T.);
#2720=EDGE_CURVE('',#2155,#2155,#147,.T.);
#2721=EDGE_CURVE('',#2155,#2156,#1204,.T.);
#2722=EDGE_CURVE('',#2156,#2156,#148,.T.);
#2723=EDGE_CURVE('',#2157,#2157,#149,.T.);
#2724=EDGE_CURVE('',#2157,#2158,#1205,.T.);
#2725=EDGE_CURVE('',#2158,#2158,#150,.T.);
#2726=EDGE_CURVE('',#2159,#2159,#151,.T.);
#2727=EDGE_CURVE('',#2159,#1991,#1206,.T.);
#2728=EDGE_CURVE('',#2160,#2160,#152,.T.);
#2729=EDGE_CURVE('',#2160,#1976,#1207,.T.);
#2730=EDGE_CURVE('',#2161,#2161,#153,.T.);
#2731=EDGE_CURVE('',#2161,#1990,#1208,.T.);
#2732=EDGE_CURVE('',#2162,#2162,#154,.T.);
#2733=EDGE_CURVE('',#2162,#1977,#1209,.T.);
#2734=EDGE_CURVE('',#2163,#2163,#155,.T.);
#2735=EDGE_CURVE('',#2163,#1989,#1210,.T.);
#2736=EDGE_CURVE('',#2164,#2164,#156,.T.);
#2737=EDGE_CURVE('',#2164,#1978,#1211,.T.);
#2738=EDGE_CURVE('',#2165,#2165,#157,.T.);
#2739=EDGE_CURVE('',#2165,#1988,#1212,.T.);
#2740=EDGE_CURVE('',#2166,#2166,#158,.T.);
#2741=EDGE_CURVE('',#2166,#1979,#1213,.T.);
#2742=EDGE_CURVE('',#2167,#2167,#159,.T.);
#2743=EDGE_CURVE('',#2167,#1987,#1214,.T.);
#2744=EDGE_CURVE('',#2168,#2168,#160,.T.);
#2745=EDGE_CURVE('',#2168,#1986,#1215,.T.);
#2746=EDGE_CURVE('',#2169,#2169,#161,.T.);
#2747=EDGE_CURVE('',#2169,#1985,#1216,.T.);
#2748=EDGE_CURVE('',#2170,#2170,#162,.T.);
#2749=EDGE_CURVE('',#2170,#1984,#1217,.T.);
#2750=EDGE_CURVE('',#2171,#2171,#163,.T.);
#2751=EDGE_CURVE('',#2171,#1983,#1218,.T.);
#2752=EDGE_CURVE('',#2172,#2172,#164,.T.);
#2753=EDGE_CURVE('',#2172,#1982,#1219,.T.);
#2754=EDGE_CURVE('',#2173,#2173,#165,.T.);
#2755=EDGE_CURVE('',#2173,#1981,#1220,.T.);
#2756=EDGE_CURVE('',#2174,#2174,#166,.T.);
#2757=EDGE_CURVE('',#2174,#1980,#1221,.T.);
#2758=EDGE_CURVE('',#2175,#2176,#1222,.T.);
#2759=EDGE_CURVE('',#2177,#2176,#1223,.T.);
#2760=EDGE_CURVE('',#2177,#2178,#1224,.T.);
#2761=EDGE_CURVE('',#2178,#2179,#1225,.T.);
#2762=EDGE_CURVE('',#2179,#1841,#1226,.T.);
#2763=EDGE_CURVE('',#2175,#1947,#1227,.T.);
#2764=EDGE_CURVE('',#2025,#2175,#167,.T.);
#2765=EDGE_CURVE('',#2114,#2024,#168,.T.);
#2766=EDGE_CURVE('',#1869,#2113,#169,.T.);
#2767=EDGE_CURVE('',#2112,#1877,#15,.T.);
#2768=EDGE_CURVE('',#2176,#1868,#170,.T.);
#2769=EDGE_CURVE('',#1876,#2177,#16,.T.);
#2770=EDGE_CURVE('',#1875,#2180,#1228,.T.);
#2771=EDGE_CURVE('',#2180,#2178,#171,.T.);
#2772=EDGE_CURVE('',#1878,#1852,#1229,.T.);
#2773=EDGE_CURVE('',#1851,#2181,#1230,.T.);
#2774=EDGE_CURVE('',#1837,#2181,#1231,.T.);
#2775=EDGE_CURVE('',#2182,#2183,#1232,.T.);
#2776=EDGE_CURVE('',#2182,#2184,#1233,.T.);
#2777=EDGE_CURVE('',#2185,#2184,#1234,.T.);
#2778=EDGE_CURVE('',#2183,#2185,#1235,.T.);
#2779=EDGE_CURVE('',#2186,#1846,#1236,.T.);
#2780=EDGE_CURVE('',#2186,#2187,#1237,.T.);
#2781=EDGE_CURVE('',#2188,#2187,#1238,.T.);
#2782=EDGE_CURVE('',#2188,#2189,#1239,.T.);
#2783=EDGE_CURVE('',#2189,#2190,#1240,.T.);
#2784=EDGE_CURVE('',#2190,#2191,#1241,.T.);
#2785=EDGE_CURVE('',#2191,#2192,#1242,.T.);
#2786=EDGE_CURVE('',#2193,#2192,#1243,.T.);
#2787=EDGE_CURVE('',#2194,#2193,#1244,.T.);
#2788=EDGE_CURVE('',#2195,#2194,#1245,.T.);
#2789=EDGE_CURVE('',#2195,#2183,#1246,.T.);
#2790=EDGE_CURVE('',#2196,#2185,#1247,.T.);
#2791=EDGE_CURVE('',#1847,#2196,#1248,.T.);
#2792=EDGE_CURVE('',#2197,#1845,#1249,.T.);
#2793=EDGE_CURVE('',#2198,#1844,#1250,.T.);
#2794=EDGE_CURVE('',#2184,#2198,#1251,.T.);
#2795=EDGE_CURVE('',#2182,#2199,#1252,.T.);
#2796=EDGE_CURVE('',#2200,#2199,#1253,.T.);
#2797=EDGE_CURVE('',#2201,#2200,#1254,.T.);
#2798=EDGE_CURVE('',#2201,#2202,#1255,.T.);
#2799=EDGE_CURVE('',#2202,#2203,#1256,.T.);
#2800=EDGE_CURVE('',#2203,#2204,#1257,.T.);
#2801=EDGE_CURVE('',#2205,#2204,#1258,.T.);
#2802=EDGE_CURVE('',#2205,#2206,#1259,.T.);
#2803=EDGE_CURVE('',#2206,#2207,#1260,.T.);
#2804=EDGE_CURVE('',#2207,#2197,#1261,.T.);
#2805=EDGE_CURVE('',#2208,#2198,#1262,.T.);
#2806=EDGE_CURVE('',#2208,#2209,#1263,.T.);
#2807=EDGE_CURVE('',#2209,#2210,#1264,.T.);
#2808=EDGE_CURVE('',#2210,#2211,#1265,.T.);
#2809=EDGE_CURVE('',#2196,#2211,#1266,.T.);
#2810=EDGE_CURVE('',#2212,#1843,#1267,.T.);
#2811=EDGE_CURVE('',#2212,#2213,#1268,.T.);
#2812=EDGE_CURVE('',#2213,#2208,#240,.T.);
#2813=EDGE_CURVE('',#2211,#2214,#241,.T.);
#2814=EDGE_CURVE('',#2214,#2215,#1269,.T.);
#2815=EDGE_CURVE('',#2215,#1848,#1270,.T.);
#2816=EDGE_CURVE('',#2186,#2197,#1271,.T.);
#2817=EDGE_CURVE('',#2199,#2195,#1272,.T.);
#2818=EDGE_CURVE('',#2187,#2207,#1273,.T.);
#2819=EDGE_CURVE('',#2201,#2216,#1274,.T.);
#2820=EDGE_CURVE('',#2217,#2216,#1275,.T.);
#2821=EDGE_CURVE('',#2202,#2217,#1276,.T.);
#2822=EDGE_CURVE('',#1873,#2218,#1277,.T.);
#2823=EDGE_CURVE('',#2218,#2219,#1278,.T.);
#2824=EDGE_CURVE('',#2220,#2219,#1279,.T.);
#2825=EDGE_CURVE('',#2221,#2220,#1280,.T.);
#2826=EDGE_CURVE('',#1874,#2221,#1281,.T.);
#2827=EDGE_CURVE('',#2219,#2222,#172,.T.);
#2828=EDGE_CURVE('',#2218,#2223,#173,.T.);
#2829=EDGE_CURVE('',#2223,#2222,#1282,.T.);
#2830=EDGE_CURVE('',#2224,#2194,#1283,.T.);
#2831=EDGE_CURVE('',#2225,#2224,#1284,.T.);
#2832=EDGE_CURVE('',#2222,#2225,#1285,.T.);
#2833=EDGE_CURVE('',#2200,#2223,#1286,.T.);
#2834=EDGE_CURVE('',#2225,#2226,#174,.T.);
#2835=EDGE_CURVE('',#2224,#2227,#175,.T.);
#2836=EDGE_CURVE('',#2226,#2227,#1287,.T.);
#2837=EDGE_CURVE('',#2228,#1871,#1288,.T.);
#2838=EDGE_CURVE('',#2229,#2228,#1289,.T.);
#2839=EDGE_CURVE('',#2226,#2229,#1290,.T.);
#2840=EDGE_CURVE('',#1872,#2227,#1291,.T.);
#2841=EDGE_CURVE('',#2230,#2193,#1292,.T.);
#2842=EDGE_CURVE('',#2231,#2230,#176,.T.);
#2843=EDGE_CURVE('',#2232,#2231,#1293,.T.);
#2844=EDGE_CURVE('',#2216,#2232,#177,.T.);
#2845=EDGE_CURVE('',#2204,#2190,#1294,.T.);
#2846=EDGE_CURVE('',#2189,#2205,#1295,.T.);
#2847=EDGE_CURVE('',#2206,#2188,#1296,.T.);
#2848=EDGE_CURVE('',#2233,#2192,#1297,.T.);
#2849=EDGE_CURVE('',#2230,#2233,#1298,.T.);
#2850=EDGE_CURVE('',#2234,#2217,#178,.T.);
#2851=EDGE_CURVE('',#2234,#2203,#1299,.T.);
#2852=EDGE_CURVE('',#2232,#2234,#1300,.T.);
#2853=EDGE_CURVE('',#2235,#2231,#1301,.T.);
#2854=EDGE_CURVE('',#2191,#2235,#1302,.T.);
#2855=EDGE_CURVE('',#2233,#2235,#179,.T.);
#2856=EDGE_CURVE('',#2221,#2236,#180,.T.);
#2857=EDGE_CURVE('',#2236,#2237,#1303,.T.);
#2858=EDGE_CURVE('',#2237,#2238,#1304,.T.);
#2859=EDGE_CURVE('',#2238,#2180,#1305,.T.);
#2860=EDGE_CURVE('',#2209,#2220,#181,.T.);
#2861=EDGE_CURVE('',#2236,#2213,#242,.T.);
#2862=EDGE_CURVE('',#2229,#2210,#182,.T.);
#2863=EDGE_CURVE('',#2239,#2228,#183,.T.);
#2864=EDGE_CURVE('',#2214,#2239,#243,.T.);
#2865=EDGE_CURVE('',#2181,#2240,#1306,.T.);
#2866=EDGE_CURVE('',#2240,#2239,#1307,.T.);
#2867=EDGE_CURVE('',#2237,#2212,#1308,.T.);
#2868=EDGE_CURVE('',#2215,#2240,#1309,.T.);
#2869=EDGE_CURVE('',#2241,#1842,#1310,.T.);
#2870=EDGE_CURVE('',#2238,#2241,#1311,.T.);
#2871=EDGE_CURVE('',#2241,#2179,#1312,.T.);
#2872=ORIENTED_EDGE('',*,*,#2242,.F.);
#2873=ORIENTED_EDGE('',*,*,#2243,.F.);
#2874=ORIENTED_EDGE('',*,*,#2244,.T.);
#2875=ORIENTED_EDGE('',*,*,#2245,.T.);
#2876=ORIENTED_EDGE('',*,*,#2246,.F.);
#2877=ORIENTED_EDGE('',*,*,#2245,.F.);
#2878=ORIENTED_EDGE('',*,*,#2247,.T.);
#2879=ORIENTED_EDGE('',*,*,#2248,.F.);
#2880=ORIENTED_EDGE('',*,*,#2249,.F.);
#2881=ORIENTED_EDGE('',*,*,#2250,.F.);
#2882=ORIENTED_EDGE('',*,*,#2251,.F.);
#2883=ORIENTED_EDGE('',*,*,#2247,.F.);
#2884=ORIENTED_EDGE('',*,*,#2244,.F.);
#2885=ORIENTED_EDGE('',*,*,#2252,.F.);
#2886=ORIENTED_EDGE('',*,*,#2253,.F.);
#2887=ORIENTED_EDGE('',*,*,#2254,.F.);
#2888=ORIENTED_EDGE('',*,*,#2255,.F.);
#2889=ORIENTED_EDGE('',*,*,#2256,.F.);
#2890=ORIENTED_EDGE('',*,*,#2257,.F.);
#2891=ORIENTED_EDGE('',*,*,#2252,.T.);
#2892=ORIENTED_EDGE('',*,*,#2243,.T.);
#2893=ORIENTED_EDGE('',*,*,#2254,.T.);
#2894=ORIENTED_EDGE('',*,*,#2242,.T.);
#2895=ORIENTED_EDGE('',*,*,#2246,.T.);
#2896=ORIENTED_EDGE('',*,*,#2258,.T.);
#2897=ORIENTED_EDGE('',*,*,#2259,.F.);
#2898=ORIENTED_EDGE('',*,*,#2260,.F.);
#2899=ORIENTED_EDGE('',*,*,#2261,.F.);
#2900=ORIENTED_EDGE('',*,*,#2262,.T.);
#2901=ORIENTED_EDGE('',*,*,#2263,.T.);
#2902=ORIENTED_EDGE('',*,*,#2264,.T.);
#2903=ORIENTED_EDGE('',*,*,#2265,.T.);
#2904=ORIENTED_EDGE('',*,*,#2266,.T.);
#2905=ORIENTED_EDGE('',*,*,#2267,.T.);
#2906=ORIENTED_EDGE('',*,*,#2268,.T.);
#2907=ORIENTED_EDGE('',*,*,#2269,.T.);
#2908=ORIENTED_EDGE('',*,*,#2270,.T.);
#2909=ORIENTED_EDGE('',*,*,#2250,.T.);
#2910=ORIENTED_EDGE('',*,*,#2271,.F.);
#2911=ORIENTED_EDGE('',*,*,#2272,.F.);
#2912=ORIENTED_EDGE('',*,*,#2258,.F.);
#2913=ORIENTED_EDGE('',*,*,#2255,.T.);
#2914=ORIENTED_EDGE('',*,*,#2270,.F.);
#2915=ORIENTED_EDGE('',*,*,#2273,.T.);
#2916=ORIENTED_EDGE('',*,*,#2274,.F.);
#2917=ORIENTED_EDGE('',*,*,#2249,.T.);
#2918=ORIENTED_EDGE('',*,*,#2275,.F.);
#2919=ORIENTED_EDGE('',*,*,#2276,.F.);
#2920=ORIENTED_EDGE('',*,*,#2277,.F.);
#2921=ORIENTED_EDGE('',*,*,#2271,.T.);
#2922=ORIENTED_EDGE('',*,*,#2278,.T.);
#2923=ORIENTED_EDGE('',*,*,#2279,.T.);
#2924=ORIENTED_EDGE('',*,*,#2253,.T.);
#2925=ORIENTED_EDGE('',*,*,#2279,.F.);
#2926=ORIENTED_EDGE('',*,*,#2278,.F.);
#2927=ORIENTED_EDGE('',*,*,#2280,.F.);
#2928=ORIENTED_EDGE('',*,*,#2281,.F.);
#2929=ORIENTED_EDGE('',*,*,#2282,.T.);
#2930=ORIENTED_EDGE('',*,*,#2280,.T.);
#2931=ORIENTED_EDGE('',*,*,#2282,.F.);
#2932=ORIENTED_EDGE('',*,*,#2283,.F.);
#2933=ORIENTED_EDGE('',*,*,#2284,.T.);
#2934=ORIENTED_EDGE('',*,*,#2285,.F.);
#2935=ORIENTED_EDGE('',*,*,#2286,.F.);
#2936=ORIENTED_EDGE('',*,*,#2287,.F.);
#2937=ORIENTED_EDGE('',*,*,#2288,.F.);
#2938=ORIENTED_EDGE('',*,*,#2285,.T.);
#2939=ORIENTED_EDGE('',*,*,#2289,.T.);
#2940=ORIENTED_EDGE('',*,*,#2290,.F.);
#2941=ORIENTED_EDGE('',*,*,#2291,.F.);
#2942=ORIENTED_EDGE('',*,*,#2292,.F.);
#2943=ORIENTED_EDGE('',*,*,#2289,.F.);
#2944=ORIENTED_EDGE('',*,*,#2284,.F.);
#2945=ORIENTED_EDGE('',*,*,#2281,.T.);
#2946=ORIENTED_EDGE('',*,*,#2293,.F.);
#2947=ORIENTED_EDGE('',*,*,#2294,.F.);
#2948=ORIENTED_EDGE('',*,*,#2295,.F.);
#2949=ORIENTED_EDGE('',*,*,#2290,.T.);
#2950=ORIENTED_EDGE('',*,*,#2292,.T.);
#2951=ORIENTED_EDGE('',*,*,#2286,.T.);
#2952=ORIENTED_EDGE('',*,*,#2288,.T.);
#2953=ORIENTED_EDGE('',*,*,#2295,.T.);
#2954=ORIENTED_EDGE('',*,*,#2296,.T.);
#2955=ORIENTED_EDGE('',*,*,#2297,.T.);
#2956=ORIENTED_EDGE('',*,*,#2298,.T.);
#2957=ORIENTED_EDGE('',*,*,#2299,.T.);
#2958=ORIENTED_EDGE('',*,*,#2300,.T.);
#2959=ORIENTED_EDGE('',*,*,#2294,.T.);
#2960=ORIENTED_EDGE('',*,*,#2301,.F.);
#2961=ORIENTED_EDGE('',*,*,#2302,.T.);
#2962=ORIENTED_EDGE('',*,*,#2303,.T.);
#2963=ORIENTED_EDGE('',*,*,#2304,.T.);
#2964=ORIENTED_EDGE('',*,*,#2305,.F.);
#2965=ORIENTED_EDGE('',*,*,#2306,.F.);
#2966=ORIENTED_EDGE('',*,*,#2307,.F.);
#2967=ORIENTED_EDGE('',*,*,#2296,.F.);
#2968=ORIENTED_EDGE('',*,*,#2287,.T.);
#2969=ORIENTED_EDGE('',*,*,#2300,.F.);
#2970=ORIENTED_EDGE('',*,*,#2308,.F.);
#2971=ORIENTED_EDGE('',*,*,#2309,.F.);
#2972=ORIENTED_EDGE('',*,*,#2310,.F.);
#2973=ORIENTED_EDGE('',*,*,#2311,.F.);
#2974=ORIENTED_EDGE('',*,*,#2312,.T.);
#2975=ORIENTED_EDGE('',*,*,#2313,.F.);
#2976=ORIENTED_EDGE('',*,*,#2312,.F.);
#2977=ORIENTED_EDGE('',*,*,#2313,.T.);
#2978=ORIENTED_EDGE('',*,*,#2314,.T.);
#2979=ORIENTED_EDGE('',*,*,#2315,.F.);
#2980=ORIENTED_EDGE('',*,*,#2314,.F.);
#2981=ORIENTED_EDGE('',*,*,#2316,.F.);
#2982=ORIENTED_EDGE('',*,*,#2317,.T.);
#2983=ORIENTED_EDGE('',*,*,#2318,.F.);
#2984=ORIENTED_EDGE('',*,*,#2317,.F.);
#2985=ORIENTED_EDGE('',*,*,#2316,.T.);
#2986=ORIENTED_EDGE('',*,*,#2315,.T.);
#2987=ORIENTED_EDGE('',*,*,#2319,.F.);
#2988=ORIENTED_EDGE('',*,*,#2320,.T.);
#2989=ORIENTED_EDGE('',*,*,#2321,.F.);
#2990=ORIENTED_EDGE('',*,*,#2320,.F.);
#2991=ORIENTED_EDGE('',*,*,#2321,.T.);
#2992=ORIENTED_EDGE('',*,*,#2322,.T.);
#2993=ORIENTED_EDGE('',*,*,#2323,.F.);
#2994=ORIENTED_EDGE('',*,*,#2322,.F.);
#2995=ORIENTED_EDGE('',*,*,#2324,.F.);
#2996=ORIENTED_EDGE('',*,*,#2325,.T.);
#2997=ORIENTED_EDGE('',*,*,#2326,.F.);
#2998=ORIENTED_EDGE('',*,*,#2325,.F.);
#2999=ORIENTED_EDGE('',*,*,#2324,.T.);
#3000=ORIENTED_EDGE('',*,*,#2323,.T.);
#3001=ORIENTED_EDGE('',*,*,#2327,.F.);
#3002=ORIENTED_EDGE('',*,*,#2328,.T.);
#3003=ORIENTED_EDGE('',*,*,#2329,.F.);
#3004=ORIENTED_EDGE('',*,*,#2328,.F.);
#3005=ORIENTED_EDGE('',*,*,#2329,.T.);
#3006=ORIENTED_EDGE('',*,*,#2330,.T.);
#3007=ORIENTED_EDGE('',*,*,#2331,.F.);
#3008=ORIENTED_EDGE('',*,*,#2330,.F.);
#3009=ORIENTED_EDGE('',*,*,#2332,.F.);
#3010=ORIENTED_EDGE('',*,*,#2333,.T.);
#3011=ORIENTED_EDGE('',*,*,#2334,.F.);
#3012=ORIENTED_EDGE('',*,*,#2333,.F.);
#3013=ORIENTED_EDGE('',*,*,#2332,.T.);
#3014=ORIENTED_EDGE('',*,*,#2331,.T.);
#3015=ORIENTED_EDGE('',*,*,#2335,.F.);
#3016=ORIENTED_EDGE('',*,*,#2336,.T.);
#3017=ORIENTED_EDGE('',*,*,#2337,.F.);
#3018=ORIENTED_EDGE('',*,*,#2336,.F.);
#3019=ORIENTED_EDGE('',*,*,#2337,.T.);
#3020=ORIENTED_EDGE('',*,*,#2338,.T.);
#3021=ORIENTED_EDGE('',*,*,#2339,.F.);
#3022=ORIENTED_EDGE('',*,*,#2338,.F.);
#3023=ORIENTED_EDGE('',*,*,#2340,.F.);
#3024=ORIENTED_EDGE('',*,*,#2341,.T.);
#3025=ORIENTED_EDGE('',*,*,#2342,.F.);
#3026=ORIENTED_EDGE('',*,*,#2341,.F.);
#3027=ORIENTED_EDGE('',*,*,#2340,.T.);
#3028=ORIENTED_EDGE('',*,*,#2339,.T.);
#3029=ORIENTED_EDGE('',*,*,#2343,.F.);
#3030=ORIENTED_EDGE('',*,*,#2344,.F.);
#3031=ORIENTED_EDGE('',*,*,#2345,.F.);
#3032=ORIENTED_EDGE('',*,*,#2346,.F.);
#3033=ORIENTED_EDGE('',*,*,#2347,.F.);
#3034=ORIENTED_EDGE('',*,*,#2348,.F.);
#3035=ORIENTED_EDGE('',*,*,#2349,.F.);
#3036=ORIENTED_EDGE('',*,*,#2350,.F.);
#3037=ORIENTED_EDGE('',*,*,#2351,.F.);
#3038=ORIENTED_EDGE('',*,*,#2352,.F.);
#3039=ORIENTED_EDGE('',*,*,#2353,.F.);
#3040=ORIENTED_EDGE('',*,*,#2354,.F.);
#3041=ORIENTED_EDGE('',*,*,#2349,.T.);
#3042=ORIENTED_EDGE('',*,*,#2355,.F.);
#3043=ORIENTED_EDGE('',*,*,#2356,.F.);
#3044=ORIENTED_EDGE('',*,*,#2357,.T.);
#3045=ORIENTED_EDGE('',*,*,#2348,.T.);
#3046=ORIENTED_EDGE('',*,*,#2358,.T.);
#3047=ORIENTED_EDGE('',*,*,#2359,.F.);
#3048=ORIENTED_EDGE('',*,*,#2355,.T.);
#3049=ORIENTED_EDGE('',*,*,#2347,.T.);
#3050=ORIENTED_EDGE('',*,*,#2360,.T.);
#3051=ORIENTED_EDGE('',*,*,#2361,.F.);
#3052=ORIENTED_EDGE('',*,*,#2358,.F.);
#3053=ORIENTED_EDGE('',*,*,#2362,.T.);
#3054=ORIENTED_EDGE('',*,*,#2363,.T.);
#3055=ORIENTED_EDGE('',*,*,#2364,.T.);
#3056=ORIENTED_EDGE('',*,*,#2365,.T.);
#3057=ORIENTED_EDGE('',*,*,#2346,.T.);
#3058=ORIENTED_EDGE('',*,*,#2366,.F.);
#3059=ORIENTED_EDGE('',*,*,#2367,.F.);
#3060=ORIENTED_EDGE('',*,*,#2360,.F.);
#3061=ORIENTED_EDGE('',*,*,#2345,.T.);
#3062=ORIENTED_EDGE('',*,*,#2368,.F.);
#3063=ORIENTED_EDGE('',*,*,#2369,.F.);
#3064=ORIENTED_EDGE('',*,*,#2366,.T.);
#3065=ORIENTED_EDGE('',*,*,#2344,.T.);
#3066=ORIENTED_EDGE('',*,*,#2370,.T.);
#3067=ORIENTED_EDGE('',*,*,#2371,.F.);
#3068=ORIENTED_EDGE('',*,*,#2368,.T.);
#3069=ORIENTED_EDGE('',*,*,#2372,.F.);
#3070=ORIENTED_EDGE('',*,*,#2373,.F.);
#3071=ORIENTED_EDGE('',*,*,#2374,.T.);
#3072=ORIENTED_EDGE('',*,*,#2375,.T.);
#3073=ORIENTED_EDGE('',*,*,#2376,.T.);
#3074=ORIENTED_EDGE('',*,*,#2377,.F.);
#3075=ORIENTED_EDGE('',*,*,#2378,.F.);
#3076=ORIENTED_EDGE('',*,*,#2376,.F.);
#3077=ORIENTED_EDGE('',*,*,#2379,.F.);
#3078=ORIENTED_EDGE('',*,*,#2373,.T.);
#3079=ORIENTED_EDGE('',*,*,#2380,.T.);
#3080=ORIENTED_EDGE('',*,*,#2381,.F.);
#3081=ORIENTED_EDGE('',*,*,#2382,.T.);
#3082=ORIENTED_EDGE('',*,*,#2372,.T.);
#3083=ORIENTED_EDGE('',*,*,#2378,.T.);
#3084=ORIENTED_EDGE('',*,*,#2383,.T.);
#3085=ORIENTED_EDGE('',*,*,#2384,.F.);
#3086=ORIENTED_EDGE('',*,*,#2385,.F.);
#3087=ORIENTED_EDGE('',*,*,#2380,.F.);
#3088=ORIENTED_EDGE('',*,*,#2386,.T.);
#3089=ORIENTED_EDGE('',*,*,#2387,.T.);
#3090=ORIENTED_EDGE('',*,*,#2388,.F.);
#3091=ORIENTED_EDGE('',*,*,#2374,.F.);
#3092=ORIENTED_EDGE('',*,*,#2389,.F.);
#3093=ORIENTED_EDGE('',*,*,#2390,.F.);
#3094=ORIENTED_EDGE('',*,*,#2391,.T.);
#3095=ORIENTED_EDGE('',*,*,#2386,.F.);
#3096=ORIENTED_EDGE('',*,*,#2382,.F.);
#3097=ORIENTED_EDGE('',*,*,#2392,.T.);
#3098=ORIENTED_EDGE('',*,*,#2389,.T.);
#3099=ORIENTED_EDGE('',*,*,#2381,.T.);
#3100=ORIENTED_EDGE('',*,*,#2385,.T.);
#3101=ORIENTED_EDGE('',*,*,#2393,.F.);
#3102=ORIENTED_EDGE('',*,*,#2394,.T.);
#3103=ORIENTED_EDGE('',*,*,#2395,.T.);
#3104=ORIENTED_EDGE('',*,*,#2396,.T.);
#3105=ORIENTED_EDGE('',*,*,#2397,.T.);
#3106=ORIENTED_EDGE('',*,*,#2398,.T.);
#3107=ORIENTED_EDGE('',*,*,#2399,.T.);
#3108=ORIENTED_EDGE('',*,*,#2400,.T.);
#3109=ORIENTED_EDGE('',*,*,#2401,.F.);
#3110=ORIENTED_EDGE('',*,*,#2402,.F.);
#3111=ORIENTED_EDGE('',*,*,#2403,.F.);
#3112=ORIENTED_EDGE('',*,*,#2260,.T.);
#3113=ORIENTED_EDGE('',*,*,#2404,.F.);
#3114=ORIENTED_EDGE('',*,*,#2405,.T.);
#3115=ORIENTED_EDGE('',*,*,#2406,.T.);
#3116=ORIENTED_EDGE('',*,*,#2407,.T.);
#3117=ORIENTED_EDGE('',*,*,#2356,.T.);
#3118=ORIENTED_EDGE('',*,*,#2359,.T.);
#3119=ORIENTED_EDGE('',*,*,#2361,.T.);
#3120=ORIENTED_EDGE('',*,*,#2367,.T.);
#3121=ORIENTED_EDGE('',*,*,#2369,.T.);
#3122=ORIENTED_EDGE('',*,*,#2371,.T.);
#3123=ORIENTED_EDGE('',*,*,#2408,.T.);
#3124=ORIENTED_EDGE('',*,*,#2409,.T.);
#3125=ORIENTED_EDGE('',*,*,#2410,.T.);
#3126=ORIENTED_EDGE('',*,*,#2411,.T.);
#3127=ORIENTED_EDGE('',*,*,#2412,.T.);
#3128=ORIENTED_EDGE('',*,*,#2413,.T.);
#3129=ORIENTED_EDGE('',*,*,#2414,.F.);
#3130=ORIENTED_EDGE('',*,*,#2415,.F.);
#3131=ORIENTED_EDGE('',*,*,#2416,.F.);
#3132=ORIENTED_EDGE('',*,*,#2417,.T.);
#3133=ORIENTED_EDGE('',*,*,#2326,.T.);
#3134=ORIENTED_EDGE('',*,*,#2342,.T.);
#3135=ORIENTED_EDGE('',*,*,#2418,.T.);
#3136=ORIENTED_EDGE('',*,*,#2419,.T.);
#3137=ORIENTED_EDGE('',*,*,#2420,.T.);
#3138=ORIENTED_EDGE('',*,*,#2421,.T.);
#3139=ORIENTED_EDGE('',*,*,#2422,.T.);
#3140=ORIENTED_EDGE('',*,*,#2423,.T.);
#3141=ORIENTED_EDGE('',*,*,#2424,.T.);
#3142=ORIENTED_EDGE('',*,*,#2425,.T.);
#3143=ORIENTED_EDGE('',*,*,#2426,.T.);
#3144=ORIENTED_EDGE('',*,*,#2427,.T.);
#3145=ORIENTED_EDGE('',*,*,#2428,.T.);
#3146=ORIENTED_EDGE('',*,*,#2429,.T.);
#3147=ORIENTED_EDGE('',*,*,#2430,.T.);
#3148=ORIENTED_EDGE('',*,*,#2431,.T.);
#3149=ORIENTED_EDGE('',*,*,#2432,.T.);
#3150=ORIENTED_EDGE('',*,*,#2433,.T.);
#3151=ORIENTED_EDGE('',*,*,#2434,.T.);
#3152=ORIENTED_EDGE('',*,*,#2435,.T.);
#3153=ORIENTED_EDGE('',*,*,#2436,.T.);
#3154=ORIENTED_EDGE('',*,*,#2437,.T.);
#3155=ORIENTED_EDGE('',*,*,#2438,.T.);
#3156=ORIENTED_EDGE('',*,*,#2439,.T.);
#3157=ORIENTED_EDGE('',*,*,#2440,.T.);
#3158=ORIENTED_EDGE('',*,*,#2441,.T.);
#3159=ORIENTED_EDGE('',*,*,#2442,.T.);
#3160=ORIENTED_EDGE('',*,*,#2443,.T.);
#3161=ORIENTED_EDGE('',*,*,#2444,.T.);
#3162=ORIENTED_EDGE('',*,*,#2445,.T.);
#3163=ORIENTED_EDGE('',*,*,#2446,.T.);
#3164=ORIENTED_EDGE('',*,*,#2447,.T.);
#3165=ORIENTED_EDGE('',*,*,#2448,.T.);
#3166=ORIENTED_EDGE('',*,*,#2449,.T.);
#3167=ORIENTED_EDGE('',*,*,#2450,.T.);
#3168=ORIENTED_EDGE('',*,*,#2451,.T.);
#3169=ORIENTED_EDGE('',*,*,#2452,.T.);
#3170=ORIENTED_EDGE('',*,*,#2453,.T.);
#3171=ORIENTED_EDGE('',*,*,#2454,.T.);
#3172=ORIENTED_EDGE('',*,*,#2455,.T.);
#3173=ORIENTED_EDGE('',*,*,#2456,.T.);
#3174=ORIENTED_EDGE('',*,*,#2457,.T.);
#3175=ORIENTED_EDGE('',*,*,#2458,.T.);
#3176=ORIENTED_EDGE('',*,*,#2459,.T.);
#3177=ORIENTED_EDGE('',*,*,#2460,.T.);
#3178=ORIENTED_EDGE('',*,*,#2461,.T.);
#3179=ORIENTED_EDGE('',*,*,#2462,.T.);
#3180=ORIENTED_EDGE('',*,*,#2463,.T.);
#3181=ORIENTED_EDGE('',*,*,#2464,.T.);
#3182=ORIENTED_EDGE('',*,*,#2465,.T.);
#3183=ORIENTED_EDGE('',*,*,#2466,.T.);
#3184=ORIENTED_EDGE('',*,*,#2467,.T.);
#3185=ORIENTED_EDGE('',*,*,#2468,.T.);
#3186=ORIENTED_EDGE('',*,*,#2469,.T.);
#3187=ORIENTED_EDGE('',*,*,#2334,.T.);
#3188=ORIENTED_EDGE('',*,*,#2318,.T.);
#3189=ORIENTED_EDGE('',*,*,#2417,.F.);
#3190=ORIENTED_EDGE('',*,*,#2470,.F.);
#3191=ORIENTED_EDGE('',*,*,#2471,.F.);
#3192=ORIENTED_EDGE('',*,*,#2472,.F.);
#3193=ORIENTED_EDGE('',*,*,#2392,.F.);
#3194=ORIENTED_EDGE('',*,*,#2472,.T.);
#3195=ORIENTED_EDGE('',*,*,#2473,.T.);
#3196=ORIENTED_EDGE('',*,*,#2390,.T.);
#3197=ORIENTED_EDGE('',*,*,#2388,.T.);
#3198=ORIENTED_EDGE('',*,*,#2474,.T.);
#3199=ORIENTED_EDGE('',*,*,#2475,.F.);
#3200=ORIENTED_EDGE('',*,*,#2476,.F.);
#3201=ORIENTED_EDGE('',*,*,#2379,.T.);
#3202=ORIENTED_EDGE('',*,*,#2375,.F.);
#3203=ORIENTED_EDGE('',*,*,#2471,.T.);
#3204=ORIENTED_EDGE('',*,*,#2477,.F.);
#3205=ORIENTED_EDGE('',*,*,#2474,.F.);
#3206=ORIENTED_EDGE('',*,*,#2387,.F.);
#3207=ORIENTED_EDGE('',*,*,#2391,.F.);
#3208=ORIENTED_EDGE('',*,*,#2473,.F.);
#3209=ORIENTED_EDGE('',*,*,#2377,.T.);
#3210=ORIENTED_EDGE('',*,*,#2476,.T.);
#3211=ORIENTED_EDGE('',*,*,#2478,.F.);
#3212=ORIENTED_EDGE('',*,*,#2383,.F.);
#3213=ORIENTED_EDGE('',*,*,#2398,.F.);
#3214=ORIENTED_EDGE('',*,*,#2479,.F.);
#3215=ORIENTED_EDGE('',*,*,#2480,.F.);
#3216=ORIENTED_EDGE('',*,*,#2481,.F.);
#3217=ORIENTED_EDGE('',*,*,#2479,.T.);
#3218=ORIENTED_EDGE('',*,*,#2397,.F.);
#3219=ORIENTED_EDGE('',*,*,#2482,.F.);
#3220=ORIENTED_EDGE('',*,*,#2483,.T.);
#3221=ORIENTED_EDGE('',*,*,#2399,.F.);
#3222=ORIENTED_EDGE('',*,*,#2481,.T.);
#3223=ORIENTED_EDGE('',*,*,#2484,.T.);
#3224=ORIENTED_EDGE('',*,*,#2485,.T.);
#3225=ORIENTED_EDGE('',*,*,#2482,.T.);
#3226=ORIENTED_EDGE('',*,*,#2396,.F.);
#3227=ORIENTED_EDGE('',*,*,#2486,.F.);
#3228=ORIENTED_EDGE('',*,*,#2487,.T.);
#3229=ORIENTED_EDGE('',*,*,#2488,.F.);
#3230=ORIENTED_EDGE('',*,*,#2489,.F.);
#3231=ORIENTED_EDGE('',*,*,#2400,.F.);
#3232=ORIENTED_EDGE('',*,*,#2485,.F.);
#3233=ORIENTED_EDGE('',*,*,#2490,.T.);
#3234=ORIENTED_EDGE('',*,*,#2491,.F.);
#3235=ORIENTED_EDGE('',*,*,#2489,.T.);
#3236=ORIENTED_EDGE('',*,*,#2492,.F.);
#3237=ORIENTED_EDGE('',*,*,#2490,.F.);
#3238=ORIENTED_EDGE('',*,*,#2484,.F.);
#3239=ORIENTED_EDGE('',*,*,#2480,.T.);
#3240=ORIENTED_EDGE('',*,*,#2483,.F.);
#3241=ORIENTED_EDGE('',*,*,#2416,.T.);
#3242=ORIENTED_EDGE('',*,*,#2493,.T.);
#3243=ORIENTED_EDGE('',*,*,#2494,.T.);
#3244=ORIENTED_EDGE('',*,*,#2495,.T.);
#3245=ORIENTED_EDGE('',*,*,#2401,.T.);
#3246=ORIENTED_EDGE('',*,*,#2491,.T.);
#3247=ORIENTED_EDGE('',*,*,#2492,.T.);
#3248=ORIENTED_EDGE('',*,*,#2488,.T.);
#3249=ORIENTED_EDGE('',*,*,#2496,.T.);
#3250=ORIENTED_EDGE('',*,*,#2497,.T.);
#3251=ORIENTED_EDGE('',*,*,#2393,.T.);
#3252=ORIENTED_EDGE('',*,*,#2384,.T.);
#3253=ORIENTED_EDGE('',*,*,#2478,.T.);
#3254=ORIENTED_EDGE('',*,*,#2475,.T.);
#3255=ORIENTED_EDGE('',*,*,#2477,.T.);
#3256=ORIENTED_EDGE('',*,*,#2470,.T.);
#3257=ORIENTED_EDGE('',*,*,#2394,.F.);
#3258=ORIENTED_EDGE('',*,*,#2497,.F.);
#3259=ORIENTED_EDGE('',*,*,#2498,.F.);
#3260=ORIENTED_EDGE('',*,*,#2499,.F.);
#3261=ORIENTED_EDGE('',*,*,#2395,.F.);
#3262=ORIENTED_EDGE('',*,*,#2499,.T.);
#3263=ORIENTED_EDGE('',*,*,#2500,.T.);
#3264=ORIENTED_EDGE('',*,*,#2486,.T.);
#3265=ORIENTED_EDGE('',*,*,#2498,.T.);
#3266=ORIENTED_EDGE('',*,*,#2496,.F.);
#3267=ORIENTED_EDGE('',*,*,#2487,.F.);
#3268=ORIENTED_EDGE('',*,*,#2500,.F.);
#3269=ORIENTED_EDGE('',*,*,#2501,.F.);
#3270=ORIENTED_EDGE('',*,*,#2502,.F.);
#3271=ORIENTED_EDGE('',*,*,#2503,.F.);
#3272=ORIENTED_EDGE('',*,*,#2504,.F.);
#3273=ORIENTED_EDGE('',*,*,#2505,.T.);
#3274=ORIENTED_EDGE('',*,*,#2506,.T.);
#3275=ORIENTED_EDGE('',*,*,#2425,.F.);
#3276=ORIENTED_EDGE('',*,*,#2507,.T.);
#3277=ORIENTED_EDGE('',*,*,#2508,.F.);
#3278=ORIENTED_EDGE('',*,*,#2418,.F.);
#3279=ORIENTED_EDGE('',*,*,#2506,.F.);
#3280=ORIENTED_EDGE('',*,*,#2509,.T.);
#3281=ORIENTED_EDGE('',*,*,#2508,.T.);
#3282=ORIENTED_EDGE('',*,*,#2510,.T.);
#3283=ORIENTED_EDGE('',*,*,#2503,.T.);
#3284=ORIENTED_EDGE('',*,*,#2511,.T.);
#3285=ORIENTED_EDGE('',*,*,#2512,.T.);
#3286=ORIENTED_EDGE('',*,*,#2419,.F.);
#3287=ORIENTED_EDGE('',*,*,#2513,.F.);
#3288=ORIENTED_EDGE('',*,*,#2514,.F.);
#3289=ORIENTED_EDGE('',*,*,#2515,.T.);
#3290=ORIENTED_EDGE('',*,*,#2516,.F.);
#3291=ORIENTED_EDGE('',*,*,#2507,.F.);
#3292=ORIENTED_EDGE('',*,*,#2424,.F.);
#3293=ORIENTED_EDGE('',*,*,#2517,.F.);
#3294=ORIENTED_EDGE('',*,*,#2518,.F.);
#3295=ORIENTED_EDGE('',*,*,#2505,.F.);
#3296=ORIENTED_EDGE('',*,*,#2518,.T.);
#3297=ORIENTED_EDGE('',*,*,#2519,.F.);
#3298=ORIENTED_EDGE('',*,*,#2515,.F.);
#3299=ORIENTED_EDGE('',*,*,#2520,.F.);
#3300=ORIENTED_EDGE('',*,*,#2504,.T.);
#3301=ORIENTED_EDGE('',*,*,#2510,.F.);
#3302=ORIENTED_EDGE('',*,*,#2509,.F.);
#3303=ORIENTED_EDGE('',*,*,#2521,.F.);
#3304=ORIENTED_EDGE('',*,*,#2522,.F.);
#3305=ORIENTED_EDGE('',*,*,#2523,.F.);
#3306=ORIENTED_EDGE('',*,*,#2420,.F.);
#3307=ORIENTED_EDGE('',*,*,#2512,.F.);
#3308=ORIENTED_EDGE('',*,*,#2524,.F.);
#3309=ORIENTED_EDGE('',*,*,#2523,.T.);
#3310=ORIENTED_EDGE('',*,*,#2525,.T.);
#3311=ORIENTED_EDGE('',*,*,#2526,.T.);
#3312=ORIENTED_EDGE('',*,*,#2421,.F.);
#3313=ORIENTED_EDGE('',*,*,#2501,.T.);
#3314=ORIENTED_EDGE('',*,*,#2520,.T.);
#3315=ORIENTED_EDGE('',*,*,#2514,.T.);
#3316=ORIENTED_EDGE('',*,*,#2527,.T.);
#3317=ORIENTED_EDGE('',*,*,#2517,.T.);
#3318=ORIENTED_EDGE('',*,*,#2423,.F.);
#3319=ORIENTED_EDGE('',*,*,#2528,.T.);
#3320=ORIENTED_EDGE('',*,*,#2529,.T.);
#3321=ORIENTED_EDGE('',*,*,#2516,.T.);
#3322=ORIENTED_EDGE('',*,*,#2519,.T.);
#3323=ORIENTED_EDGE('',*,*,#2422,.F.);
#3324=ORIENTED_EDGE('',*,*,#2526,.F.);
#3325=ORIENTED_EDGE('',*,*,#2530,.F.);
#3326=ORIENTED_EDGE('',*,*,#2531,.F.);
#3327=ORIENTED_EDGE('',*,*,#2532,.T.);
#3328=ORIENTED_EDGE('',*,*,#2528,.F.);
#3329=ORIENTED_EDGE('',*,*,#2502,.T.);
#3330=ORIENTED_EDGE('',*,*,#2527,.F.);
#3331=ORIENTED_EDGE('',*,*,#2513,.T.);
#3332=ORIENTED_EDGE('',*,*,#2529,.F.);
#3333=ORIENTED_EDGE('',*,*,#2532,.F.);
#3334=ORIENTED_EDGE('',*,*,#2533,.F.);
#3335=ORIENTED_EDGE('',*,*,#2524,.T.);
#3336=ORIENTED_EDGE('',*,*,#2511,.F.);
#3337=ORIENTED_EDGE('',*,*,#2521,.T.);
#3338=ORIENTED_EDGE('',*,*,#2533,.T.);
#3339=ORIENTED_EDGE('',*,*,#2531,.T.);
#3340=ORIENTED_EDGE('',*,*,#2534,.T.);
#3341=ORIENTED_EDGE('',*,*,#2522,.T.);
#3342=ORIENTED_EDGE('',*,*,#2534,.F.);
#3343=ORIENTED_EDGE('',*,*,#2530,.T.);
#3344=ORIENTED_EDGE('',*,*,#2525,.F.);
#3345=ORIENTED_EDGE('',*,*,#2535,.F.);
#3346=ORIENTED_EDGE('',*,*,#2536,.F.);
#3347=ORIENTED_EDGE('',*,*,#2537,.F.);
#3348=ORIENTED_EDGE('',*,*,#2538,.F.);
#3349=ORIENTED_EDGE('',*,*,#2539,.T.);
#3350=ORIENTED_EDGE('',*,*,#2433,.F.);
#3351=ORIENTED_EDGE('',*,*,#2540,.T.);
#3352=ORIENTED_EDGE('',*,*,#2541,.T.);
#3353=ORIENTED_EDGE('',*,*,#2538,.T.);
#3354=ORIENTED_EDGE('',*,*,#2542,.T.);
#3355=ORIENTED_EDGE('',*,*,#2543,.F.);
#3356=ORIENTED_EDGE('',*,*,#2426,.F.);
#3357=ORIENTED_EDGE('',*,*,#2539,.F.);
#3358=ORIENTED_EDGE('',*,*,#2544,.T.);
#3359=ORIENTED_EDGE('',*,*,#2543,.T.);
#3360=ORIENTED_EDGE('',*,*,#2545,.T.);
#3361=ORIENTED_EDGE('',*,*,#2546,.T.);
#3362=ORIENTED_EDGE('',*,*,#2427,.F.);
#3363=ORIENTED_EDGE('',*,*,#2547,.F.);
#3364=ORIENTED_EDGE('',*,*,#2548,.F.);
#3365=ORIENTED_EDGE('',*,*,#2549,.T.);
#3366=ORIENTED_EDGE('',*,*,#2550,.F.);
#3367=ORIENTED_EDGE('',*,*,#2535,.T.);
#3368=ORIENTED_EDGE('',*,*,#2541,.F.);
#3369=ORIENTED_EDGE('',*,*,#2551,.T.);
#3370=ORIENTED_EDGE('',*,*,#2552,.F.);
#3371=ORIENTED_EDGE('',*,*,#2553,.F.);
#3372=ORIENTED_EDGE('',*,*,#2554,.F.);
#3373=ORIENTED_EDGE('',*,*,#2547,.T.);
#3374=ORIENTED_EDGE('',*,*,#2555,.F.);
#3375=ORIENTED_EDGE('',*,*,#2536,.T.);
#3376=ORIENTED_EDGE('',*,*,#2555,.T.);
#3377=ORIENTED_EDGE('',*,*,#2550,.T.);
#3378=ORIENTED_EDGE('',*,*,#2556,.T.);
#3379=ORIENTED_EDGE('',*,*,#2556,.F.);
#3380=ORIENTED_EDGE('',*,*,#2549,.F.);
#3381=ORIENTED_EDGE('',*,*,#2557,.F.);
#3382=ORIENTED_EDGE('',*,*,#2558,.T.);
#3383=ORIENTED_EDGE('',*,*,#2545,.F.);
#3384=ORIENTED_EDGE('',*,*,#2544,.F.);
#3385=ORIENTED_EDGE('',*,*,#2542,.F.);
#3386=ORIENTED_EDGE('',*,*,#2537,.T.);
#3387=ORIENTED_EDGE('',*,*,#2432,.F.);
#3388=ORIENTED_EDGE('',*,*,#2559,.F.);
#3389=ORIENTED_EDGE('',*,*,#2560,.F.);
#3390=ORIENTED_EDGE('',*,*,#2561,.F.);
#3391=ORIENTED_EDGE('',*,*,#2551,.F.);
#3392=ORIENTED_EDGE('',*,*,#2540,.F.);
#3393=ORIENTED_EDGE('',*,*,#2559,.T.);
#3394=ORIENTED_EDGE('',*,*,#2431,.F.);
#3395=ORIENTED_EDGE('',*,*,#2562,.T.);
#3396=ORIENTED_EDGE('',*,*,#2563,.T.);
#3397=ORIENTED_EDGE('',*,*,#2561,.T.);
#3398=ORIENTED_EDGE('',*,*,#2564,.T.);
#3399=ORIENTED_EDGE('',*,*,#2565,.T.);
#3400=ORIENTED_EDGE('',*,*,#2552,.T.);
#3401=ORIENTED_EDGE('',*,*,#2554,.T.);
#3402=ORIENTED_EDGE('',*,*,#2566,.T.);
#3403=ORIENTED_EDGE('',*,*,#2429,.F.);
#3404=ORIENTED_EDGE('',*,*,#2567,.T.);
#3405=ORIENTED_EDGE('',*,*,#2557,.T.);
#3406=ORIENTED_EDGE('',*,*,#2548,.T.);
#3407=ORIENTED_EDGE('',*,*,#2430,.F.);
#3408=ORIENTED_EDGE('',*,*,#2566,.F.);
#3409=ORIENTED_EDGE('',*,*,#2553,.T.);
#3410=ORIENTED_EDGE('',*,*,#2565,.F.);
#3411=ORIENTED_EDGE('',*,*,#2568,.F.);
#3412=ORIENTED_EDGE('',*,*,#2562,.F.);
#3413=ORIENTED_EDGE('',*,*,#2560,.T.);
#3414=ORIENTED_EDGE('',*,*,#2563,.F.);
#3415=ORIENTED_EDGE('',*,*,#2568,.T.);
#3416=ORIENTED_EDGE('',*,*,#2564,.F.);
#3417=ORIENTED_EDGE('',*,*,#2567,.F.);
#3418=ORIENTED_EDGE('',*,*,#2428,.F.);
#3419=ORIENTED_EDGE('',*,*,#2546,.F.);
#3420=ORIENTED_EDGE('',*,*,#2558,.F.);
#3421=ORIENTED_EDGE('',*,*,#2458,.F.);
#3422=ORIENTED_EDGE('',*,*,#2569,.F.);
#3423=ORIENTED_EDGE('',*,*,#2570,.F.);
#3424=ORIENTED_EDGE('',*,*,#2571,.F.);
#3425=ORIENTED_EDGE('',*,*,#2572,.F.);
#3426=ORIENTED_EDGE('',*,*,#2573,.T.);
#3427=ORIENTED_EDGE('',*,*,#2571,.T.);
#3428=ORIENTED_EDGE('',*,*,#2574,.T.);
#3429=ORIENTED_EDGE('',*,*,#2575,.F.);
#3430=ORIENTED_EDGE('',*,*,#2575,.T.);
#3431=ORIENTED_EDGE('',*,*,#2576,.F.);
#3432=ORIENTED_EDGE('',*,*,#2577,.T.);
#3433=ORIENTED_EDGE('',*,*,#2578,.F.);
#3434=ORIENTED_EDGE('',*,*,#2579,.F.);
#3435=ORIENTED_EDGE('',*,*,#2462,.F.);
#3436=ORIENTED_EDGE('',*,*,#2580,.F.);
#3437=ORIENTED_EDGE('',*,*,#2581,.F.);
#3438=ORIENTED_EDGE('',*,*,#2466,.F.);
#3439=ORIENTED_EDGE('',*,*,#2582,.F.);
#3440=ORIENTED_EDGE('',*,*,#2583,.F.);
#3441=ORIENTED_EDGE('',*,*,#2584,.F.);
#3442=ORIENTED_EDGE('',*,*,#2585,.F.);
#3443=ORIENTED_EDGE('',*,*,#2586,.T.);
#3444=ORIENTED_EDGE('',*,*,#2577,.F.);
#3445=ORIENTED_EDGE('',*,*,#2587,.T.);
#3446=ORIENTED_EDGE('',*,*,#2583,.T.);
#3447=ORIENTED_EDGE('',*,*,#2588,.T.);
#3448=ORIENTED_EDGE('',*,*,#2589,.T.);
#3449=ORIENTED_EDGE('',*,*,#2590,.F.);
#3450=ORIENTED_EDGE('',*,*,#2591,.F.);
#3451=ORIENTED_EDGE('',*,*,#2592,.T.);
#3452=ORIENTED_EDGE('',*,*,#2593,.T.);
#3453=ORIENTED_EDGE('',*,*,#2450,.F.);
#3454=ORIENTED_EDGE('',*,*,#2594,.F.);
#3455=ORIENTED_EDGE('',*,*,#2593,.F.);
#3456=ORIENTED_EDGE('',*,*,#2595,.T.);
#3457=ORIENTED_EDGE('',*,*,#2596,.F.);
#3458=ORIENTED_EDGE('',*,*,#2594,.T.);
#3459=ORIENTED_EDGE('',*,*,#2457,.F.);
#3460=ORIENTED_EDGE('',*,*,#2597,.T.);
#3461=ORIENTED_EDGE('',*,*,#2598,.T.);
#3462=ORIENTED_EDGE('',*,*,#2590,.T.);
#3463=ORIENTED_EDGE('',*,*,#2599,.T.);
#3464=ORIENTED_EDGE('',*,*,#2600,.T.);
#3465=ORIENTED_EDGE('',*,*,#2601,.T.);
#3466=ORIENTED_EDGE('',*,*,#2600,.F.);
#3467=ORIENTED_EDGE('',*,*,#2602,.T.);
#3468=ORIENTED_EDGE('',*,*,#2603,.T.);
#3469=ORIENTED_EDGE('',*,*,#2604,.T.);
#3470=ORIENTED_EDGE('',*,*,#2605,.T.);
#3471=ORIENTED_EDGE('',*,*,#2606,.F.);
#3472=ORIENTED_EDGE('',*,*,#2454,.F.);
#3473=ORIENTED_EDGE('',*,*,#2607,.F.);
#3474=ORIENTED_EDGE('',*,*,#2608,.T.);
#3475=ORIENTED_EDGE('',*,*,#2604,.F.);
#3476=ORIENTED_EDGE('',*,*,#2609,.F.);
#3477=ORIENTED_EDGE('',*,*,#2609,.T.);
#3478=ORIENTED_EDGE('',*,*,#2610,.T.);
#3479=ORIENTED_EDGE('',*,*,#2611,.T.);
#3480=ORIENTED_EDGE('',*,*,#2455,.F.);
#3481=ORIENTED_EDGE('',*,*,#2469,.F.);
#3482=ORIENTED_EDGE('',*,*,#2612,.T.);
#3483=ORIENTED_EDGE('',*,*,#2613,.T.);
#3484=ORIENTED_EDGE('',*,*,#2569,.T.);
#3485=ORIENTED_EDGE('',*,*,#2468,.F.);
#3486=ORIENTED_EDGE('',*,*,#2614,.F.);
#3487=ORIENTED_EDGE('',*,*,#2615,.T.);
#3488=ORIENTED_EDGE('',*,*,#2612,.F.);
#3489=ORIENTED_EDGE('',*,*,#2467,.F.);
#3490=ORIENTED_EDGE('',*,*,#2585,.T.);
#3491=ORIENTED_EDGE('',*,*,#2616,.T.);
#3492=ORIENTED_EDGE('',*,*,#2614,.T.);
#3493=ORIENTED_EDGE('',*,*,#2576,.T.);
#3494=ORIENTED_EDGE('',*,*,#2574,.F.);
#3495=ORIENTED_EDGE('',*,*,#2570,.T.);
#3496=ORIENTED_EDGE('',*,*,#2613,.F.);
#3497=ORIENTED_EDGE('',*,*,#2615,.F.);
#3498=ORIENTED_EDGE('',*,*,#2616,.F.);
#3499=ORIENTED_EDGE('',*,*,#2584,.T.);
#3500=ORIENTED_EDGE('',*,*,#2587,.F.);
#3501=ORIENTED_EDGE('',*,*,#2572,.T.);
#3502=ORIENTED_EDGE('',*,*,#2617,.T.);
#3503=ORIENTED_EDGE('',*,*,#2618,.T.);
#3504=ORIENTED_EDGE('',*,*,#2459,.F.);
#3505=ORIENTED_EDGE('',*,*,#2581,.T.);
#3506=ORIENTED_EDGE('',*,*,#2619,.F.);
#3507=ORIENTED_EDGE('',*,*,#2620,.T.);
#3508=ORIENTED_EDGE('',*,*,#2617,.F.);
#3509=ORIENTED_EDGE('',*,*,#2573,.F.);
#3510=ORIENTED_EDGE('',*,*,#2580,.T.);
#3511=ORIENTED_EDGE('',*,*,#2461,.F.);
#3512=ORIENTED_EDGE('',*,*,#2621,.T.);
#3513=ORIENTED_EDGE('',*,*,#2619,.T.);
#3514=ORIENTED_EDGE('',*,*,#2579,.T.);
#3515=ORIENTED_EDGE('',*,*,#2622,.T.);
#3516=ORIENTED_EDGE('',*,*,#2623,.T.);
#3517=ORIENTED_EDGE('',*,*,#2463,.F.);
#3518=ORIENTED_EDGE('',*,*,#2578,.T.);
#3519=ORIENTED_EDGE('',*,*,#2586,.F.);
#3520=ORIENTED_EDGE('',*,*,#2624,.F.);
#3521=ORIENTED_EDGE('',*,*,#2625,.T.);
#3522=ORIENTED_EDGE('',*,*,#2622,.F.);
#3523=ORIENTED_EDGE('',*,*,#2452,.F.);
#3524=ORIENTED_EDGE('',*,*,#2626,.F.);
#3525=ORIENTED_EDGE('',*,*,#2627,.F.);
#3526=ORIENTED_EDGE('',*,*,#2628,.F.);
#3527=ORIENTED_EDGE('',*,*,#2451,.F.);
#3528=ORIENTED_EDGE('',*,*,#2596,.T.);
#3529=ORIENTED_EDGE('',*,*,#2629,.T.);
#3530=ORIENTED_EDGE('',*,*,#2626,.T.);
#3531=ORIENTED_EDGE('',*,*,#2453,.F.);
#3532=ORIENTED_EDGE('',*,*,#2628,.T.);
#3533=ORIENTED_EDGE('',*,*,#2630,.T.);
#3534=ORIENTED_EDGE('',*,*,#2607,.T.);
#3535=ORIENTED_EDGE('',*,*,#2591,.T.);
#3536=ORIENTED_EDGE('',*,*,#2601,.F.);
#3537=ORIENTED_EDGE('',*,*,#2606,.T.);
#3538=ORIENTED_EDGE('',*,*,#2631,.T.);
#3539=ORIENTED_EDGE('',*,*,#2627,.T.);
#3540=ORIENTED_EDGE('',*,*,#2629,.F.);
#3541=ORIENTED_EDGE('',*,*,#2595,.F.);
#3542=ORIENTED_EDGE('',*,*,#2592,.F.);
#3543=ORIENTED_EDGE('',*,*,#2631,.F.);
#3544=ORIENTED_EDGE('',*,*,#2605,.F.);
#3545=ORIENTED_EDGE('',*,*,#2608,.F.);
#3546=ORIENTED_EDGE('',*,*,#2630,.F.);
#3547=ORIENTED_EDGE('',*,*,#2460,.F.);
#3548=ORIENTED_EDGE('',*,*,#2618,.F.);
#3549=ORIENTED_EDGE('',*,*,#2620,.F.);
#3550=ORIENTED_EDGE('',*,*,#2621,.F.);
#3551=ORIENTED_EDGE('',*,*,#2464,.F.);
#3552=ORIENTED_EDGE('',*,*,#2623,.F.);
#3553=ORIENTED_EDGE('',*,*,#2625,.F.);
#3554=ORIENTED_EDGE('',*,*,#2632,.F.);
#3555=ORIENTED_EDGE('',*,*,#2582,.T.);
#3556=ORIENTED_EDGE('',*,*,#2465,.F.);
#3557=ORIENTED_EDGE('',*,*,#2632,.T.);
#3558=ORIENTED_EDGE('',*,*,#2624,.T.);
#3559=ORIENTED_EDGE('',*,*,#2599,.F.);
#3560=ORIENTED_EDGE('',*,*,#2589,.F.);
#3561=ORIENTED_EDGE('',*,*,#2633,.F.);
#3562=ORIENTED_EDGE('',*,*,#2602,.F.);
#3563=ORIENTED_EDGE('',*,*,#2456,.F.);
#3564=ORIENTED_EDGE('',*,*,#2611,.F.);
#3565=ORIENTED_EDGE('',*,*,#2634,.T.);
#3566=ORIENTED_EDGE('',*,*,#2597,.F.);
#3567=ORIENTED_EDGE('',*,*,#2633,.T.);
#3568=ORIENTED_EDGE('',*,*,#2588,.F.);
#3569=ORIENTED_EDGE('',*,*,#2598,.F.);
#3570=ORIENTED_EDGE('',*,*,#2634,.F.);
#3571=ORIENTED_EDGE('',*,*,#2610,.F.);
#3572=ORIENTED_EDGE('',*,*,#2603,.F.);
#3573=ORIENTED_EDGE('',*,*,#2413,.F.);
#3574=ORIENTED_EDGE('',*,*,#2635,.T.);
#3575=ORIENTED_EDGE('',*,*,#2636,.T.);
#3576=ORIENTED_EDGE('',*,*,#2637,.T.);
#3577=ORIENTED_EDGE('',*,*,#2638,.F.);
#3578=ORIENTED_EDGE('',*,*,#2639,.T.);
#3579=ORIENTED_EDGE('',*,*,#2636,.F.);
#3580=ORIENTED_EDGE('',*,*,#2640,.F.);
#3581=ORIENTED_EDGE('',*,*,#2641,.F.);
#3582=ORIENTED_EDGE('',*,*,#2642,.F.);
#3583=ORIENTED_EDGE('',*,*,#2643,.F.);
#3584=ORIENTED_EDGE('',*,*,#2644,.T.);
#3585=ORIENTED_EDGE('',*,*,#2405,.F.);
#3586=ORIENTED_EDGE('',*,*,#2645,.T.);
#3587=ORIENTED_EDGE('',*,*,#2643,.T.);
#3588=ORIENTED_EDGE('',*,*,#2646,.T.);
#3589=ORIENTED_EDGE('',*,*,#2351,.T.);
#3590=ORIENTED_EDGE('',*,*,#2647,.F.);
#3591=ORIENTED_EDGE('',*,*,#2644,.F.);
#3592=ORIENTED_EDGE('',*,*,#2645,.F.);
#3593=ORIENTED_EDGE('',*,*,#2404,.T.);
#3594=ORIENTED_EDGE('',*,*,#2259,.T.);
#3595=ORIENTED_EDGE('',*,*,#2272,.T.);
#3596=ORIENTED_EDGE('',*,*,#2277,.T.);
#3597=ORIENTED_EDGE('',*,*,#2648,.T.);
#3598=ORIENTED_EDGE('',*,*,#2649,.F.);
#3599=ORIENTED_EDGE('',*,*,#2650,.T.);
#3600=ORIENTED_EDGE('',*,*,#2651,.F.);
#3601=ORIENTED_EDGE('',*,*,#2414,.T.);
#3602=ORIENTED_EDGE('',*,*,#2637,.F.);
#3603=ORIENTED_EDGE('',*,*,#2639,.F.);
#3604=ORIENTED_EDGE('',*,*,#2652,.F.);
#3605=ORIENTED_EDGE('',*,*,#2352,.T.);
#3606=ORIENTED_EDGE('',*,*,#2652,.T.);
#3607=ORIENTED_EDGE('',*,*,#2638,.T.);
#3608=ORIENTED_EDGE('',*,*,#2653,.T.);
#3609=ORIENTED_EDGE('',*,*,#2654,.T.);
#3610=ORIENTED_EDGE('',*,*,#2655,.T.);
#3611=ORIENTED_EDGE('',*,*,#2656,.T.);
#3612=ORIENTED_EDGE('',*,*,#2657,.T.);
#3613=ORIENTED_EDGE('',*,*,#2411,.F.);
#3614=ORIENTED_EDGE('',*,*,#2658,.F.);
#3615=ORIENTED_EDGE('',*,*,#2659,.F.);
#3616=ORIENTED_EDGE('',*,*,#2660,.T.);
#3617=ORIENTED_EDGE('',*,*,#2654,.F.);
#3618=ORIENTED_EDGE('',*,*,#2661,.F.);
#3619=ORIENTED_EDGE('',*,*,#2662,.F.);
#3620=ORIENTED_EDGE('',*,*,#2661,.T.);
#3621=ORIENTED_EDGE('',*,*,#2653,.F.);
#3622=ORIENTED_EDGE('',*,*,#2640,.T.);
#3623=ORIENTED_EDGE('',*,*,#2635,.F.);
#3624=ORIENTED_EDGE('',*,*,#2412,.F.);
#3625=ORIENTED_EDGE('',*,*,#2657,.F.);
#3626=ORIENTED_EDGE('',*,*,#2663,.F.);
#3627=ORIENTED_EDGE('',*,*,#2664,.F.);
#3628=ORIENTED_EDGE('',*,*,#2406,.F.);
#3629=ORIENTED_EDGE('',*,*,#2646,.F.);
#3630=ORIENTED_EDGE('',*,*,#2642,.T.);
#3631=ORIENTED_EDGE('',*,*,#2665,.F.);
#3632=ORIENTED_EDGE('',*,*,#2663,.T.);
#3633=ORIENTED_EDGE('',*,*,#2656,.F.);
#3634=ORIENTED_EDGE('',*,*,#2666,.F.);
#3635=ORIENTED_EDGE('',*,*,#2667,.F.);
#3636=ORIENTED_EDGE('',*,*,#2666,.T.);
#3637=ORIENTED_EDGE('',*,*,#2655,.F.);
#3638=ORIENTED_EDGE('',*,*,#2660,.F.);
#3639=ORIENTED_EDGE('',*,*,#2350,.T.);
#3640=ORIENTED_EDGE('',*,*,#2357,.F.);
#3641=ORIENTED_EDGE('',*,*,#2407,.F.);
#3642=ORIENTED_EDGE('',*,*,#2664,.T.);
#3643=ORIENTED_EDGE('',*,*,#2665,.T.);
#3644=ORIENTED_EDGE('',*,*,#2667,.T.);
#3645=ORIENTED_EDGE('',*,*,#2659,.T.);
#3646=ORIENTED_EDGE('',*,*,#2662,.T.);
#3647=ORIENTED_EDGE('',*,*,#2641,.T.);
#3648=ORIENTED_EDGE('',*,*,#2647,.T.);
#3649=ORIENTED_EDGE('',*,*,#2353,.T.);
#3650=ORIENTED_EDGE('',*,*,#2658,.T.);
#3651=ORIENTED_EDGE('',*,*,#2410,.F.);
#3652=ORIENTED_EDGE('',*,*,#2668,.F.);
#3653=ORIENTED_EDGE('',*,*,#2669,.T.);
#3654=ORIENTED_EDGE('',*,*,#2670,.T.);
#3655=ORIENTED_EDGE('',*,*,#2671,.T.);
#3656=ORIENTED_EDGE('',*,*,#2672,.T.);
#3657=ORIENTED_EDGE('',*,*,#2364,.F.);
#3658=ORIENTED_EDGE('',*,*,#2673,.F.);
#3659=ORIENTED_EDGE('',*,*,#2671,.F.);
#3660=ORIENTED_EDGE('',*,*,#2674,.F.);
#3661=ORIENTED_EDGE('',*,*,#2365,.F.);
#3662=ORIENTED_EDGE('',*,*,#2674,.T.);
#3663=ORIENTED_EDGE('',*,*,#2670,.F.);
#3664=ORIENTED_EDGE('',*,*,#2675,.T.);
#3665=ORIENTED_EDGE('',*,*,#2362,.F.);
#3666=ORIENTED_EDGE('',*,*,#2675,.F.);
#3667=ORIENTED_EDGE('',*,*,#2669,.F.);
#3668=ORIENTED_EDGE('',*,*,#2676,.F.);
#3669=ORIENTED_EDGE('',*,*,#2363,.F.);
#3670=ORIENTED_EDGE('',*,*,#2676,.T.);
#3671=ORIENTED_EDGE('',*,*,#2672,.F.);
#3672=ORIENTED_EDGE('',*,*,#2673,.T.);
#3673=ORIENTED_EDGE('',*,*,#2343,.T.);
#3674=ORIENTED_EDGE('',*,*,#2677,.F.);
#3675=ORIENTED_EDGE('',*,*,#2408,.F.);
#3676=ORIENTED_EDGE('',*,*,#2370,.F.);
#3677=ORIENTED_EDGE('',*,*,#2354,.T.);
#3678=ORIENTED_EDGE('',*,*,#2668,.T.);
#3679=ORIENTED_EDGE('',*,*,#2409,.F.);
#3680=ORIENTED_EDGE('',*,*,#2677,.T.);
#3681=ORIENTED_EDGE('',*,*,#2678,.T.);
#3682=ORIENTED_EDGE('',*,*,#2679,.T.);
#3683=ORIENTED_EDGE('',*,*,#2680,.F.);
#3684=ORIENTED_EDGE('',*,*,#2679,.F.);
#3685=ORIENTED_EDGE('',*,*,#2678,.F.);
#3686=ORIENTED_EDGE('',*,*,#2681,.T.);
#3687=ORIENTED_EDGE('',*,*,#2682,.T.);
#3688=ORIENTED_EDGE('',*,*,#2683,.F.);
#3689=ORIENTED_EDGE('',*,*,#2682,.F.);
#3690=ORIENTED_EDGE('',*,*,#2681,.F.);
#3691=ORIENTED_EDGE('',*,*,#2684,.T.);
#3692=ORIENTED_EDGE('',*,*,#2685,.T.);
#3693=ORIENTED_EDGE('',*,*,#2686,.F.);
#3694=ORIENTED_EDGE('',*,*,#2685,.F.);
#3695=ORIENTED_EDGE('',*,*,#2684,.F.);
#3696=ORIENTED_EDGE('',*,*,#2687,.T.);
#3697=ORIENTED_EDGE('',*,*,#2688,.T.);
#3698=ORIENTED_EDGE('',*,*,#2689,.F.);
#3699=ORIENTED_EDGE('',*,*,#2688,.F.);
#3700=ORIENTED_EDGE('',*,*,#2687,.F.);
#3701=ORIENTED_EDGE('',*,*,#2690,.T.);
#3702=ORIENTED_EDGE('',*,*,#2691,.T.);
#3703=ORIENTED_EDGE('',*,*,#2692,.F.);
#3704=ORIENTED_EDGE('',*,*,#2691,.F.);
#3705=ORIENTED_EDGE('',*,*,#2690,.F.);
#3706=ORIENTED_EDGE('',*,*,#2693,.T.);
#3707=ORIENTED_EDGE('',*,*,#2694,.T.);
#3708=ORIENTED_EDGE('',*,*,#2695,.F.);
#3709=ORIENTED_EDGE('',*,*,#2694,.F.);
#3710=ORIENTED_EDGE('',*,*,#2693,.F.);
#3711=ORIENTED_EDGE('',*,*,#2696,.T.);
#3712=ORIENTED_EDGE('',*,*,#2697,.T.);
#3713=ORIENTED_EDGE('',*,*,#2698,.F.);
#3714=ORIENTED_EDGE('',*,*,#2697,.F.);
#3715=ORIENTED_EDGE('',*,*,#2696,.F.);
#3716=ORIENTED_EDGE('',*,*,#2699,.T.);
#3717=ORIENTED_EDGE('',*,*,#2700,.T.);
#3718=ORIENTED_EDGE('',*,*,#2701,.F.);
#3719=ORIENTED_EDGE('',*,*,#2700,.F.);
#3720=ORIENTED_EDGE('',*,*,#2699,.F.);
#3721=ORIENTED_EDGE('',*,*,#2702,.T.);
#3722=ORIENTED_EDGE('',*,*,#2703,.T.);
#3723=ORIENTED_EDGE('',*,*,#2704,.F.);
#3724=ORIENTED_EDGE('',*,*,#2703,.F.);
#3725=ORIENTED_EDGE('',*,*,#2702,.F.);
#3726=ORIENTED_EDGE('',*,*,#2705,.T.);
#3727=ORIENTED_EDGE('',*,*,#2706,.T.);
#3728=ORIENTED_EDGE('',*,*,#2707,.F.);
#3729=ORIENTED_EDGE('',*,*,#2706,.F.);
#3730=ORIENTED_EDGE('',*,*,#2705,.F.);
#3731=ORIENTED_EDGE('',*,*,#2708,.T.);
#3732=ORIENTED_EDGE('',*,*,#2709,.T.);
#3733=ORIENTED_EDGE('',*,*,#2710,.F.);
#3734=ORIENTED_EDGE('',*,*,#2709,.F.);
#3735=ORIENTED_EDGE('',*,*,#2708,.F.);
#3736=ORIENTED_EDGE('',*,*,#2711,.T.);
#3737=ORIENTED_EDGE('',*,*,#2712,.T.);
#3738=ORIENTED_EDGE('',*,*,#2713,.F.);
#3739=ORIENTED_EDGE('',*,*,#2712,.F.);
#3740=ORIENTED_EDGE('',*,*,#2711,.F.);
#3741=ORIENTED_EDGE('',*,*,#2714,.T.);
#3742=ORIENTED_EDGE('',*,*,#2715,.T.);
#3743=ORIENTED_EDGE('',*,*,#2716,.F.);
#3744=ORIENTED_EDGE('',*,*,#2715,.F.);
#3745=ORIENTED_EDGE('',*,*,#2714,.F.);
#3746=ORIENTED_EDGE('',*,*,#2717,.T.);
#3747=ORIENTED_EDGE('',*,*,#2718,.T.);
#3748=ORIENTED_EDGE('',*,*,#2719,.F.);
#3749=ORIENTED_EDGE('',*,*,#2718,.F.);
#3750=ORIENTED_EDGE('',*,*,#2717,.F.);
#3751=ORIENTED_EDGE('',*,*,#2720,.T.);
#3752=ORIENTED_EDGE('',*,*,#2721,.T.);
#3753=ORIENTED_EDGE('',*,*,#2722,.F.);
#3754=ORIENTED_EDGE('',*,*,#2721,.F.);
#3755=ORIENTED_EDGE('',*,*,#2720,.F.);
#3756=ORIENTED_EDGE('',*,*,#2723,.T.);
#3757=ORIENTED_EDGE('',*,*,#2724,.T.);
#3758=ORIENTED_EDGE('',*,*,#2725,.F.);
#3759=ORIENTED_EDGE('',*,*,#2724,.F.);
#3760=ORIENTED_EDGE('',*,*,#2723,.F.);
#3761=ORIENTED_EDGE('',*,*,#2726,.F.);
#3762=ORIENTED_EDGE('',*,*,#2727,.T.);
#3763=ORIENTED_EDGE('',*,*,#2449,.F.);
#3764=ORIENTED_EDGE('',*,*,#2727,.F.);
#3765=ORIENTED_EDGE('',*,*,#2726,.T.);
#3766=ORIENTED_EDGE('',*,*,#2680,.T.);
#3767=ORIENTED_EDGE('',*,*,#2728,.F.);
#3768=ORIENTED_EDGE('',*,*,#2729,.T.);
#3769=ORIENTED_EDGE('',*,*,#2434,.F.);
#3770=ORIENTED_EDGE('',*,*,#2729,.F.);
#3771=ORIENTED_EDGE('',*,*,#2728,.T.);
#3772=ORIENTED_EDGE('',*,*,#2683,.T.);
#3773=ORIENTED_EDGE('',*,*,#2730,.F.);
#3774=ORIENTED_EDGE('',*,*,#2731,.T.);
#3775=ORIENTED_EDGE('',*,*,#2448,.F.);
#3776=ORIENTED_EDGE('',*,*,#2731,.F.);
#3777=ORIENTED_EDGE('',*,*,#2730,.T.);
#3778=ORIENTED_EDGE('',*,*,#2686,.T.);
#3779=ORIENTED_EDGE('',*,*,#2732,.F.);
#3780=ORIENTED_EDGE('',*,*,#2733,.T.);
#3781=ORIENTED_EDGE('',*,*,#2435,.F.);
#3782=ORIENTED_EDGE('',*,*,#2733,.F.);
#3783=ORIENTED_EDGE('',*,*,#2732,.T.);
#3784=ORIENTED_EDGE('',*,*,#2689,.T.);
#3785=ORIENTED_EDGE('',*,*,#2734,.F.);
#3786=ORIENTED_EDGE('',*,*,#2735,.T.);
#3787=ORIENTED_EDGE('',*,*,#2447,.F.);
#3788=ORIENTED_EDGE('',*,*,#2735,.F.);
#3789=ORIENTED_EDGE('',*,*,#2734,.T.);
#3790=ORIENTED_EDGE('',*,*,#2692,.T.);
#3791=ORIENTED_EDGE('',*,*,#2736,.F.);
#3792=ORIENTED_EDGE('',*,*,#2737,.T.);
#3793=ORIENTED_EDGE('',*,*,#2436,.F.);
#3794=ORIENTED_EDGE('',*,*,#2737,.F.);
#3795=ORIENTED_EDGE('',*,*,#2736,.T.);
#3796=ORIENTED_EDGE('',*,*,#2695,.T.);
#3797=ORIENTED_EDGE('',*,*,#2738,.F.);
#3798=ORIENTED_EDGE('',*,*,#2739,.T.);
#3799=ORIENTED_EDGE('',*,*,#2446,.F.);
#3800=ORIENTED_EDGE('',*,*,#2739,.F.);
#3801=ORIENTED_EDGE('',*,*,#2738,.T.);
#3802=ORIENTED_EDGE('',*,*,#2698,.T.);
#3803=ORIENTED_EDGE('',*,*,#2740,.F.);
#3804=ORIENTED_EDGE('',*,*,#2741,.T.);
#3805=ORIENTED_EDGE('',*,*,#2437,.F.);
#3806=ORIENTED_EDGE('',*,*,#2741,.F.);
#3807=ORIENTED_EDGE('',*,*,#2740,.T.);
#3808=ORIENTED_EDGE('',*,*,#2701,.T.);
#3809=ORIENTED_EDGE('',*,*,#2742,.F.);
#3810=ORIENTED_EDGE('',*,*,#2743,.T.);
#3811=ORIENTED_EDGE('',*,*,#2445,.F.);
#3812=ORIENTED_EDGE('',*,*,#2743,.F.);
#3813=ORIENTED_EDGE('',*,*,#2742,.T.);
#3814=ORIENTED_EDGE('',*,*,#2704,.T.);
#3815=ORIENTED_EDGE('',*,*,#2744,.F.);
#3816=ORIENTED_EDGE('',*,*,#2745,.T.);
#3817=ORIENTED_EDGE('',*,*,#2444,.F.);
#3818=ORIENTED_EDGE('',*,*,#2745,.F.);
#3819=ORIENTED_EDGE('',*,*,#2744,.T.);
#3820=ORIENTED_EDGE('',*,*,#2707,.T.);
#3821=ORIENTED_EDGE('',*,*,#2746,.F.);
#3822=ORIENTED_EDGE('',*,*,#2747,.T.);
#3823=ORIENTED_EDGE('',*,*,#2443,.F.);
#3824=ORIENTED_EDGE('',*,*,#2747,.F.);
#3825=ORIENTED_EDGE('',*,*,#2746,.T.);
#3826=ORIENTED_EDGE('',*,*,#2710,.T.);
#3827=ORIENTED_EDGE('',*,*,#2748,.F.);
#3828=ORIENTED_EDGE('',*,*,#2749,.T.);
#3829=ORIENTED_EDGE('',*,*,#2442,.F.);
#3830=ORIENTED_EDGE('',*,*,#2749,.F.);
#3831=ORIENTED_EDGE('',*,*,#2748,.T.);
#3832=ORIENTED_EDGE('',*,*,#2713,.T.);
#3833=ORIENTED_EDGE('',*,*,#2750,.F.);
#3834=ORIENTED_EDGE('',*,*,#2751,.T.);
#3835=ORIENTED_EDGE('',*,*,#2441,.F.);
#3836=ORIENTED_EDGE('',*,*,#2751,.F.);
#3837=ORIENTED_EDGE('',*,*,#2750,.T.);
#3838=ORIENTED_EDGE('',*,*,#2716,.T.);
#3839=ORIENTED_EDGE('',*,*,#2752,.F.);
#3840=ORIENTED_EDGE('',*,*,#2753,.T.);
#3841=ORIENTED_EDGE('',*,*,#2440,.F.);
#3842=ORIENTED_EDGE('',*,*,#2753,.F.);
#3843=ORIENTED_EDGE('',*,*,#2752,.T.);
#3844=ORIENTED_EDGE('',*,*,#2719,.T.);
#3845=ORIENTED_EDGE('',*,*,#2754,.F.);
#3846=ORIENTED_EDGE('',*,*,#2755,.T.);
#3847=ORIENTED_EDGE('',*,*,#2439,.F.);
#3848=ORIENTED_EDGE('',*,*,#2755,.F.);
#3849=ORIENTED_EDGE('',*,*,#2754,.T.);
#3850=ORIENTED_EDGE('',*,*,#2722,.T.);
#3851=ORIENTED_EDGE('',*,*,#2756,.F.);
#3852=ORIENTED_EDGE('',*,*,#2757,.T.);
#3853=ORIENTED_EDGE('',*,*,#2438,.F.);
#3854=ORIENTED_EDGE('',*,*,#2757,.F.);
#3855=ORIENTED_EDGE('',*,*,#2756,.T.);
#3856=ORIENTED_EDGE('',*,*,#2725,.T.);
#3857=ORIENTED_EDGE('',*,*,#2758,.T.);
#3858=ORIENTED_EDGE('',*,*,#2759,.F.);
#3859=ORIENTED_EDGE('',*,*,#2760,.T.);
#3860=ORIENTED_EDGE('',*,*,#2761,.T.);
#3861=ORIENTED_EDGE('',*,*,#2762,.T.);
#3862=ORIENTED_EDGE('',*,*,#2261,.T.);
#3863=ORIENTED_EDGE('',*,*,#2403,.T.);
#3864=ORIENTED_EDGE('',*,*,#2763,.F.);
#3865=ORIENTED_EDGE('',*,*,#2764,.T.);
#3866=ORIENTED_EDGE('',*,*,#2763,.T.);
#3867=ORIENTED_EDGE('',*,*,#2402,.T.);
#3868=ORIENTED_EDGE('',*,*,#2495,.F.);
#3869=ORIENTED_EDGE('',*,*,#2765,.T.);
#3870=ORIENTED_EDGE('',*,*,#2493,.F.);
#3871=ORIENTED_EDGE('',*,*,#2415,.T.);
#3872=ORIENTED_EDGE('',*,*,#2651,.T.);
#3873=ORIENTED_EDGE('',*,*,#2766,.T.);
#3874=ORIENTED_EDGE('',*,*,#2649,.T.);
#3875=ORIENTED_EDGE('',*,*,#2767,.T.);
#3876=ORIENTED_EDGE('',*,*,#2308,.T.);
#3877=ORIENTED_EDGE('',*,*,#2299,.F.);
#3878=ORIENTED_EDGE('',*,*,#2768,.T.);
#3879=ORIENTED_EDGE('',*,*,#2297,.F.);
#3880=ORIENTED_EDGE('',*,*,#2307,.T.);
#3881=ORIENTED_EDGE('',*,*,#2769,.T.);
#3882=ORIENTED_EDGE('',*,*,#2759,.T.);
#3883=ORIENTED_EDGE('',*,*,#2760,.F.);
#3884=ORIENTED_EDGE('',*,*,#2769,.F.);
#3885=ORIENTED_EDGE('',*,*,#2306,.T.);
#3886=ORIENTED_EDGE('',*,*,#2770,.T.);
#3887=ORIENTED_EDGE('',*,*,#2771,.T.);
#3888=ORIENTED_EDGE('',*,*,#2767,.F.);
#3889=ORIENTED_EDGE('',*,*,#2648,.F.);
#3890=ORIENTED_EDGE('',*,*,#2276,.T.);
#3891=ORIENTED_EDGE('',*,*,#2772,.F.);
#3892=ORIENTED_EDGE('',*,*,#2309,.T.);
#3893=ORIENTED_EDGE('',*,*,#2256,.T.);
#3894=ORIENTED_EDGE('',*,*,#2274,.T.);
#3895=ORIENTED_EDGE('',*,*,#2773,.T.);
#3896=ORIENTED_EDGE('',*,*,#2774,.F.);
#3897=ORIENTED_EDGE('',*,*,#2768,.F.);
#3898=ORIENTED_EDGE('',*,*,#2758,.F.);
#3899=ORIENTED_EDGE('',*,*,#2764,.F.);
#3900=ORIENTED_EDGE('',*,*,#2494,.F.);
#3901=ORIENTED_EDGE('',*,*,#2765,.F.);
#3902=ORIENTED_EDGE('',*,*,#2650,.F.);
#3903=ORIENTED_EDGE('',*,*,#2766,.F.);
#3904=ORIENTED_EDGE('',*,*,#2298,.F.);
#3905=ORIENTED_EDGE('',*,*,#2311,.T.);
#3906=ORIENTED_EDGE('',*,*,#2319,.T.);
#3907=ORIENTED_EDGE('',*,*,#2327,.T.);
#3908=ORIENTED_EDGE('',*,*,#2335,.T.);
#3909=ORIENTED_EDGE('',*,*,#2775,.F.);
#3910=ORIENTED_EDGE('',*,*,#2776,.T.);
#3911=ORIENTED_EDGE('',*,*,#2777,.F.);
#3912=ORIENTED_EDGE('',*,*,#2778,.F.);
#3913=ORIENTED_EDGE('',*,*,#2779,.F.);
#3914=ORIENTED_EDGE('',*,*,#2780,.T.);
#3915=ORIENTED_EDGE('',*,*,#2781,.F.);
#3916=ORIENTED_EDGE('',*,*,#2782,.T.);
#3917=ORIENTED_EDGE('',*,*,#2783,.T.);
#3918=ORIENTED_EDGE('',*,*,#2784,.T.);
#3919=ORIENTED_EDGE('',*,*,#2785,.T.);
#3920=ORIENTED_EDGE('',*,*,#2786,.F.);
#3921=ORIENTED_EDGE('',*,*,#2787,.F.);
#3922=ORIENTED_EDGE('',*,*,#2788,.F.);
#3923=ORIENTED_EDGE('',*,*,#2789,.T.);
#3924=ORIENTED_EDGE('',*,*,#2778,.T.);
#3925=ORIENTED_EDGE('',*,*,#2790,.F.);
#3926=ORIENTED_EDGE('',*,*,#2791,.F.);
#3927=ORIENTED_EDGE('',*,*,#2267,.F.);
#3928=ORIENTED_EDGE('',*,*,#2792,.T.);
#3929=ORIENTED_EDGE('',*,*,#2265,.F.);
#3930=ORIENTED_EDGE('',*,*,#2793,.F.);
#3931=ORIENTED_EDGE('',*,*,#2794,.F.);
#3932=ORIENTED_EDGE('',*,*,#2776,.F.);
#3933=ORIENTED_EDGE('',*,*,#2795,.T.);
#3934=ORIENTED_EDGE('',*,*,#2796,.F.);
#3935=ORIENTED_EDGE('',*,*,#2797,.F.);
#3936=ORIENTED_EDGE('',*,*,#2798,.T.);
#3937=ORIENTED_EDGE('',*,*,#2799,.T.);
#3938=ORIENTED_EDGE('',*,*,#2800,.T.);
#3939=ORIENTED_EDGE('',*,*,#2801,.F.);
#3940=ORIENTED_EDGE('',*,*,#2802,.T.);
#3941=ORIENTED_EDGE('',*,*,#2803,.T.);
#3942=ORIENTED_EDGE('',*,*,#2804,.T.);
#3943=ORIENTED_EDGE('',*,*,#2790,.T.);
#3944=ORIENTED_EDGE('',*,*,#2777,.T.);
#3945=ORIENTED_EDGE('',*,*,#2794,.T.);
#3946=ORIENTED_EDGE('',*,*,#2805,.F.);
#3947=ORIENTED_EDGE('',*,*,#2806,.T.);
#3948=ORIENTED_EDGE('',*,*,#2807,.T.);
#3949=ORIENTED_EDGE('',*,*,#2808,.T.);
#3950=ORIENTED_EDGE('',*,*,#2809,.F.);
#3951=ORIENTED_EDGE('',*,*,#2793,.T.);
#3952=ORIENTED_EDGE('',*,*,#2264,.F.);
#3953=ORIENTED_EDGE('',*,*,#2810,.F.);
#3954=ORIENTED_EDGE('',*,*,#2811,.T.);
#3955=ORIENTED_EDGE('',*,*,#2812,.T.);
#3956=ORIENTED_EDGE('',*,*,#2805,.T.);
#3957=ORIENTED_EDGE('',*,*,#2791,.T.);
#3958=ORIENTED_EDGE('',*,*,#2809,.T.);
#3959=ORIENTED_EDGE('',*,*,#2813,.T.);
#3960=ORIENTED_EDGE('',*,*,#2814,.T.);
#3961=ORIENTED_EDGE('',*,*,#2815,.T.);
#3962=ORIENTED_EDGE('',*,*,#2268,.F.);
#3963=ORIENTED_EDGE('',*,*,#2792,.F.);
#3964=ORIENTED_EDGE('',*,*,#2816,.F.);
#3965=ORIENTED_EDGE('',*,*,#2779,.T.);
#3966=ORIENTED_EDGE('',*,*,#2266,.F.);
#3967=ORIENTED_EDGE('',*,*,#2775,.T.);
#3968=ORIENTED_EDGE('',*,*,#2789,.F.);
#3969=ORIENTED_EDGE('',*,*,#2817,.F.);
#3970=ORIENTED_EDGE('',*,*,#2795,.F.);
#3971=ORIENTED_EDGE('',*,*,#2816,.T.);
#3972=ORIENTED_EDGE('',*,*,#2804,.F.);
#3973=ORIENTED_EDGE('',*,*,#2818,.F.);
#3974=ORIENTED_EDGE('',*,*,#2780,.F.);
#3975=ORIENTED_EDGE('',*,*,#2798,.F.);
#3976=ORIENTED_EDGE('',*,*,#2819,.T.);
#3977=ORIENTED_EDGE('',*,*,#2820,.F.);
#3978=ORIENTED_EDGE('',*,*,#2821,.F.);
#3979=ORIENTED_EDGE('',*,*,#2304,.F.);
#3980=ORIENTED_EDGE('',*,*,#2822,.T.);
#3981=ORIENTED_EDGE('',*,*,#2823,.T.);
#3982=ORIENTED_EDGE('',*,*,#2824,.F.);
#3983=ORIENTED_EDGE('',*,*,#2825,.F.);
#3984=ORIENTED_EDGE('',*,*,#2826,.F.);
#3985=ORIENTED_EDGE('',*,*,#2827,.F.);
#3986=ORIENTED_EDGE('',*,*,#2823,.F.);
#3987=ORIENTED_EDGE('',*,*,#2828,.T.);
#3988=ORIENTED_EDGE('',*,*,#2829,.T.);
#3989=ORIENTED_EDGE('',*,*,#2788,.T.);
#3990=ORIENTED_EDGE('',*,*,#2830,.F.);
#3991=ORIENTED_EDGE('',*,*,#2831,.F.);
#3992=ORIENTED_EDGE('',*,*,#2832,.F.);
#3993=ORIENTED_EDGE('',*,*,#2829,.F.);
#3994=ORIENTED_EDGE('',*,*,#2833,.F.);
#3995=ORIENTED_EDGE('',*,*,#2796,.T.);
#3996=ORIENTED_EDGE('',*,*,#2817,.T.);
#3997=ORIENTED_EDGE('',*,*,#2834,.F.);
#3998=ORIENTED_EDGE('',*,*,#2831,.T.);
#3999=ORIENTED_EDGE('',*,*,#2835,.T.);
#4000=ORIENTED_EDGE('',*,*,#2836,.F.);
#4001=ORIENTED_EDGE('',*,*,#2302,.F.);
#4002=ORIENTED_EDGE('',*,*,#2837,.F.);
#4003=ORIENTED_EDGE('',*,*,#2838,.F.);
#4004=ORIENTED_EDGE('',*,*,#2839,.F.);
#4005=ORIENTED_EDGE('',*,*,#2836,.T.);
#4006=ORIENTED_EDGE('',*,*,#2840,.F.);
#4007=ORIENTED_EDGE('',*,*,#2787,.T.);
#4008=ORIENTED_EDGE('',*,*,#2841,.F.);
#4009=ORIENTED_EDGE('',*,*,#2842,.F.);
#4010=ORIENTED_EDGE('',*,*,#2843,.F.);
#4011=ORIENTED_EDGE('',*,*,#2844,.F.);
#4012=ORIENTED_EDGE('',*,*,#2819,.F.);
#4013=ORIENTED_EDGE('',*,*,#2797,.T.);
#4014=ORIENTED_EDGE('',*,*,#2833,.T.);
#4015=ORIENTED_EDGE('',*,*,#2828,.F.);
#4016=ORIENTED_EDGE('',*,*,#2822,.F.);
#4017=ORIENTED_EDGE('',*,*,#2303,.F.);
#4018=ORIENTED_EDGE('',*,*,#2840,.T.);
#4019=ORIENTED_EDGE('',*,*,#2835,.F.);
#4020=ORIENTED_EDGE('',*,*,#2830,.T.);
#4021=ORIENTED_EDGE('',*,*,#2845,.T.);
#4022=ORIENTED_EDGE('',*,*,#2783,.F.);
#4023=ORIENTED_EDGE('',*,*,#2846,.T.);
#4024=ORIENTED_EDGE('',*,*,#2801,.T.);
#4025=ORIENTED_EDGE('',*,*,#2782,.F.);
#4026=ORIENTED_EDGE('',*,*,#2847,.F.);
#4027=ORIENTED_EDGE('',*,*,#2802,.F.);
#4028=ORIENTED_EDGE('',*,*,#2846,.F.);
#4029=ORIENTED_EDGE('',*,*,#2803,.F.);
#4030=ORIENTED_EDGE('',*,*,#2847,.T.);
#4031=ORIENTED_EDGE('',*,*,#2781,.T.);
#4032=ORIENTED_EDGE('',*,*,#2818,.T.);
#4033=ORIENTED_EDGE('',*,*,#2786,.T.);
#4034=ORIENTED_EDGE('',*,*,#2848,.F.);
#4035=ORIENTED_EDGE('',*,*,#2849,.F.);
#4036=ORIENTED_EDGE('',*,*,#2841,.T.);
#4037=ORIENTED_EDGE('',*,*,#2799,.F.);
#4038=ORIENTED_EDGE('',*,*,#2821,.T.);
#4039=ORIENTED_EDGE('',*,*,#2850,.F.);
#4040=ORIENTED_EDGE('',*,*,#2851,.T.);
#4041=ORIENTED_EDGE('',*,*,#2784,.F.);
#4042=ORIENTED_EDGE('',*,*,#2845,.F.);
#4043=ORIENTED_EDGE('',*,*,#2800,.F.);
#4044=ORIENTED_EDGE('',*,*,#2851,.F.);
#4045=ORIENTED_EDGE('',*,*,#2852,.F.);
#4046=ORIENTED_EDGE('',*,*,#2843,.T.);
#4047=ORIENTED_EDGE('',*,*,#2853,.F.);
#4048=ORIENTED_EDGE('',*,*,#2854,.F.);
#4049=ORIENTED_EDGE('',*,*,#2844,.T.);
#4050=ORIENTED_EDGE('',*,*,#2852,.T.);
#4051=ORIENTED_EDGE('',*,*,#2850,.T.);
#4052=ORIENTED_EDGE('',*,*,#2820,.T.);
#4053=ORIENTED_EDGE('',*,*,#2842,.T.);
#4054=ORIENTED_EDGE('',*,*,#2849,.T.);
#4055=ORIENTED_EDGE('',*,*,#2855,.T.);
#4056=ORIENTED_EDGE('',*,*,#2853,.T.);
#4057=ORIENTED_EDGE('',*,*,#2785,.F.);
#4058=ORIENTED_EDGE('',*,*,#2854,.T.);
#4059=ORIENTED_EDGE('',*,*,#2855,.F.);
#4060=ORIENTED_EDGE('',*,*,#2848,.T.);
#4061=ORIENTED_EDGE('',*,*,#2826,.T.);
#4062=ORIENTED_EDGE('',*,*,#2856,.T.);
#4063=ORIENTED_EDGE('',*,*,#2857,.T.);
#4064=ORIENTED_EDGE('',*,*,#2858,.T.);
#4065=ORIENTED_EDGE('',*,*,#2859,.T.);
#4066=ORIENTED_EDGE('',*,*,#2770,.F.);
#4067=ORIENTED_EDGE('',*,*,#2305,.T.);
#4068=ORIENTED_EDGE('',*,*,#2825,.T.);
#4069=ORIENTED_EDGE('',*,*,#2860,.F.);
#4070=ORIENTED_EDGE('',*,*,#2806,.F.);
#4071=ORIENTED_EDGE('',*,*,#2812,.F.);
#4072=ORIENTED_EDGE('',*,*,#2861,.F.);
#4073=ORIENTED_EDGE('',*,*,#2856,.F.);
#4074=ORIENTED_EDGE('',*,*,#2824,.T.);
#4075=ORIENTED_EDGE('',*,*,#2827,.T.);
#4076=ORIENTED_EDGE('',*,*,#2832,.T.);
#4077=ORIENTED_EDGE('',*,*,#2834,.T.);
#4078=ORIENTED_EDGE('',*,*,#2839,.T.);
#4079=ORIENTED_EDGE('',*,*,#2862,.T.);
#4080=ORIENTED_EDGE('',*,*,#2807,.F.);
#4081=ORIENTED_EDGE('',*,*,#2860,.T.);
#4082=ORIENTED_EDGE('',*,*,#2838,.T.);
#4083=ORIENTED_EDGE('',*,*,#2863,.F.);
#4084=ORIENTED_EDGE('',*,*,#2864,.F.);
#4085=ORIENTED_EDGE('',*,*,#2813,.F.);
#4086=ORIENTED_EDGE('',*,*,#2808,.F.);
#4087=ORIENTED_EDGE('',*,*,#2862,.F.);
#4088=ORIENTED_EDGE('',*,*,#2257,.T.);
#4089=ORIENTED_EDGE('',*,*,#2774,.T.);
#4090=ORIENTED_EDGE('',*,*,#2865,.T.);
#4091=ORIENTED_EDGE('',*,*,#2866,.T.);
#4092=ORIENTED_EDGE('',*,*,#2863,.T.);
#4093=ORIENTED_EDGE('',*,*,#2837,.T.);
#4094=ORIENTED_EDGE('',*,*,#2301,.T.);
#4095=ORIENTED_EDGE('',*,*,#2293,.T.);
#4096=ORIENTED_EDGE('',*,*,#2291,.T.);
#4097=ORIENTED_EDGE('',*,*,#2283,.T.);
#4098=ORIENTED_EDGE('',*,*,#2310,.T.);
#4099=ORIENTED_EDGE('',*,*,#2772,.T.);
#4100=ORIENTED_EDGE('',*,*,#2275,.T.);
#4101=ORIENTED_EDGE('',*,*,#2248,.T.);
#4102=ORIENTED_EDGE('',*,*,#2251,.T.);
#4103=ORIENTED_EDGE('',*,*,#2861,.T.);
#4104=ORIENTED_EDGE('',*,*,#2811,.F.);
#4105=ORIENTED_EDGE('',*,*,#2867,.F.);
#4106=ORIENTED_EDGE('',*,*,#2857,.F.);
#4107=ORIENTED_EDGE('',*,*,#2864,.T.);
#4108=ORIENTED_EDGE('',*,*,#2866,.F.);
#4109=ORIENTED_EDGE('',*,*,#2868,.F.);
#4110=ORIENTED_EDGE('',*,*,#2814,.F.);
#4111=ORIENTED_EDGE('',*,*,#2858,.F.);
#4112=ORIENTED_EDGE('',*,*,#2867,.T.);
#4113=ORIENTED_EDGE('',*,*,#2810,.T.);
#4114=ORIENTED_EDGE('',*,*,#2263,.F.);
#4115=ORIENTED_EDGE('',*,*,#2869,.F.);
#4116=ORIENTED_EDGE('',*,*,#2870,.F.);
#4117=ORIENTED_EDGE('',*,*,#2865,.F.);
#4118=ORIENTED_EDGE('',*,*,#2773,.F.);
#4119=ORIENTED_EDGE('',*,*,#2273,.F.);
#4120=ORIENTED_EDGE('',*,*,#2269,.F.);
#4121=ORIENTED_EDGE('',*,*,#2815,.F.);
#4122=ORIENTED_EDGE('',*,*,#2868,.T.);
#4123=ORIENTED_EDGE('',*,*,#2761,.F.);
#4124=ORIENTED_EDGE('',*,*,#2771,.F.);
#4125=ORIENTED_EDGE('',*,*,#2859,.F.);
#4126=ORIENTED_EDGE('',*,*,#2870,.T.);
#4127=ORIENTED_EDGE('',*,*,#2871,.T.);
#4128=ORIENTED_EDGE('',*,*,#2762,.F.);
#4129=ORIENTED_EDGE('',*,*,#2871,.F.);
#4130=ORIENTED_EDGE('',*,*,#2869,.T.);
#4131=ORIENTED_EDGE('',*,*,#2262,.F.);
#4132=PLANE('',#4592);
#4133=PLANE('',#4593);
#4134=PLANE('',#4594);
#4135=PLANE('',#4596);
#4136=PLANE('',#4597);
#4137=PLANE('',#4598);
#4138=PLANE('',#4599);
#4139=PLANE('',#4600);
#4140=PLANE('',#4604);
#4141=PLANE('',#4608);
#4142=PLANE('',#4609);
#4143=PLANE('',#4610);
#4144=PLANE('',#4611);
#4145=PLANE('',#4612);
#4146=PLANE('',#4613);
#4147=PLANE('',#4616);
#4148=PLANE('',#4627);
#4149=PLANE('',#4636);
#4150=PLANE('',#4645);
#4151=PLANE('',#4654);
#4152=PLANE('',#4655);
#4153=PLANE('',#4656);
#4154=PLANE('',#4657);
#4155=PLANE('',#4658);
#4156=PLANE('',#4659);
#4157=PLANE('',#4660);
#4158=PLANE('',#4661);
#4159=PLANE('',#4662);
#4160=PLANE('',#4663);
#4161=PLANE('',#4664);
#4162=PLANE('',#4665);
#4163=PLANE('',#4666);
#4164=PLANE('',#4667);
#4165=PLANE('',#4668);
#4166=PLANE('',#4687);
#4167=PLANE('',#4688);
#4168=PLANE('',#4689);
#4169=PLANE('',#4690);
#4170=PLANE('',#4691);
#4171=PLANE('',#4692);
#4172=PLANE('',#4693);
#4173=PLANE('',#4694);
#4174=PLANE('',#4695);
#4175=PLANE('',#4696);
#4176=PLANE('',#4697);
#4177=PLANE('',#4698);
#4178=PLANE('',#4699);
#4179=PLANE('',#4700);
#4180=PLANE('',#4701);
#4181=PLANE('',#4702);
#4182=PLANE('',#4703);
#4183=PLANE('',#4704);
#4184=PLANE('',#4705);
#4185=PLANE('',#4706);
#4186=PLANE('',#4707);
#4187=PLANE('',#4708);
#4188=PLANE('',#4709);
#4189=PLANE('',#4710);
#4190=PLANE('',#4711);
#4191=PLANE('',#4712);
#4192=PLANE('',#4713);
#4193=PLANE('',#4714);
#4194=PLANE('',#4715);
#4195=PLANE('',#4716);
#4196=PLANE('',#4717);
#4197=PLANE('',#4718);
#4198=PLANE('',#4719);
#4199=PLANE('',#4720);
#4200=PLANE('',#4721);
#4201=PLANE('',#4722);
#4202=PLANE('',#4723);
#4203=PLANE('',#4724);
#4204=PLANE('',#4725);
#4205=PLANE('',#4726);
#4206=PLANE('',#4727);
#4207=PLANE('',#4728);
#4208=PLANE('',#4729);
#4209=PLANE('',#4730);
#4210=PLANE('',#4731);
#4211=PLANE('',#4732);
#4212=PLANE('',#4733);
#4213=PLANE('',#4734);
#4214=PLANE('',#4735);
#4215=PLANE('',#4736);
#4216=PLANE('',#4737);
#4217=PLANE('',#4738);
#4218=PLANE('',#4739);
#4219=PLANE('',#4740);
#4220=PLANE('',#4741);
#4221=PLANE('',#4742);
#4222=PLANE('',#4743);
#4223=PLANE('',#4744);
#4224=PLANE('',#4745);
#4225=PLANE('',#4746);
#4226=PLANE('',#4747);
#4227=PLANE('',#4748);
#4228=PLANE('',#4749);
#4229=PLANE('',#4750);
#4230=PLANE('',#4751);
#4231=PLANE('',#4752);
#4232=PLANE('',#4753);
#4233=PLANE('',#4754);
#4234=PLANE('',#4755);
#4235=PLANE('',#4756);
#4236=PLANE('',#4757);
#4237=PLANE('',#4758);
#4238=PLANE('',#4759);
#4239=PLANE('',#4760);
#4240=PLANE('',#4761);
#4241=PLANE('',#4762);
#4242=PLANE('',#4763);
#4243=PLANE('',#4764);
#4244=PLANE('',#4765);
#4245=PLANE('',#4766);
#4246=PLANE('',#4767);
#4247=PLANE('',#4768);
#4248=PLANE('',#4769);
#4249=PLANE('',#4770);
#4250=PLANE('',#4771);
#4251=PLANE('',#4772);
#4252=PLANE('',#4773);
#4253=PLANE('',#4774);
#4254=PLANE('',#4775);
#4255=PLANE('',#4776);
#4256=PLANE('',#4777);
#4257=PLANE('',#4778);
#4258=PLANE('',#4779);
#4259=PLANE('',#4780);
#4260=PLANE('',#4781);
#4261=PLANE('',#4785);
#4262=PLANE('',#4789);
#4263=PLANE('',#4793);
#4264=PLANE('',#4797);
#4265=PLANE('',#4801);
#4266=PLANE('',#4805);
#4267=PLANE('',#4809);
#4268=PLANE('',#4813);
#4269=PLANE('',#4817);
#4270=PLANE('',#4821);
#4271=PLANE('',#4825);
#4272=PLANE('',#4829);
#4273=PLANE('',#4833);
#4274=PLANE('',#4837);
#4275=PLANE('',#4841);
#4276=PLANE('',#4845);
#4277=PLANE('',#4848);
#4278=PLANE('',#4851);
#4279=PLANE('',#4854);
#4280=PLANE('',#4857);
#4281=PLANE('',#4860);
#4282=PLANE('',#4863);
#4283=PLANE('',#4866);
#4284=PLANE('',#4869);
#4285=PLANE('',#4872);
#4286=PLANE('',#4875);
#4287=PLANE('',#4878);
#4288=PLANE('',#4881);
#4289=PLANE('',#4884);
#4290=PLANE('',#4887);
#4291=PLANE('',#4890);
#4292=PLANE('',#4893);
#4293=PLANE('',#4894);
#4294=PLANE('',#4906);
#4295=PLANE('',#4907);
#4296=PLANE('',#4908);
#4297=PLANE('',#4909);
#4298=PLANE('',#4910);
#4299=PLANE('',#4911);
#4300=PLANE('',#4912);
#4301=PLANE('',#4914);
#4302=PLANE('',#4916);
#4303=PLANE('',#4917);
#4304=PLANE('',#4918);
#4305=PLANE('',#4919);
#4306=PLANE('',#4920);
#4307=PLANE('',#4924);
#4308=PLANE('',#4928);
#4309=PLANE('',#4929);
#4310=PLANE('',#4932);
#4311=PLANE('',#4933);
#4312=PLANE('',#4934);
#4313=PLANE('',#4935);
#4314=PLANE('',#4936);
#4315=PLANE('',#4938);
#4316=PLANE('',#4942);
#4317=PLANE('',#4943);
#4318=PLANE('',#4948);
#4319=PLANE('',#4953);
#4320=PLANE('',#4954);
#4321=PLANE('',#4955);
#4322=PLANE('',#4956);
#4323=PLANE('',#4957);
#4324=PLANE('',#4958);
#4325=PLANE('',#4959);
#4326=ADVANCED_FACE('',(#244),#4132,.T.);
#4327=ADVANCED_FACE('',(#245),#4133,.T.);
#4328=ADVANCED_FACE('',(#246,#184),#4134,.F.);
#4329=ADVANCED_FACE('',(#247),#4135,.T.);
#4330=ADVANCED_FACE('',(#248),#4136,.F.);
#4331=ADVANCED_FACE('',(#249),#4137,.T.);
#4332=ADVANCED_FACE('',(#250),#4138,.T.);
#4333=ADVANCED_FACE('',(#251),#4139,.T.);
#4334=ADVANCED_FACE('',(#252),#21,.F.);
#4335=ADVANCED_FACE('',(#253,#185),#4140,.F.);
#4336=ADVANCED_FACE('',(#254),#22,.F.);
#4337=ADVANCED_FACE('',(#255),#4141,.T.);
#4338=ADVANCED_FACE('',(#256),#4142,.T.);
#4339=ADVANCED_FACE('',(#257,#186),#4143,.T.);
#4340=ADVANCED_FACE('',(#258),#4144,.T.);
#4341=ADVANCED_FACE('',(#259),#4145,.T.);
#4342=ADVANCED_FACE('',(#260),#4146,.T.);
#4343=ADVANCED_FACE('',(#261),#4147,.T.);
#4344=ADVANCED_FACE('',(#262),#17,.F.);
#4345=ADVANCED_FACE('',(#263),#23,.F.);
#4346=ADVANCED_FACE('',(#264),#24,.T.);
#4347=ADVANCED_FACE('',(#265,#187),#4148,.T.);
#4348=ADVANCED_FACE('',(#266),#18,.F.);
#4349=ADVANCED_FACE('',(#267),#25,.F.);
#4350=ADVANCED_FACE('',(#268),#26,.T.);
#4351=ADVANCED_FACE('',(#269,#188),#4149,.T.);
#4352=ADVANCED_FACE('',(#270),#19,.F.);
#4353=ADVANCED_FACE('',(#271),#27,.F.);
#4354=ADVANCED_FACE('',(#272),#28,.T.);
#4355=ADVANCED_FACE('',(#273,#189),#4150,.T.);
#4356=ADVANCED_FACE('',(#274),#20,.F.);
#4357=ADVANCED_FACE('',(#275),#29,.F.);
#4358=ADVANCED_FACE('',(#276),#30,.T.);
#4359=ADVANCED_FACE('',(#277,#190),#4151,.T.);
#4360=ADVANCED_FACE('',(#278),#4152,.T.);
#4361=ADVANCED_FACE('',(#279),#4153,.F.);
#4362=ADVANCED_FACE('',(#280),#4154,.T.);
#4363=ADVANCED_FACE('',(#281,#191),#4155,.F.);
#4364=ADVANCED_FACE('',(#282),#4156,.T.);
#4365=ADVANCED_FACE('',(#283),#4157,.F.);
#4366=ADVANCED_FACE('',(#284),#4158,.T.);
#4367=ADVANCED_FACE('',(#285),#4159,.T.);
#4368=ADVANCED_FACE('',(#286),#4160,.T.);
#4369=ADVANCED_FACE('',(#287),#4161,.T.);
#4370=ADVANCED_FACE('',(#288),#4162,.F.);
#4371=ADVANCED_FACE('',(#289),#4163,.F.);
#4372=ADVANCED_FACE('',(#290),#4164,.F.);
#4373=ADVANCED_FACE('',(#291,#192,#193,#194,#195,#196,#197,#198,#199,#200,
#201,#202,#203,#204,#205,#206,#207,#208,#209,#210,#211,#212,#213,#214,#215),
#4165,.F.);
#4374=ADVANCED_FACE('',(#292),#4166,.F.);
#4375=ADVANCED_FACE('',(#293),#4167,.T.);
#4376=ADVANCED_FACE('',(#294),#4168,.F.);
#4377=ADVANCED_FACE('',(#295),#4169,.F.);
#4378=ADVANCED_FACE('',(#296),#4170,.F.);
#4379=ADVANCED_FACE('',(#297),#4171,.F.);
#4380=ADVANCED_FACE('',(#298),#4172,.F.);
#4381=ADVANCED_FACE('',(#299),#4173,.T.);
#4382=ADVANCED_FACE('',(#300),#4174,.F.);
#4383=ADVANCED_FACE('',(#301),#4175,.F.);
#4384=ADVANCED_FACE('',(#302),#4176,.F.);
#4385=ADVANCED_FACE('',(#303),#4177,.F.);
#4386=ADVANCED_FACE('',(#304),#4178,.F.);
#4387=ADVANCED_FACE('',(#305),#4179,.T.);
#4388=ADVANCED_FACE('',(#306),#4180,.F.);
#4389=ADVANCED_FACE('',(#307),#4181,.F.);
#4390=ADVANCED_FACE('',(#308),#4182,.T.);
#4391=ADVANCED_FACE('',(#309),#4183,.F.);
#4392=ADVANCED_FACE('',(#310),#4184,.F.);
#4393=ADVANCED_FACE('',(#311),#4185,.F.);
#4394=ADVANCED_FACE('',(#312),#4186,.F.);
#4395=ADVANCED_FACE('',(#313),#4187,.F.);
#4396=ADVANCED_FACE('',(#314),#4188,.F.);
#4397=ADVANCED_FACE('',(#315),#4189,.F.);
#4398=ADVANCED_FACE('',(#316),#4190,.F.);
#4399=ADVANCED_FACE('',(#317),#4191,.F.);
#4400=ADVANCED_FACE('',(#318),#4192,.F.);
#4401=ADVANCED_FACE('',(#319),#4193,.F.);
#4402=ADVANCED_FACE('',(#320),#4194,.F.);
#4403=ADVANCED_FACE('',(#321),#4195,.F.);
#4404=ADVANCED_FACE('',(#322),#4196,.F.);
#4405=ADVANCED_FACE('',(#323),#4197,.T.);
#4406=ADVANCED_FACE('',(#324),#4198,.F.);
#4407=ADVANCED_FACE('',(#325),#4199,.F.);
#4408=ADVANCED_FACE('',(#326),#4200,.F.);
#4409=ADVANCED_FACE('',(#327),#4201,.F.);
#4410=ADVANCED_FACE('',(#328),#4202,.T.);
#4411=ADVANCED_FACE('',(#329),#4203,.F.);
#4412=ADVANCED_FACE('',(#330),#4204,.F.);
#4413=ADVANCED_FACE('',(#331),#4205,.T.);
#4414=ADVANCED_FACE('',(#332),#4206,.T.);
#4415=ADVANCED_FACE('',(#333),#4207,.T.);
#4416=ADVANCED_FACE('',(#334),#4208,.F.);
#4417=ADVANCED_FACE('',(#335),#4209,.F.);
#4418=ADVANCED_FACE('',(#336),#4210,.F.);
#4419=ADVANCED_FACE('',(#337),#4211,.F.);
#4420=ADVANCED_FACE('',(#338),#4212,.T.);
#4421=ADVANCED_FACE('',(#339),#4213,.F.);
#4422=ADVANCED_FACE('',(#340),#4214,.F.);
#4423=ADVANCED_FACE('',(#341),#4215,.F.);
#4424=ADVANCED_FACE('',(#342),#4216,.T.);
#4425=ADVANCED_FACE('',(#343),#4217,.F.);
#4426=ADVANCED_FACE('',(#344),#4218,.F.);
#4427=ADVANCED_FACE('',(#345),#4219,.F.);
#4428=ADVANCED_FACE('',(#346),#4220,.F.);
#4429=ADVANCED_FACE('',(#347),#4221,.F.);
#4430=ADVANCED_FACE('',(#348),#4222,.T.);
#4431=ADVANCED_FACE('',(#349),#4223,.F.);
#4432=ADVANCED_FACE('',(#350),#4224,.F.);
#4433=ADVANCED_FACE('',(#351),#4225,.T.);
#4434=ADVANCED_FACE('',(#352),#4226,.F.);
#4435=ADVANCED_FACE('',(#353),#4227,.F.);
#4436=ADVANCED_FACE('',(#354),#4228,.F.);
#4437=ADVANCED_FACE('',(#355),#4229,.T.);
#4438=ADVANCED_FACE('',(#356),#4230,.F.);
#4439=ADVANCED_FACE('',(#357),#4231,.F.);
#4440=ADVANCED_FACE('',(#358),#4232,.F.);
#4441=ADVANCED_FACE('',(#359),#4233,.F.);
#4442=ADVANCED_FACE('',(#360),#4234,.T.);
#4443=ADVANCED_FACE('',(#361),#4235,.F.);
#4444=ADVANCED_FACE('',(#362),#4236,.F.);
#4445=ADVANCED_FACE('',(#363),#4237,.F.);
#4446=ADVANCED_FACE('',(#364),#4238,.F.);
#4447=ADVANCED_FACE('',(#365),#4239,.T.);
#4448=ADVANCED_FACE('',(#366),#4240,.F.);
#4449=ADVANCED_FACE('',(#367),#4241,.F.);
#4450=ADVANCED_FACE('',(#368),#4242,.F.);
#4451=ADVANCED_FACE('',(#369),#4243,.F.);
#4452=ADVANCED_FACE('',(#370),#4244,.F.);
#4453=ADVANCED_FACE('',(#371),#4245,.F.);
#4454=ADVANCED_FACE('',(#372),#4246,.T.);
#4455=ADVANCED_FACE('',(#373),#4247,.F.);
#4456=ADVANCED_FACE('',(#374),#4248,.F.);
#4457=ADVANCED_FACE('',(#375),#4249,.T.);
#4458=ADVANCED_FACE('',(#376),#4250,.T.);
#4459=ADVANCED_FACE('',(#377),#4251,.T.);
#4460=ADVANCED_FACE('',(#378),#4252,.T.);
#4461=ADVANCED_FACE('',(#379),#4253,.T.);
#4462=ADVANCED_FACE('',(#380,#216),#4254,.F.);
#4463=ADVANCED_FACE('',(#381),#4255,.F.);
#4464=ADVANCED_FACE('',(#382),#4256,.T.);
#4465=ADVANCED_FACE('',(#383),#4257,.T.);
#4466=ADVANCED_FACE('',(#384),#4258,.T.);
#4467=ADVANCED_FACE('',(#385),#4259,.F.);
#4468=ADVANCED_FACE('',(#386),#4260,.F.);
#4469=ADVANCED_FACE('',(#387),#31,.F.);
#4470=ADVANCED_FACE('',(#388),#4261,.F.);
#4471=ADVANCED_FACE('',(#389),#32,.F.);
#4472=ADVANCED_FACE('',(#390),#4262,.F.);
#4473=ADVANCED_FACE('',(#391),#33,.F.);
#4474=ADVANCED_FACE('',(#392),#4263,.F.);
#4475=ADVANCED_FACE('',(#393),#34,.F.);
#4476=ADVANCED_FACE('',(#394),#4264,.F.);
#4477=ADVANCED_FACE('',(#395),#35,.F.);
#4478=ADVANCED_FACE('',(#396),#4265,.F.);
#4479=ADVANCED_FACE('',(#397),#36,.F.);
#4480=ADVANCED_FACE('',(#398),#4266,.F.);
#4481=ADVANCED_FACE('',(#399),#37,.F.);
#4482=ADVANCED_FACE('',(#400),#4267,.F.);
#4483=ADVANCED_FACE('',(#401),#38,.F.);
#4484=ADVANCED_FACE('',(#402),#4268,.F.);
#4485=ADVANCED_FACE('',(#403),#39,.F.);
#4486=ADVANCED_FACE('',(#404),#4269,.F.);
#4487=ADVANCED_FACE('',(#405),#40,.F.);
#4488=ADVANCED_FACE('',(#406),#4270,.F.);
#4489=ADVANCED_FACE('',(#407),#41,.F.);
#4490=ADVANCED_FACE('',(#408),#4271,.F.);
#4491=ADVANCED_FACE('',(#409),#42,.F.);
#4492=ADVANCED_FACE('',(#410),#4272,.F.);
#4493=ADVANCED_FACE('',(#411),#43,.F.);
#4494=ADVANCED_FACE('',(#412),#4273,.F.);
#4495=ADVANCED_FACE('',(#413),#44,.F.);
#4496=ADVANCED_FACE('',(#414),#4274,.F.);
#4497=ADVANCED_FACE('',(#415),#45,.F.);
#4498=ADVANCED_FACE('',(#416),#4275,.F.);
#4499=ADVANCED_FACE('',(#417),#46,.F.);
#4500=ADVANCED_FACE('',(#418),#4276,.F.);
#4501=ADVANCED_FACE('',(#419),#47,.T.);
#4502=ADVANCED_FACE('',(#420,#217),#4277,.T.);
#4503=ADVANCED_FACE('',(#421),#48,.T.);
#4504=ADVANCED_FACE('',(#422,#218),#4278,.T.);
#4505=ADVANCED_FACE('',(#423),#49,.T.);
#4506=ADVANCED_FACE('',(#424,#219),#4279,.T.);
#4507=ADVANCED_FACE('',(#425),#50,.T.);
#4508=ADVANCED_FACE('',(#426,#220),#4280,.T.);
#4509=ADVANCED_FACE('',(#427),#51,.T.);
#4510=ADVANCED_FACE('',(#428,#221),#4281,.T.);
#4511=ADVANCED_FACE('',(#429),#52,.T.);
#4512=ADVANCED_FACE('',(#430,#222),#4282,.T.);
#4513=ADVANCED_FACE('',(#431),#53,.T.);
#4514=ADVANCED_FACE('',(#432,#223),#4283,.T.);
#4515=ADVANCED_FACE('',(#433),#54,.T.);
#4516=ADVANCED_FACE('',(#434,#224),#4284,.T.);
#4517=ADVANCED_FACE('',(#435),#55,.T.);
#4518=ADVANCED_FACE('',(#436,#225),#4285,.T.);
#4519=ADVANCED_FACE('',(#437),#56,.T.);
#4520=ADVANCED_FACE('',(#438,#226),#4286,.T.);
#4521=ADVANCED_FACE('',(#439),#57,.T.);
#4522=ADVANCED_FACE('',(#440,#227),#4287,.T.);
#4523=ADVANCED_FACE('',(#441),#58,.T.);
#4524=ADVANCED_FACE('',(#442,#228),#4288,.T.);
#4525=ADVANCED_FACE('',(#443),#59,.T.);
#4526=ADVANCED_FACE('',(#444,#229),#4289,.T.);
#4527=ADVANCED_FACE('',(#445),#60,.T.);
#4528=ADVANCED_FACE('',(#446,#230),#4290,.T.);
#4529=ADVANCED_FACE('',(#447),#61,.T.);
#4530=ADVANCED_FACE('',(#448,#231),#4291,.T.);
#4531=ADVANCED_FACE('',(#449),#62,.T.);
#4532=ADVANCED_FACE('',(#450,#232),#4292,.T.);
#4533=ADVANCED_FACE('',(#451),#4293,.F.);
#4534=ADVANCED_FACE('',(#452),#63,.T.);
#4535=ADVANCED_FACE('',(#453),#64,.T.);
#4536=ADVANCED_FACE('',(#454),#65,.T.);
#4537=ADVANCED_FACE('',(#455),#66,.T.);
#4538=ADVANCED_FACE('',(#456),#67,.F.);
#4539=ADVANCED_FACE('',(#457),#68,.F.);
#4540=ADVANCED_FACE('',(#458),#4294,.T.);
#4541=ADVANCED_FACE('',(#459,#233,#234,#235,#236),#4295,.F.);
#4542=ADVANCED_FACE('',(#460),#4296,.T.);
#4543=ADVANCED_FACE('',(#461),#4297,.T.);
#4544=ADVANCED_FACE('',(#462),#4298,.T.);
#4545=ADVANCED_FACE('',(#463),#4299,.F.);
#4546=ADVANCED_FACE('',(#464),#4300,.T.);
#4547=ADVANCED_FACE('',(#465),#4301,.T.);
#4548=ADVANCED_FACE('',(#466),#4302,.T.);
#4549=ADVANCED_FACE('',(#467),#4303,.T.);
#4550=ADVANCED_FACE('',(#468),#4304,.T.);
#4551=ADVANCED_FACE('',(#469),#4305,.T.);
#4552=ADVANCED_FACE('',(#470),#4306,.T.);
#4553=ADVANCED_FACE('',(#471),#69,.F.);
#4554=ADVANCED_FACE('',(#472),#4307,.T.);
#4555=ADVANCED_FACE('',(#473),#70,.F.);
#4556=ADVANCED_FACE('',(#474),#4308,.T.);
#4557=ADVANCED_FACE('',(#475),#4309,.T.);
#4558=ADVANCED_FACE('',(#476),#4310,.T.);
#4559=ADVANCED_FACE('',(#477),#4311,.F.);
#4560=ADVANCED_FACE('',(#478),#4312,.T.);
#4561=ADVANCED_FACE('',(#479),#4313,.T.);
#4562=ADVANCED_FACE('',(#480),#4314,.T.);
#4563=ADVANCED_FACE('',(#481),#4315,.F.);
#4564=ADVANCED_FACE('',(#482),#71,.F.);
#4565=ADVANCED_FACE('',(#483),#72,.F.);
#4566=ADVANCED_FACE('',(#484),#4316,.T.);
#4567=ADVANCED_FACE('',(#485),#4317,.T.);
#4568=ADVANCED_FACE('',(#486),#73,.T.);
#4569=ADVANCED_FACE('',(#487),#4318,.F.);
#4570=ADVANCED_FACE('',(#488),#74,.T.);
#4571=ADVANCED_FACE('',(#489),#4319,.T.);
#4572=ADVANCED_FACE('',(#490),#4320,.F.);
#4573=ADVANCED_FACE('',(#491),#4321,.F.);
#4574=ADVANCED_FACE('',(#492),#4322,.T.);
#4575=ADVANCED_FACE('',(#493),#4323,.T.);
#4576=ADVANCED_FACE('',(#494),#4324,.T.);
#4577=ADVANCED_FACE('',(#495),#4325,.T.);
#4578=CLOSED_SHELL('',(#4326,#4327,#4328,#4329,#4330,#4331,#4332,#4333,
#4334,#4335,#4336,#4337,#4338,#4339,#4340,#4341,#4342,#4343,#4344,#4345,
#4346,#4347,#4348,#4349,#4350,#4351,#4352,#4353,#4354,#4355,#4356,#4357,
#4358,#4359,#4360,#4361,#4362,#4363,#4364,#4365,#4366,#4367,#4368,#4369,
#4370,#4371,#4372,#4373,#4374,#4375,#4376,#4377,#4378,#4379,#4380,#4381,
#4382,#4383,#4384,#4385,#4386,#4387,#4388,#4389,#4390,#4391,#4392,#4393,
#4394,#4395,#4396,#4397,#4398,#4399,#4400,#4401,#4402,#4403,#4404,#4405,
#4406,#4407,#4408,#4409,#4410,#4411,#4412,#4413,#4414,#4415,#4416,#4417,
#4418,#4419,#4420,#4421,#4422,#4423,#4424,#4425,#4426,#4427,#4428,#4429,
#4430,#4431,#4432,#4433,#4434,#4435,#4436,#4437,#4438,#4439,#4440,#4441,
#4442,#4443,#4444,#4445,#4446,#4447,#4448,#4449,#4450,#4451,#4452,#4453,
#4454,#4455,#4456,#4457,#4458,#4459,#4460,#4461,#4462,#4463,#4464,#4465,
#4466,#4467,#4468,#4469,#4470,#4471,#4472,#4473,#4474,#4475,#4476,#4477,
#4478,#4479,#4480,#4481,#4482,#4483,#4484,#4485,#4486,#4487,#4488,#4489,
#4490,#4491,#4492,#4493,#4494,#4495,#4496,#4497,#4498,#4499,#4500,#4501,
#4502,#4503,#4504,#4505,#4506,#4507,#4508,#4509,#4510,#4511,#4512,#4513,
#4514,#4515,#4516,#4517,#4518,#4519,#4520,#4521,#4522,#4523,#4524,#4525,
#4526,#4527,#4528,#4529,#4530,#4531,#4532,#4533,#4534,#4535,#4536,#4537,
#4538,#4539,#4540,#4541,#4542,#4543,#4544,#4545,#4546,#4547,#4548,#4549,
#4550,#4551,#4552,#4553,#4554,#4555,#4556,#4557,#4558,#4559,#4560,#4561,
#4562,#4563,#4564,#4565,#4566,#4567,#4568,#4569,#4570,#4571,#4572,#4573,
#4574,#4575,#4576,#4577));
#4579=DERIVED_UNIT_ELEMENT(#4581,1.);
#4580=DERIVED_UNIT_ELEMENT(#7529,-3.);
#4581=(
MASS_UNIT()
NAMED_UNIT(*)
SI_UNIT(.KILO.,.GRAM.)
);
#4582=DERIVED_UNIT((#4579,#4580));
#4583=MEASURE_REPRESENTATION_ITEM('density measure',
POSITIVE_RATIO_MEASURE(7850.),#4582);
#4584=PROPERTY_DEFINITION_REPRESENTATION(#4589,#4586);
#4585=PROPERTY_DEFINITION_REPRESENTATION(#4590,#4587);
#4586=REPRESENTATION('material name',(#4588),#7526);
#4587=REPRESENTATION('density',(#4583),#7526);
#4588=DESCRIPTIVE_REPRESENTATION_ITEM('Steel','Steel');
#4589=PROPERTY_DEFINITION('material property','material name',#7536);
#4590=PROPERTY_DEFINITION('material property','density of part',#7536);
#4591=AXIS2_PLACEMENT_3D('',#6210,#4960,#4961);
#4592=AXIS2_PLACEMENT_3D('',#6211,#4962,#4963);
#4593=AXIS2_PLACEMENT_3D('',#6220,#4968,#4969);
#4594=AXIS2_PLACEMENT_3D('',#6230,#4975,#4976);
#4595=AXIS2_PLACEMENT_3D('',#6235,#4979,#4980);
#4596=AXIS2_PLACEMENT_3D('',#6236,#4981,#4982);
#4597=AXIS2_PLACEMENT_3D('',#6244,#4987,#4988);
#4598=AXIS2_PLACEMENT_3D('',#6270,#5002,#5003);
#4599=AXIS2_PLACEMENT_3D('',#6274,#5006,#5007);
#4600=AXIS2_PLACEMENT_3D('',#6278,#5010,#5011);
#4601=AXIS2_PLACEMENT_3D('',#6282,#5013,#5014);
#4602=AXIS2_PLACEMENT_3D('',#6284,#5016,#5017);
#4603=AXIS2_PLACEMENT_3D('',#6286,#5018,#5019);
#4604=AXIS2_PLACEMENT_3D('',#6288,#5021,#5022);
#4605=AXIS2_PLACEMENT_3D('',#6290,#5023,#5024);
#4606=AXIS2_PLACEMENT_3D('',#6291,#5025,#5026);
#4607=AXIS2_PLACEMENT_3D('',#6293,#5027,#5028);
#4608=AXIS2_PLACEMENT_3D('',#6295,#5030,#5031);
#4609=AXIS2_PLACEMENT_3D('',#6306,#5037,#5038);
#4610=AXIS2_PLACEMENT_3D('',#6312,#5042,#5043);
#4611=AXIS2_PLACEMENT_3D('',#6316,#5046,#5047);
#4612=AXIS2_PLACEMENT_3D('',#6322,#5051,#5052);
#4613=AXIS2_PLACEMENT_3D('',#6332,#5058,#5059);
#4614=AXIS2_PLACEMENT_3D('',#6344,#5065,#5066);
#4615=AXIS2_PLACEMENT_3D('',#6345,#5067,#5068);
#4616=AXIS2_PLACEMENT_3D('',#6346,#5069,#5070);
#4617=AXIS2_PLACEMENT_3D('',#6348,#5071,#5072);
#4618=AXIS2_PLACEMENT_3D('',#6350,#5073,#5074);
#4619=AXIS2_PLACEMENT_3D('',#6352,#5076,#5077);
#4620=AXIS2_PLACEMENT_3D('',#6354,#5078,#5079);
#4621=AXIS2_PLACEMENT_3D('',#6357,#5081,#5082);
#4622=AXIS2_PLACEMENT_3D('',#6358,#5083,#5084);
#4623=AXIS2_PLACEMENT_3D('',#6361,#5086,#5087);
#4624=AXIS2_PLACEMENT_3D('',#6362,#5088,#5089);
#4625=AXIS2_PLACEMENT_3D('',#6364,#5090,#5091);
#4626=AXIS2_PLACEMENT_3D('',#6367,#5093,#5094);
#4627=AXIS2_PLACEMENT_3D('',#6368,#5095,#5096);
#4628=AXIS2_PLACEMENT_3D('',#6369,#5097,#5098);
#4629=AXIS2_PLACEMENT_3D('',#6371,#5099,#5100);
#4630=AXIS2_PLACEMENT_3D('',#6374,#5102,#5103);
#4631=AXIS2_PLACEMENT_3D('',#6375,#5104,#5105);
#4632=AXIS2_PLACEMENT_3D('',#6378,#5107,#5108);
#4633=AXIS2_PLACEMENT_3D('',#6379,#5109,#5110);
#4634=AXIS2_PLACEMENT_3D('',#6381,#5111,#5112);
#4635=AXIS2_PLACEMENT_3D('',#6384,#5114,#5115);
#4636=AXIS2_PLACEMENT_3D('',#6385,#5116,#5117);
#4637=AXIS2_PLACEMENT_3D('',#6386,#5118,#5119);
#4638=AXIS2_PLACEMENT_3D('',#6388,#5120,#5121);
#4639=AXIS2_PLACEMENT_3D('',#6391,#5123,#5124);
#4640=AXIS2_PLACEMENT_3D('',#6392,#5125,#5126);
#4641=AXIS2_PLACEMENT_3D('',#6395,#5128,#5129);
#4642=AXIS2_PLACEMENT_3D('',#6396,#5130,#5131);
#4643=AXIS2_PLACEMENT_3D('',#6398,#5132,#5133);
#4644=AXIS2_PLACEMENT_3D('',#6401,#5135,#5136);
#4645=AXIS2_PLACEMENT_3D('',#6402,#5137,#5138);
#4646=AXIS2_PLACEMENT_3D('',#6403,#5139,#5140);
#4647=AXIS2_PLACEMENT_3D('',#6405,#5141,#5142);
#4648=AXIS2_PLACEMENT_3D('',#6408,#5144,#5145);
#4649=AXIS2_PLACEMENT_3D('',#6409,#5146,#5147);
#4650=AXIS2_PLACEMENT_3D('',#6412,#5149,#5150);
#4651=AXIS2_PLACEMENT_3D('',#6413,#5151,#5152);
#4652=AXIS2_PLACEMENT_3D('',#6415,#5153,#5154);
#4653=AXIS2_PLACEMENT_3D('',#6418,#5156,#5157);
#4654=AXIS2_PLACEMENT_3D('',#6419,#5158,#5159);
#4655=AXIS2_PLACEMENT_3D('',#6420,#5160,#5161);
#4656=AXIS2_PLACEMENT_3D('',#6445,#5174,#5175);
#4657=AXIS2_PLACEMENT_3D('',#6451,#5179,#5180);
#4658=AXIS2_PLACEMENT_3D('',#6455,#5183,#5184);
#4659=AXIS2_PLACEMENT_3D('',#6467,#5191,#5192);
#4660=AXIS2_PLACEMENT_3D('',#6471,#5195,#5196);
#4661=AXIS2_PLACEMENT_3D('',#6475,#5199,#5200);
#4662=AXIS2_PLACEMENT_3D('',#6479,#5203,#5204);
#4663=AXIS2_PLACEMENT_3D('',#6490,#5210,#5211);
#4664=AXIS2_PLACEMENT_3D('',#6496,#5215,#5216);
#4665=AXIS2_PLACEMENT_3D('',#6502,#5220,#5221);
#4666=AXIS2_PLACEMENT_3D('',#6508,#5225,#5226);
#4667=AXIS2_PLACEMENT_3D('',#6514,#5230,#5231);
#4668=AXIS2_PLACEMENT_3D('',#6520,#5235,#5236);
#4669=AXIS2_PLACEMENT_3D('',#6542,#5247,#5248);
#4670=AXIS2_PLACEMENT_3D('',#6566,#5261,#5262);
#4671=AXIS2_PLACEMENT_3D('',#6603,#5281,#5282);
#4672=AXIS2_PLACEMENT_3D('',#6605,#5283,#5284);
#4673=AXIS2_PLACEMENT_3D('',#6607,#5285,#5286);
#4674=AXIS2_PLACEMENT_3D('',#6609,#5287,#5288);
#4675=AXIS2_PLACEMENT_3D('',#6611,#5289,#5290);
#4676=AXIS2_PLACEMENT_3D('',#6613,#5291,#5292);
#4677=AXIS2_PLACEMENT_3D('',#6615,#5293,#5294);
#4678=AXIS2_PLACEMENT_3D('',#6617,#5295,#5296);
#4679=AXIS2_PLACEMENT_3D('',#6619,#5297,#5298);
#4680=AXIS2_PLACEMENT_3D('',#6621,#5299,#5300);
#4681=AXIS2_PLACEMENT_3D('',#6623,#5301,#5302);
#4682=AXIS2_PLACEMENT_3D('',#6625,#5303,#5304);
#4683=AXIS2_PLACEMENT_3D('',#6627,#5305,#5306);
#4684=AXIS2_PLACEMENT_3D('',#6629,#5307,#5308);
#4685=AXIS2_PLACEMENT_3D('',#6631,#5309,#5310);
#4686=AXIS2_PLACEMENT_3D('',#6633,#5311,#5312);
#4687=AXIS2_PLACEMENT_3D('',#6674,#5333,#5334);
#4688=AXIS2_PLACEMENT_3D('',#6680,#5338,#5339);
#4689=AXIS2_PLACEMENT_3D('',#6682,#5341,#5342);
#4690=AXIS2_PLACEMENT_3D('',#6688,#5346,#5347);
#4691=AXIS2_PLACEMENT_3D('',#6690,#5349,#5350);
#4692=AXIS2_PLACEMENT_3D('',#6692,#5352,#5353);
#4693=AXIS2_PLACEMENT_3D('',#6698,#5357,#5358);
#4694=AXIS2_PLACEMENT_3D('',#6702,#5361,#5362);
#4695=AXIS2_PLACEMENT_3D('',#6706,#5365,#5366);
#4696=AXIS2_PLACEMENT_3D('',#6714,#5371,#5372);
#4697=AXIS2_PLACEMENT_3D('',#6718,#5375,#5376);
#4698=AXIS2_PLACEMENT_3D('',#6720,#5378,#5379);
#4699=AXIS2_PLACEMENT_3D('',#6729,#5385,#5386);
#4700=AXIS2_PLACEMENT_3D('',#6733,#5389,#5390);
#4701=AXIS2_PLACEMENT_3D('',#6735,#5392,#5393);
#4702=AXIS2_PLACEMENT_3D('',#6736,#5394,#5395);
#4703=AXIS2_PLACEMENT_3D('',#6745,#5400,#5401);
#4704=AXIS2_PLACEMENT_3D('',#6751,#5405,#5406);
#4705=AXIS2_PLACEMENT_3D('',#6755,#5409,#5410);
#4706=AXIS2_PLACEMENT_3D('',#6760,#5414,#5415);
#4707=AXIS2_PLACEMENT_3D('',#6769,#5420,#5421);
#4708=AXIS2_PLACEMENT_3D('',#6773,#5424,#5425);
#4709=AXIS2_PLACEMENT_3D('',#6776,#5428,#5429);
#4710=AXIS2_PLACEMENT_3D('',#6784,#5434,#5435);
#4711=AXIS2_PLACEMENT_3D('',#6788,#5438,#5439);
#4712=AXIS2_PLACEMENT_3D('',#6790,#5441,#5442);
#4713=AXIS2_PLACEMENT_3D('',#6794,#5445,#5446);
#4714=AXIS2_PLACEMENT_3D('',#6800,#5450,#5451);
#4715=AXIS2_PLACEMENT_3D('',#6802,#5453,#5454);
#4716=AXIS2_PLACEMENT_3D('',#6804,#5456,#5457);
#4717=AXIS2_PLACEMENT_3D('',#6805,#5458,#5459);
#4718=AXIS2_PLACEMENT_3D('',#6814,#5464,#5465);
#4719=AXIS2_PLACEMENT_3D('',#6821,#5470,#5471);
#4720=AXIS2_PLACEMENT_3D('',#6825,#5474,#5475);
#4721=AXIS2_PLACEMENT_3D('',#6829,#5478,#5479);
#4722=AXIS2_PLACEMENT_3D('',#6838,#5484,#5485);
#4723=AXIS2_PLACEMENT_3D('',#6847,#5491,#5492);
#4724=AXIS2_PLACEMENT_3D('',#6849,#5494,#5495);
#4725=AXIS2_PLACEMENT_3D('',#6853,#5498,#5499);
#4726=AXIS2_PLACEMENT_3D('',#6859,#5503,#5504);
#4727=AXIS2_PLACEMENT_3D('',#6863,#5507,#5508);
#4728=AXIS2_PLACEMENT_3D('',#6867,#5511,#5512);
#4729=AXIS2_PLACEMENT_3D('',#6870,#5515,#5516);
#4730=AXIS2_PLACEMENT_3D('',#6872,#5518,#5519);
#4731=AXIS2_PLACEMENT_3D('',#6873,#5520,#5521);
#4732=AXIS2_PLACEMENT_3D('',#6874,#5522,#5523);
#4733=AXIS2_PLACEMENT_3D('',#6882,#5528,#5529);
#4734=AXIS2_PLACEMENT_3D('',#6888,#5533,#5534);
#4735=AXIS2_PLACEMENT_3D('',#6899,#5541,#5542);
#4736=AXIS2_PLACEMENT_3D('',#6907,#5547,#5548);
#4737=AXIS2_PLACEMENT_3D('',#6910,#5551,#5552);
#4738=AXIS2_PLACEMENT_3D('',#6923,#5559,#5560);
#4739=AXIS2_PLACEMENT_3D('',#6928,#5564,#5565);
#4740=AXIS2_PLACEMENT_3D('',#6932,#5568,#5569);
#4741=AXIS2_PLACEMENT_3D('',#6938,#5573,#5574);
#4742=AXIS2_PLACEMENT_3D('',#6948,#5580,#5581);
#4743=AXIS2_PLACEMENT_3D('',#6953,#5585,#5586);
#4744=AXIS2_PLACEMENT_3D('',#6957,#5589,#5590);
#4745=AXIS2_PLACEMENT_3D('',#6961,#5593,#5594);
#4746=AXIS2_PLACEMENT_3D('',#6965,#5597,#5598);
#4747=AXIS2_PLACEMENT_3D('',#6967,#5600,#5601);
#4748=AXIS2_PLACEMENT_3D('',#6968,#5602,#5603);
#4749=AXIS2_PLACEMENT_3D('',#6972,#5606,#5607);
#4750=AXIS2_PLACEMENT_3D('',#6976,#5610,#5611);
#4751=AXIS2_PLACEMENT_3D('',#6978,#5613,#5614);
#4752=AXIS2_PLACEMENT_3D('',#6982,#5617,#5618);
#4753=AXIS2_PLACEMENT_3D('',#6986,#5621,#5622);
#4754=AXIS2_PLACEMENT_3D('',#6992,#5626,#5627);
#4755=AXIS2_PLACEMENT_3D('',#6994,#5629,#5630);
#4756=AXIS2_PLACEMENT_3D('',#6996,#5632,#5633);
#4757=AXIS2_PLACEMENT_3D('',#6998,#5635,#5636);
#4758=AXIS2_PLACEMENT_3D('',#6999,#5637,#5638);
#4759=AXIS2_PLACEMENT_3D('',#7000,#5639,#5640);
#4760=AXIS2_PLACEMENT_3D('',#7002,#5642,#5643);
#4761=AXIS2_PLACEMENT_3D('',#7003,#5644,#5645);
#4762=AXIS2_PLACEMENT_3D('',#7005,#5647,#5648);
#4763=AXIS2_PLACEMENT_3D('',#7007,#5650,#5651);
#4764=AXIS2_PLACEMENT_3D('',#7008,#5652,#5653);
#4765=AXIS2_PLACEMENT_3D('',#7014,#5657,#5658);
#4766=AXIS2_PLACEMENT_3D('',#7020,#5662,#5663);
#4767=AXIS2_PLACEMENT_3D('',#7029,#5668,#5669);
#4768=AXIS2_PLACEMENT_3D('',#7032,#5672,#5673);
#4769=AXIS2_PLACEMENT_3D('',#7042,#5680,#5681);
#4770=AXIS2_PLACEMENT_3D('',#7053,#5688,#5689);
#4771=AXIS2_PLACEMENT_3D('',#7059,#5693,#5694);
#4772=AXIS2_PLACEMENT_3D('',#7064,#5698,#5699);
#4773=AXIS2_PLACEMENT_3D('',#7068,#5702,#5703);
#4774=AXIS2_PLACEMENT_3D('',#7070,#5705,#5706);
#4775=AXIS2_PLACEMENT_3D('',#7071,#5707,#5708);
#4776=AXIS2_PLACEMENT_3D('',#7081,#5714,#5715);
#4777=AXIS2_PLACEMENT_3D('',#7084,#5718,#5719);
#4778=AXIS2_PLACEMENT_3D('',#7086,#5721,#5722);
#4779=AXIS2_PLACEMENT_3D('',#7088,#5724,#5725);
#4780=AXIS2_PLACEMENT_3D('',#7089,#5726,#5727);
#4781=AXIS2_PLACEMENT_3D('',#7091,#5729,#5730);
#4782=AXIS2_PLACEMENT_3D('',#7092,#5731,#5732);
#4783=AXIS2_PLACEMENT_3D('',#7094,#5733,#5734);
#4784=AXIS2_PLACEMENT_3D('',#7097,#5736,#5737);
#4785=AXIS2_PLACEMENT_3D('',#7098,#5738,#5739);
#4786=AXIS2_PLACEMENT_3D('',#7099,#5740,#5741);
#4787=AXIS2_PLACEMENT_3D('',#7101,#5742,#5743);
#4788=AXIS2_PLACEMENT_3D('',#7104,#5745,#5746);
#4789=AXIS2_PLACEMENT_3D('',#7105,#5747,#5748);
#4790=AXIS2_PLACEMENT_3D('',#7106,#5749,#5750);
#4791=AXIS2_PLACEMENT_3D('',#7108,#5751,#5752);
#4792=AXIS2_PLACEMENT_3D('',#7111,#5754,#5755);
#4793=AXIS2_PLACEMENT_3D('',#7112,#5756,#5757);
#4794=AXIS2_PLACEMENT_3D('',#7113,#5758,#5759);
#4795=AXIS2_PLACEMENT_3D('',#7115,#5760,#5761);
#4796=AXIS2_PLACEMENT_3D('',#7118,#5763,#5764);
#4797=AXIS2_PLACEMENT_3D('',#7119,#5765,#5766);
#4798=AXIS2_PLACEMENT_3D('',#7120,#5767,#5768);
#4799=AXIS2_PLACEMENT_3D('',#7122,#5769,#5770);
#4800=AXIS2_PLACEMENT_3D('',#7125,#5772,#5773);
#4801=AXIS2_PLACEMENT_3D('',#7126,#5774,#5775);
#4802=AXIS2_PLACEMENT_3D('',#7127,#5776,#5777);
#4803=AXIS2_PLACEMENT_3D('',#7129,#5778,#5779);
#4804=AXIS2_PLACEMENT_3D('',#7132,#5781,#5782);
#4805=AXIS2_PLACEMENT_3D('',#7133,#5783,#5784);
#4806=AXIS2_PLACEMENT_3D('',#7134,#5785,#5786);
#4807=AXIS2_PLACEMENT_3D('',#7136,#5787,#5788);
#4808=AXIS2_PLACEMENT_3D('',#7139,#5790,#5791);
#4809=AXIS2_PLACEMENT_3D('',#7140,#5792,#5793);
#4810=AXIS2_PLACEMENT_3D('',#7141,#5794,#5795);
#4811=AXIS2_PLACEMENT_3D('',#7143,#5796,#5797);
#4812=AXIS2_PLACEMENT_3D('',#7146,#5799,#5800);
#4813=AXIS2_PLACEMENT_3D('',#7147,#5801,#5802);
#4814=AXIS2_PLACEMENT_3D('',#7148,#5803,#5804);
#4815=AXIS2_PLACEMENT_3D('',#7150,#5805,#5806);
#4816=AXIS2_PLACEMENT_3D('',#7153,#5808,#5809);
#4817=AXIS2_PLACEMENT_3D('',#7154,#5810,#5811);
#4818=AXIS2_PLACEMENT_3D('',#7155,#5812,#5813);
#4819=AXIS2_PLACEMENT_3D('',#7157,#5814,#5815);
#4820=AXIS2_PLACEMENT_3D('',#7160,#5817,#5818);
#4821=AXIS2_PLACEMENT_3D('',#7161,#5819,#5820);
#4822=AXIS2_PLACEMENT_3D('',#7162,#5821,#5822);
#4823=AXIS2_PLACEMENT_3D('',#7164,#5823,#5824);
#4824=AXIS2_PLACEMENT_3D('',#7167,#5826,#5827);
#4825=AXIS2_PLACEMENT_3D('',#7168,#5828,#5829);
#4826=AXIS2_PLACEMENT_3D('',#7169,#5830,#5831);
#4827=AXIS2_PLACEMENT_3D('',#7171,#5832,#5833);
#4828=AXIS2_PLACEMENT_3D('',#7174,#5835,#5836);
#4829=AXIS2_PLACEMENT_3D('',#7175,#5837,#5838);
#4830=AXIS2_PLACEMENT_3D('',#7176,#5839,#5840);
#4831=AXIS2_PLACEMENT_3D('',#7178,#5841,#5842);
#4832=AXIS2_PLACEMENT_3D('',#7181,#5844,#5845);
#4833=AXIS2_PLACEMENT_3D('',#7182,#5846,#5847);
#4834=AXIS2_PLACEMENT_3D('',#7183,#5848,#5849);
#4835=AXIS2_PLACEMENT_3D('',#7185,#5850,#5851);
#4836=AXIS2_PLACEMENT_3D('',#7188,#5853,#5854);
#4837=AXIS2_PLACEMENT_3D('',#7189,#5855,#5856);
#4838=AXIS2_PLACEMENT_3D('',#7190,#5857,#5858);
#4839=AXIS2_PLACEMENT_3D('',#7192,#5859,#5860);
#4840=AXIS2_PLACEMENT_3D('',#7195,#5862,#5863);
#4841=AXIS2_PLACEMENT_3D('',#7196,#5864,#5865);
#4842=AXIS2_PLACEMENT_3D('',#7197,#5866,#5867);
#4843=AXIS2_PLACEMENT_3D('',#7199,#5868,#5869);
#4844=AXIS2_PLACEMENT_3D('',#7202,#5871,#5872);
#4845=AXIS2_PLACEMENT_3D('',#7203,#5873,#5874);
#4846=AXIS2_PLACEMENT_3D('',#7204,#5875,#5876);
#4847=AXIS2_PLACEMENT_3D('',#7206,#5877,#5878);
#4848=AXIS2_PLACEMENT_3D('',#7208,#5880,#5881);
#4849=AXIS2_PLACEMENT_3D('',#7209,#5882,#5883);
#4850=AXIS2_PLACEMENT_3D('',#7211,#5884,#5885);
#4851=AXIS2_PLACEMENT_3D('',#7213,#5887,#5888);
#4852=AXIS2_PLACEMENT_3D('',#7214,#5889,#5890);
#4853=AXIS2_PLACEMENT_3D('',#7216,#5891,#5892);
#4854=AXIS2_PLACEMENT_3D('',#7218,#5894,#5895);
#4855=AXIS2_PLACEMENT_3D('',#7219,#5896,#5897);
#4856=AXIS2_PLACEMENT_3D('',#7221,#5898,#5899);
#4857=AXIS2_PLACEMENT_3D('',#7223,#5901,#5902);
#4858=AXIS2_PLACEMENT_3D('',#7224,#5903,#5904);
#4859=AXIS2_PLACEMENT_3D('',#7226,#5905,#5906);
#4860=AXIS2_PLACEMENT_3D('',#7228,#5908,#5909);
#4861=AXIS2_PLACEMENT_3D('',#7229,#5910,#5911);
#4862=AXIS2_PLACEMENT_3D('',#7231,#5912,#5913);
#4863=AXIS2_PLACEMENT_3D('',#7233,#5915,#5916);
#4864=AXIS2_PLACEMENT_3D('',#7234,#5917,#5918);
#4865=AXIS2_PLACEMENT_3D('',#7236,#5919,#5920);
#4866=AXIS2_PLACEMENT_3D('',#7238,#5922,#5923);
#4867=AXIS2_PLACEMENT_3D('',#7239,#5924,#5925);
#4868=AXIS2_PLACEMENT_3D('',#7241,#5926,#5927);
#4869=AXIS2_PLACEMENT_3D('',#7243,#5929,#5930);
#4870=AXIS2_PLACEMENT_3D('',#7244,#5931,#5932);
#4871=AXIS2_PLACEMENT_3D('',#7246,#5933,#5934);
#4872=AXIS2_PLACEMENT_3D('',#7248,#5936,#5937);
#4873=AXIS2_PLACEMENT_3D('',#7249,#5938,#5939);
#4874=AXIS2_PLACEMENT_3D('',#7251,#5940,#5941);
#4875=AXIS2_PLACEMENT_3D('',#7253,#5943,#5944);
#4876=AXIS2_PLACEMENT_3D('',#7254,#5945,#5946);
#4877=AXIS2_PLACEMENT_3D('',#7256,#5947,#5948);
#4878=AXIS2_PLACEMENT_3D('',#7258,#5950,#5951);
#4879=AXIS2_PLACEMENT_3D('',#7259,#5952,#5953);
#4880=AXIS2_PLACEMENT_3D('',#7261,#5954,#5955);
#4881=AXIS2_PLACEMENT_3D('',#7263,#5957,#5958);
#4882=AXIS2_PLACEMENT_3D('',#7264,#5959,#5960);
#4883=AXIS2_PLACEMENT_3D('',#7266,#5961,#5962);
#4884=AXIS2_PLACEMENT_3D('',#7268,#5964,#5965);
#4885=AXIS2_PLACEMENT_3D('',#7269,#5966,#5967);
#4886=AXIS2_PLACEMENT_3D('',#7271,#5968,#5969);
#4887=AXIS2_PLACEMENT_3D('',#7273,#5971,#5972);
#4888=AXIS2_PLACEMENT_3D('',#7274,#5973,#5974);
#4889=AXIS2_PLACEMENT_3D('',#7276,#5975,#5976);
#4890=AXIS2_PLACEMENT_3D('',#7278,#5978,#5979);
#4891=AXIS2_PLACEMENT_3D('',#7279,#5980,#5981);
#4892=AXIS2_PLACEMENT_3D('',#7281,#5982,#5983);
#4893=AXIS2_PLACEMENT_3D('',#7283,#5985,#5986);
#4894=AXIS2_PLACEMENT_3D('',#7284,#5987,#5988);
#4895=AXIS2_PLACEMENT_3D('',#7296,#5995,#5996);
#4896=AXIS2_PLACEMENT_3D('',#7297,#5997,#5998);
#4897=AXIS2_PLACEMENT_3D('',#7298,#5999,#6000);
#4898=AXIS2_PLACEMENT_3D('',#7299,#6001,#6002);
#4899=AXIS2_PLACEMENT_3D('',#7300,#6003,#6004);
#4900=AXIS2_PLACEMENT_3D('',#7301,#6005,#6006);
#4901=AXIS2_PLACEMENT_3D('',#7310,#6007,#6008);
#4902=AXIS2_PLACEMENT_3D('',#7311,#6009,#6010);
#4903=AXIS2_PLACEMENT_3D('',#7320,#6011,#6012);
#4904=AXIS2_PLACEMENT_3D('',#7323,#6014,#6015);
#4905=AXIS2_PLACEMENT_3D('',#7324,#6016,#6017);
#4906=AXIS2_PLACEMENT_3D('',#7326,#6019,#6020);
#4907=AXIS2_PLACEMENT_3D('',#7330,#6023,#6024);
#4908=AXIS2_PLACEMENT_3D('',#7331,#6025,#6026);
#4909=AXIS2_PLACEMENT_3D('',#7340,#6031,#6032);
#4910=AXIS2_PLACEMENT_3D('',#7365,#6046,#6047);
#4911=AXIS2_PLACEMENT_3D('',#7390,#6061,#6062);
#4912=AXIS2_PLACEMENT_3D('',#7400,#6068,#6069);
#4913=AXIS2_PLACEMENT_3D('',#7405,#6072,#6073);
#4914=AXIS2_PLACEMENT_3D('',#7406,#6074,#6075);
#4915=AXIS2_PLACEMENT_3D('',#7408,#6076,#6077);
#4916=AXIS2_PLACEMENT_3D('',#7412,#6080,#6081);
#4917=AXIS2_PLACEMENT_3D('',#7414,#6083,#6084);
#4918=AXIS2_PLACEMENT_3D('',#7416,#6086,#6087);
#4919=AXIS2_PLACEMENT_3D('',#7418,#6089,#6090);
#4920=AXIS2_PLACEMENT_3D('',#7424,#6094,#6095);
#4921=AXIS2_PLACEMENT_3D('',#7434,#6101,#6102);
#4922=AXIS2_PLACEMENT_3D('',#7436,#6103,#6104);
#4923=AXIS2_PLACEMENT_3D('',#7438,#6105,#6106);
#4924=AXIS2_PLACEMENT_3D('',#7440,#6108,#6109);
#4925=AXIS2_PLACEMENT_3D('',#7447,#6114,#6115);
#4926=AXIS2_PLACEMENT_3D('',#7449,#6116,#6117);
#4927=AXIS2_PLACEMENT_3D('',#7451,#6118,#6119);
#4928=AXIS2_PLACEMENT_3D('',#7453,#6121,#6122);
#4929=AXIS2_PLACEMENT_3D('',#7460,#6127,#6128);
#4930=AXIS2_PLACEMENT_3D('',#7464,#6130,#6131);
#4931=AXIS2_PLACEMENT_3D('',#7467,#6133,#6134);
#4932=AXIS2_PLACEMENT_3D('',#7468,#6135,#6136);
#4933=AXIS2_PLACEMENT_3D('',#7471,#6139,#6140);
#4934=AXIS2_PLACEMENT_3D('',#7473,#6142,#6143);
#4935=AXIS2_PLACEMENT_3D('',#7474,#6144,#6145);
#4936=AXIS2_PLACEMENT_3D('',#7478,#6148,#6149);
#4937=AXIS2_PLACEMENT_3D('',#7480,#6150,#6151);
#4938=AXIS2_PLACEMENT_3D('',#7482,#6153,#6154);
#4939=AXIS2_PLACEMENT_3D('',#7487,#6158,#6159);
#4940=AXIS2_PLACEMENT_3D('',#7488,#6160,#6161);
#4941=AXIS2_PLACEMENT_3D('',#7489,#6162,#6163);
#4942=AXIS2_PLACEMENT_3D('',#7490,#6164,#6165);
#4943=AXIS2_PLACEMENT_3D('',#7491,#6166,#6167);
#4944=AXIS2_PLACEMENT_3D('',#7493,#6168,#6169);
#4945=AXIS2_PLACEMENT_3D('',#7499,#6173,#6174);
#4946=AXIS2_PLACEMENT_3D('',#7500,#6175,#6176);
#4947=AXIS2_PLACEMENT_3D('',#7501,#6177,#6178);
#4948=AXIS2_PLACEMENT_3D('',#7502,#6179,#6180);
#4949=AXIS2_PLACEMENT_3D('',#7503,#6181,#6182);
#4950=AXIS2_PLACEMENT_3D('',#7504,#6183,#6184);
#4951=AXIS2_PLACEMENT_3D('',#7506,#6185,#6186);
#4952=AXIS2_PLACEMENT_3D('',#7507,#6187,#6188);
#4953=AXIS2_PLACEMENT_3D('',#7508,#6189,#6190);
#4954=AXIS2_PLACEMENT_3D('',#7512,#6193,#6194);
#4955=AXIS2_PLACEMENT_3D('',#7514,#6196,#6197);
#4956=AXIS2_PLACEMENT_3D('',#7516,#6199,#6200);
#4957=AXIS2_PLACEMENT_3D('',#7520,#6203,#6204);
#4958=AXIS2_PLACEMENT_3D('',#7521,#6205,#6206);
#4959=AXIS2_PLACEMENT_3D('',#7523,#6208,#6209);
#4960=DIRECTION('axis',(0.,0.,1.));
#4961=DIRECTION('refdir',(1.,0.,0.));
#4962=DIRECTION('center_axis',(0.,0.,1.));
#4963=DIRECTION('ref_axis',(0.,-1.,0.));
#4964=DIRECTION('',(1.,0.,0.));
#4965=DIRECTION('',(0.,1.,0.));
#4966=DIRECTION('',(1.,0.,0.));
#4967=DIRECTION('',(0.,1.,0.));
#4968=DIRECTION('center_axis',(-1.,0.,0.));
#4969=DIRECTION('ref_axis',(0.,-1.,0.));
#4970=DIRECTION('',(0.,0.,1.));
#4971=DIRECTION('',(0.,0.,1.));
#4972=DIRECTION('',(0.,-0.939692620785909,0.342020143325669));
#4973=DIRECTION('',(0.,-0.342020143325669,-0.939692620785909));
#4974=DIRECTION('',(0.,-1.,0.));
#4975=DIRECTION('center_axis',(0.,-1.,0.));
#4976=DIRECTION('ref_axis',(1.,0.,0.));
#4977=DIRECTION('',(-1.,0.,0.));
#4978=DIRECTION('',(0.,0.,-1.));
#4979=DIRECTION('center_axis',(0.,1.,0.));
#4980=DIRECTION('ref_axis',(0.,0.,-1.));
#4981=DIRECTION('center_axis',(1.,0.,0.));
#4982=DIRECTION('ref_axis',(0.,1.,0.));
#4983=DIRECTION('',(0.,0.,-1.));
#4984=DIRECTION('',(0.,1.,0.));
#4985=DIRECTION('',(0.,0.342020143325669,0.939692620785909));
#4986=DIRECTION('',(0.,0.939692620785909,-0.342020143325669));
#4987=DIRECTION('center_axis',(0.,-1.,0.));
#4988=DIRECTION('ref_axis',(1.,0.,0.));
#4989=DIRECTION('',(1.,0.,0.));
#4990=DIRECTION('',(0.,0.,1.));
#4991=DIRECTION('',(1.,0.,0.));
#4992=DIRECTION('',(0.,0.,-1.));
#4993=DIRECTION('',(1.,0.,0.));
#4994=DIRECTION('',(0.,0.,-1.));
#4995=DIRECTION('',(1.,0.,0.));
#4996=DIRECTION('',(0.,0.,-1.));
#4997=DIRECTION('',(1.,0.,0.));
#4998=DIRECTION('',(0.,0.,1.));
#4999=DIRECTION('',(1.,0.,0.));
#5000=DIRECTION('',(0.,0.,1.));
#5001=DIRECTION('',(1.,0.,0.));
#5002=DIRECTION('center_axis',(0.,0.,1.));
#5003=DIRECTION('ref_axis',(0.,-1.,0.));
#5004=DIRECTION('',(-1.,0.,0.));
#5005=DIRECTION('',(0.,-1.,0.));
#5006=DIRECTION('center_axis',(0.,0.,1.));
#5007=DIRECTION('ref_axis',(0.,-1.,0.));
#5008=DIRECTION('',(0.,-1.,0.));
#5009=DIRECTION('',(-1.,0.,0.));
#5010=DIRECTION('center_axis',(0.,-0.939692620785908,0.342020143325669));
#5011=DIRECTION('ref_axis',(1.,0.,0.));
#5012=DIRECTION('',(-1.,0.,0.));
#5013=DIRECTION('center_axis',(0.,0.939692620785908,-0.342020143325669));
#5014=DIRECTION('ref_axis',(1.,0.,0.));
#5015=DIRECTION('',(0.,-0.342020143325669,-0.939692620785909));
#5016=DIRECTION('center_axis',(0.,0.939692620785908,-0.342020143325669));
#5017=DIRECTION('ref_axis',(1.,0.,0.));
#5018=DIRECTION('center_axis',(0.,-0.939692620785908,0.342020143325669));
#5019=DIRECTION('ref_axis',(1.,0.,0.));
#5020=DIRECTION('',(0.,0.939692620785908,-0.342020143325669));
#5021=DIRECTION('center_axis',(0.,-0.939692620785908,0.342020143325669));
#5022=DIRECTION('ref_axis',(-1.,0.,0.));
#5023=DIRECTION('center_axis',(0.,0.939692620785908,-0.342020143325669));
#5024=DIRECTION('ref_axis',(1.,0.,0.));
#5025=DIRECTION('center_axis',(0.,0.939692620785908,-0.342020143325669));
#5026=DIRECTION('ref_axis',(1.,0.,0.));
#5027=DIRECTION('center_axis',(0.,0.939692620785908,-0.342020143325669));
#5028=DIRECTION('ref_axis',(1.,0.,0.));
#5029=DIRECTION('',(0.,0.939692620785908,-0.342020143325669));
#5030=DIRECTION('center_axis',(-1.,0.,0.));
#5031=DIRECTION('ref_axis',(0.,-1.,0.));
#5032=DIRECTION('',(0.,-0.939692620785909,0.342020143325669));
#5033=DIRECTION('',(0.,-0.342020143325669,-0.939692620785908));
#5034=DIRECTION('',(0.,1.,0.));
#5035=DIRECTION('',(0.,0.,-1.));
#5036=DIRECTION('',(0.,-0.342020143325669,-0.939692620785908));
#5037=DIRECTION('center_axis',(0.,0.,1.));
#5038=DIRECTION('ref_axis',(0.,-1.,0.));
#5039=DIRECTION('',(-1.,0.,0.));
#5040=DIRECTION('',(-1.,0.,0.));
#5041=DIRECTION('',(0.,1.,0.));
#5042=DIRECTION('center_axis',(0.,-0.939692620785908,0.342020143325669));
#5043=DIRECTION('ref_axis',(0.,-0.342020143325669,-0.939692620785908));
#5044=DIRECTION('',(1.,0.,0.));
#5045=DIRECTION('',(0.,0.342020143325669,0.939692620785908));
#5046=DIRECTION('center_axis',(1.,0.,0.));
#5047=DIRECTION('ref_axis',(0.,1.,0.));
#5048=DIRECTION('',(0.,0.939692620785909,-0.342020143325669));
#5049=DIRECTION('',(0.,0.342020143325669,0.939692620785908));
#5050=DIRECTION('',(0.,0.,1.));
#5051=DIRECTION('center_axis',(0.,-1.,0.));
#5052=DIRECTION('ref_axis',(1.,0.,0.));
#5053=DIRECTION('',(-1.,0.,0.));
#5054=DIRECTION('',(0.,0.,-1.));
#5055=DIRECTION('',(1.,0.,0.));
#5056=DIRECTION('',(0.,0.,1.));
#5057=DIRECTION('',(-1.,0.,0.));
#5058=DIRECTION('center_axis',(0.,-0.939692620785908,0.342020143325669));
#5059=DIRECTION('ref_axis',(0.,-0.342020143325669,-0.939692620785908));
#5060=DIRECTION('',(1.,0.,0.));
#5061=DIRECTION('',(0.,-0.342020143325669,-0.939692620785908));
#5062=DIRECTION('',(-1.,0.,0.));
#5063=DIRECTION('',(0.,0.342020143325669,0.939692620785908));
#5064=DIRECTION('',(1.,0.,0.));
#5065=DIRECTION('center_axis',(0.,-0.939692620785908,0.342020143325669));
#5066=DIRECTION('ref_axis',(1.,0.,0.));
#5067=DIRECTION('center_axis',(0.,0.939692620785908,-0.342020143325669));
#5068=DIRECTION('ref_axis',(0.,0.342020143325669,0.939692620785908));
#5069=DIRECTION('center_axis',(0.,-0.939692620785908,0.342020143325669));
#5070=DIRECTION('ref_axis',(0.,-0.342020143325669,-0.939692620785908));
#5071=DIRECTION('center_axis',(0.,0.939692620785908,-0.342020143325669));
#5072=DIRECTION('ref_axis',(0.,0.342020143325669,0.939692620785908));
#5073=DIRECTION('center_axis',(0.,-0.939692620785908,0.342020143325669));
#5074=DIRECTION('ref_axis',(1.,0.,0.));
#5075=DIRECTION('',(1.,0.,0.));
#5076=DIRECTION('center_axis',(0.,0.,-1.));
#5077=DIRECTION('ref_axis',(1.,0.,0.));
#5078=DIRECTION('center_axis',(0.,0.,1.));
#5079=DIRECTION('ref_axis',(1.,0.,0.));
#5080=DIRECTION('',(0.704585925354419,8.62868898209565E-17,0.709618681964093));
#5081=DIRECTION('center_axis',(0.,0.,-1.));
#5082=DIRECTION('ref_axis',(1.,0.,0.));
#5083=DIRECTION('center_axis',(0.,0.,1.));
#5084=DIRECTION('ref_axis',(1.,0.,0.));
#5085=DIRECTION('',(0.,0.,1.));
#5086=DIRECTION('center_axis',(0.,0.,-1.));
#5087=DIRECTION('ref_axis',(1.,0.,0.));
#5088=DIRECTION('center_axis',(0.,0.,1.));
#5089=DIRECTION('ref_axis',(1.,0.,0.));
#5090=DIRECTION('center_axis',(0.,0.,1.));
#5091=DIRECTION('ref_axis',(1.,0.,0.));
#5092=DIRECTION('',(0.,0.,-1.));
#5093=DIRECTION('center_axis',(0.,0.,-1.));
#5094=DIRECTION('ref_axis',(1.,0.,0.));
#5095=DIRECTION('center_axis',(0.,0.,1.));
#5096=DIRECTION('ref_axis',(1.,0.,0.));
#5097=DIRECTION('center_axis',(0.,0.,-1.));
#5098=DIRECTION('ref_axis',(1.,0.,0.));
#5099=DIRECTION('center_axis',(0.,0.,1.));
#5100=DIRECTION('ref_axis',(1.,0.,0.));
#5101=DIRECTION('',(0.704585925354419,8.62868898209565E-17,0.709618681964093));
#5102=DIRECTION('center_axis',(0.,0.,-1.));
#5103=DIRECTION('ref_axis',(1.,0.,0.));
#5104=DIRECTION('center_axis',(0.,0.,1.));
#5105=DIRECTION('ref_axis',(1.,0.,0.));
#5106=DIRECTION('',(0.,0.,1.));
#5107=DIRECTION('center_axis',(0.,0.,-1.));
#5108=DIRECTION('ref_axis',(1.,0.,0.));
#5109=DIRECTION('center_axis',(0.,0.,1.));
#5110=DIRECTION('ref_axis',(1.,0.,0.));
#5111=DIRECTION('center_axis',(0.,0.,1.));
#5112=DIRECTION('ref_axis',(1.,0.,0.));
#5113=DIRECTION('',(0.,0.,-1.));
#5114=DIRECTION('center_axis',(0.,0.,-1.));
#5115=DIRECTION('ref_axis',(1.,0.,0.));
#5116=DIRECTION('center_axis',(0.,0.,1.));
#5117=DIRECTION('ref_axis',(1.,0.,0.));
#5118=DIRECTION('center_axis',(0.,0.,-1.));
#5119=DIRECTION('ref_axis',(1.,0.,0.));
#5120=DIRECTION('center_axis',(0.,0.,1.));
#5121=DIRECTION('ref_axis',(1.,0.,0.));
#5122=DIRECTION('',(0.704585925354419,8.62868898209565E-17,0.709618681964093));
#5123=DIRECTION('center_axis',(0.,0.,-1.));
#5124=DIRECTION('ref_axis',(1.,0.,0.));
#5125=DIRECTION('center_axis',(0.,0.,1.));
#5126=DIRECTION('ref_axis',(1.,0.,0.));
#5127=DIRECTION('',(0.,0.,1.));
#5128=DIRECTION('center_axis',(0.,0.,-1.));
#5129=DIRECTION('ref_axis',(1.,0.,0.));
#5130=DIRECTION('center_axis',(0.,0.,1.));
#5131=DIRECTION('ref_axis',(1.,0.,0.));
#5132=DIRECTION('center_axis',(0.,0.,1.));
#5133=DIRECTION('ref_axis',(1.,0.,0.));
#5134=DIRECTION('',(0.,0.,-1.));
#5135=DIRECTION('center_axis',(0.,0.,-1.));
#5136=DIRECTION('ref_axis',(1.,0.,0.));
#5137=DIRECTION('center_axis',(0.,0.,1.));
#5138=DIRECTION('ref_axis',(1.,0.,0.));
#5139=DIRECTION('center_axis',(0.,0.,-1.));
#5140=DIRECTION('ref_axis',(1.,0.,0.));
#5141=DIRECTION('center_axis',(0.,0.,1.));
#5142=DIRECTION('ref_axis',(1.,0.,0.));
#5143=DIRECTION('',(0.704585925354419,8.62868898209565E-17,0.709618681964093));
#5144=DIRECTION('center_axis',(0.,0.,-1.));
#5145=DIRECTION('ref_axis',(1.,0.,0.));
#5146=DIRECTION('center_axis',(0.,0.,1.));
#5147=DIRECTION('ref_axis',(1.,0.,0.));
#5148=DIRECTION('',(0.,0.,1.));
#5149=DIRECTION('center_axis',(0.,0.,-1.));
#5150=DIRECTION('ref_axis',(1.,0.,0.));
#5151=DIRECTION('center_axis',(0.,0.,1.));
#5152=DIRECTION('ref_axis',(1.,0.,0.));
#5153=DIRECTION('center_axis',(0.,0.,1.));
#5154=DIRECTION('ref_axis',(1.,0.,0.));
#5155=DIRECTION('',(0.,0.,-1.));
#5156=DIRECTION('center_axis',(0.,0.,-1.));
#5157=DIRECTION('ref_axis',(1.,0.,0.));
#5158=DIRECTION('center_axis',(0.,0.,1.));
#5159=DIRECTION('ref_axis',(1.,0.,0.));
#5160=DIRECTION('center_axis',(0.,0.0898078629619579,0.995959109476994));
#5161=DIRECTION('ref_axis',(0.,-0.995959109476994,0.0898078629619579));
#5162=DIRECTION('',(0.,0.995959109476994,-0.0898078629619579));
#5163=DIRECTION('',(-1.,0.,0.));
#5164=DIRECTION('',(0.,-0.995959109476994,0.0898078629619579));
#5165=DIRECTION('',(-1.,0.,0.));
#5166=DIRECTION('',(0.,0.995959109476994,-0.0898078629619579));
#5167=DIRECTION('',(-1.,0.,0.));
#5168=DIRECTION('',(0.,-0.995959109476994,0.0898078629619579));
#5169=DIRECTION('',(-1.,0.,0.));
#5170=DIRECTION('',(0.,-0.995959109476994,0.0898078629619579));
#5171=DIRECTION('',(1.,0.,0.));
#5172=DIRECTION('',(0.,-0.995959109476994,0.0898078629619579));
#5173=DIRECTION('',(1.,0.,0.));
#5174=DIRECTION('center_axis',(-1.,0.,0.));
#5175=DIRECTION('ref_axis',(0.,-1.,0.));
#5176=DIRECTION('',(0.,0.,1.));
#5177=DIRECTION('',(0.,-1.,0.));
#5178=DIRECTION('',(0.,0.,1.));
#5179=DIRECTION('center_axis',(0.,-1.,0.));
#5180=DIRECTION('ref_axis',(1.,0.,0.));
#5181=DIRECTION('',(0.,0.,-1.));
#5182=DIRECTION('',(-1.,0.,0.));
#5183=DIRECTION('center_axis',(1.,0.,0.));
#5184=DIRECTION('ref_axis',(0.,1.,0.));
#5185=DIRECTION('',(0.,0.,-1.));
#5186=DIRECTION('',(0.,1.,0.));
#5187=DIRECTION('',(0.,0.,1.));
#5188=DIRECTION('',(0.,-1.,0.));
#5189=DIRECTION('',(0.,0.,-1.));
#5190=DIRECTION('',(0.,1.,0.));
#5191=DIRECTION('center_axis',(0.,-1.,0.));
#5192=DIRECTION('ref_axis',(1.,0.,0.));
#5193=DIRECTION('',(0.,0.,1.));
#5194=DIRECTION('',(-1.,0.,0.));
#5195=DIRECTION('center_axis',(-1.,0.,0.));
#5196=DIRECTION('ref_axis',(0.,-1.,0.));
#5197=DIRECTION('',(0.,0.,1.));
#5198=DIRECTION('',(0.,-1.,0.));
#5199=DIRECTION('center_axis',(0.,-1.,0.));
#5200=DIRECTION('ref_axis',(1.,0.,0.));
#5201=DIRECTION('',(0.,0.,-1.));
#5202=DIRECTION('',(-1.,0.,0.));
#5203=DIRECTION('center_axis',(0.,0.,1.));
#5204=DIRECTION('ref_axis',(0.,-1.,0.));
#5205=DIRECTION('',(0.,1.,0.));
#5206=DIRECTION('',(-1.,0.,0.));
#5207=DIRECTION('',(1.,0.,0.));
#5208=DIRECTION('',(0.,1.,0.));
#5209=DIRECTION('',(-1.,0.,0.));
#5210=DIRECTION('center_axis',(0.,-1.,0.));
#5211=DIRECTION('ref_axis',(1.,0.,0.));
#5212=DIRECTION('',(1.,0.,0.));
#5213=DIRECTION('',(0.,0.,1.));
#5214=DIRECTION('',(0.,0.,-1.));
#5215=DIRECTION('center_axis',(0.,-1.,0.));
#5216=DIRECTION('ref_axis',(1.,0.,0.));
#5217=DIRECTION('',(0.,0.,-1.));
#5218=DIRECTION('',(-1.,0.,0.));
#5219=DIRECTION('',(0.,0.,1.));
#5220=DIRECTION('center_axis',(1.,0.,0.));
#5221=DIRECTION('ref_axis',(0.,1.,0.));
#5222=DIRECTION('',(0.,1.,0.));
#5223=DIRECTION('',(0.,0.,1.));
#5224=DIRECTION('',(0.,1.,0.));
#5225=DIRECTION('center_axis',(0.,-1.,0.));
#5226=DIRECTION('ref_axis',(1.,0.,0.));
#5227=DIRECTION('',(0.,0.,1.));
#5228=DIRECTION('',(1.,0.,0.));
#5229=DIRECTION('',(0.,0.,1.));
#5230=DIRECTION('center_axis',(1.,0.,0.));
#5231=DIRECTION('ref_axis',(0.,1.,0.));
#5232=DIRECTION('',(0.,1.,0.));
#5233=DIRECTION('',(0.,0.,-1.));
#5234=DIRECTION('',(0.,1.,0.));
#5235=DIRECTION('center_axis',(0.,0.,-1.));
#5236=DIRECTION('ref_axis',(0.,1.,0.));
#5237=DIRECTION('',(-1.,0.,0.));
#5238=DIRECTION('',(1.,0.,0.));
#5239=DIRECTION('',(0.,-1.,0.));
#5240=DIRECTION('',(-1.,0.,0.));
#5241=DIRECTION('',(0.,-1.,0.));
#5242=DIRECTION('',(1.,0.,0.));
#5243=DIRECTION('',(0.,-1.,0.));
#5244=DIRECTION('',(-1.,0.,0.));
#5245=DIRECTION('',(0.,1.,0.));
#5246=DIRECTION('',(1.,0.,0.));
#5247=DIRECTION('center_axis',(0.,0.,-1.));
#5248=DIRECTION('ref_axis',(1.,0.,0.));
#5249=DIRECTION('',(0.,1.,0.));
#5250=DIRECTION('',(0.,-1.,0.));
#5251=DIRECTION('',(-1.,0.,0.));
#5252=DIRECTION('',(0.,1.,0.));
#5253=DIRECTION('',(-1.,0.,0.));
#5254=DIRECTION('',(0.,1.,0.));
#5255=DIRECTION('',(1.,0.,0.));
#5256=DIRECTION('',(0.,-1.,0.));
#5257=DIRECTION('',(1.,0.,0.));
#5258=DIRECTION('',(0.,1.,0.));
#5259=DIRECTION('',(1.,0.,0.));
#5260=DIRECTION('',(0.,-1.,0.));
#5261=DIRECTION('center_axis',(0.,0.,-1.));
#5262=DIRECTION('ref_axis',(1.,0.,0.));
#5263=DIRECTION('',(1.,0.,0.));
#5264=DIRECTION('',(0.,-1.,0.));
#5265=DIRECTION('',(0.,1.,0.));
#5266=DIRECTION('',(1.,0.,0.));
#5267=DIRECTION('',(0.,-1.,0.));
#5268=DIRECTION('',(1.,0.,0.));
#5269=DIRECTION('',(0.,1.,0.));
#5270=DIRECTION('',(1.,0.,0.));
#5271=DIRECTION('',(0.,-1.,0.));
#5272=DIRECTION('',(-1.,0.,0.));
#5273=DIRECTION('',(0.,1.,0.));
#5274=DIRECTION('',(1.,0.,0.));
#5275=DIRECTION('',(0.,-1.,0.));
#5276=DIRECTION('',(-1.,0.,0.));
#5277=DIRECTION('',(0.,1.,0.));
#5278=DIRECTION('',(-1.,0.,0.));
#5279=DIRECTION('',(0.,-1.,0.));
#5280=DIRECTION('',(-1.,0.,0.));
#5281=DIRECTION('center_axis',(0.,0.,-1.));
#5282=DIRECTION('ref_axis',(1.,0.,0.));
#5283=DIRECTION('center_axis',(0.,0.,-1.));
#5284=DIRECTION('ref_axis',(1.,0.,0.));
#5285=DIRECTION('center_axis',(0.,0.,-1.));
#5286=DIRECTION('ref_axis',(1.,0.,0.));
#5287=DIRECTION('center_axis',(0.,0.,-1.));
#5288=DIRECTION('ref_axis',(1.,0.,0.));
#5289=DIRECTION('center_axis',(0.,0.,-1.));
#5290=DIRECTION('ref_axis',(1.,0.,0.));
#5291=DIRECTION('center_axis',(0.,0.,-1.));
#5292=DIRECTION('ref_axis',(1.,0.,0.));
#5293=DIRECTION('center_axis',(0.,0.,-1.));
#5294=DIRECTION('ref_axis',(1.,0.,0.));
#5295=DIRECTION('center_axis',(0.,0.,-1.));
#5296=DIRECTION('ref_axis',(1.,0.,0.));
#5297=DIRECTION('center_axis',(0.,0.,-1.));
#5298=DIRECTION('ref_axis',(1.,0.,0.));
#5299=DIRECTION('center_axis',(0.,0.,-1.));
#5300=DIRECTION('ref_axis',(1.,0.,0.));
#5301=DIRECTION('center_axis',(0.,0.,-1.));
#5302=DIRECTION('ref_axis',(1.,0.,0.));
#5303=DIRECTION('center_axis',(0.,0.,-1.));
#5304=DIRECTION('ref_axis',(1.,0.,0.));
#5305=DIRECTION('center_axis',(0.,0.,-1.));
#5306=DIRECTION('ref_axis',(1.,0.,0.));
#5307=DIRECTION('center_axis',(0.,0.,-1.));
#5308=DIRECTION('ref_axis',(1.,0.,0.));
#5309=DIRECTION('center_axis',(0.,0.,-1.));
#5310=DIRECTION('ref_axis',(1.,0.,0.));
#5311=DIRECTION('center_axis',(0.,0.,-1.));
#5312=DIRECTION('ref_axis',(1.,0.,0.));
#5313=DIRECTION('',(0.,1.,0.));
#5314=DIRECTION('',(1.,0.,0.));
#5315=DIRECTION('',(0.,-1.,0.));
#5316=DIRECTION('',(-1.,0.,0.));
#5317=DIRECTION('',(0.,1.,0.));
#5318=DIRECTION('',(-1.,0.,0.));
#5319=DIRECTION('',(0.,1.,0.));
#5320=DIRECTION('',(1.,0.,0.));
#5321=DIRECTION('',(0.,-1.,0.));
#5322=DIRECTION('',(1.,0.,0.));
#5323=DIRECTION('',(0.,-1.,0.));
#5324=DIRECTION('',(-1.,0.,0.));
#5325=DIRECTION('',(0.,-1.,0.));
#5326=DIRECTION('',(1.,0.,0.));
#5327=DIRECTION('',(0.,-1.,0.));
#5328=DIRECTION('',(-1.,0.,0.));
#5329=DIRECTION('',(0.,-1.,0.));
#5330=DIRECTION('',(-1.,0.,0.));
#5331=DIRECTION('',(0.,1.,0.));
#5332=DIRECTION('',(1.,0.,0.));
#5333=DIRECTION('center_axis',(-1.,0.,0.));
#5334=DIRECTION('ref_axis',(0.,-1.,0.));
#5335=DIRECTION('',(0.,0.,-1.));
#5336=DIRECTION('',(0.,1.,0.));
#5337=DIRECTION('',(0.,0.,1.));
#5338=DIRECTION('center_axis',(0.,-1.,0.));
#5339=DIRECTION('ref_axis',(1.,0.,0.));
#5340=DIRECTION('',(-1.,0.,0.));
#5341=DIRECTION('center_axis',(1.,0.,0.));
#5342=DIRECTION('ref_axis',(0.,1.,0.));
#5343=DIRECTION('',(0.,1.,0.));
#5344=DIRECTION('',(0.,0.,1.));
#5345=DIRECTION('',(0.,1.,0.));
#5346=DIRECTION('center_axis',(0.,0.,-1.));
#5347=DIRECTION('ref_axis',(0.,1.,0.));
#5348=DIRECTION('',(1.,0.,0.));
#5349=DIRECTION('center_axis',(0.,0.,-1.));
#5350=DIRECTION('ref_axis',(0.,1.,0.));
#5351=DIRECTION('',(1.,0.,0.));
#5352=DIRECTION('center_axis',(-1.,0.,0.));
#5353=DIRECTION('ref_axis',(0.,-1.,0.));
#5354=DIRECTION('',(0.,0.,-1.));
#5355=DIRECTION('',(0.,1.,0.));
#5356=DIRECTION('',(0.,0.,1.));
#5357=DIRECTION('center_axis',(0.,-1.,0.));
#5358=DIRECTION('ref_axis',(1.,0.,0.));
#5359=DIRECTION('',(0.,0.,-1.));
#5360=DIRECTION('',(1.,0.,0.));
#5361=DIRECTION('center_axis',(0.,-1.,0.));
#5362=DIRECTION('ref_axis',(1.,0.,0.));
#5363=DIRECTION('',(-1.,0.,0.));
#5364=DIRECTION('',(0.,0.,-1.));
#5365=DIRECTION('center_axis',(-1.,0.,0.));
#5366=DIRECTION('ref_axis',(0.,-1.,0.));
#5367=DIRECTION('',(0.,0.,-1.));
#5368=DIRECTION('',(0.,1.,0.));
#5369=DIRECTION('',(0.,0.,-1.));
#5370=DIRECTION('',(0.,1.,0.));
#5371=DIRECTION('center_axis',(1.,0.,0.));
#5372=DIRECTION('ref_axis',(0.,1.,0.));
#5373=DIRECTION('',(0.,1.,0.));
#5374=DIRECTION('',(0.,0.,1.));
#5375=DIRECTION('center_axis',(0.,0.,-1.));
#5376=DIRECTION('ref_axis',(0.,1.,0.));
#5377=DIRECTION('',(1.,0.,0.));
#5378=DIRECTION('center_axis',(0.,-1.,0.));
#5379=DIRECTION('ref_axis',(1.,0.,0.));
#5380=DIRECTION('',(0.,0.,-1.));
#5381=DIRECTION('',(-1.,0.,0.));
#5382=DIRECTION('',(0.,0.,1.));
#5383=DIRECTION('',(1.,0.,0.));
#5384=DIRECTION('',(0.,0.,-1.));
#5385=DIRECTION('center_axis',(-1.,0.,0.));
#5386=DIRECTION('ref_axis',(0.,-1.,0.));
#5387=DIRECTION('',(0.,1.,0.));
#5388=DIRECTION('',(0.,0.,1.));
#5389=DIRECTION('center_axis',(0.,-1.,0.));
#5390=DIRECTION('ref_axis',(1.,0.,0.));
#5391=DIRECTION('',(-1.,0.,0.));
#5392=DIRECTION('center_axis',(0.,0.,-1.));
#5393=DIRECTION('ref_axis',(0.,1.,0.));
#5394=DIRECTION('center_axis',(-1.,0.,0.));
#5395=DIRECTION('ref_axis',(0.,-1.,0.));
#5396=DIRECTION('',(0.,0.,1.));
#5397=DIRECTION('',(0.,-1.,0.));
#5398=DIRECTION('',(0.,0.,-1.));
#5399=DIRECTION('',(0.,1.,0.));
#5400=DIRECTION('center_axis',(0.,-1.,0.));
#5401=DIRECTION('ref_axis',(1.,0.,0.));
#5402=DIRECTION('',(-1.,0.,0.));
#5403=DIRECTION('',(0.,0.,-1.));
#5404=DIRECTION('',(0.,0.,1.));
#5405=DIRECTION('center_axis',(1.,0.,0.));
#5406=DIRECTION('ref_axis',(0.,1.,0.));
#5407=DIRECTION('',(0.,0.,1.));
#5408=DIRECTION('',(0.,1.,0.));
#5409=DIRECTION('center_axis',(0.,-1.,0.));
#5410=DIRECTION('ref_axis',(1.,0.,0.));
#5411=DIRECTION('',(1.,0.,0.));
#5412=DIRECTION('',(1.,0.,0.));
#5413=DIRECTION('',(0.,0.,-1.));
#5414=DIRECTION('center_axis',(1.,0.,0.));
#5415=DIRECTION('ref_axis',(0.,1.,0.));
#5416=DIRECTION('',(0.,1.,0.));
#5417=DIRECTION('',(0.,0.,-1.));
#5418=DIRECTION('',(0.,1.,0.));
#5419=DIRECTION('',(0.,0.,1.));
#5420=DIRECTION('center_axis',(-1.,0.,0.));
#5421=DIRECTION('ref_axis',(0.,-1.,0.));
#5422=DIRECTION('',(0.,0.,-1.));
#5423=DIRECTION('',(0.,1.,0.));
#5424=DIRECTION('center_axis',(0.,0.,-1.));
#5425=DIRECTION('ref_axis',(0.,1.,0.));
#5426=DIRECTION('',(1.,0.,0.));
#5427=DIRECTION('',(1.,0.,0.));
#5428=DIRECTION('center_axis',(-1.,0.,0.));
#5429=DIRECTION('ref_axis',(0.,-1.,0.));
#5430=DIRECTION('',(0.,0.,1.));
#5431=DIRECTION('',(0.,1.,0.));
#5432=DIRECTION('',(0.,0.,1.));
#5433=DIRECTION('',(0.,1.,0.));
#5434=DIRECTION('center_axis',(0.,-1.,0.));
#5435=DIRECTION('ref_axis',(1.,0.,0.));
#5436=DIRECTION('',(1.,0.,0.));
#5437=DIRECTION('',(0.,0.,-1.));
#5438=DIRECTION('center_axis',(0.,-1.,0.));
#5439=DIRECTION('ref_axis',(1.,0.,0.));
#5440=DIRECTION('',(-1.,0.,0.));
#5441=DIRECTION('center_axis',(0.,-1.,0.));
#5442=DIRECTION('ref_axis',(1.,0.,0.));
#5443=DIRECTION('',(0.,0.,1.));
#5444=DIRECTION('',(1.,0.,0.));
#5445=DIRECTION('center_axis',(1.,0.,0.));
#5446=DIRECTION('ref_axis',(0.,1.,0.));
#5447=DIRECTION('',(0.,-1.,0.));
#5448=DIRECTION('',(0.,0.,-1.));
#5449=DIRECTION('',(0.,1.,0.));
#5450=DIRECTION('center_axis',(0.,0.,-1.));
#5451=DIRECTION('ref_axis',(0.,1.,0.));
#5452=DIRECTION('',(1.,0.,0.));
#5453=DIRECTION('center_axis',(0.,-1.,0.));
#5454=DIRECTION('ref_axis',(1.,0.,0.));
#5455=DIRECTION('',(-1.,0.,0.));
#5456=DIRECTION('center_axis',(0.,0.,1.));
#5457=DIRECTION('ref_axis',(0.,-1.,0.));
#5458=DIRECTION('center_axis',(-1.,0.,0.));
#5459=DIRECTION('ref_axis',(0.,-1.,0.));
#5460=DIRECTION('',(0.,-1.,0.));
#5461=DIRECTION('',(0.,0.,-1.));
#5462=DIRECTION('',(0.,1.,0.));
#5463=DIRECTION('',(0.,0.,1.));
#5464=DIRECTION('center_axis',(0.,-1.,0.));
#5465=DIRECTION('ref_axis',(1.,0.,0.));
#5466=DIRECTION('',(0.,0.,-1.));
#5467=DIRECTION('',(0.,0.,1.));
#5468=DIRECTION('',(-1.,0.,0.));
#5469=DIRECTION('',(-1.,0.,0.));
#5470=DIRECTION('center_axis',(1.,0.,0.));
#5471=DIRECTION('ref_axis',(0.,1.,0.));
#5472=DIRECTION('',(0.,0.,1.));
#5473=DIRECTION('',(0.,1.,0.));
#5474=DIRECTION('center_axis',(0.,-1.,0.));
#5475=DIRECTION('ref_axis',(1.,0.,0.));
#5476=DIRECTION('',(1.,0.,0.));
#5477=DIRECTION('',(0.,0.,-1.));
#5478=DIRECTION('center_axis',(1.,0.,0.));
#5479=DIRECTION('ref_axis',(0.,1.,0.));
#5480=DIRECTION('',(0.,1.,0.));
#5481=DIRECTION('',(0.,0.,-1.));
#5482=DIRECTION('',(0.,1.,0.));
#5483=DIRECTION('',(0.,0.,1.));
#5484=DIRECTION('center_axis',(0.,0.,-1.));
#5485=DIRECTION('ref_axis',(0.,1.,0.));
#5486=DIRECTION('',(0.,1.,0.));
#5487=DIRECTION('',(-1.,0.,0.));
#5488=DIRECTION('',(0.,1.,0.));
#5489=DIRECTION('',(-1.,0.,0.));
#5490=DIRECTION('',(1.,0.,0.));
#5491=DIRECTION('center_axis',(0.,-1.,0.));
#5492=DIRECTION('ref_axis',(1.,0.,0.));
#5493=DIRECTION('',(-1.,0.,0.));
#5494=DIRECTION('center_axis',(0.,0.,-1.));
#5495=DIRECTION('ref_axis',(0.,1.,0.));
#5496=DIRECTION('',(-1.,0.,0.));
#5497=DIRECTION('',(0.,1.,0.));
#5498=DIRECTION('center_axis',(-1.,0.,0.));
#5499=DIRECTION('ref_axis',(0.,-1.,0.));
#5500=DIRECTION('',(0.,0.,-1.));
#5501=DIRECTION('',(0.,1.,0.));
#5502=DIRECTION('',(0.,0.,-1.));
#5503=DIRECTION('center_axis',(0.,-1.,0.));
#5504=DIRECTION('ref_axis',(1.,0.,0.));
#5505=DIRECTION('',(0.,0.,1.));
#5506=DIRECTION('',(-1.,0.,0.));
#5507=DIRECTION('center_axis',(0.,-1.,0.));
#5508=DIRECTION('ref_axis',(1.,0.,0.));
#5509=DIRECTION('',(1.,0.,0.));
#5510=DIRECTION('',(0.,0.,1.));
#5511=DIRECTION('center_axis',(0.,-1.,0.));
#5512=DIRECTION('ref_axis',(1.,0.,0.));
#5513=DIRECTION('',(0.,0.,-1.));
#5514=DIRECTION('',(0.,0.,1.));
#5515=DIRECTION('center_axis',(1.,0.,0.));
#5516=DIRECTION('ref_axis',(0.,1.,0.));
#5517=DIRECTION('',(0.,-1.,0.));
#5518=DIRECTION('center_axis',(0.,0.,1.));
#5519=DIRECTION('ref_axis',(0.,-1.,0.));
#5520=DIRECTION('center_axis',(-1.,0.,0.));
#5521=DIRECTION('ref_axis',(0.,-1.,0.));
#5522=DIRECTION('center_axis',(-1.,0.,0.));
#5523=DIRECTION('ref_axis',(0.,-1.,0.));
#5524=DIRECTION('',(0.,0.,-1.));
#5525=DIRECTION('',(0.,1.,0.));
#5526=DIRECTION('',(0.,0.,1.));
#5527=DIRECTION('',(0.,0.,1.));
#5528=DIRECTION('center_axis',(0.,-1.,0.));
#5529=DIRECTION('ref_axis',(1.,0.,0.));
#5530=DIRECTION('',(1.,0.,0.));
#5531=DIRECTION('',(-1.,0.,0.));
#5532=DIRECTION('',(0.,0.,1.));
#5533=DIRECTION('center_axis',(-1.,0.,0.));
#5534=DIRECTION('ref_axis',(0.,-1.,0.));
#5535=DIRECTION('',(0.,1.,0.));
#5536=DIRECTION('',(0.,0.,-1.));
#5537=DIRECTION('',(0.,-1.,0.));
#5538=DIRECTION('',(0.,0.,1.));
#5539=DIRECTION('',(0.,0.,-1.));
#5540=DIRECTION('',(0.,-1.,0.));
#5541=DIRECTION('center_axis',(-1.,0.,0.));
#5542=DIRECTION('ref_axis',(0.,-1.,0.));
#5543=DIRECTION('',(0.,0.,-1.));
#5544=DIRECTION('',(0.,0.,-1.));
#5545=DIRECTION('',(0.,1.,0.));
#5546=DIRECTION('',(0.,0.,1.));
#5547=DIRECTION('center_axis',(0.,-1.,0.));
#5548=DIRECTION('ref_axis',(1.,0.,0.));
#5549=DIRECTION('',(-1.,0.,0.));
#5550=DIRECTION('',(1.,0.,0.));
#5551=DIRECTION('center_axis',(0.,-1.,0.));
#5552=DIRECTION('ref_axis',(1.,0.,0.));
#5553=DIRECTION('',(1.,0.,0.));
#5554=DIRECTION('',(0.,0.,-1.));
#5555=DIRECTION('',(-1.,0.,0.));
#5556=DIRECTION('',(0.,0.,-1.));
#5557=DIRECTION('',(-1.,0.,0.));
#5558=DIRECTION('',(0.,0.,-1.));
#5559=DIRECTION('center_axis',(1.,0.,0.));
#5560=DIRECTION('ref_axis',(0.,1.,0.));
#5561=DIRECTION('',(0.,0.,-1.));
#5562=DIRECTION('',(0.,1.,0.));
#5563=DIRECTION('',(0.,0.,1.));
#5564=DIRECTION('center_axis',(0.,-1.,0.));
#5565=DIRECTION('ref_axis',(1.,0.,0.));
#5566=DIRECTION('',(0.,0.,1.));
#5567=DIRECTION('',(1.,0.,0.));
#5568=DIRECTION('center_axis',(0.,0.,-1.));
#5569=DIRECTION('ref_axis',(0.,1.,0.));
#5570=DIRECTION('',(0.,-1.,0.));
#5571=DIRECTION('',(1.,0.,0.));
#5572=DIRECTION('',(0.,1.,0.));
#5573=DIRECTION('center_axis',(0.,-1.,0.));
#5574=DIRECTION('ref_axis',(1.,0.,0.));
#5575=DIRECTION('',(0.,0.,1.));
#5576=DIRECTION('',(-1.,0.,0.));
#5577=DIRECTION('',(0.,0.,1.));
#5578=DIRECTION('',(1.,0.,0.));
#5579=DIRECTION('',(0.,0.,1.));
#5580=DIRECTION('center_axis',(1.,0.,0.));
#5581=DIRECTION('ref_axis',(0.,1.,0.));
#5582=DIRECTION('',(0.,0.,-1.));
#5583=DIRECTION('',(0.,1.,0.));
#5584=DIRECTION('',(0.,0.,1.));
#5585=DIRECTION('center_axis',(0.,-1.,0.));
#5586=DIRECTION('ref_axis',(1.,0.,0.));
#5587=DIRECTION('',(-1.,0.,0.));
#5588=DIRECTION('',(0.,0.,-1.));
#5589=DIRECTION('center_axis',(0.,-1.,0.));
#5590=DIRECTION('ref_axis',(1.,0.,0.));
#5591=DIRECTION('',(0.,0.,1.));
#5592=DIRECTION('',(1.,0.,0.));
#5593=DIRECTION('center_axis',(1.,0.,0.));
#5594=DIRECTION('ref_axis',(0.,1.,0.));
#5595=DIRECTION('',(0.,0.,-1.));
#5596=DIRECTION('',(0.,1.,0.));
#5597=DIRECTION('center_axis',(0.,-1.,0.));
#5598=DIRECTION('ref_axis',(1.,0.,0.));
#5599=DIRECTION('',(-1.,0.,0.));
#5600=DIRECTION('center_axis',(0.,0.,-1.));
#5601=DIRECTION('ref_axis',(0.,1.,0.));
#5602=DIRECTION('center_axis',(0.,-1.,0.));
#5603=DIRECTION('ref_axis',(1.,0.,0.));
#5604=DIRECTION('',(1.,0.,0.));
#5605=DIRECTION('',(0.,0.,-1.));
#5606=DIRECTION('center_axis',(0.,0.,-1.));
#5607=DIRECTION('ref_axis',(0.,1.,0.));
#5608=DIRECTION('',(-1.,0.,0.));
#5609=DIRECTION('',(0.,1.,0.));
#5610=DIRECTION('center_axis',(0.,-1.,0.));
#5611=DIRECTION('ref_axis',(1.,0.,0.));
#5612=DIRECTION('',(0.,0.,1.));
#5613=DIRECTION('center_axis',(0.,-1.,0.));
#5614=DIRECTION('ref_axis',(1.,0.,0.));
#5615=DIRECTION('',(1.,0.,0.));
#5616=DIRECTION('',(0.,0.,-1.));
#5617=DIRECTION('center_axis',(0.,0.,-1.));
#5618=DIRECTION('ref_axis',(0.,1.,0.));
#5619=DIRECTION('',(-1.,0.,0.));
#5620=DIRECTION('',(0.,1.,0.));
#5621=DIRECTION('center_axis',(-1.,0.,0.));
#5622=DIRECTION('ref_axis',(0.,-1.,0.));
#5623=DIRECTION('',(0.,0.,-1.));
#5624=DIRECTION('',(0.,1.,0.));
#5625=DIRECTION('',(0.,0.,1.));
#5626=DIRECTION('center_axis',(0.,-1.,0.));
#5627=DIRECTION('ref_axis',(1.,0.,0.));
#5628=DIRECTION('',(1.,0.,0.));
#5629=DIRECTION('center_axis',(0.,-1.,0.));
#5630=DIRECTION('ref_axis',(1.,0.,0.));
#5631=DIRECTION('',(-1.,0.,0.));
#5632=DIRECTION('center_axis',(1.,0.,0.));
#5633=DIRECTION('ref_axis',(0.,1.,0.));
#5634=DIRECTION('',(0.,1.,0.));
#5635=DIRECTION('center_axis',(0.,0.,-1.));
#5636=DIRECTION('ref_axis',(0.,1.,0.));
#5637=DIRECTION('center_axis',(-1.,0.,0.));
#5638=DIRECTION('ref_axis',(0.,-1.,0.));
#5639=DIRECTION('center_axis',(-1.,0.,0.));
#5640=DIRECTION('ref_axis',(0.,-1.,0.));
#5641=DIRECTION('',(0.,0.,1.));
#5642=DIRECTION('center_axis',(0.,-1.,0.));
#5643=DIRECTION('ref_axis',(1.,0.,0.));
#5644=DIRECTION('center_axis',(-1.,0.,0.));
#5645=DIRECTION('ref_axis',(0.,-1.,0.));
#5646=DIRECTION('',(0.,1.,0.));
#5647=DIRECTION('center_axis',(1.,0.,0.));
#5648=DIRECTION('ref_axis',(0.,1.,0.));
#5649=DIRECTION('',(0.,1.,0.));
#5650=DIRECTION('center_axis',(0.,0.,-1.));
#5651=DIRECTION('ref_axis',(0.,1.,0.));
#5652=DIRECTION('center_axis',(0.,-1.,0.));
#5653=DIRECTION('ref_axis',(1.,0.,0.));
#5654=DIRECTION('',(0.,0.,1.));
#5655=DIRECTION('',(1.,0.,0.));
#5656=DIRECTION('',(0.,0.,-1.));
#5657=DIRECTION('center_axis',(0.,0.,-1.));
#5658=DIRECTION('ref_axis',(0.,1.,0.));
#5659=DIRECTION('',(-1.,0.,0.));
#5660=DIRECTION('',(0.,1.,0.));
#5661=DIRECTION('',(0.,1.,0.));
#5662=DIRECTION('center_axis',(0.,0.,-1.));
#5663=DIRECTION('ref_axis',(0.,1.,0.));
#5664=DIRECTION('',(1.,0.,0.));
#5665=DIRECTION('',(0.,1.,0.));
#5666=DIRECTION('',(-1.,0.,0.));
#5667=DIRECTION('',(0.,1.,0.));
#5668=DIRECTION('center_axis',(0.,-1.,0.));
#5669=DIRECTION('ref_axis',(1.,0.,0.));
#5670=DIRECTION('',(0.,0.,1.));
#5671=DIRECTION('',(0.,0.,-1.));
#5672=DIRECTION('center_axis',(-1.,0.,0.));
#5673=DIRECTION('ref_axis',(0.,-1.,0.));
#5674=DIRECTION('',(0.,0.,1.));
#5675=DIRECTION('',(0.,-0.939692620785909,0.342020143325669));
#5676=DIRECTION('',(0.,0.,1.));
#5677=DIRECTION('',(0.,1.,0.));
#5678=DIRECTION('',(0.,0.,-1.));
#5679=DIRECTION('',(0.,0.,-1.));
#5680=DIRECTION('center_axis',(0.,-1.,0.));
#5681=DIRECTION('ref_axis',(1.,0.,0.));
#5682=DIRECTION('',(0.,0.,1.));
#5683=DIRECTION('',(-1.,0.,0.));
#5684=DIRECTION('',(0.,0.,-1.));
#5685=DIRECTION('',(1.,0.,0.));
#5686=DIRECTION('',(0.,0.,-1.));
#5687=DIRECTION('',(0.,0.,-1.));
#5688=DIRECTION('center_axis',(0.,0.,-1.));
#5689=DIRECTION('ref_axis',(0.,1.,0.));
#5690=DIRECTION('',(1.,0.,0.));
#5691=DIRECTION('',(0.,1.,0.));
#5692=DIRECTION('',(0.,1.,0.));
#5693=DIRECTION('center_axis',(-1.,0.,0.));
#5694=DIRECTION('ref_axis',(0.,-1.,0.));
#5695=DIRECTION('',(0.,0.,-1.));
#5696=DIRECTION('',(0.,1.,0.));
#5697=DIRECTION('',(0.,0.,1.));
#5698=DIRECTION('center_axis',(0.,0.,1.));
#5699=DIRECTION('ref_axis',(0.,-1.,0.));
#5700=DIRECTION('',(-1.,0.,0.));
#5701=DIRECTION('',(0.,1.,0.));
#5702=DIRECTION('center_axis',(1.,0.,0.));
#5703=DIRECTION('ref_axis',(0.,1.,0.));
#5704=DIRECTION('',(0.,0.,1.));
#5705=DIRECTION('center_axis',(0.,-1.,0.));
#5706=DIRECTION('ref_axis',(1.,0.,0.));
#5707=DIRECTION('center_axis',(-1.,0.,0.));
#5708=DIRECTION('ref_axis',(0.,-1.,0.));
#5709=DIRECTION('',(0.,0.,-1.));
#5710=DIRECTION('',(0.,0.,-1.));
#5711=DIRECTION('',(0.,-1.,0.));
#5712=DIRECTION('',(0.,0.,1.));
#5713=DIRECTION('',(0.,1.,0.));
#5714=DIRECTION('center_axis',(0.,-1.,0.));
#5715=DIRECTION('ref_axis',(1.,0.,0.));
#5716=DIRECTION('',(-1.,0.,0.));
#5717=DIRECTION('',(1.,0.,0.));
#5718=DIRECTION('center_axis',(0.,0.,1.));
#5719=DIRECTION('ref_axis',(0.,-1.,0.));
#5720=DIRECTION('',(-1.,0.,0.));
#5721=DIRECTION('center_axis',(0.,-1.,0.));
#5722=DIRECTION('ref_axis',(1.,0.,0.));
#5723=DIRECTION('',(1.,0.,0.));
#5724=DIRECTION('center_axis',(0.,0.,-1.));
#5725=DIRECTION('ref_axis',(0.,1.,0.));
#5726=DIRECTION('center_axis',(1.,0.,0.));
#5727=DIRECTION('ref_axis',(0.,1.,0.));
#5728=DIRECTION('',(0.,0.,1.));
#5729=DIRECTION('center_axis',(0.,-1.,0.));
#5730=DIRECTION('ref_axis',(1.,0.,0.));
#5731=DIRECTION('center_axis',(0.,0.,1.));
#5732=DIRECTION('ref_axis',(1.,0.,0.));
#5733=DIRECTION('center_axis',(0.,0.,-1.));
#5734=DIRECTION('ref_axis',(1.,0.,0.));
#5735=DIRECTION('',(0.,0.,1.));
#5736=DIRECTION('center_axis',(0.,0.,-1.));
#5737=DIRECTION('ref_axis',(1.,0.,0.));
#5738=DIRECTION('center_axis',(0.,0.,-1.));
#5739=DIRECTION('ref_axis',(-1.,0.,0.));
#5740=DIRECTION('center_axis',(0.,0.,1.));
#5741=DIRECTION('ref_axis',(1.,0.,0.));
#5742=DIRECTION('center_axis',(0.,0.,-1.));
#5743=DIRECTION('ref_axis',(1.,0.,0.));
#5744=DIRECTION('',(0.,0.,1.));
#5745=DIRECTION('center_axis',(0.,0.,-1.));
#5746=DIRECTION('ref_axis',(1.,0.,0.));
#5747=DIRECTION('center_axis',(0.,0.,-1.));
#5748=DIRECTION('ref_axis',(-1.,0.,0.));
#5749=DIRECTION('center_axis',(0.,0.,1.));
#5750=DIRECTION('ref_axis',(1.,0.,0.));
#5751=DIRECTION('center_axis',(0.,0.,-1.));
#5752=DIRECTION('ref_axis',(1.,0.,0.));
#5753=DIRECTION('',(0.,0.,1.));
#5754=DIRECTION('center_axis',(0.,0.,-1.));
#5755=DIRECTION('ref_axis',(1.,0.,0.));
#5756=DIRECTION('center_axis',(0.,0.,-1.));
#5757=DIRECTION('ref_axis',(-1.,0.,0.));
#5758=DIRECTION('center_axis',(0.,0.,1.));
#5759=DIRECTION('ref_axis',(1.,0.,0.));
#5760=DIRECTION('center_axis',(0.,0.,-1.));
#5761=DIRECTION('ref_axis',(1.,0.,0.));
#5762=DIRECTION('',(0.,0.,1.));
#5763=DIRECTION('center_axis',(0.,0.,-1.));
#5764=DIRECTION('ref_axis',(1.,0.,0.));
#5765=DIRECTION('center_axis',(0.,0.,-1.));
#5766=DIRECTION('ref_axis',(-1.,0.,0.));
#5767=DIRECTION('center_axis',(0.,0.,1.));
#5768=DIRECTION('ref_axis',(1.,0.,0.));
#5769=DIRECTION('center_axis',(0.,0.,-1.));
#5770=DIRECTION('ref_axis',(1.,0.,0.));
#5771=DIRECTION('',(0.,0.,1.));
#5772=DIRECTION('center_axis',(0.,0.,-1.));
#5773=DIRECTION('ref_axis',(1.,0.,0.));
#5774=DIRECTION('center_axis',(0.,0.,-1.));
#5775=DIRECTION('ref_axis',(-1.,0.,0.));
#5776=DIRECTION('center_axis',(0.,0.,1.));
#5777=DIRECTION('ref_axis',(1.,0.,0.));
#5778=DIRECTION('center_axis',(0.,0.,-1.));
#5779=DIRECTION('ref_axis',(1.,0.,0.));
#5780=DIRECTION('',(0.,0.,1.));
#5781=DIRECTION('center_axis',(0.,0.,-1.));
#5782=DIRECTION('ref_axis',(1.,0.,0.));
#5783=DIRECTION('center_axis',(0.,0.,-1.));
#5784=DIRECTION('ref_axis',(-1.,0.,0.));
#5785=DIRECTION('center_axis',(0.,0.,1.));
#5786=DIRECTION('ref_axis',(1.,0.,0.));
#5787=DIRECTION('center_axis',(0.,0.,-1.));
#5788=DIRECTION('ref_axis',(1.,0.,0.));
#5789=DIRECTION('',(0.,0.,1.));
#5790=DIRECTION('center_axis',(0.,0.,-1.));
#5791=DIRECTION('ref_axis',(1.,0.,0.));
#5792=DIRECTION('center_axis',(0.,0.,-1.));
#5793=DIRECTION('ref_axis',(-1.,0.,0.));
#5794=DIRECTION('center_axis',(0.,0.,1.));
#5795=DIRECTION('ref_axis',(1.,0.,0.));
#5796=DIRECTION('center_axis',(0.,0.,-1.));
#5797=DIRECTION('ref_axis',(1.,0.,0.));
#5798=DIRECTION('',(0.,0.,1.));
#5799=DIRECTION('center_axis',(0.,0.,-1.));
#5800=DIRECTION('ref_axis',(1.,0.,0.));
#5801=DIRECTION('center_axis',(0.,0.,-1.));
#5802=DIRECTION('ref_axis',(-1.,0.,0.));
#5803=DIRECTION('center_axis',(0.,0.,1.));
#5804=DIRECTION('ref_axis',(1.,0.,0.));
#5805=DIRECTION('center_axis',(0.,0.,-1.));
#5806=DIRECTION('ref_axis',(1.,0.,0.));
#5807=DIRECTION('',(0.,0.,1.));
#5808=DIRECTION('center_axis',(0.,0.,-1.));
#5809=DIRECTION('ref_axis',(1.,0.,0.));
#5810=DIRECTION('center_axis',(0.,0.,-1.));
#5811=DIRECTION('ref_axis',(-1.,0.,0.));
#5812=DIRECTION('center_axis',(0.,0.,1.));
#5813=DIRECTION('ref_axis',(1.,0.,0.));
#5814=DIRECTION('center_axis',(0.,0.,-1.));
#5815=DIRECTION('ref_axis',(1.,0.,0.));
#5816=DIRECTION('',(0.,0.,1.));
#5817=DIRECTION('center_axis',(0.,0.,-1.));
#5818=DIRECTION('ref_axis',(1.,0.,0.));
#5819=DIRECTION('center_axis',(0.,0.,-1.));
#5820=DIRECTION('ref_axis',(-1.,0.,0.));
#5821=DIRECTION('center_axis',(0.,0.,1.));
#5822=DIRECTION('ref_axis',(1.,0.,0.));
#5823=DIRECTION('center_axis',(0.,0.,-1.));
#5824=DIRECTION('ref_axis',(1.,0.,0.));
#5825=DIRECTION('',(0.,0.,1.));
#5826=DIRECTION('center_axis',(0.,0.,-1.));
#5827=DIRECTION('ref_axis',(1.,0.,0.));
#5828=DIRECTION('center_axis',(0.,0.,-1.));
#5829=DIRECTION('ref_axis',(-1.,0.,0.));
#5830=DIRECTION('center_axis',(0.,0.,1.));
#5831=DIRECTION('ref_axis',(1.,0.,0.));
#5832=DIRECTION('center_axis',(0.,0.,-1.));
#5833=DIRECTION('ref_axis',(1.,0.,0.));
#5834=DIRECTION('',(0.,0.,1.));
#5835=DIRECTION('center_axis',(0.,0.,-1.));
#5836=DIRECTION('ref_axis',(1.,0.,0.));
#5837=DIRECTION('center_axis',(0.,0.,-1.));
#5838=DIRECTION('ref_axis',(-1.,0.,0.));
#5839=DIRECTION('center_axis',(0.,0.,1.));
#5840=DIRECTION('ref_axis',(1.,0.,0.));
#5841=DIRECTION('center_axis',(0.,0.,-1.));
#5842=DIRECTION('ref_axis',(1.,0.,0.));
#5843=DIRECTION('',(0.,0.,1.));
#5844=DIRECTION('center_axis',(0.,0.,-1.));
#5845=DIRECTION('ref_axis',(1.,0.,0.));
#5846=DIRECTION('center_axis',(0.,0.,-1.));
#5847=DIRECTION('ref_axis',(-1.,0.,0.));
#5848=DIRECTION('center_axis',(0.,0.,1.));
#5849=DIRECTION('ref_axis',(1.,0.,0.));
#5850=DIRECTION('center_axis',(0.,0.,-1.));
#5851=DIRECTION('ref_axis',(1.,0.,0.));
#5852=DIRECTION('',(0.,0.,1.));
#5853=DIRECTION('center_axis',(0.,0.,-1.));
#5854=DIRECTION('ref_axis',(1.,0.,0.));
#5855=DIRECTION('center_axis',(0.,0.,-1.));
#5856=DIRECTION('ref_axis',(-1.,0.,0.));
#5857=DIRECTION('center_axis',(0.,0.,1.));
#5858=DIRECTION('ref_axis',(1.,0.,0.));
#5859=DIRECTION('center_axis',(0.,0.,-1.));
#5860=DIRECTION('ref_axis',(1.,0.,0.));
#5861=DIRECTION('',(0.,0.,1.));
#5862=DIRECTION('center_axis',(0.,0.,-1.));
#5863=DIRECTION('ref_axis',(1.,0.,0.));
#5864=DIRECTION('center_axis',(0.,0.,-1.));
#5865=DIRECTION('ref_axis',(-1.,0.,0.));
#5866=DIRECTION('center_axis',(0.,0.,1.));
#5867=DIRECTION('ref_axis',(1.,0.,0.));
#5868=DIRECTION('center_axis',(0.,0.,-1.));
#5869=DIRECTION('ref_axis',(1.,0.,0.));
#5870=DIRECTION('',(0.,0.,1.));
#5871=DIRECTION('center_axis',(0.,0.,-1.));
#5872=DIRECTION('ref_axis',(1.,0.,0.));
#5873=DIRECTION('center_axis',(0.,0.,-1.));
#5874=DIRECTION('ref_axis',(-1.,0.,0.));
#5875=DIRECTION('center_axis',(0.,0.,1.));
#5876=DIRECTION('ref_axis',(1.,0.,0.));
#5877=DIRECTION('center_axis',(0.,0.,1.));
#5878=DIRECTION('ref_axis',(1.,0.,0.));
#5879=DIRECTION('',(0.,0.,-1.));
#5880=DIRECTION('center_axis',(0.,0.,1.));
#5881=DIRECTION('ref_axis',(1.,0.,0.));
#5882=DIRECTION('center_axis',(0.,0.,1.));
#5883=DIRECTION('ref_axis',(1.,0.,0.));
#5884=DIRECTION('center_axis',(0.,0.,1.));
#5885=DIRECTION('ref_axis',(1.,0.,0.));
#5886=DIRECTION('',(0.,0.,-1.));
#5887=DIRECTION('center_axis',(0.,0.,1.));
#5888=DIRECTION('ref_axis',(1.,0.,0.));
#5889=DIRECTION('center_axis',(0.,0.,1.));
#5890=DIRECTION('ref_axis',(1.,0.,0.));
#5891=DIRECTION('center_axis',(0.,0.,1.));
#5892=DIRECTION('ref_axis',(1.,0.,0.));
#5893=DIRECTION('',(0.,0.,-1.));
#5894=DIRECTION('center_axis',(0.,0.,1.));
#5895=DIRECTION('ref_axis',(1.,0.,0.));
#5896=DIRECTION('center_axis',(0.,0.,1.));
#5897=DIRECTION('ref_axis',(1.,0.,0.));
#5898=DIRECTION('center_axis',(0.,0.,1.));
#5899=DIRECTION('ref_axis',(1.,0.,0.));
#5900=DIRECTION('',(0.,0.,-1.));
#5901=DIRECTION('center_axis',(0.,0.,1.));
#5902=DIRECTION('ref_axis',(1.,0.,0.));
#5903=DIRECTION('center_axis',(0.,0.,1.));
#5904=DIRECTION('ref_axis',(1.,0.,0.));
#5905=DIRECTION('center_axis',(0.,0.,1.));
#5906=DIRECTION('ref_axis',(1.,0.,0.));
#5907=DIRECTION('',(0.,0.,-1.));
#5908=DIRECTION('center_axis',(0.,0.,1.));
#5909=DIRECTION('ref_axis',(1.,0.,0.));
#5910=DIRECTION('center_axis',(0.,0.,1.));
#5911=DIRECTION('ref_axis',(1.,0.,0.));
#5912=DIRECTION('center_axis',(0.,0.,1.));
#5913=DIRECTION('ref_axis',(1.,0.,0.));
#5914=DIRECTION('',(0.,0.,-1.));
#5915=DIRECTION('center_axis',(0.,0.,1.));
#5916=DIRECTION('ref_axis',(1.,0.,0.));
#5917=DIRECTION('center_axis',(0.,0.,1.));
#5918=DIRECTION('ref_axis',(1.,0.,0.));
#5919=DIRECTION('center_axis',(0.,0.,1.));
#5920=DIRECTION('ref_axis',(1.,0.,0.));
#5921=DIRECTION('',(0.,0.,-1.));
#5922=DIRECTION('center_axis',(0.,0.,1.));
#5923=DIRECTION('ref_axis',(1.,0.,0.));
#5924=DIRECTION('center_axis',(0.,0.,1.));
#5925=DIRECTION('ref_axis',(1.,0.,0.));
#5926=DIRECTION('center_axis',(0.,0.,1.));
#5927=DIRECTION('ref_axis',(1.,0.,0.));
#5928=DIRECTION('',(0.,0.,-1.));
#5929=DIRECTION('center_axis',(0.,0.,1.));
#5930=DIRECTION('ref_axis',(1.,0.,0.));
#5931=DIRECTION('center_axis',(0.,0.,1.));
#5932=DIRECTION('ref_axis',(1.,0.,0.));
#5933=DIRECTION('center_axis',(0.,0.,1.));
#5934=DIRECTION('ref_axis',(1.,0.,0.));
#5935=DIRECTION('',(0.,0.,-1.));
#5936=DIRECTION('center_axis',(0.,0.,1.));
#5937=DIRECTION('ref_axis',(1.,0.,0.));
#5938=DIRECTION('center_axis',(0.,0.,1.));
#5939=DIRECTION('ref_axis',(1.,0.,0.));
#5940=DIRECTION('center_axis',(0.,0.,1.));
#5941=DIRECTION('ref_axis',(1.,0.,0.));
#5942=DIRECTION('',(0.,0.,-1.));
#5943=DIRECTION('center_axis',(0.,0.,1.));
#5944=DIRECTION('ref_axis',(1.,0.,0.));
#5945=DIRECTION('center_axis',(0.,0.,1.));
#5946=DIRECTION('ref_axis',(1.,0.,0.));
#5947=DIRECTION('center_axis',(0.,0.,1.));
#5948=DIRECTION('ref_axis',(1.,0.,0.));
#5949=DIRECTION('',(0.,0.,-1.));
#5950=DIRECTION('center_axis',(0.,0.,1.));
#5951=DIRECTION('ref_axis',(1.,0.,0.));
#5952=DIRECTION('center_axis',(0.,0.,1.));
#5953=DIRECTION('ref_axis',(1.,0.,0.));
#5954=DIRECTION('center_axis',(0.,0.,1.));
#5955=DIRECTION('ref_axis',(1.,0.,0.));
#5956=DIRECTION('',(0.,0.,-1.));
#5957=DIRECTION('center_axis',(0.,0.,1.));
#5958=DIRECTION('ref_axis',(1.,0.,0.));
#5959=DIRECTION('center_axis',(0.,0.,1.));
#5960=DIRECTION('ref_axis',(1.,0.,0.));
#5961=DIRECTION('center_axis',(0.,0.,1.));
#5962=DIRECTION('ref_axis',(1.,0.,0.));
#5963=DIRECTION('',(0.,0.,-1.));
#5964=DIRECTION('center_axis',(0.,0.,1.));
#5965=DIRECTION('ref_axis',(1.,0.,0.));
#5966=DIRECTION('center_axis',(0.,0.,1.));
#5967=DIRECTION('ref_axis',(1.,0.,0.));
#5968=DIRECTION('center_axis',(0.,0.,1.));
#5969=DIRECTION('ref_axis',(1.,0.,0.));
#5970=DIRECTION('',(0.,0.,-1.));
#5971=DIRECTION('center_axis',(0.,0.,1.));
#5972=DIRECTION('ref_axis',(1.,0.,0.));
#5973=DIRECTION('center_axis',(0.,0.,1.));
#5974=DIRECTION('ref_axis',(1.,0.,0.));
#5975=DIRECTION('center_axis',(0.,0.,1.));
#5976=DIRECTION('ref_axis',(1.,0.,0.));
#5977=DIRECTION('',(0.,0.,-1.));
#5978=DIRECTION('center_axis',(0.,0.,1.));
#5979=DIRECTION('ref_axis',(1.,0.,0.));
#5980=DIRECTION('center_axis',(0.,0.,1.));
#5981=DIRECTION('ref_axis',(1.,0.,0.));
#5982=DIRECTION('center_axis',(0.,0.,1.));
#5983=DIRECTION('ref_axis',(1.,0.,0.));
#5984=DIRECTION('',(0.,0.,-1.));
#5985=DIRECTION('center_axis',(0.,0.,1.));
#5986=DIRECTION('ref_axis',(1.,0.,0.));
#5987=DIRECTION('center_axis',(1.,0.,0.));
#5988=DIRECTION('ref_axis',(0.,1.,0.));
#5989=DIRECTION('',(0.,-1.,0.));
#5990=DIRECTION('',(0.,0.,-1.));
#5991=DIRECTION('',(0.,0.939692620785909,-0.342020143325669));
#5992=DIRECTION('',(0.,0.342020143325669,0.939692620785909));
#5993=DIRECTION('',(0.,1.,0.));
#5994=DIRECTION('',(0.,0.,1.));
#5995=DIRECTION('center_axis',(0.,0.,1.));
#5996=DIRECTION('ref_axis',(1.,0.,0.));
#5997=DIRECTION('center_axis',(0.,0.,1.));
#5998=DIRECTION('ref_axis',(1.,0.,0.));
#5999=DIRECTION('center_axis',(0.,0.,1.));
#6000=DIRECTION('ref_axis',(1.,0.,0.));
#6001=DIRECTION('center_axis',(0.,0.,1.));
#6002=DIRECTION('ref_axis',(1.,0.,0.));
#6003=DIRECTION('center_axis',(0.,0.,1.));
#6004=DIRECTION('ref_axis',(1.,0.,0.));
#6005=DIRECTION('center_axis',(0.,0.,1.));
#6006=DIRECTION('ref_axis',(1.,0.,0.));
#6007=DIRECTION('center_axis',(0.,0.,1.));
#6008=DIRECTION('ref_axis',(1.,0.,0.));
#6009=DIRECTION('center_axis',(0.,0.,1.));
#6010=DIRECTION('ref_axis',(1.,0.,0.));
#6011=DIRECTION('center_axis',(0.,-0.939692620785908,0.342020143325669));
#6012=DIRECTION('ref_axis',(1.,0.,0.));
#6013=DIRECTION('',(0.,0.939692620785909,-0.342020143325669));
#6014=DIRECTION('center_axis',(0.,0.939692620785908,-0.342020143325669));
#6015=DIRECTION('ref_axis',(1.,0.,0.));
#6016=DIRECTION('center_axis',(0.,-0.939692620785908,0.342020143325669));
#6017=DIRECTION('ref_axis',(1.,0.,0.));
#6018=DIRECTION('',(0.,0.939692620785909,-0.342020143325669));
#6019=DIRECTION('center_axis',(0.,-0.939692620785908,0.342020143325669));
#6020=DIRECTION('ref_axis',(1.,0.,0.));
#6021=DIRECTION('',(0.,-0.342020143325669,-0.939692620785909));
#6022=DIRECTION('',(-1.,0.,0.));
#6023=DIRECTION('center_axis',(0.,0.,1.));
#6024=DIRECTION('ref_axis',(0.,-1.,0.));
#6025=DIRECTION('center_axis',(0.,0.,-1.));
#6026=DIRECTION('ref_axis',(0.,1.,0.));
#6027=DIRECTION('',(1.,0.,0.));
#6028=DIRECTION('',(0.,1.,0.));
#6029=DIRECTION('',(-1.,0.,0.));
#6030=DIRECTION('',(0.,1.,0.));
#6031=DIRECTION('center_axis',(-1.,0.,0.));
#6032=DIRECTION('ref_axis',(0.,-0.939692620785909,0.342020143325669));
#6033=DIRECTION('',(0.,1.,0.));
#6034=DIRECTION('',(0.,-0.342020143325669,-0.939692620785909));
#6035=DIRECTION('',(0.,0.939692620785909,-0.342020143325669));
#6036=DIRECTION('',(0.,0.342020143325669,0.939692620785909));
#6037=DIRECTION('',(0.,0.939692620785909,-0.342020143325669));
#6038=DIRECTION('',(0.,-0.342020143325669,-0.939692620785909));
#6039=DIRECTION('',(0.,0.939692620785909,-0.342020143325669));
#6040=DIRECTION('',(0.,-0.342020143325669,-0.939692620785909));
#6041=DIRECTION('',(0.,-0.939692620785909,0.342020143325669));
#6042=DIRECTION('',(0.,-0.342020143325669,-0.939692620785909));
#6043=DIRECTION('',(0.,0.,-1.));
#6044=DIRECTION('',(0.,0.342020143325669,0.939692620785909));
#6045=DIRECTION('',(0.,-1.,0.));
#6046=DIRECTION('center_axis',(1.,0.,0.));
#6047=DIRECTION('ref_axis',(0.,0.939692620785909,-0.342020143325669));
#6048=DIRECTION('',(0.,1.,0.));
#6049=DIRECTION('',(0.,1.,0.));
#6050=DIRECTION('',(0.,-0.342020143325669,-0.939692620785909));
#6051=DIRECTION('',(0.,0.,1.));
#6052=DIRECTION('',(0.,0.342020143325669,0.939692620785909));
#6053=DIRECTION('',(0.,0.939692620785909,-0.342020143325669));
#6054=DIRECTION('',(0.,-0.342020143325669,-0.939692620785909));
#6055=DIRECTION('',(0.,-0.939692620785909,0.342020143325669));
#6056=DIRECTION('',(0.,0.342020143325669,0.939692620785909));
#6057=DIRECTION('',(0.,0.939692620785909,-0.342020143325669));
#6058=DIRECTION('',(0.,-0.342020143325669,-0.939692620785909));
#6059=DIRECTION('',(0.,0.939692620785909,-0.342020143325669));
#6060=DIRECTION('',(0.,0.342020143325669,0.939692620785909));
#6061=DIRECTION('center_axis',(0.,-0.939692620785908,0.342020143325669));
#6062=DIRECTION('ref_axis',(1.,0.,0.));
#6063=DIRECTION('',(1.,0.,0.));
#6064=DIRECTION('',(0.,0.342020143325669,0.939692620785908));
#6065=DIRECTION('',(1.,0.,0.));
#6066=DIRECTION('',(0.,-0.342020143325669,-0.939692620785908));
#6067=DIRECTION('',(1.,0.,0.));
#6068=DIRECTION('center_axis',(0.,0.,1.));
#6069=DIRECTION('ref_axis',(0.,-1.,0.));
#6070=DIRECTION('',(0.,1.,0.));
#6071=DIRECTION('',(1.,0.,0.));
#6072=DIRECTION('center_axis',(0.,0.,-1.));
#6073=DIRECTION('ref_axis',(0.,1.,0.));
#6074=DIRECTION('center_axis',(0.,0.,1.));
#6075=DIRECTION('ref_axis',(0.,-1.,0.));
#6076=DIRECTION('center_axis',(0.,0.,-1.));
#6077=DIRECTION('ref_axis',(0.,1.,0.));
#6078=DIRECTION('',(1.,0.,0.));
#6079=DIRECTION('',(0.,1.,0.));
#6080=DIRECTION('center_axis',(0.,0.,1.));
#6081=DIRECTION('ref_axis',(0.,-1.,0.));
#6082=DIRECTION('',(-1.,0.,0.));
#6083=DIRECTION('center_axis',(0.,-1.,0.));
#6084=DIRECTION('ref_axis',(1.,0.,0.));
#6085=DIRECTION('',(1.,0.,0.));
#6086=DIRECTION('center_axis',(0.,-0.939692620785908,0.342020143325669));
#6087=DIRECTION('ref_axis',(1.,0.,0.));
#6088=DIRECTION('',(-1.,0.,0.));
#6089=DIRECTION('center_axis',(0.,-0.939692620785908,0.342020143325669));
#6090=DIRECTION('ref_axis',(1.,0.,0.));
#6091=DIRECTION('',(-1.,0.,0.));
#6092=DIRECTION('',(0.,0.342020143325669,0.939692620785909));
#6093=DIRECTION('',(-1.,0.,0.));
#6094=DIRECTION('center_axis',(1.,0.,0.));
#6095=DIRECTION('ref_axis',(0.,0.939692620785909,-0.342020143325669));
#6096=DIRECTION('',(0.,0.939692620785909,-0.342020143325669));
#6097=DIRECTION('',(0.,0.342020143325669,0.939692620785909));
#6098=DIRECTION('',(0.,0.939692620785909,-0.342020143325669));
#6099=DIRECTION('',(0.,0.342020143325669,0.939692620785909));
#6100=DIRECTION('',(0.,0.939692620785909,-0.342020143325669));
#6101=DIRECTION('center_axis',(0.,0.342020143325669,0.939692620785908));
#6102=DIRECTION('ref_axis',(1.,0.,0.));
#6103=DIRECTION('center_axis',(0.,-0.342020143325669,-0.939692620785908));
#6104=DIRECTION('ref_axis',(1.,0.,0.));
#6105=DIRECTION('center_axis',(0.,-0.342020143325669,-0.939692620785908));
#6106=DIRECTION('ref_axis',(1.,0.,0.));
#6107=DIRECTION('',(0.,0.342020143325669,0.939692620785909));
#6108=DIRECTION('center_axis',(0.,-0.939692620785908,0.342020143325669));
#6109=DIRECTION('ref_axis',(1.,0.,0.));
#6110=DIRECTION('',(-1.,0.,0.));
#6111=DIRECTION('',(0.,-0.342020143325669,-0.939692620785909));
#6112=DIRECTION('',(1.,0.,0.));
#6113=DIRECTION('',(-1.,0.,0.));
#6114=DIRECTION('center_axis',(0.,0.342020143325669,0.939692620785908));
#6115=DIRECTION('ref_axis',(1.,0.,0.));
#6116=DIRECTION('center_axis',(0.,-0.342020143325669,-0.939692620785908));
#6117=DIRECTION('ref_axis',(1.,0.,0.));
#6118=DIRECTION('center_axis',(0.,-0.342020143325669,-0.939692620785908));
#6119=DIRECTION('ref_axis',(1.,0.,0.));
#6120=DIRECTION('',(0.,-0.342020143325669,-0.939692620785909));
#6121=DIRECTION('center_axis',(-1.,0.,0.));
#6122=DIRECTION('ref_axis',(0.,-0.939692620785909,0.342020143325669));
#6123=DIRECTION('',(0.,-0.939692620785909,0.342020143325669));
#6124=DIRECTION('',(0.,-0.342020143325669,-0.939692620785909));
#6125=DIRECTION('',(0.,-0.939692620785909,0.342020143325669));
#6126=DIRECTION('',(0.,0.939692620785909,-0.342020143325669));
#6127=DIRECTION('center_axis',(0.,0.342020143325669,0.939692620785908));
#6128=DIRECTION('ref_axis',(0.,-0.939692620785909,0.342020143325669));
#6129=DIRECTION('',(-1.,0.,0.));
#6130=DIRECTION('center_axis',(0.,0.342020143325669,0.939692620785908));
#6131=DIRECTION('ref_axis',(1.,0.,0.));
#6132=DIRECTION('',(1.,0.,0.));
#6133=DIRECTION('center_axis',(0.,0.342020143325669,0.939692620785908));
#6134=DIRECTION('ref_axis',(1.,0.,0.));
#6135=DIRECTION('center_axis',(0.,-0.342020143325669,-0.939692620785908));
#6136=DIRECTION('ref_axis',(0.,0.939692620785909,-0.342020143325669));
#6137=DIRECTION('',(1.,0.,0.));
#6138=DIRECTION('',(-1.,0.,0.));
#6139=DIRECTION('center_axis',(0.,-0.939692620785908,0.342020143325669));
#6140=DIRECTION('ref_axis',(1.,0.,0.));
#6141=DIRECTION('',(1.,0.,0.));
#6142=DIRECTION('center_axis',(0.,0.342020143325669,0.939692620785908));
#6143=DIRECTION('ref_axis',(0.,-0.939692620785909,0.342020143325669));
#6144=DIRECTION('center_axis',(0.,-0.939692620785908,0.342020143325669));
#6145=DIRECTION('ref_axis',(1.,0.,0.));
#6146=DIRECTION('',(-1.,0.,0.));
#6147=DIRECTION('',(0.,-0.342020143325669,-0.939692620785909));
#6148=DIRECTION('center_axis',(0.,0.342020143325669,0.939692620785908));
#6149=DIRECTION('ref_axis',(0.,-0.939692620785909,0.342020143325669));
#6150=DIRECTION('center_axis',(0.,-0.342020143325669,-0.939692620785908));
#6151=DIRECTION('ref_axis',(1.,0.,0.));
#6152=DIRECTION('',(1.,0.,0.));
#6153=DIRECTION('center_axis',(0.,-0.939692620785908,0.342020143325669));
#6154=DIRECTION('ref_axis',(1.,0.,0.));
#6155=DIRECTION('',(0.,-0.342020143325669,-0.939692620785909));
#6156=DIRECTION('',(0.,0.342020143325669,0.939692620785909));
#6157=DIRECTION('',(1.,0.,0.));
#6158=DIRECTION('center_axis',(0.,0.342020143325669,0.939692620785908));
#6159=DIRECTION('ref_axis',(-1.,1.15079156022785E-16,-4.18853873767699E-17));
#6160=DIRECTION('center_axis',(0.,0.342020143325669,0.939692620785908));
#6161=DIRECTION('ref_axis',(1.,0.,0.));
#6162=DIRECTION('center_axis',(0.,-0.342020143325669,-0.939692620785908));
#6163=DIRECTION('ref_axis',(1.,0.,0.));
#6164=DIRECTION('center_axis',(0.,0.342020143325669,0.939692620785908));
#6165=DIRECTION('ref_axis',(0.,-0.939692620785909,0.342020143325669));
#6166=DIRECTION('center_axis',(0.,0.342020143325669,0.939692620785908));
#6167=DIRECTION('ref_axis',(0.,-0.939692620785909,0.342020143325669));
#6168=DIRECTION('center_axis',(0.,-0.342020143325669,-0.939692620785908));
#6169=DIRECTION('ref_axis',(1.,0.,0.));
#6170=DIRECTION('',(-1.,0.,0.));
#6171=DIRECTION('',(0.,0.939692620785909,-0.342020143325669));
#6172=DIRECTION('',(-1.,0.,0.));
#6173=DIRECTION('center_axis',(0.,0.342020143325669,0.939692620785908));
#6174=DIRECTION('ref_axis',(-0.919889843861716,0.368525684181761,-0.134132379604748));
#6175=DIRECTION('center_axis',(0.,0.342020143325669,0.939692620785908));
#6176=DIRECTION('ref_axis',(1.,0.,0.));
#6177=DIRECTION('center_axis',(0.,-1.,0.));
#6178=DIRECTION('ref_axis',(0.,-4.80656503804751E-17,-1.));
#6179=DIRECTION('center_axis',(0.,-0.342020143325669,-0.939692620785908));
#6180=DIRECTION('ref_axis',(0.,0.939692620785909,-0.342020143325669));
#6181=DIRECTION('center_axis',(0.,0.342020143325669,0.939692620785908));
#6182=DIRECTION('ref_axis',(1.,0.,0.));
#6183=DIRECTION('center_axis',(0.,0.342020143325669,0.939692620785908));
#6184=DIRECTION('ref_axis',(1.,0.,0.));
#6185=DIRECTION('center_axis',(0.,-0.342020143325669,-0.939692620785908));
#6186=DIRECTION('ref_axis',(1.,0.,0.));
#6187=DIRECTION('center_axis',(0.,-1.,0.));
#6188=DIRECTION('ref_axis',(0.,-4.80656503804751E-17,-1.));
#6189=DIRECTION('center_axis',(0.,0.342020143325669,0.939692620785908));
#6190=DIRECTION('ref_axis',(0.,-0.939692620785909,0.342020143325669));
#6191=DIRECTION('',(0.,-0.939692620785909,0.342020143325669));
#6192=DIRECTION('',(-1.,0.,0.));
#6193=DIRECTION('center_axis',(0.,-1.,0.));
#6194=DIRECTION('ref_axis',(1.,0.,0.));
#6195=DIRECTION('',(0.,0.,-1.));
#6196=DIRECTION('center_axis',(0.,-1.,0.));
#6197=DIRECTION('ref_axis',(1.,0.,0.));
#6198=DIRECTION('',(0.,0.,1.));
#6199=DIRECTION('center_axis',(1.,0.,0.));
#6200=DIRECTION('ref_axis',(0.,1.,0.));
#6201=DIRECTION('',(0.,1.,0.));
#6202=DIRECTION('',(0.,0.342020143325669,0.939692620785909));
#6203=DIRECTION('center_axis',(-1.,0.,0.));
#6204=DIRECTION('ref_axis',(0.,-1.,0.));
#6205=DIRECTION('center_axis',(0.,-0.939692620785908,0.342020143325669));
#6206=DIRECTION('ref_axis',(1.,0.,0.));
#6207=DIRECTION('',(-1.,0.,0.));
#6208=DIRECTION('center_axis',(0.,0.,1.));
#6209=DIRECTION('ref_axis',(0.,-1.,0.));
#6210=CARTESIAN_POINT('',(0.,0.,0.));
#6211=CARTESIAN_POINT('Origin',(118.,18.75,2.3));
#6212=CARTESIAN_POINT('',(113.,25.01,2.3));
#6213=CARTESIAN_POINT('',(123.,25.01,2.3));
#6214=CARTESIAN_POINT('',(90.325,25.01,2.3));
#6215=CARTESIAN_POINT('',(113.,11.5,2.3));
#6216=CARTESIAN_POINT('',(113.,18.75,2.3));
#6217=CARTESIAN_POINT('',(123.,11.5,2.3));
#6218=CARTESIAN_POINT('',(118.,11.5,2.3));
#6219=CARTESIAN_POINT('',(123.,18.75,2.3));
#6220=CARTESIAN_POINT('Origin',(123.,18.75,18.6));
#6221=CARTESIAN_POINT('',(123.,25.01,14.));
#6222=CARTESIAN_POINT('',(123.,25.01,17.275));
#6223=CARTESIAN_POINT('',(123.,11.5,10.5706568940299));
#6224=CARTESIAN_POINT('',(123.,11.5,18.6));
#6225=CARTESIAN_POINT('',(123.,18.2459710516244,8.11532423001719));
#6226=CARTESIAN_POINT('',(123.,13.3373278266231,9.90192425455011));
#6227=CARTESIAN_POINT('',(123.,20.3878178702057,14.));
#6228=CARTESIAN_POINT('',(123.,26.9888200094236,32.136104323273));
#6229=CARTESIAN_POINT('',(123.,20.325,14.));
#6230=CARTESIAN_POINT('Origin',(118.,11.5,18.6));
#6231=CARTESIAN_POINT('',(113.,11.5,10.5706568940299));
#6232=CARTESIAN_POINT('',(90.325,11.5,10.5706568940299));
#6233=CARTESIAN_POINT('',(113.,11.5,18.6));
#6234=CARTESIAN_POINT('',(115.9,11.5,4.6325194022038));
#6235=CARTESIAN_POINT('Origin',(118.,11.5,4.6325194022038));
#6236=CARTESIAN_POINT('Origin',(113.,18.75,18.6));
#6237=CARTESIAN_POINT('',(113.,25.01,14.));
#6238=CARTESIAN_POINT('',(113.,25.01,17.275));
#6239=CARTESIAN_POINT('',(113.,20.3878178702057,14.));
#6240=CARTESIAN_POINT('',(113.,20.325,14.));
#6241=CARTESIAN_POINT('',(113.,18.2459710516244,8.11532423001719));
#6242=CARTESIAN_POINT('',(113.,26.9888200094236,32.136104323273));
#6243=CARTESIAN_POINT('',(113.,13.3373278266231,9.90192425455011));
#6244=CARTESIAN_POINT('Origin',(62.65,25.01,15.95));
#6245=CARTESIAN_POINT('',(132.4,25.01,14.));
#6246=CARTESIAN_POINT('',(62.65,25.01,14.));
#6247=CARTESIAN_POINT('',(132.4,25.01,2.));
#6248=CARTESIAN_POINT('',(132.4,25.01,27.975));
#6249=CARTESIAN_POINT('',(-7.1,25.01,2.));
#6250=CARTESIAN_POINT('',(62.65,25.01,2.));
#6251=CARTESIAN_POINT('',(-7.1,25.01,14.));
#6252=CARTESIAN_POINT('',(-7.1,25.01,27.975));
#6253=CARTESIAN_POINT('',(42.,25.01,14.));
#6254=CARTESIAN_POINT('',(62.65,25.01,14.));
#6255=CARTESIAN_POINT('',(42.,25.01,3.));
#6256=CARTESIAN_POINT('',(42.,25.01,17.2));
#6257=CARTESIAN_POINT('',(54.65,25.01,3.));
#6258=CARTESIAN_POINT('',(62.825,25.01,3.));
#6259=CARTESIAN_POINT('',(54.65,25.01,2.5));
#6260=CARTESIAN_POINT('',(54.65,25.01,9.975));
#6261=CARTESIAN_POINT('',(70.65,25.01,2.5));
#6262=CARTESIAN_POINT('',(62.65,25.01,2.5));
#6263=CARTESIAN_POINT('',(70.65,25.01,3.));
#6264=CARTESIAN_POINT('',(70.65,25.01,9.975));
#6265=CARTESIAN_POINT('',(84.,25.01,3.));
#6266=CARTESIAN_POINT('',(62.825,25.01,3.));
#6267=CARTESIAN_POINT('',(84.,25.01,14.));
#6268=CARTESIAN_POINT('',(84.,25.01,17.2));
#6269=CARTESIAN_POINT('',(62.65,25.01,14.));
#6270=CARTESIAN_POINT('Origin',(62.65,21.9,14.));
#6271=CARTESIAN_POINT('',(132.4,20.3878178702057,14.));
#6272=CARTESIAN_POINT('',(62.65,20.3878178702057,14.));
#6273=CARTESIAN_POINT('',(132.4,35.625,14.));
#6274=CARTESIAN_POINT('Origin',(62.65,21.9,14.));
#6275=CARTESIAN_POINT('',(84.,20.3878178702057,14.));
#6276=CARTESIAN_POINT('',(84.,19.825,14.));
#6277=CARTESIAN_POINT('',(62.65,20.3878178702057,14.));
#6278=CARTESIAN_POINT('Origin',(62.65,32.3029989423094,46.736690944318));
#6279=CARTESIAN_POINT('',(129.6,18.2459710516244,8.11532423001719));
#6280=CARTESIAN_POINT('',(62.65,18.2459710516244,8.11532423001719));
#6281=CARTESIAN_POINT('',(132.4,18.5079857912354,8.83520381066262));
#6282=CARTESIAN_POINT('Origin',(129.6,20.1270818399156,13.2836336443397));
#6283=CARTESIAN_POINT('',(132.4,32.2174937313864,46.5017673080615));
#6284=CARTESIAN_POINT('Origin',(118.,11.2443564447843,4.7255660468843));
#6285=CARTESIAN_POINT('',(115.9,10.1637099308805,5.11888921170882));
#6286=CARTESIAN_POINT('Origin',(118.,10.1637099308805,5.11888921170882));
#6287=CARTESIAN_POINT('',(115.9,11.2443564447843,4.7255660468843));
#6288=CARTESIAN_POINT('Origin',(118.,10.1637099308805,5.11888921170882));
#6289=CARTESIAN_POINT('',(116.3,10.1637099308805,5.11888921170882));
#6290=CARTESIAN_POINT('Origin',(118.,10.1637099308805,5.11888921170882));
#6291=CARTESIAN_POINT('Origin',(118.,7.90844764099433,5.93973755569043));
#6292=CARTESIAN_POINT('',(116.3,6.07604703046181,6.60667683517548));
#6293=CARTESIAN_POINT('Origin',(118.,6.07604703046181,6.60667683517548));
#6294=CARTESIAN_POINT('',(116.3,7.90844764099433,5.93973755569043));
#6295=CARTESIAN_POINT('Origin',(122.15,10.,8.01180291557684));
#6296=CARTESIAN_POINT('',(122.15,7.98452763264228,11.8501841951335));
#6297=CARTESIAN_POINT('',(122.15,6.90388111873847,12.243507359958));
#6298=CARTESIAN_POINT('',(122.15,11.175596080997,10.6887302644264));
#6299=CARTESIAN_POINT('',(122.15,4.57859365330292,2.49245749474538));
#6300=CARTESIAN_POINT('',(122.15,5.32903723192502,4.5542842815843));
#6301=CARTESIAN_POINT('',(122.15,3.50000000000001,2.49245749474538));
#6302=CARTESIAN_POINT('',(122.15,10.,2.49245749474538));
#6303=CARTESIAN_POINT('',(122.15,3.50000000000001,2.89142084771616));
#6304=CARTESIAN_POINT('',(122.15,3.50000000000001,24.0059014577884));
#6305=CARTESIAN_POINT('',(122.15,4.17681175579945,4.75094586399656));
#6306=CARTESIAN_POINT('Origin',(118.,10.,2.49245749474538));
#6307=CARTESIAN_POINT('',(113.85,3.50000000000001,2.49245749474538));
#6308=CARTESIAN_POINT('',(90.325,3.50000000000001,2.49245749474538));
#6309=CARTESIAN_POINT('',(113.85,4.57859365330292,2.49245749474538));
#6310=CARTESIAN_POINT('',(59.,4.57859365330292,2.49245749474538));
#6311=CARTESIAN_POINT('',(113.85,10.,2.49245749474538));
#6312=CARTESIAN_POINT('Origin',(0.,3.6714133150419,0.));
#6313=CARTESIAN_POINT('',(113.85,7.98452763264228,11.8501841951335));
#6314=CARTESIAN_POINT('',(31.325,7.98452763264228,11.8501841951335));
#6315=CARTESIAN_POINT('',(113.85,5.32903723192502,4.5542842815843));
#6316=CARTESIAN_POINT('Origin',(113.85,10.,8.01180291557684));
#6317=CARTESIAN_POINT('',(113.85,6.90388111873847,12.243507359958));
#6318=CARTESIAN_POINT('',(113.85,11.175596080997,10.6887302644264));
#6319=CARTESIAN_POINT('',(113.85,3.50000000000001,2.89142084771616));
#6320=CARTESIAN_POINT('',(113.85,4.17681175579945,4.75094586399656));
#6321=CARTESIAN_POINT('',(113.85,3.50000000000001,24.0059014577884));
#6322=CARTESIAN_POINT('Origin',(62.65,3.50000000000001,40.));
#6323=CARTESIAN_POINT('',(-0.599999999999996,3.50000000000001,2.89142084771616));
#6324=CARTESIAN_POINT('',(31.325,3.50000000000001,2.89142084771616));
#6325=CARTESIAN_POINT('',(-0.599999999999996,3.50000000000001,0.));
#6326=CARTESIAN_POINT('',(-0.599999999999996,3.50000000000001,40.));
#6327=CARTESIAN_POINT('',(125.9,3.50000000000001,0.));
#6328=CARTESIAN_POINT('',(62.65,3.50000000000001,0.));
#6329=CARTESIAN_POINT('',(125.9,3.50000000000001,2.89142084771616));
#6330=CARTESIAN_POINT('',(125.9,3.50000000000001,40.));
#6331=CARTESIAN_POINT('',(31.325,3.50000000000001,2.89142084771616));
#6332=CARTESIAN_POINT('Origin',(0.,2.44760887669457,0.));
#6333=CARTESIAN_POINT('',(77.,6.90388111873847,12.243507359958));
#6334=CARTESIAN_POINT('',(31.325,6.90388111873847,12.243507359958));
#6335=CARTESIAN_POINT('',(77.,5.98042673175916,9.70633728383606));
#6336=CARTESIAN_POINT('',(77.,4.53466168859468,5.73413047390482));
#6337=CARTESIAN_POINT('',(48.3,5.98042673175916,9.70633728383606));
#6338=CARTESIAN_POINT('',(31.325,5.98042673175916,9.70633728383606));
#6339=CARTESIAN_POINT('',(48.3,6.90388111873847,12.243507359958));
#6340=CARTESIAN_POINT('',(48.3,4.53466168859468,5.73413047390482));
#6341=CARTESIAN_POINT('',(-4.29999999999999,6.90388111873847,12.243507359958));
#6342=CARTESIAN_POINT('',(31.325,6.90388111873847,12.243507359958));
#6343=CARTESIAN_POINT('',(-6.38942460574214,7.04490901418797,12.6309783182187));
#6344=CARTESIAN_POINT('Origin',(-4.3,8.78499190702964,17.4118167742805));
#6345=CARTESIAN_POINT('Origin',(-0.6,10.,20.7500240741712));
#6346=CARTESIAN_POINT('Origin',(0.,2.44760887669457,0.));
#6347=CARTESIAN_POINT('',(131.689424605742,7.04490901418797,12.6309783182187));
#6348=CARTESIAN_POINT('Origin',(125.9,10.,20.7500240741712));
#6349=CARTESIAN_POINT('',(129.6,6.90388111873847,12.243507359958));
#6350=CARTESIAN_POINT('Origin',(129.6,8.78499190702964,17.4118167742805));
#6351=CARTESIAN_POINT('',(31.325,6.90388111873847,12.243507359958));
#6352=CARTESIAN_POINT('Origin',(125.,88.7,0.695));
#6353=CARTESIAN_POINT('',(121.909929078014,88.7,0.));
#6354=CARTESIAN_POINT('Origin',(125.,88.7,0.));
#6355=CARTESIAN_POINT('',(123.3,88.7,1.4));
#6356=CARTESIAN_POINT('',(122.6,88.7,0.695));
#6357=CARTESIAN_POINT('Origin',(125.,88.7,1.4));
#6358=CARTESIAN_POINT('Origin',(125.,88.7,1.5));
#6359=CARTESIAN_POINT('',(123.3,88.7,3.));
#6360=CARTESIAN_POINT('',(123.3,88.7,1.5));
#6361=CARTESIAN_POINT('Origin',(125.,88.7,3.));
#6362=CARTESIAN_POINT('Origin',(125.,88.7,2.495));
#6363=CARTESIAN_POINT('',(121.5,88.7,3.));
#6364=CARTESIAN_POINT('Origin',(125.,88.7,3.));
#6365=CARTESIAN_POINT('',(121.5,88.7,2.));
#6366=CARTESIAN_POINT('',(121.5,88.7,2.495));
#6367=CARTESIAN_POINT('Origin',(125.,88.7,2.));
#6368=CARTESIAN_POINT('Origin',(125.,88.7,3.));
#6369=CARTESIAN_POINT('Origin',(0.,88.7,0.695));
#6370=CARTESIAN_POINT('',(-3.09007092198582,88.7,0.));
#6371=CARTESIAN_POINT('Origin',(0.,88.7,0.));
#6372=CARTESIAN_POINT('',(-1.7,88.7,1.4));
#6373=CARTESIAN_POINT('',(-2.4,88.7,0.695));
#6374=CARTESIAN_POINT('Origin',(0.,88.7,1.4));
#6375=CARTESIAN_POINT('Origin',(0.,88.7,1.5));
#6376=CARTESIAN_POINT('',(-1.7,88.7,3.));
#6377=CARTESIAN_POINT('',(-1.7,88.7,1.5));
#6378=CARTESIAN_POINT('Origin',(0.,88.7,3.));
#6379=CARTESIAN_POINT('Origin',(0.,88.7,2.495));
#6380=CARTESIAN_POINT('',(-3.5,88.7,3.));
#6381=CARTESIAN_POINT('Origin',(0.,88.7,3.));
#6382=CARTESIAN_POINT('',(-3.5,88.7,2.));
#6383=CARTESIAN_POINT('',(-3.5,88.7,2.495));
#6384=CARTESIAN_POINT('Origin',(0.,88.7,2.));
#6385=CARTESIAN_POINT('Origin',(0.,88.7,3.));
#6386=CARTESIAN_POINT('Origin',(125.,30.,0.695));
#6387=CARTESIAN_POINT('',(121.909929078014,30.,0.));
#6388=CARTESIAN_POINT('Origin',(125.,30.,0.));
#6389=CARTESIAN_POINT('',(123.3,30.,1.4));
#6390=CARTESIAN_POINT('',(122.6,30.,0.695));
#6391=CARTESIAN_POINT('Origin',(125.,30.,1.4));
#6392=CARTESIAN_POINT('Origin',(125.,30.,1.5));
#6393=CARTESIAN_POINT('',(123.3,30.,3.));
#6394=CARTESIAN_POINT('',(123.3,30.,1.5));
#6395=CARTESIAN_POINT('Origin',(125.,30.,3.));
#6396=CARTESIAN_POINT('Origin',(125.,30.,2.495));
#6397=CARTESIAN_POINT('',(121.5,30.,3.));
#6398=CARTESIAN_POINT('Origin',(125.,30.,3.));
#6399=CARTESIAN_POINT('',(121.5,30.,2.));
#6400=CARTESIAN_POINT('',(121.5,30.,2.495));
#6401=CARTESIAN_POINT('Origin',(125.,30.,2.));
#6402=CARTESIAN_POINT('Origin',(125.,30.,3.));
#6403=CARTESIAN_POINT('Origin',(68.,30.,0.695));
#6404=CARTESIAN_POINT('',(64.9099290780142,30.,0.));
#6405=CARTESIAN_POINT('Origin',(68.,30.,0.));
#6406=CARTESIAN_POINT('',(66.3,30.,1.4));
#6407=CARTESIAN_POINT('',(65.6,30.,0.695));
#6408=CARTESIAN_POINT('Origin',(68.,30.,1.4));
#6409=CARTESIAN_POINT('Origin',(68.,30.,1.5));
#6410=CARTESIAN_POINT('',(66.3,30.,3.));
#6411=CARTESIAN_POINT('',(66.3,30.,1.5));
#6412=CARTESIAN_POINT('Origin',(68.,30.,3.));
#6413=CARTESIAN_POINT('Origin',(68.,30.,2.495));
#6414=CARTESIAN_POINT('',(64.5,30.,3.));
#6415=CARTESIAN_POINT('Origin',(68.,30.,3.));
#6416=CARTESIAN_POINT('',(64.5,30.,2.));
#6417=CARTESIAN_POINT('',(64.5,30.,2.495));
#6418=CARTESIAN_POINT('Origin',(68.,30.,2.));
#6419=CARTESIAN_POINT('Origin',(68.,30.,3.));
#6420=CARTESIAN_POINT('Origin',(0.,-4.44089209850063E-15,31.6));
#6421=CARTESIAN_POINT('',(47.3,30.,28.8948328267477));
#6422=CARTESIAN_POINT('',(47.3,73.5,24.9723404255319));
#6423=CARTESIAN_POINT('',(47.3,26.2769918821086,29.2305448049568));
#6424=CARTESIAN_POINT('',(48.8,30.,28.8948328267477));
#6425=CARTESIAN_POINT('',(24.025,30.,28.8948328267477));
#6426=CARTESIAN_POINT('',(48.8,72.,25.1075987841945));
#6427=CARTESIAN_POINT('',(48.8,26.2769918821086,29.2305448049568));
#6428=CARTESIAN_POINT('',(74.3,72.,25.1075987841945));
#6429=CARTESIAN_POINT('',(30.775,72.,25.1075987841945));
#6430=CARTESIAN_POINT('',(74.3,30.,28.8948328267477));
#6431=CARTESIAN_POINT('',(74.3,26.2769918821086,29.2305448049568));
#6432=CARTESIAN_POINT('',(75.8,30.,28.8948328267477));
#6433=CARTESIAN_POINT('',(37.525,30.,28.8948328267477));
#6434=CARTESIAN_POINT('',(75.8,50.,27.0913880445795));
#6435=CARTESIAN_POINT('',(75.8,26.2769918821086,29.2305448049568));
#6436=CARTESIAN_POINT('',(132.4,50.,27.0913880445795));
#6437=CARTESIAN_POINT('',(52.0475,50.,27.0913880445795));
#6438=CARTESIAN_POINT('',(132.4,51.5,26.9561296859169));
#6439=CARTESIAN_POINT('',(132.4,24.1003161370139,29.4268205307049));
#6440=CARTESIAN_POINT('',(75.8,51.5,26.9561296859169));
#6441=CARTESIAN_POINT('',(52.0475,51.5,26.9561296859169));
#6442=CARTESIAN_POINT('',(75.8,73.5,24.9723404255319));
#6443=CARTESIAN_POINT('',(75.8,26.2769918821086,29.2305448049568));
#6444=CARTESIAN_POINT('',(37.525,73.5,24.9723404255319));
#6445=CARTESIAN_POINT('Origin',(75.8,51.75,17.945));
#6446=CARTESIAN_POINT('',(75.8,30.,2.));
#6447=CARTESIAN_POINT('',(75.8,30.,17.945));
#6448=CARTESIAN_POINT('',(75.8,50.,2.));
#6449=CARTESIAN_POINT('',(75.8,50.55,2.));
#6450=CARTESIAN_POINT('',(75.8,50.,17.945));
#6451=CARTESIAN_POINT('Origin',(75.05,30.,17.945));
#6452=CARTESIAN_POINT('',(74.3,30.,2.));
#6453=CARTESIAN_POINT('',(74.3,30.,17.945));
#6454=CARTESIAN_POINT('',(68.85,30.,2.));
#6455=CARTESIAN_POINT('Origin',(74.3,51.75,17.945));
#6456=CARTESIAN_POINT('',(74.3,72.,2.));
#6457=CARTESIAN_POINT('',(74.3,72.,17.945));
#6458=CARTESIAN_POINT('',(74.3,50.55,2.));
#6459=CARTESIAN_POINT('',(74.3,68.9,4.));
#6460=CARTESIAN_POINT('',(74.3,68.9,10.));
#6461=CARTESIAN_POINT('',(74.3,68.9,12.4725));
#6462=CARTESIAN_POINT('',(74.3,60.1,10.));
#6463=CARTESIAN_POINT('',(74.3,58.125,10.));
#6464=CARTESIAN_POINT('',(74.3,60.1,4.));
#6465=CARTESIAN_POINT('',(74.3,60.1,12.4725));
#6466=CARTESIAN_POINT('',(74.3,58.125,4.));
#6467=CARTESIAN_POINT('Origin',(61.55,72.,17.945));
#6468=CARTESIAN_POINT('',(48.8,72.,2.));
#6469=CARTESIAN_POINT('',(48.8,72.,17.945));
#6470=CARTESIAN_POINT('',(62.1,72.,2.));
#6471=CARTESIAN_POINT('Origin',(48.8,51.75,17.945));
#6472=CARTESIAN_POINT('',(48.8,30.,2.));
#6473=CARTESIAN_POINT('',(48.8,30.,17.945));
#6474=CARTESIAN_POINT('',(48.8,50.55,2.));
#6475=CARTESIAN_POINT('Origin',(48.05,30.,17.945));
#6476=CARTESIAN_POINT('',(47.3,30.,2.));
#6477=CARTESIAN_POINT('',(47.3,30.,17.945));
#6478=CARTESIAN_POINT('',(55.35,30.,2.));
#6479=CARTESIAN_POINT('Origin',(96.,82.8,7.4));
#6480=CARTESIAN_POINT('',(100.92,81.6,7.4));
#6481=CARTESIAN_POINT('',(100.92,84.,7.4));
#6482=CARTESIAN_POINT('',(100.92,85.6,7.4));
#6483=CARTESIAN_POINT('',(102.5,81.6,7.4));
#6484=CARTESIAN_POINT('',(99.18,81.6,7.4));
#6485=CARTESIAN_POINT('',(103.8,81.6,7.4));
#6486=CARTESIAN_POINT('',(96.,81.6,7.4));
#6487=CARTESIAN_POINT('',(103.8,84.,7.4));
#6488=CARTESIAN_POINT('',(103.8,82.8,7.4));
#6489=CARTESIAN_POINT('',(96.,84.,7.4));
#6490=CARTESIAN_POINT('Origin',(96.,84.,7.5));
#6491=CARTESIAN_POINT('',(100.92,84.,7.5));
#6492=CARTESIAN_POINT('',(103.8,84.,7.5));
#6493=CARTESIAN_POINT('',(99.18,84.,7.5));
#6494=CARTESIAN_POINT('',(100.92,84.,6.1225));
#6495=CARTESIAN_POINT('',(103.8,84.,7.5));
#6496=CARTESIAN_POINT('Origin',(102.36,81.6,4.745));
#6497=CARTESIAN_POINT('',(100.92,81.6,2.));
#6498=CARTESIAN_POINT('',(100.92,81.6,4.745));
#6499=CARTESIAN_POINT('',(102.5,81.6,2.));
#6500=CARTESIAN_POINT('',(82.505,81.6,2.));
#6501=CARTESIAN_POINT('',(102.5,81.6,5.245));
#6502=CARTESIAN_POINT('Origin',(100.92,88.4,4.745));
#6503=CARTESIAN_POINT('',(100.92,95.2,7.5));
#6504=CARTESIAN_POINT('',(100.92,88.4,7.5));
#6505=CARTESIAN_POINT('',(100.92,95.2,2.));
#6506=CARTESIAN_POINT('',(100.92,95.2,4.745));
#6507=CARTESIAN_POINT('',(100.92,68.875,2.));
#6508=CARTESIAN_POINT('Origin',(103.15,81.6,5.745));
#6509=CARTESIAN_POINT('',(102.5,81.6,9.5));
#6510=CARTESIAN_POINT('',(102.5,81.6,5.745));
#6511=CARTESIAN_POINT('',(103.8,81.6,9.5));
#6512=CARTESIAN_POINT('',(103.15,81.6,9.5));
#6513=CARTESIAN_POINT('',(103.8,81.6,5.745));
#6514=CARTESIAN_POINT('Origin',(102.5,81.,5.745));
#6515=CARTESIAN_POINT('',(102.5,80.4,2.));
#6516=CARTESIAN_POINT('',(102.5,65.175,2.));
#6517=CARTESIAN_POINT('',(102.5,80.4,9.5));
#6518=CARTESIAN_POINT('',(102.5,80.4,5.745));
#6519=CARTESIAN_POINT('',(102.5,81.,9.5));
#6520=CARTESIAN_POINT('Origin',(62.65,49.35,2.));
#6521=CARTESIAN_POINT('',(105.,80.4,2.));
#6522=CARTESIAN_POINT('',(83.525,80.4,2.));
#6523=CARTESIAN_POINT('',(91.08,95.2,2.));
#6524=CARTESIAN_POINT('',(62.65,95.2,2.));
#6525=CARTESIAN_POINT('',(91.08,88.1,2.));
#6526=CARTESIAN_POINT('',(91.08,70.5,2.));
#6527=CARTESIAN_POINT('',(88.2,88.1,2.));
#6528=CARTESIAN_POINT('',(76.145,88.1,2.));
#6529=CARTESIAN_POINT('',(88.2,81.6,2.));
#6530=CARTESIAN_POINT('',(88.2,68.575,2.));
#6531=CARTESIAN_POINT('',(89.5,81.6,2.));
#6532=CARTESIAN_POINT('',(75.75,81.6,2.));
#6533=CARTESIAN_POINT('',(89.5,80.4,2.));
#6534=CARTESIAN_POINT('',(89.5,65.175,2.));
#6535=CARTESIAN_POINT('',(87.,80.4,2.));
#6536=CARTESIAN_POINT('',(75.125,80.4,2.));
#6537=CARTESIAN_POINT('',(87.,95.2,2.));
#6538=CARTESIAN_POINT('',(87.,68.575,2.));
#6539=CARTESIAN_POINT('',(-0.599999999999996,95.2,2.));
#6540=CARTESIAN_POINT('',(62.65,95.2,2.));
#6541=CARTESIAN_POINT('',(-7.1,88.7,2.));
#6542=CARTESIAN_POINT('Origin',(-0.6,88.7,2.));
#6543=CARTESIAN_POINT('',(-7.1,49.35,2.));
#6544=CARTESIAN_POINT('',(132.4,35.,2.));
#6545=CARTESIAN_POINT('',(132.4,49.35,2.));
#6546=CARTESIAN_POINT('',(128.5,35.,2.));
#6547=CARTESIAN_POINT('',(96.55,35.,2.));
#6548=CARTESIAN_POINT('',(128.5,50.,2.));
#6549=CARTESIAN_POINT('',(128.5,50.175,2.));
#6550=CARTESIAN_POINT('',(83.3725,50.,2.));
#6551=CARTESIAN_POINT('',(47.3,73.5,2.));
#6552=CARTESIAN_POINT('',(47.3,50.55,2.));
#6553=CARTESIAN_POINT('',(75.8,73.5,2.));
#6554=CARTESIAN_POINT('',(68.85,73.5,2.));
#6555=CARTESIAN_POINT('',(75.8,51.5,2.));
#6556=CARTESIAN_POINT('',(75.8,50.55,2.));
#6557=CARTESIAN_POINT('',(128.5,51.5,2.));
#6558=CARTESIAN_POINT('',(83.3725,51.5,2.));
#6559=CARTESIAN_POINT('',(128.5,67.,2.));
#6560=CARTESIAN_POINT('',(128.5,50.175,2.));
#6561=CARTESIAN_POINT('',(132.4,67.,2.));
#6562=CARTESIAN_POINT('',(96.55,67.,2.));
#6563=CARTESIAN_POINT('',(132.4,88.7,2.));
#6564=CARTESIAN_POINT('',(132.4,49.35,2.));
#6565=CARTESIAN_POINT('',(125.9,95.2,2.));
#6566=CARTESIAN_POINT('Origin',(125.9,88.7,2.));
#6567=CARTESIAN_POINT('',(105.,95.2,2.));
#6568=CARTESIAN_POINT('',(62.65,95.2,2.));
#6569=CARTESIAN_POINT('',(105.,68.575,2.));
#6570=CARTESIAN_POINT('',(48.82,74.52,2.));
#6571=CARTESIAN_POINT('',(48.82,79.92,2.));
#6572=CARTESIAN_POINT('',(48.82,63.285,2.));
#6573=CARTESIAN_POINT('',(50.94,79.92,2.));
#6574=CARTESIAN_POINT('',(56.265,79.92,2.));
#6575=CARTESIAN_POINT('',(50.94,75.72,2.));
#6576=CARTESIAN_POINT('',(50.94,63.285,2.));
#6577=CARTESIAN_POINT('',(77.54,75.72,2.));
#6578=CARTESIAN_POINT('',(63.445,75.72,2.));
#6579=CARTESIAN_POINT('',(77.54,79.92,2.));
#6580=CARTESIAN_POINT('',(77.54,63.285,2.));
#6581=CARTESIAN_POINT('',(79.66,79.92,2.));
#6582=CARTESIAN_POINT('',(70.625,79.92,2.));
#6583=CARTESIAN_POINT('',(79.66,74.52,2.));
#6584=CARTESIAN_POINT('',(79.66,63.285,2.));
#6585=CARTESIAN_POINT('',(63.445,74.52,2.));
#6586=CARTESIAN_POINT('',(46.28,89.78,2.));
#6587=CARTESIAN_POINT('',(46.28,95.18,2.));
#6588=CARTESIAN_POINT('',(46.28,70.915,2.));
#6589=CARTESIAN_POINT('',(79.66,95.18,2.));
#6590=CARTESIAN_POINT('',(62.81,95.18,2.));
#6591=CARTESIAN_POINT('',(79.66,89.78,2.));
#6592=CARTESIAN_POINT('',(79.66,70.915,2.));
#6593=CARTESIAN_POINT('',(77.54,89.78,2.));
#6594=CARTESIAN_POINT('',(70.625,89.78,2.));
#6595=CARTESIAN_POINT('',(77.54,93.98,2.));
#6596=CARTESIAN_POINT('',(77.54,70.915,2.));
#6597=CARTESIAN_POINT('',(48.4,93.98,2.));
#6598=CARTESIAN_POINT('',(62.81,93.98,2.));
#6599=CARTESIAN_POINT('',(48.4,89.78,2.));
#6600=CARTESIAN_POINT('',(48.4,70.915,2.));
#6601=CARTESIAN_POINT('',(54.995,89.78,2.));
#6602=CARTESIAN_POINT('',(83.25,45.45,2.));
#6603=CARTESIAN_POINT('Origin',(85.85,45.45,2.));
#6604=CARTESIAN_POINT('',(83.25,29.55,2.));
#6605=CARTESIAN_POINT('Origin',(85.85,29.55,2.));
#6606=CARTESIAN_POINT('',(83.25,72.45,2.));
#6607=CARTESIAN_POINT('Origin',(85.85,72.45,2.));
#6608=CARTESIAN_POINT('',(83.25,56.55,2.));
#6609=CARTESIAN_POINT('Origin',(85.85,56.55,2.));
#6610=CARTESIAN_POINT('',(-3.86,29.54,2.));
#6611=CARTESIAN_POINT('Origin',(-1.26,29.54,2.));
#6612=CARTESIAN_POINT('',(26.62,29.54,2.));
#6613=CARTESIAN_POINT('Origin',(29.22,29.54,2.));
#6614=CARTESIAN_POINT('',(-3.65,75.3,2.));
#6615=CARTESIAN_POINT('Origin',(-1.05,75.3,2.));
#6616=CARTESIAN_POINT('',(26.35,42.3,2.));
#6617=CARTESIAN_POINT('Origin',(28.95,42.3,2.));
#6618=CARTESIAN_POINT('',(67.66,37.54,2.));
#6619=CARTESIAN_POINT('Origin',(70.26,37.54,2.));
#6620=CARTESIAN_POINT('',(67.66,57.86,2.));
#6621=CARTESIAN_POINT('Origin',(70.26,57.86,2.));
#6622=CARTESIAN_POINT('',(49.88,37.54,2.));
#6623=CARTESIAN_POINT('Origin',(52.48,37.54,2.));
#6624=CARTESIAN_POINT('',(49.88,57.86,2.));
#6625=CARTESIAN_POINT('Origin',(52.48,57.86,2.));
#6626=CARTESIAN_POINT('',(115.15,56.55,2.));
#6627=CARTESIAN_POINT('Origin',(117.75,56.55,2.));
#6628=CARTESIAN_POINT('',(115.15,72.45,2.));
#6629=CARTESIAN_POINT('Origin',(117.75,72.45,2.));
#6630=CARTESIAN_POINT('',(115.15,29.55,2.));
#6631=CARTESIAN_POINT('Origin',(117.75,29.55,2.));
#6632=CARTESIAN_POINT('',(115.15,45.45,2.));
#6633=CARTESIAN_POINT('Origin',(117.75,45.45,2.));
#6634=CARTESIAN_POINT('',(18.5,89.5,2.));
#6635=CARTESIAN_POINT('',(18.5,90.5,2.));
#6636=CARTESIAN_POINT('',(18.5,69.675,2.));
#6637=CARTESIAN_POINT('',(22.,90.5,2.));
#6638=CARTESIAN_POINT('',(42.075,90.5,2.));
#6639=CARTESIAN_POINT('',(22.,79.,2.));
#6640=CARTESIAN_POINT('',(22.,67.05,2.));
#6641=CARTESIAN_POINT('',(18.5,79.,2.));
#6642=CARTESIAN_POINT('',(42.075,79.,2.));
#6643=CARTESIAN_POINT('',(18.5,80.,2.));
#6644=CARTESIAN_POINT('',(18.5,64.425,2.));
#6645=CARTESIAN_POINT('',(17.6,80.,2.));
#6646=CARTESIAN_POINT('',(40.625,80.,2.));
#6647=CARTESIAN_POINT('',(17.6,89.5,2.));
#6648=CARTESIAN_POINT('',(17.6,67.05,2.));
#6649=CARTESIAN_POINT('',(40.625,89.5,2.));
#6650=CARTESIAN_POINT('',(10.,90.5,2.));
#6651=CARTESIAN_POINT('',(10.,89.5,2.));
#6652=CARTESIAN_POINT('',(10.,69.675,2.));
#6653=CARTESIAN_POINT('',(10.1,89.5,2.));
#6654=CARTESIAN_POINT('',(35.7225,89.5,2.));
#6655=CARTESIAN_POINT('',(10.1,86.9,2.));
#6656=CARTESIAN_POINT('',(10.1,68.775,2.));
#6657=CARTESIAN_POINT('',(7.5,86.9,2.));
#6658=CARTESIAN_POINT('',(35.7225,86.9,2.));
#6659=CARTESIAN_POINT('',(7.5,82.6,2.));
#6660=CARTESIAN_POINT('',(7.5,67.05,2.));
#6661=CARTESIAN_POINT('',(10.1,82.6,2.));
#6662=CARTESIAN_POINT('',(35.7225,82.6,2.));
#6663=CARTESIAN_POINT('',(10.1,80.,2.));
#6664=CARTESIAN_POINT('',(10.1,65.325,2.));
#6665=CARTESIAN_POINT('',(10.,80.,2.));
#6666=CARTESIAN_POINT('',(35.7225,80.,2.));
#6667=CARTESIAN_POINT('',(10.,79.,2.));
#6668=CARTESIAN_POINT('',(10.,64.425,2.));
#6669=CARTESIAN_POINT('',(6.5,79.,2.));
#6670=CARTESIAN_POINT('',(34.825,79.,2.));
#6671=CARTESIAN_POINT('',(6.5,90.5,2.));
#6672=CARTESIAN_POINT('',(6.5,67.05,2.));
#6673=CARTESIAN_POINT('',(34.825,90.5,2.));
#6674=CARTESIAN_POINT('Origin',(105.,87.8,5.745));
#6675=CARTESIAN_POINT('',(105.,95.2,9.5));
#6676=CARTESIAN_POINT('',(105.,95.2,5.745));
#6677=CARTESIAN_POINT('',(105.,80.4,9.5));
#6678=CARTESIAN_POINT('',(105.,87.8,9.5));
#6679=CARTESIAN_POINT('',(105.,80.4,5.745));
#6680=CARTESIAN_POINT('Origin',(104.4,80.4,5.745));
#6681=CARTESIAN_POINT('',(104.4,80.4,9.5));
#6682=CARTESIAN_POINT('Origin',(103.8,87.8,5.745));
#6683=CARTESIAN_POINT('',(103.8,95.2,9.5));
#6684=CARTESIAN_POINT('',(103.8,87.8,9.5));
#6685=CARTESIAN_POINT('',(103.8,95.2,7.5));
#6686=CARTESIAN_POINT('',(103.8,95.2,5.745));
#6687=CARTESIAN_POINT('',(103.8,88.4,7.5));
#6688=CARTESIAN_POINT('Origin',(104.4,87.8,9.5));
#6689=CARTESIAN_POINT('',(104.4,95.2,9.5));
#6690=CARTESIAN_POINT('Origin',(102.36,88.4,7.5));
#6691=CARTESIAN_POINT('',(102.36,95.2,7.5));
#6692=CARTESIAN_POINT('Origin',(89.5,81.,5.745));
#6693=CARTESIAN_POINT('',(89.5,81.6,9.5));
#6694=CARTESIAN_POINT('',(89.5,81.6,5.745));
#6695=CARTESIAN_POINT('',(89.5,80.4,9.5));
#6696=CARTESIAN_POINT('',(89.5,81.,9.5));
#6697=CARTESIAN_POINT('',(89.5,80.4,5.745));
#6698=CARTESIAN_POINT('Origin',(88.85,81.6,5.745));
#6699=CARTESIAN_POINT('',(88.2,81.6,9.5));
#6700=CARTESIAN_POINT('',(88.2,81.6,5.745));
#6701=CARTESIAN_POINT('',(88.85,81.6,9.5));
#6702=CARTESIAN_POINT('Origin',(87.6,80.4,5.745));
#6703=CARTESIAN_POINT('',(87.,80.4,9.5));
#6704=CARTESIAN_POINT('',(87.6,80.4,9.5));
#6705=CARTESIAN_POINT('',(87.,80.4,5.745));
#6706=CARTESIAN_POINT('Origin',(88.2,87.8,5.745));
#6707=CARTESIAN_POINT('',(88.2,88.1,7.5));
#6708=CARTESIAN_POINT('',(88.2,88.1,4.745));
#6709=CARTESIAN_POINT('',(88.2,95.2,7.5));
#6710=CARTESIAN_POINT('',(88.2,91.65,7.5));
#6711=CARTESIAN_POINT('',(88.2,95.2,9.5));
#6712=CARTESIAN_POINT('',(88.2,95.2,5.745));
#6713=CARTESIAN_POINT('',(88.2,87.8,9.5));
#6714=CARTESIAN_POINT('Origin',(87.,87.8,5.745));
#6715=CARTESIAN_POINT('',(87.,95.2,9.5));
#6716=CARTESIAN_POINT('',(87.,87.8,9.5));
#6717=CARTESIAN_POINT('',(87.,95.2,5.745));
#6718=CARTESIAN_POINT('Origin',(87.6,87.8,9.5));
#6719=CARTESIAN_POINT('',(87.6,95.2,9.5));
#6720=CARTESIAN_POINT('Origin',(62.65,95.2,40.));
#6721=CARTESIAN_POINT('',(125.9,95.2,0.));
#6722=CARTESIAN_POINT('',(125.9,95.2,40.));
#6723=CARTESIAN_POINT('',(-0.599999999999996,95.2,0.));
#6724=CARTESIAN_POINT('',(62.65,95.2,0.));
#6725=CARTESIAN_POINT('',(-0.599999999999996,95.2,40.));
#6726=CARTESIAN_POINT('',(91.08,95.2,7.5));
#6727=CARTESIAN_POINT('',(89.64,95.2,7.5));
#6728=CARTESIAN_POINT('',(91.08,95.2,4.745));
#6729=CARTESIAN_POINT('Origin',(91.08,91.65,4.745));
#6730=CARTESIAN_POINT('',(91.08,88.1,7.5));
#6731=CARTESIAN_POINT('',(91.08,91.65,7.5));
#6732=CARTESIAN_POINT('',(91.08,88.1,4.745));
#6733=CARTESIAN_POINT('Origin',(89.64,88.1,4.745));
#6734=CARTESIAN_POINT('',(89.64,88.1,7.5));
#6735=CARTESIAN_POINT('Origin',(89.64,91.65,7.5));
#6736=CARTESIAN_POINT('Origin',(50.02,77.22,8.995));
#6737=CARTESIAN_POINT('',(50.02,75.72,7.));
#6738=CARTESIAN_POINT('',(50.02,75.72,11.));
#6739=CARTESIAN_POINT('',(50.02,75.72,7.745));
#6740=CARTESIAN_POINT('',(50.02,79.92,7.));
#6741=CARTESIAN_POINT('',(50.02,76.695,7.));
#6742=CARTESIAN_POINT('',(50.02,79.92,11.));
#6743=CARTESIAN_POINT('',(50.02,79.92,8.995));
#6744=CARTESIAN_POINT('',(50.02,77.22,11.));
#6745=CARTESIAN_POINT('Origin',(64.24,74.52,6.495));
#6746=CARTESIAN_POINT('',(79.66,74.52,11.));
#6747=CARTESIAN_POINT('',(48.82,74.52,11.));
#6748=CARTESIAN_POINT('',(64.24,74.52,11.));
#6749=CARTESIAN_POINT('',(48.82,74.52,6.495));
#6750=CARTESIAN_POINT('',(79.66,74.52,6.495));
#6751=CARTESIAN_POINT('Origin',(48.82,75.12,6.495));
#6752=CARTESIAN_POINT('',(48.82,79.92,11.));
#6753=CARTESIAN_POINT('',(48.82,79.92,8.995));
#6754=CARTESIAN_POINT('',(48.82,75.12,11.));
#6755=CARTESIAN_POINT('Origin',(49.88,79.92,4.495));
#6756=CARTESIAN_POINT('',(49.42,79.92,11.));
#6757=CARTESIAN_POINT('',(50.94,79.92,7.));
#6758=CARTESIAN_POINT('',(49.88,79.92,7.));
#6759=CARTESIAN_POINT('',(50.94,79.92,4.495));
#6760=CARTESIAN_POINT('Origin',(78.46,77.22,8.995));
#6761=CARTESIAN_POINT('',(78.46,75.72,7.));
#6762=CARTESIAN_POINT('',(78.46,79.92,7.));
#6763=CARTESIAN_POINT('',(78.46,76.695,7.));
#6764=CARTESIAN_POINT('',(78.46,75.72,11.));
#6765=CARTESIAN_POINT('',(78.46,75.72,7.745));
#6766=CARTESIAN_POINT('',(78.46,79.92,11.));
#6767=CARTESIAN_POINT('',(78.46,77.22,11.));
#6768=CARTESIAN_POINT('',(78.46,79.92,8.995));
#6769=CARTESIAN_POINT('Origin',(79.66,75.12,6.495));
#6770=CARTESIAN_POINT('',(79.66,79.92,11.));
#6771=CARTESIAN_POINT('',(79.66,79.92,4.495));
#6772=CARTESIAN_POINT('',(79.66,75.12,11.));
#6773=CARTESIAN_POINT('Origin',(64.24,75.12,11.));
#6774=CARTESIAN_POINT('',(79.06,79.92,11.));
#6775=CARTESIAN_POINT('',(64.24,75.72,11.));
#6776=CARTESIAN_POINT('Origin',(50.94,77.22,4.495));
#6777=CARTESIAN_POINT('',(50.94,76.62,5.8));
#6778=CARTESIAN_POINT('',(50.94,76.62,7.));
#6779=CARTESIAN_POINT('',(50.94,76.62,5.4475));
#6780=CARTESIAN_POINT('',(50.94,75.72,5.8));
#6781=CARTESIAN_POINT('',(50.94,76.695,5.8));
#6782=CARTESIAN_POINT('',(50.94,75.72,5.495));
#6783=CARTESIAN_POINT('',(50.94,77.22,7.));
#6784=CARTESIAN_POINT('Origin',(64.24,75.72,6.495));
#6785=CARTESIAN_POINT('',(77.54,75.72,5.8));
#6786=CARTESIAN_POINT('',(64.24,75.72,5.8));
#6787=CARTESIAN_POINT('',(77.54,75.72,5.495));
#6788=CARTESIAN_POINT('Origin',(64.24,75.72,6.495));
#6789=CARTESIAN_POINT('',(57.06,75.72,7.));
#6790=CARTESIAN_POINT('Origin',(78.6,79.92,4.495));
#6791=CARTESIAN_POINT('',(77.54,79.92,7.));
#6792=CARTESIAN_POINT('',(77.54,79.92,4.495));
#6793=CARTESIAN_POINT('',(78.6,79.92,7.));
#6794=CARTESIAN_POINT('Origin',(77.54,77.22,4.495));
#6795=CARTESIAN_POINT('',(77.54,76.62,5.8));
#6796=CARTESIAN_POINT('',(77.54,76.695,5.8));
#6797=CARTESIAN_POINT('',(77.54,76.62,7.));
#6798=CARTESIAN_POINT('',(77.54,76.62,5.4475));
#6799=CARTESIAN_POINT('',(77.54,77.22,7.));
#6800=CARTESIAN_POINT('Origin',(64.24,76.17,7.));
#6801=CARTESIAN_POINT('',(64.24,76.62,7.));
#6802=CARTESIAN_POINT('Origin',(64.24,76.62,6.4));
#6803=CARTESIAN_POINT('',(64.24,76.62,5.8));
#6804=CARTESIAN_POINT('Origin',(64.24,76.17,5.8));
#6805=CARTESIAN_POINT('Origin',(47.48,92.48,8.995));
#6806=CARTESIAN_POINT('',(47.48,93.98,7.));
#6807=CARTESIAN_POINT('',(47.48,89.78,7.));
#6808=CARTESIAN_POINT('',(47.48,93.005,7.));
#6809=CARTESIAN_POINT('',(47.48,93.98,11.));
#6810=CARTESIAN_POINT('',(47.48,93.98,7.745));
#6811=CARTESIAN_POINT('',(47.48,89.78,11.));
#6812=CARTESIAN_POINT('',(47.48,92.48,11.));
#6813=CARTESIAN_POINT('',(47.48,89.78,8.995));
#6814=CARTESIAN_POINT('Origin',(47.34,89.78,4.495));
#6815=CARTESIAN_POINT('',(46.28,89.78,11.));
#6816=CARTESIAN_POINT('',(46.28,89.78,4.495));
#6817=CARTESIAN_POINT('',(48.4,89.78,7.));
#6818=CARTESIAN_POINT('',(48.4,89.78,4.495));
#6819=CARTESIAN_POINT('',(47.34,89.78,7.));
#6820=CARTESIAN_POINT('',(46.88,89.78,11.));
#6821=CARTESIAN_POINT('Origin',(46.28,94.58,6.495));
#6822=CARTESIAN_POINT('',(46.28,95.18,11.));
#6823=CARTESIAN_POINT('',(46.28,95.18,6.495));
#6824=CARTESIAN_POINT('',(46.28,92.48,11.));
#6825=CARTESIAN_POINT('Origin',(62.97,95.18,6.495));
#6826=CARTESIAN_POINT('',(79.66,95.18,11.));
#6827=CARTESIAN_POINT('',(62.97,95.18,11.));
#6828=CARTESIAN_POINT('',(79.66,95.18,6.495));
#6829=CARTESIAN_POINT('Origin',(78.46,92.48,8.995));
#6830=CARTESIAN_POINT('',(78.46,89.78,7.));
#6831=CARTESIAN_POINT('',(78.46,93.98,7.));
#6832=CARTESIAN_POINT('',(78.46,93.005,7.));
#6833=CARTESIAN_POINT('',(78.46,89.78,11.));
#6834=CARTESIAN_POINT('',(78.46,89.78,8.995));
#6835=CARTESIAN_POINT('',(78.46,93.98,11.));
#6836=CARTESIAN_POINT('',(78.46,92.48,11.));
#6837=CARTESIAN_POINT('',(78.46,93.98,7.745));
#6838=CARTESIAN_POINT('Origin',(62.97,93.53,7.));
#6839=CARTESIAN_POINT('',(48.4,93.08,7.));
#6840=CARTESIAN_POINT('',(48.4,92.48,7.));
#6841=CARTESIAN_POINT('',(77.54,93.08,7.));
#6842=CARTESIAN_POINT('',(62.97,93.08,7.));
#6843=CARTESIAN_POINT('',(77.54,89.78,7.));
#6844=CARTESIAN_POINT('',(77.54,92.48,7.));
#6845=CARTESIAN_POINT('',(78.6,89.78,7.));
#6846=CARTESIAN_POINT('',(55.155,93.98,7.));
#6847=CARTESIAN_POINT('Origin',(62.97,93.98,6.495));
#6848=CARTESIAN_POINT('',(62.97,93.98,11.));
#6849=CARTESIAN_POINT('Origin',(62.97,94.58,11.));
#6850=CARTESIAN_POINT('',(79.66,89.78,11.));
#6851=CARTESIAN_POINT('',(79.06,89.78,11.));
#6852=CARTESIAN_POINT('',(79.66,92.48,11.));
#6853=CARTESIAN_POINT('Origin',(48.4,92.48,4.495));
#6854=CARTESIAN_POINT('',(48.4,93.98,5.8));
#6855=CARTESIAN_POINT('',(48.4,93.98,5.495));
#6856=CARTESIAN_POINT('',(48.4,93.08,5.8));
#6857=CARTESIAN_POINT('',(48.4,93.005,5.8));
#6858=CARTESIAN_POINT('',(48.4,93.08,5.4475));
#6859=CARTESIAN_POINT('Origin',(62.97,93.98,6.495));
#6860=CARTESIAN_POINT('',(77.54,93.98,5.8));
#6861=CARTESIAN_POINT('',(77.54,93.98,5.495));
#6862=CARTESIAN_POINT('',(62.97,93.98,5.8));
#6863=CARTESIAN_POINT('Origin',(62.97,93.08,6.4));
#6864=CARTESIAN_POINT('',(77.54,93.08,5.8));
#6865=CARTESIAN_POINT('',(62.97,93.08,5.8));
#6866=CARTESIAN_POINT('',(77.54,93.08,5.4475));
#6867=CARTESIAN_POINT('Origin',(78.6,89.78,4.495));
#6868=CARTESIAN_POINT('',(77.54,89.78,4.495));
#6869=CARTESIAN_POINT('',(79.66,89.78,4.495));
#6870=CARTESIAN_POINT('Origin',(77.54,92.48,4.495));
#6871=CARTESIAN_POINT('',(77.54,93.005,5.8));
#6872=CARTESIAN_POINT('Origin',(62.97,93.53,5.8));
#6873=CARTESIAN_POINT('Origin',(79.66,94.58,6.495));
#6874=CARTESIAN_POINT('Origin',(10.,90.,4.995));
#6875=CARTESIAN_POINT('',(10.,90.5,8.));
#6876=CARTESIAN_POINT('',(10.,90.5,4.995));
#6877=CARTESIAN_POINT('',(10.,89.5,8.));
#6878=CARTESIAN_POINT('',(10.,90.,8.));
#6879=CARTESIAN_POINT('',(10.,89.5,6.));
#6880=CARTESIAN_POINT('',(10.,89.5,4.995));
#6881=CARTESIAN_POINT('',(10.,89.5,4.495));
#6882=CARTESIAN_POINT('Origin',(8.75,89.5,4.995));
#6883=CARTESIAN_POINT('',(7.5,89.5,6.));
#6884=CARTESIAN_POINT('',(8.795,89.5,6.));
#6885=CARTESIAN_POINT('',(7.5,89.5,8.));
#6886=CARTESIAN_POINT('',(8.75,89.5,8.));
#6887=CARTESIAN_POINT('',(7.5,89.5,4.995));
#6888=CARTESIAN_POINT('Origin',(7.5,84.75,4.995));
#6889=CARTESIAN_POINT('',(7.5,80.,8.));
#6890=CARTESIAN_POINT('',(7.5,84.75,8.));
#6891=CARTESIAN_POINT('',(7.5,80.,6.));
#6892=CARTESIAN_POINT('',(7.5,80.,4.995));
#6893=CARTESIAN_POINT('',(7.5,82.6,6.));
#6894=CARTESIAN_POINT('',(7.5,83.025,6.));
#6895=CARTESIAN_POINT('',(7.5,82.6,4.495));
#6896=CARTESIAN_POINT('',(7.5,86.9,6.));
#6897=CARTESIAN_POINT('',(7.5,86.9,4.495));
#6898=CARTESIAN_POINT('',(7.5,86.475,6.));
#6899=CARTESIAN_POINT('Origin',(10.,79.5,4.995));
#6900=CARTESIAN_POINT('',(10.,80.,6.));
#6901=CARTESIAN_POINT('',(10.,80.,4.495));
#6902=CARTESIAN_POINT('',(10.,80.,8.));
#6903=CARTESIAN_POINT('',(10.,80.,4.995));
#6904=CARTESIAN_POINT('',(10.,79.,8.));
#6905=CARTESIAN_POINT('',(10.,79.5,8.));
#6906=CARTESIAN_POINT('',(10.,79.,4.995));
#6907=CARTESIAN_POINT('Origin',(8.75,80.,4.995));
#6908=CARTESIAN_POINT('',(8.795,80.,6.));
#6909=CARTESIAN_POINT('',(8.75,80.,8.));
#6910=CARTESIAN_POINT('Origin',(19.75,89.5,4.995));
#6911=CARTESIAN_POINT('',(18.5,89.5,4.8));
#6912=CARTESIAN_POINT('',(19.6,89.5,4.8));
#6913=CARTESIAN_POINT('',(18.6,89.5,4.8));
#6914=CARTESIAN_POINT('',(19.6,89.5,2.));
#6915=CARTESIAN_POINT('',(19.6,89.5,3.395));
#6916=CARTESIAN_POINT('',(21.,89.5,2.));
#6917=CARTESIAN_POINT('',(41.2,89.5,2.));
#6918=CARTESIAN_POINT('',(21.,89.5,8.));
#6919=CARTESIAN_POINT('',(21.,89.5,4.995));
#6920=CARTESIAN_POINT('',(18.5,89.5,8.));
#6921=CARTESIAN_POINT('',(19.75,89.5,8.));
#6922=CARTESIAN_POINT('',(18.5,89.5,4.995));
#6923=CARTESIAN_POINT('Origin',(18.5,90.,4.995));
#6924=CARTESIAN_POINT('',(18.5,89.5,4.195));
#6925=CARTESIAN_POINT('',(18.5,90.5,8.));
#6926=CARTESIAN_POINT('',(18.5,90.,8.));
#6927=CARTESIAN_POINT('',(18.5,90.5,4.995));
#6928=CARTESIAN_POINT('Origin',(18.6,89.5,3.395));
#6929=CARTESIAN_POINT('',(17.6,89.5,4.8));
#6930=CARTESIAN_POINT('',(17.6,89.5,3.395));
#6931=CARTESIAN_POINT('',(18.6,89.5,4.8));
#6932=CARTESIAN_POINT('Origin',(62.65,49.35,2.));
#6933=CARTESIAN_POINT('',(19.6,80.,2.));
#6934=CARTESIAN_POINT('',(19.6,67.05,2.));
#6935=CARTESIAN_POINT('',(21.,80.,2.));
#6936=CARTESIAN_POINT('',(41.2,80.,2.));
#6937=CARTESIAN_POINT('',(21.,67.05,2.));
#6938=CARTESIAN_POINT('Origin',(19.75,80.,4.995));
#6939=CARTESIAN_POINT('',(19.6,80.,4.8));
#6940=CARTESIAN_POINT('',(19.6,80.,3.395));
#6941=CARTESIAN_POINT('',(18.5,80.,4.8));
#6942=CARTESIAN_POINT('',(18.6,80.,4.8));
#6943=CARTESIAN_POINT('',(18.5,80.,8.));
#6944=CARTESIAN_POINT('',(18.5,80.,4.995));
#6945=CARTESIAN_POINT('',(21.,80.,8.));
#6946=CARTESIAN_POINT('',(19.75,80.,8.));
#6947=CARTESIAN_POINT('',(21.,80.,4.995));
#6948=CARTESIAN_POINT('Origin',(18.5,79.5,4.995));
#6949=CARTESIAN_POINT('',(18.5,79.,8.));
#6950=CARTESIAN_POINT('',(18.5,79.,4.995));
#6951=CARTESIAN_POINT('',(18.5,79.5,8.));
#6952=CARTESIAN_POINT('',(18.5,80.,4.195));
#6953=CARTESIAN_POINT('Origin',(18.6,80.,3.395));
#6954=CARTESIAN_POINT('',(17.6,80.,4.8));
#6955=CARTESIAN_POINT('',(18.6,80.,4.8));
#6956=CARTESIAN_POINT('',(17.6,80.,3.395));
#6957=CARTESIAN_POINT('Origin',(7.,90.5,4.995));
#6958=CARTESIAN_POINT('',(6.5,90.5,8.));
#6959=CARTESIAN_POINT('',(6.5,90.5,4.995));
#6960=CARTESIAN_POINT('',(8.75,90.5,8.));
#6961=CARTESIAN_POINT('Origin',(6.5,84.75,4.995));
#6962=CARTESIAN_POINT('',(6.5,79.,8.));
#6963=CARTESIAN_POINT('',(6.5,79.,4.995));
#6964=CARTESIAN_POINT('',(6.5,84.75,8.));
#6965=CARTESIAN_POINT('Origin',(7.,79.,4.995));
#6966=CARTESIAN_POINT('',(7.,79.,8.));
#6967=CARTESIAN_POINT('Origin',(7.,84.75,8.));
#6968=CARTESIAN_POINT('Origin',(8.795,89.5,3.995));
#6969=CARTESIAN_POINT('',(10.1,89.5,6.));
#6970=CARTESIAN_POINT('',(8.795,89.5,6.));
#6971=CARTESIAN_POINT('',(10.1,89.5,3.995));
#6972=CARTESIAN_POINT('Origin',(8.795,88.2,6.));
#6973=CARTESIAN_POINT('',(10.1,86.9,6.));
#6974=CARTESIAN_POINT('',(8.795,86.9,6.));
#6975=CARTESIAN_POINT('',(10.1,88.2,6.));
#6976=CARTESIAN_POINT('Origin',(8.795,86.9,3.995));
#6977=CARTESIAN_POINT('',(10.1,86.9,3.995));
#6978=CARTESIAN_POINT('Origin',(8.795,82.6,3.995));
#6979=CARTESIAN_POINT('',(10.1,82.6,6.));
#6980=CARTESIAN_POINT('',(8.795,82.6,6.));
#6981=CARTESIAN_POINT('',(10.1,82.6,3.995));
#6982=CARTESIAN_POINT('Origin',(8.795,81.3,6.));
#6983=CARTESIAN_POINT('',(10.1,80.,6.));
#6984=CARTESIAN_POINT('',(8.795,80.,6.));
#6985=CARTESIAN_POINT('',(10.1,81.3,6.));
#6986=CARTESIAN_POINT('Origin',(22.,84.75,4.995));
#6987=CARTESIAN_POINT('',(22.,90.5,8.));
#6988=CARTESIAN_POINT('',(22.,90.5,4.995));
#6989=CARTESIAN_POINT('',(22.,79.,8.));
#6990=CARTESIAN_POINT('',(22.,84.75,8.));
#6991=CARTESIAN_POINT('',(22.,79.,4.995));
#6992=CARTESIAN_POINT('Origin',(21.5,90.5,4.995));
#6993=CARTESIAN_POINT('',(21.5,90.5,8.));
#6994=CARTESIAN_POINT('Origin',(21.5,79.,4.995));
#6995=CARTESIAN_POINT('',(21.5,79.,8.));
#6996=CARTESIAN_POINT('Origin',(21.,84.75,4.995));
#6997=CARTESIAN_POINT('',(21.,84.75,8.));
#6998=CARTESIAN_POINT('Origin',(21.5,84.75,8.));
#6999=CARTESIAN_POINT('Origin',(10.1,88.2,3.995));
#7000=CARTESIAN_POINT('Origin',(10.1,81.3,3.995));
#7001=CARTESIAN_POINT('',(10.1,80.,3.995));
#7002=CARTESIAN_POINT('Origin',(8.795,80.,3.995));
#7003=CARTESIAN_POINT('Origin',(19.6,84.75,3.395));
#7004=CARTESIAN_POINT('',(19.6,84.75,4.8));
#7005=CARTESIAN_POINT('Origin',(17.6,84.75,3.395));
#7006=CARTESIAN_POINT('',(17.6,84.75,4.8));
#7007=CARTESIAN_POINT('Origin',(18.6,84.75,4.8));
#7008=CARTESIAN_POINT('Origin',(130.45,67.,5.495));
#7009=CARTESIAN_POINT('',(128.5,67.,9.));
#7010=CARTESIAN_POINT('',(128.5,67.,5.495));
#7011=CARTESIAN_POINT('',(132.4,67.,9.));
#7012=CARTESIAN_POINT('',(130.45,67.,9.));
#7013=CARTESIAN_POINT('',(132.4,67.,5.495));
#7014=CARTESIAN_POINT('Origin',(130.45,51.,9.));
#7015=CARTESIAN_POINT('',(132.4,51.5,9.));
#7016=CARTESIAN_POINT('',(128.5,51.5,9.));
#7017=CARTESIAN_POINT('',(117.2725,51.5,9.));
#7018=CARTESIAN_POINT('',(132.4,51.,9.));
#7019=CARTESIAN_POINT('',(128.5,51.,9.));
#7020=CARTESIAN_POINT('Origin',(130.45,51.,9.));
#7021=CARTESIAN_POINT('',(128.5,50.,9.));
#7022=CARTESIAN_POINT('',(132.4,50.,9.));
#7023=CARTESIAN_POINT('',(117.2725,50.,9.));
#7024=CARTESIAN_POINT('',(128.5,35.,9.));
#7025=CARTESIAN_POINT('',(128.5,51.,9.));
#7026=CARTESIAN_POINT('',(132.4,35.,9.));
#7027=CARTESIAN_POINT('',(130.45,35.,9.));
#7028=CARTESIAN_POINT('',(132.4,51.,9.));
#7029=CARTESIAN_POINT('Origin',(130.45,35.,5.495));
#7030=CARTESIAN_POINT('',(132.4,35.,5.495));
#7031=CARTESIAN_POINT('',(128.5,35.,5.495));
#7032=CARTESIAN_POINT('Origin',(132.4,49.35,40.));
#7033=CARTESIAN_POINT('',(132.4,50.,17.945));
#7034=CARTESIAN_POINT('',(132.4,10.,11.9318573922321));
#7035=CARTESIAN_POINT('',(132.4,11.6153404177707,11.3439215619564));
#7036=CARTESIAN_POINT('',(132.4,10.,0.));
#7037=CARTESIAN_POINT('',(132.4,10.,40.));
#7038=CARTESIAN_POINT('',(132.4,88.7,0.));
#7039=CARTESIAN_POINT('',(132.4,49.35,0.));
#7040=CARTESIAN_POINT('',(132.4,88.7,40.));
#7041=CARTESIAN_POINT('',(132.4,51.5,17.945));
#7042=CARTESIAN_POINT('Origin',(104.095,51.5,17.945));
#7043=CARTESIAN_POINT('',(128.5,51.5,10.));
#7044=CARTESIAN_POINT('',(128.5,51.5,12.4725));
#7045=CARTESIAN_POINT('',(119.7,51.5,10.));
#7046=CARTESIAN_POINT('',(114.0975,51.5,10.));
#7047=CARTESIAN_POINT('',(119.7,51.5,4.));
#7048=CARTESIAN_POINT('',(119.7,51.5,12.4725));
#7049=CARTESIAN_POINT('',(128.5,51.5,4.));
#7050=CARTESIAN_POINT('',(114.0975,51.5,4.));
#7051=CARTESIAN_POINT('',(128.5,51.5,11.72));
#7052=CARTESIAN_POINT('',(75.8,51.5,17.945));
#7053=CARTESIAN_POINT('Origin',(124.1,50.75,10.));
#7054=CARTESIAN_POINT('',(119.7,50.,10.));
#7055=CARTESIAN_POINT('',(128.5,50.,10.));
#7056=CARTESIAN_POINT('',(114.0975,50.,10.));
#7057=CARTESIAN_POINT('',(119.7,50.75,10.));
#7058=CARTESIAN_POINT('',(128.5,50.75,10.));
#7059=CARTESIAN_POINT('Origin',(128.5,50.75,7.));
#7060=CARTESIAN_POINT('',(128.5,50.,12.4725));
#7061=CARTESIAN_POINT('',(128.5,50.,4.));
#7062=CARTESIAN_POINT('',(128.5,50.75,4.));
#7063=CARTESIAN_POINT('',(128.5,50.,11.72));
#7064=CARTESIAN_POINT('Origin',(124.1,50.75,4.));
#7065=CARTESIAN_POINT('',(119.7,50.,4.));
#7066=CARTESIAN_POINT('',(114.0975,50.,4.));
#7067=CARTESIAN_POINT('',(119.7,50.75,4.));
#7068=CARTESIAN_POINT('Origin',(119.7,50.75,7.));
#7069=CARTESIAN_POINT('',(119.7,50.,12.4725));
#7070=CARTESIAN_POINT('Origin',(104.095,50.,17.945));
#7071=CARTESIAN_POINT('Origin',(75.8,51.75,17.945));
#7072=CARTESIAN_POINT('',(75.8,73.5,17.945));
#7073=CARTESIAN_POINT('',(75.8,68.9,10.));
#7074=CARTESIAN_POINT('',(75.8,68.9,4.));
#7075=CARTESIAN_POINT('',(75.8,68.9,12.4725));
#7076=CARTESIAN_POINT('',(75.8,60.1,4.));
#7077=CARTESIAN_POINT('',(75.8,58.125,4.));
#7078=CARTESIAN_POINT('',(75.8,60.1,10.));
#7079=CARTESIAN_POINT('',(75.8,60.1,12.4725));
#7080=CARTESIAN_POINT('',(75.8,58.125,10.));
#7081=CARTESIAN_POINT('Origin',(75.05,60.1,7.));
#7082=CARTESIAN_POINT('',(75.05,60.1,10.));
#7083=CARTESIAN_POINT('',(75.05,60.1,4.));
#7084=CARTESIAN_POINT('Origin',(75.05,64.5,4.));
#7085=CARTESIAN_POINT('',(75.05,68.9,4.));
#7086=CARTESIAN_POINT('Origin',(75.05,68.9,7.));
#7087=CARTESIAN_POINT('',(75.05,68.9,10.));
#7088=CARTESIAN_POINT('Origin',(75.05,64.5,10.));
#7089=CARTESIAN_POINT('Origin',(47.3,51.75,17.945));
#7090=CARTESIAN_POINT('',(47.3,73.5,17.945));
#7091=CARTESIAN_POINT('Origin',(75.05,73.5,17.945));
#7092=CARTESIAN_POINT('Origin',(117.75,45.45,3.));
#7093=CARTESIAN_POINT('',(116.45,45.45,1.));
#7094=CARTESIAN_POINT('Origin',(117.75,45.45,1.));
#7095=CARTESIAN_POINT('',(116.45,45.45,4.));
#7096=CARTESIAN_POINT('',(116.45,45.45,3.));
#7097=CARTESIAN_POINT('Origin',(117.75,45.45,4.));
#7098=CARTESIAN_POINT('Origin',(117.75,45.45,1.));
#7099=CARTESIAN_POINT('Origin',(85.85,45.45,3.));
#7100=CARTESIAN_POINT('',(84.55,45.45,1.));
#7101=CARTESIAN_POINT('Origin',(85.85,45.45,1.));
#7102=CARTESIAN_POINT('',(84.55,45.45,4.));
#7103=CARTESIAN_POINT('',(84.55,45.45,3.));
#7104=CARTESIAN_POINT('Origin',(85.85,45.45,4.));
#7105=CARTESIAN_POINT('Origin',(85.85,45.45,1.));
#7106=CARTESIAN_POINT('Origin',(117.75,29.55,3.));
#7107=CARTESIAN_POINT('',(116.45,29.55,1.));
#7108=CARTESIAN_POINT('Origin',(117.75,29.55,1.));
#7109=CARTESIAN_POINT('',(116.45,29.55,4.));
#7110=CARTESIAN_POINT('',(116.45,29.55,3.));
#7111=CARTESIAN_POINT('Origin',(117.75,29.55,4.));
#7112=CARTESIAN_POINT('Origin',(117.75,29.55,1.));
#7113=CARTESIAN_POINT('Origin',(85.85,29.55,3.));
#7114=CARTESIAN_POINT('',(84.55,29.55,1.));
#7115=CARTESIAN_POINT('Origin',(85.85,29.55,1.));
#7116=CARTESIAN_POINT('',(84.55,29.55,4.));
#7117=CARTESIAN_POINT('',(84.55,29.55,3.));
#7118=CARTESIAN_POINT('Origin',(85.85,29.55,4.));
#7119=CARTESIAN_POINT('Origin',(85.85,29.55,1.));
#7120=CARTESIAN_POINT('Origin',(117.75,72.45,3.));
#7121=CARTESIAN_POINT('',(116.45,72.45,1.));
#7122=CARTESIAN_POINT('Origin',(117.75,72.45,1.));
#7123=CARTESIAN_POINT('',(116.45,72.45,4.));
#7124=CARTESIAN_POINT('',(116.45,72.45,3.));
#7125=CARTESIAN_POINT('Origin',(117.75,72.45,4.));
#7126=CARTESIAN_POINT('Origin',(117.75,72.45,1.));
#7127=CARTESIAN_POINT('Origin',(85.85,72.45,3.));
#7128=CARTESIAN_POINT('',(84.55,72.45,1.));
#7129=CARTESIAN_POINT('Origin',(85.85,72.45,1.));
#7130=CARTESIAN_POINT('',(84.55,72.45,4.));
#7131=CARTESIAN_POINT('',(84.55,72.45,3.));
#7132=CARTESIAN_POINT('Origin',(85.85,72.45,4.));
#7133=CARTESIAN_POINT('Origin',(85.85,72.45,1.));
#7134=CARTESIAN_POINT('Origin',(117.75,56.55,3.));
#7135=CARTESIAN_POINT('',(116.45,56.55,1.));
#7136=CARTESIAN_POINT('Origin',(117.75,56.55,1.));
#7137=CARTESIAN_POINT('',(116.45,56.55,4.));
#7138=CARTESIAN_POINT('',(116.45,56.55,3.));
#7139=CARTESIAN_POINT('Origin',(117.75,56.55,4.));
#7140=CARTESIAN_POINT('Origin',(117.75,56.55,1.));
#7141=CARTESIAN_POINT('Origin',(85.85,56.55,3.));
#7142=CARTESIAN_POINT('',(84.55,56.55,1.));
#7143=CARTESIAN_POINT('Origin',(85.85,56.55,1.));
#7144=CARTESIAN_POINT('',(84.55,56.55,4.));
#7145=CARTESIAN_POINT('',(84.55,56.55,3.));
#7146=CARTESIAN_POINT('Origin',(85.85,56.55,4.));
#7147=CARTESIAN_POINT('Origin',(85.85,56.55,1.));
#7148=CARTESIAN_POINT('Origin',(52.48,57.86,3.));
#7149=CARTESIAN_POINT('',(51.43,57.86,1.));
#7150=CARTESIAN_POINT('Origin',(52.48,57.86,1.));
#7151=CARTESIAN_POINT('',(51.43,57.86,4.));
#7152=CARTESIAN_POINT('',(51.43,57.86,3.));
#7153=CARTESIAN_POINT('Origin',(52.48,57.86,4.));
#7154=CARTESIAN_POINT('Origin',(52.48,57.86,1.));
#7155=CARTESIAN_POINT('Origin',(52.48,37.54,3.));
#7156=CARTESIAN_POINT('',(51.43,37.54,1.));
#7157=CARTESIAN_POINT('Origin',(52.48,37.54,1.));
#7158=CARTESIAN_POINT('',(51.43,37.54,4.));
#7159=CARTESIAN_POINT('',(51.43,37.54,3.));
#7160=CARTESIAN_POINT('Origin',(52.48,37.54,4.));
#7161=CARTESIAN_POINT('Origin',(52.48,37.54,1.));
#7162=CARTESIAN_POINT('Origin',(70.26,57.86,3.));
#7163=CARTESIAN_POINT('',(69.21,57.86,1.));
#7164=CARTESIAN_POINT('Origin',(70.26,57.86,1.));
#7165=CARTESIAN_POINT('',(69.21,57.86,4.));
#7166=CARTESIAN_POINT('',(69.21,57.86,3.));
#7167=CARTESIAN_POINT('Origin',(70.26,57.86,4.));
#7168=CARTESIAN_POINT('Origin',(70.26,57.86,1.));
#7169=CARTESIAN_POINT('Origin',(70.26,37.54,3.));
#7170=CARTESIAN_POINT('',(69.21,37.54,1.));
#7171=CARTESIAN_POINT('Origin',(70.26,37.54,1.));
#7172=CARTESIAN_POINT('',(69.21,37.54,4.));
#7173=CARTESIAN_POINT('',(69.21,37.54,3.));
#7174=CARTESIAN_POINT('Origin',(70.26,37.54,4.));
#7175=CARTESIAN_POINT('Origin',(70.26,37.54,1.));
#7176=CARTESIAN_POINT('Origin',(28.95,42.3,3.));
#7177=CARTESIAN_POINT('',(27.9,42.3,1.));
#7178=CARTESIAN_POINT('Origin',(28.95,42.3,1.));
#7179=CARTESIAN_POINT('',(27.9,42.3,4.));
#7180=CARTESIAN_POINT('',(27.9,42.3,3.));
#7181=CARTESIAN_POINT('Origin',(28.95,42.3,4.));
#7182=CARTESIAN_POINT('Origin',(28.95,42.3,1.));
#7183=CARTESIAN_POINT('Origin',(-1.05,75.3,3.));
#7184=CARTESIAN_POINT('',(-2.1,75.3,1.));
#7185=CARTESIAN_POINT('Origin',(-1.05,75.3,1.));
#7186=CARTESIAN_POINT('',(-2.1,75.3,4.));
#7187=CARTESIAN_POINT('',(-2.1,75.3,3.));
#7188=CARTESIAN_POINT('Origin',(-1.05,75.3,4.));
#7189=CARTESIAN_POINT('Origin',(-1.05,75.3,1.));
#7190=CARTESIAN_POINT('Origin',(29.22,29.54,3.));
#7191=CARTESIAN_POINT('',(28.17,29.54,1.));
#7192=CARTESIAN_POINT('Origin',(29.22,29.54,1.));
#7193=CARTESIAN_POINT('',(28.17,29.54,4.));
#7194=CARTESIAN_POINT('',(28.17,29.54,3.));
#7195=CARTESIAN_POINT('Origin',(29.22,29.54,4.));
#7196=CARTESIAN_POINT('Origin',(29.22,29.54,1.));
#7197=CARTESIAN_POINT('Origin',(-1.26,29.54,3.));
#7198=CARTESIAN_POINT('',(-2.31,29.54,1.));
#7199=CARTESIAN_POINT('Origin',(-1.26,29.54,1.));
#7200=CARTESIAN_POINT('',(-2.31,29.54,4.));
#7201=CARTESIAN_POINT('',(-2.31,29.54,3.));
#7202=CARTESIAN_POINT('Origin',(-1.26,29.54,4.));
#7203=CARTESIAN_POINT('Origin',(-1.26,29.54,1.));
#7204=CARTESIAN_POINT('Origin',(117.75,45.45,2.995));
#7205=CARTESIAN_POINT('',(115.15,45.45,4.));
#7206=CARTESIAN_POINT('Origin',(117.75,45.45,4.));
#7207=CARTESIAN_POINT('',(115.15,45.45,2.995));
#7208=CARTESIAN_POINT('Origin',(117.75,45.45,4.));
#7209=CARTESIAN_POINT('Origin',(85.85,45.45,2.995));
#7210=CARTESIAN_POINT('',(83.25,45.45,4.));
#7211=CARTESIAN_POINT('Origin',(85.85,45.45,4.));
#7212=CARTESIAN_POINT('',(83.25,45.45,2.995));
#7213=CARTESIAN_POINT('Origin',(85.85,45.45,4.));
#7214=CARTESIAN_POINT('Origin',(117.75,29.55,2.995));
#7215=CARTESIAN_POINT('',(115.15,29.55,4.));
#7216=CARTESIAN_POINT('Origin',(117.75,29.55,4.));
#7217=CARTESIAN_POINT('',(115.15,29.55,2.995));
#7218=CARTESIAN_POINT('Origin',(117.75,29.55,4.));
#7219=CARTESIAN_POINT('Origin',(85.85,29.55,2.995));
#7220=CARTESIAN_POINT('',(83.25,29.55,4.));
#7221=CARTESIAN_POINT('Origin',(85.85,29.55,4.));
#7222=CARTESIAN_POINT('',(83.25,29.55,2.995));
#7223=CARTESIAN_POINT('Origin',(85.85,29.55,4.));
#7224=CARTESIAN_POINT('Origin',(117.75,72.45,2.995));
#7225=CARTESIAN_POINT('',(115.15,72.45,4.));
#7226=CARTESIAN_POINT('Origin',(117.75,72.45,4.));
#7227=CARTESIAN_POINT('',(115.15,72.45,2.995));
#7228=CARTESIAN_POINT('Origin',(117.75,72.45,4.));
#7229=CARTESIAN_POINT('Origin',(85.85,72.45,2.995));
#7230=CARTESIAN_POINT('',(83.25,72.45,4.));
#7231=CARTESIAN_POINT('Origin',(85.85,72.45,4.));
#7232=CARTESIAN_POINT('',(83.25,72.45,2.995));
#7233=CARTESIAN_POINT('Origin',(85.85,72.45,4.));
#7234=CARTESIAN_POINT('Origin',(117.75,56.55,2.995));
#7235=CARTESIAN_POINT('',(115.15,56.55,4.));
#7236=CARTESIAN_POINT('Origin',(117.75,56.55,4.));
#7237=CARTESIAN_POINT('',(115.15,56.55,2.995));
#7238=CARTESIAN_POINT('Origin',(117.75,56.55,4.));
#7239=CARTESIAN_POINT('Origin',(85.85,56.55,2.995));
#7240=CARTESIAN_POINT('',(83.25,56.55,4.));
#7241=CARTESIAN_POINT('Origin',(85.85,56.55,4.));
#7242=CARTESIAN_POINT('',(83.25,56.55,2.995));
#7243=CARTESIAN_POINT('Origin',(85.85,56.55,4.));
#7244=CARTESIAN_POINT('Origin',(52.48,57.86,2.995));
#7245=CARTESIAN_POINT('',(49.88,57.86,4.));
#7246=CARTESIAN_POINT('Origin',(52.48,57.86,4.));
#7247=CARTESIAN_POINT('',(49.88,57.86,2.995));
#7248=CARTESIAN_POINT('Origin',(52.48,57.86,4.));
#7249=CARTESIAN_POINT('Origin',(52.48,37.54,2.995));
#7250=CARTESIAN_POINT('',(49.88,37.54,4.));
#7251=CARTESIAN_POINT('Origin',(52.48,37.54,4.));
#7252=CARTESIAN_POINT('',(49.88,37.54,2.995));
#7253=CARTESIAN_POINT('Origin',(52.48,37.54,4.));
#7254=CARTESIAN_POINT('Origin',(70.26,57.86,2.995));
#7255=CARTESIAN_POINT('',(67.66,57.86,4.));
#7256=CARTESIAN_POINT('Origin',(70.26,57.86,4.));
#7257=CARTESIAN_POINT('',(67.66,57.86,2.995));
#7258=CARTESIAN_POINT('Origin',(70.26,57.86,4.));
#7259=CARTESIAN_POINT('Origin',(70.26,37.54,2.995));
#7260=CARTESIAN_POINT('',(67.66,37.54,4.));
#7261=CARTESIAN_POINT('Origin',(70.26,37.54,4.));
#7262=CARTESIAN_POINT('',(67.66,37.54,2.995));
#7263=CARTESIAN_POINT('Origin',(70.26,37.54,4.));
#7264=CARTESIAN_POINT('Origin',(28.95,42.3,2.995));
#7265=CARTESIAN_POINT('',(26.35,42.3,4.));
#7266=CARTESIAN_POINT('Origin',(28.95,42.3,4.));
#7267=CARTESIAN_POINT('',(26.35,42.3,2.995));
#7268=CARTESIAN_POINT('Origin',(28.95,42.3,4.));
#7269=CARTESIAN_POINT('Origin',(-1.05,75.3,2.995));
#7270=CARTESIAN_POINT('',(-3.65,75.3,4.));
#7271=CARTESIAN_POINT('Origin',(-1.05,75.3,4.));
#7272=CARTESIAN_POINT('',(-3.65,75.3,2.995));
#7273=CARTESIAN_POINT('Origin',(-1.05,75.3,4.));
#7274=CARTESIAN_POINT('Origin',(29.22,29.54,2.995));
#7275=CARTESIAN_POINT('',(26.62,29.54,4.));
#7276=CARTESIAN_POINT('Origin',(29.22,29.54,4.));
#7277=CARTESIAN_POINT('',(26.62,29.54,2.995));
#7278=CARTESIAN_POINT('Origin',(29.22,29.54,4.));
#7279=CARTESIAN_POINT('Origin',(-1.26,29.54,2.995));
#7280=CARTESIAN_POINT('',(-3.86,29.54,4.));
#7281=CARTESIAN_POINT('Origin',(-1.26,29.54,4.));
#7282=CARTESIAN_POINT('',(-3.86,29.54,2.995));
#7283=CARTESIAN_POINT('Origin',(-1.26,29.54,4.));
#7284=CARTESIAN_POINT('Origin',(-7.1,49.35,40.));
#7285=CARTESIAN_POINT('',(-7.1,88.7,0.));
#7286=CARTESIAN_POINT('',(-7.1,10.,0.));
#7287=CARTESIAN_POINT('',(-7.1,49.35,0.));
#7288=CARTESIAN_POINT('',(-7.1,10.,11.9318573922321));
#7289=CARTESIAN_POINT('',(-7.1,10.,40.));
#7290=CARTESIAN_POINT('',(-7.1,18.5079857912354,8.83520381066262));
#7291=CARTESIAN_POINT('',(-7.1,11.6153404177707,11.3439215619564));
#7292=CARTESIAN_POINT('',(-7.1,20.3878178702057,14.));
#7293=CARTESIAN_POINT('',(-7.1,32.2174937313864,46.5017673080615));
#7294=CARTESIAN_POINT('',(-7.1,35.625,14.));
#7295=CARTESIAN_POINT('',(-7.1,88.7,40.));
#7296=CARTESIAN_POINT('Origin',(-0.6,88.7,40.));
#7297=CARTESIAN_POINT('Origin',(-0.6,88.7,0.));
#7298=CARTESIAN_POINT('Origin',(125.9,88.7,40.));
#7299=CARTESIAN_POINT('Origin',(125.9,88.7,0.));
#7300=CARTESIAN_POINT('Origin',(125.9,10.,40.));
#7301=CARTESIAN_POINT('Origin',(125.9,10.,0.));
#7302=CARTESIAN_POINT('Ctrl Pts',(132.4,10.,11.9318573922321));
#7303=CARTESIAN_POINT('Ctrl Pts',(132.4,9.53303498371113,12.1018187586049));
#7304=CARTESIAN_POINT('Ctrl Pts',(132.348822753408,9.04518146443414,12.2457890257628));
#7305=CARTESIAN_POINT('Ctrl Pts',(132.127517987231,8.07204462365088,12.4712392686677));
#7306=CARTESIAN_POINT('Ctrl Pts',(131.957190717543,7.58692526814092,12.5532305485766));
#7307=CARTESIAN_POINT('Ctrl Pts',(131.717192353805,7.09979031599617,12.6232107998628));
#7308=CARTESIAN_POINT('Ctrl Pts',(131.70340769355,7.07230378240654,12.6271186270852));
#7309=CARTESIAN_POINT('Ctrl Pts',(131.689424605742,7.04490901418797,12.6309783182187));
#7310=CARTESIAN_POINT('Origin',(-0.6,10.,40.));
#7311=CARTESIAN_POINT('Origin',(-0.6,10.,0.));
#7312=CARTESIAN_POINT('Ctrl Pts',(-6.38942460574214,7.04490901418797,12.6309783182187));
#7313=CARTESIAN_POINT('Ctrl Pts',(-6.40340769355034,7.07230378240653,12.6271186270852));
#7314=CARTESIAN_POINT('Ctrl Pts',(-6.41719235380528,7.09979031599616,12.6232107998628));
#7315=CARTESIAN_POINT('Ctrl Pts',(-6.65719071754294,7.58692526814091,12.5532305485766));
#7316=CARTESIAN_POINT('Ctrl Pts',(-6.82751798723106,8.07204462365089,12.4712392686677));
#7317=CARTESIAN_POINT('Ctrl Pts',(-7.04882275340792,9.04518146443415,12.2457890257628));
#7318=CARTESIAN_POINT('Ctrl Pts',(-7.1,9.53303498371113,12.1018187586049));
#7319=CARTESIAN_POINT('Ctrl Pts',(-7.1,10.,11.9318573922321));
#7320=CARTESIAN_POINT('Origin',(-4.3,13.2344364664509,15.7923513956335));
#7321=CARTESIAN_POINT('',(-4.29999999999999,18.2459710516244,8.11532423001719));
#7322=CARTESIAN_POINT('',(-4.29999999999999,11.3533256781598,10.624041981311));
#7323=CARTESIAN_POINT('Origin',(-4.3,20.1270818399156,13.2836336443397));
#7324=CARTESIAN_POINT('Origin',(129.6,13.2344364664509,15.7923513956335));
#7325=CARTESIAN_POINT('',(129.6,11.3533256781598,10.624041981311));
#7326=CARTESIAN_POINT('Origin',(62.65,32.3029989423094,46.736690944318));
#7327=CARTESIAN_POINT('',(84.,18.2459710516244,8.11532423001719));
#7328=CARTESIAN_POINT('',(84.,26.9062265848401,31.9091807542344));
#7329=CARTESIAN_POINT('',(62.65,18.2459710516244,8.11532423001719));
#7330=CARTESIAN_POINT('Origin',(62.65,49.35,0.));
#7331=CARTESIAN_POINT('Origin',(62.65,21.8623416744534,5.5));
#7332=CARTESIAN_POINT('',(54.65,17.7346833489069,5.5));
#7333=CARTESIAN_POINT('',(70.65,17.7346833489069,5.5));
#7334=CARTESIAN_POINT('',(62.65,17.7346833489069,5.5));
#7335=CARTESIAN_POINT('',(54.65,19.3479339798215,5.5));
#7336=CARTESIAN_POINT('',(54.65,21.8623416744534,5.5));
#7337=CARTESIAN_POINT('',(70.65,19.3479339798215,5.5));
#7338=CARTESIAN_POINT('',(62.65,19.3479339798215,5.5));
#7339=CARTESIAN_POINT('',(70.65,21.8623416744534,5.5));
#7340=CARTESIAN_POINT('Origin',(70.65,10.5513933319626,4.42975796198132));
#7341=CARTESIAN_POINT('',(70.65,15.1699077368427,2.5));
#7342=CARTESIAN_POINT('',(70.65,14.8673416744534,2.5));
#7343=CARTESIAN_POINT('',(70.65,14.6667120915219,1.117481326913));
#7344=CARTESIAN_POINT('',(70.65,15.2498564358921,2.71965724535297));
#7345=CARTESIAN_POINT('',(70.65,5.26978588366277,4.53768276016969));
#7346=CARTESIAN_POINT('',(70.65,9.96824898759231,2.82758204354134));
#7347=CARTESIAN_POINT('',(70.65,6.4360745724033,7.74203459704963));
#7348=CARTESIAN_POINT('',(70.65,5.85293022803303,6.13985867860966));
#7349=CARTESIAN_POINT('',(70.65,7.18782866903203,7.4684184823891));
#7350=CARTESIAN_POINT('',(70.65,11.1345376763328,6.03193388042129));
#7351=CARTESIAN_POINT('',(70.65,7.18440846759877,7.45902155618124));
#7352=CARTESIAN_POINT('',(70.65,7.04076000740199,7.06435065545116));
#7353=CARTESIAN_POINT('',(70.65,15.0778264822004,4.58605235224562));
#7354=CARTESIAN_POINT('',(70.65,11.1311174748996,6.02253695421343));
#7355=CARTESIAN_POINT('',(70.65,15.659260725854,6.18352980758167));
#7356=CARTESIAN_POINT('',(70.65,15.2782491756281,5.13670917678455));
#7357=CARTESIAN_POINT('',(70.65,17.0687996570329,5.67049959259317));
#7358=CARTESIAN_POINT('',(70.65,13.5264547361742,6.95980770328981));
#7359=CARTESIAN_POINT('',(70.65,17.7346833489069,7.5));
#7360=CARTESIAN_POINT('',(70.65,17.1529355017299,5.90166092606488));
#7361=CARTESIAN_POINT('',(70.65,17.7346833489069,5.));
#7362=CARTESIAN_POINT('',(70.65,18.438008394156,3.));
#7363=CARTESIAN_POINT('',(70.65,17.3481672565138,0.00568608353536559));
#7364=CARTESIAN_POINT('',(70.65,19.8061708372267,3.));
#7365=CARTESIAN_POINT('Origin',(54.65,10.5513933319626,4.42975796198132));
#7366=CARTESIAN_POINT('',(54.65,15.1699077368427,2.5));
#7367=CARTESIAN_POINT('',(54.65,21.8623416744534,2.5));
#7368=CARTESIAN_POINT('',(54.65,18.438008394156,3.));
#7369=CARTESIAN_POINT('',(54.65,19.8061708372267,3.));
#7370=CARTESIAN_POINT('',(54.65,17.3481672565138,0.00568608353536559));
#7371=CARTESIAN_POINT('',(54.65,17.7346833489069,7.5));
#7372=CARTESIAN_POINT('',(54.65,17.7346833489069,5.));
#7373=CARTESIAN_POINT('',(54.65,17.0687996570329,5.67049959259317));
#7374=CARTESIAN_POINT('',(54.65,17.1529355017299,5.90166092606488));
#7375=CARTESIAN_POINT('',(54.65,15.659260725854,6.18352980758167));
#7376=CARTESIAN_POINT('',(54.65,13.5264547361742,6.95980770328981));
#7377=CARTESIAN_POINT('',(54.65,15.0778264822004,4.58605235224562));
#7378=CARTESIAN_POINT('',(54.65,14.9341780220036,4.19138145151554));
#7379=CARTESIAN_POINT('',(54.65,7.18440846759877,7.45902155618124));
#7380=CARTESIAN_POINT('',(54.65,11.1311174748996,6.02253695421343));
#7381=CARTESIAN_POINT('',(54.65,7.18782866903203,7.4684184823891));
#7382=CARTESIAN_POINT('',(54.65,7.04076000740199,7.06435065545116));
#7383=CARTESIAN_POINT('',(54.65,6.4360745724033,7.74203459704963));
#7384=CARTESIAN_POINT('',(54.65,11.1345376763328,6.03193388042129));
#7385=CARTESIAN_POINT('',(54.65,5.26978588366277,4.53768276016969));
#7386=CARTESIAN_POINT('',(54.65,5.85293022803303,6.13985867860966));
#7387=CARTESIAN_POINT('',(54.65,14.6667120915219,1.117481326913));
#7388=CARTESIAN_POINT('',(54.65,9.96824898759231,2.82758204354134));
#7389=CARTESIAN_POINT('',(54.65,15.2498564358921,2.71965724535297));
#7390=CARTESIAN_POINT('Origin',(62.65,15.5363614142592,-4.972209556495));
#7391=CARTESIAN_POINT('',(54.,18.438008394156,3.));
#7392=CARTESIAN_POINT('',(62.825,18.438008394156,3.));
#7393=CARTESIAN_POINT('',(54.,20.0766788169075,7.50220998443794));
#7394=CARTESIAN_POINT('',(54.,15.5363614142592,-4.972209556495));
#7395=CARTESIAN_POINT('',(71.3,20.0766788169075,7.50220998443794));
#7396=CARTESIAN_POINT('',(62.65,20.0766788169075,7.50220998443794));
#7397=CARTESIAN_POINT('',(71.3,18.438008394156,3.));
#7398=CARTESIAN_POINT('',(71.3,15.5363614142592,-4.972209556495));
#7399=CARTESIAN_POINT('',(62.825,18.438008394156,3.));
#7400=CARTESIAN_POINT('Origin',(63.,17.75,3.));
#7401=CARTESIAN_POINT('',(42.,9.5,3.));
#7402=CARTESIAN_POINT('',(42.,17.75,3.));
#7403=CARTESIAN_POINT('',(46.1157740755243,9.5,3.));
#7404=CARTESIAN_POINT('',(63.,9.5,3.));
#7405=CARTESIAN_POINT('Origin',(54.,10.0310039915963,3.));
#7406=CARTESIAN_POINT('Origin',(63.,17.75,3.));
#7407=CARTESIAN_POINT('',(79.1842259244757,9.5,3.));
#7408=CARTESIAN_POINT('Origin',(71.3,10.0310039915963,3.));
#7409=CARTESIAN_POINT('',(84.,9.5,3.));
#7410=CARTESIAN_POINT('',(63.,9.5,3.));
#7411=CARTESIAN_POINT('',(84.,17.75,3.));
#7412=CARTESIAN_POINT('Origin',(62.65,14.8673416744534,2.5));
#7413=CARTESIAN_POINT('',(62.65,15.1699077368427,2.5));
#7414=CARTESIAN_POINT('Origin',(62.65,17.7346833489069,5.));
#7415=CARTESIAN_POINT('',(62.65,17.7346833489069,7.50000000000001));
#7416=CARTESIAN_POINT('Origin',(62.65,15.2498564358921,2.71965724535297));
#7417=CARTESIAN_POINT('',(62.65,14.6667120915219,1.117481326913));
#7418=CARTESIAN_POINT('Origin',(62.65,15.3702537047438,5.38948954301758));
#7419=CARTESIAN_POINT('',(54.,15.659260725854,6.18352980758167));
#7420=CARTESIAN_POINT('',(62.65,15.659260725854,6.18352980758167));
#7421=CARTESIAN_POINT('',(54.,15.0778264822004,4.58605235224562));
#7422=CARTESIAN_POINT('',(54.,15.3702537047438,5.38948954301758));
#7423=CARTESIAN_POINT('',(62.65,15.0778264822004,4.58605235224562));
#7424=CARTESIAN_POINT('Origin',(48.3,7.93728416959508,10.9894327471537));
#7425=CARTESIAN_POINT('',(48.3,11.7125517185532,7.62001440954948));
#7426=CARTESIAN_POINT('',(48.3,7.29599640085945,9.22750908318012));
#7427=CARTESIAN_POINT('',(48.3,12.6531071126988,10.2041691167107));
#7428=CARTESIAN_POINT('',(48.3,12.3538394872889,9.38193807352305));
#7429=CARTESIAN_POINT('',(48.3,7.51306578318988,12.0749911635501));
#7430=CARTESIAN_POINT('',(48.3,10.4448294538519,11.007916453526));
#7431=CARTESIAN_POINT('',(48.3,7.4959647760236,12.0280065325108));
#7432=CARTESIAN_POINT('',(48.3,2.97274838054163,-0.399428377382883));
#7433=CARTESIAN_POINT('',(48.3,9.78638823299926,11.1943605703065));
#7434=CARTESIAN_POINT('Origin',(54.,12.3538394872889,9.38193807352305));
#7435=CARTESIAN_POINT('',(54.,18.0093550511785,8.25465429975441));
#7436=CARTESIAN_POINT('Origin',(54.,12.6531071126988,10.2041691167107));
#7437=CARTESIAN_POINT('',(54.,17.0687996570329,5.67049959259317));
#7438=CARTESIAN_POINT('Origin',(54.,11.7125517185532,7.62001440954948));
#7439=CARTESIAN_POINT('',(54.,17.7100874257685,7.43242325656674));
#7440=CARTESIAN_POINT('Origin',(62.65,17.7100874257685,7.43242325656674));
#7441=CARTESIAN_POINT('',(71.3,17.0687996570329,5.67049959259317));
#7442=CARTESIAN_POINT('',(62.65,17.0687996570329,5.67049959259317));
#7443=CARTESIAN_POINT('',(71.3,18.0093550511785,8.25465429975441));
#7444=CARTESIAN_POINT('',(71.3,17.7100874257685,7.43242325656674));
#7445=CARTESIAN_POINT('',(62.65,18.0093550511785,8.25465429975441));
#7446=CARTESIAN_POINT('',(62.65,17.0687996570329,5.67049959259317));
#7447=CARTESIAN_POINT('Origin',(71.3,12.3538394872889,9.38193807352305));
#7448=CARTESIAN_POINT('',(77.,12.6531071126988,10.2041691167107));
#7449=CARTESIAN_POINT('Origin',(71.3,12.6531071126988,10.2041691167107));
#7450=CARTESIAN_POINT('',(77.,11.7125517185532,7.62001440954948));
#7451=CARTESIAN_POINT('Origin',(71.3,11.7125517185532,7.62001440954948));
#7452=CARTESIAN_POINT('',(77.,12.3538394872889,9.38193807352305));
#7453=CARTESIAN_POINT('Origin',(77.,7.93728416959508,10.9894327471537));
#7454=CARTESIAN_POINT('',(77.,7.4959647760236,12.0280065325108));
#7455=CARTESIAN_POINT('',(77.,9.78638823299926,11.1943605703065));
#7456=CARTESIAN_POINT('',(77.,7.51306578318988,12.0749911635501));
#7457=CARTESIAN_POINT('',(77.,2.97274838054163,-0.399428377382883));
#7458=CARTESIAN_POINT('',(77.,10.4448294538519,11.007916453526));
#7459=CARTESIAN_POINT('',(77.,7.29599640085945,9.22750908318012));
#7460=CARTESIAN_POINT('Origin',(62.65,11.7125517185532,7.62001440954948));
#7461=CARTESIAN_POINT('',(71.3,15.659260725854,6.18352980758167));
#7462=CARTESIAN_POINT('',(62.65,15.659260725854,6.18352980758167));
#7463=CARTESIAN_POINT('',(71.3,7.76584271125241,9.05649901151728));
#7464=CARTESIAN_POINT('Origin',(71.3,11.7125517185532,7.62001440954948));
#7465=CARTESIAN_POINT('',(54.,7.76584271125241,9.05649901151728));
#7466=CARTESIAN_POINT('',(62.65,7.76584271125241,9.05649901151728));
#7467=CARTESIAN_POINT('Origin',(54.,11.7125517185532,7.62001440954948));
#7468=CARTESIAN_POINT('Origin',(62.65,11.1345376763328,6.03193388042129));
#7469=CARTESIAN_POINT('',(62.65,7.18782866903203,7.4684184823891));
#7470=CARTESIAN_POINT('',(62.65,6.4360745724033,7.74203459704963));
#7471=CARTESIAN_POINT('Origin',(62.65,5.85293022803303,6.13985867860966));
#7472=CARTESIAN_POINT('',(62.65,5.26978588366277,4.53768276016969));
#7473=CARTESIAN_POINT('Origin',(62.65,9.96824898759231,2.82758204354134));
#7474=CARTESIAN_POINT('Origin',(62.65,15.3702537047438,5.38948954301758));
#7475=CARTESIAN_POINT('',(71.3,15.0778264822004,4.58605235224562));
#7476=CARTESIAN_POINT('',(62.65,15.0778264822004,4.58605235224562));
#7477=CARTESIAN_POINT('',(71.3,15.3702537047438,5.38948954301758));
#7478=CARTESIAN_POINT('Origin',(62.65,11.1311174748996,6.02253695421343));
#7479=CARTESIAN_POINT('',(54.,7.18440846759877,7.45902155618124));
#7480=CARTESIAN_POINT('Origin',(54.,11.1311174748996,6.02253695421343));
#7481=CARTESIAN_POINT('',(62.65,7.18440846759877,7.45902155618124));
#7482=CARTESIAN_POINT('Origin',(62.65,7.47683569014222,8.26245874695319));
#7483=CARTESIAN_POINT('',(54.,7.47683569014222,8.26245874695319));
#7484=CARTESIAN_POINT('',(71.3,7.18440846759877,7.45902155618124));
#7485=CARTESIAN_POINT('',(71.3,7.47683569014222,8.26245874695319));
#7486=CARTESIAN_POINT('',(62.65,7.18440846759877,7.45902155618124));
#7487=CARTESIAN_POINT('Origin',(54.,11.423544697443,6.82597414498538));
#7488=CARTESIAN_POINT('Origin',(71.3,11.423544697443,6.82597414498538));
#7489=CARTESIAN_POINT('Origin',(71.3,11.1311174748996,6.02253695421343));
#7490=CARTESIAN_POINT('Origin',(62.65,11.1311174748996,6.02253695421343));
#7491=CARTESIAN_POINT('Origin',(62.65,11.3533256781598,10.624041981311));
#7492=CARTESIAN_POINT('',(46.839508232633,9.5,11.2985973625623));
#7493=CARTESIAN_POINT('Origin',(54.,12.6360061055325,10.1571844856714));
#7494=CARTESIAN_POINT('',(42.,9.5,11.2985973625623));
#7495=CARTESIAN_POINT('',(62.825,9.5,11.2985973625623));
#7496=CARTESIAN_POINT('',(42.,18.2459710516244,8.11532423001719));
#7497=CARTESIAN_POINT('',(42.,12.9199212512066,10.0538478235887));
#7498=CARTESIAN_POINT('',(62.65,18.2459710516244,8.11532423001719));
#7499=CARTESIAN_POINT('Origin',(54.,8.11278971005056,-2.27025042422221));
#7500=CARTESIAN_POINT('Origin',(54.,12.6531071126988,10.2041691167107));
#7501=CARTESIAN_POINT('Origin',(54.,9.5,1.54107852344898));
#7502=CARTESIAN_POINT('Origin',(62.65,12.6531071126988,10.2041691167107));
#7503=CARTESIAN_POINT('Origin',(71.3,12.6531071126988,10.2041691167107));
#7504=CARTESIAN_POINT('Origin',(71.3,8.11278971005056,-2.27025042422221));
#7505=CARTESIAN_POINT('',(78.460491767367,9.5,11.2985973625623));
#7506=CARTESIAN_POINT('Origin',(71.3,12.6360061055325,10.1571844856714));
#7507=CARTESIAN_POINT('Origin',(71.3,9.5,1.54107852344898));
#7508=CARTESIAN_POINT('Origin',(62.65,11.3533256781598,10.624041981311));
#7509=CARTESIAN_POINT('',(84.,9.5,11.2985973625623));
#7510=CARTESIAN_POINT('',(84.,12.9199212512066,10.0538478235887));
#7511=CARTESIAN_POINT('',(62.825,9.5,11.2985973625623));
#7512=CARTESIAN_POINT('Origin',(63.,9.5,18.45));
#7513=CARTESIAN_POINT('',(42.,9.5,18.45));
#7514=CARTESIAN_POINT('Origin',(63.,9.5,18.45));
#7515=CARTESIAN_POINT('',(84.,9.5,18.45));
#7516=CARTESIAN_POINT('Origin',(42.,17.75,18.45));
#7517=CARTESIAN_POINT('',(42.,20.3878178702057,14.));
#7518=CARTESIAN_POINT('',(42.,19.825,14.));
#7519=CARTESIAN_POINT('',(42.,26.9062265848401,31.9091807542344));
#7520=CARTESIAN_POINT('Origin',(84.,17.75,18.45));
#7521=CARTESIAN_POINT('Origin',(62.65,32.3029989423094,46.736690944318));
#7522=CARTESIAN_POINT('',(62.65,20.3878178702057,14.));
#7523=CARTESIAN_POINT('Origin',(62.65,21.9,14.));
#7524=UNCERTAINTY_MEASURE_WITH_UNIT(LENGTH_MEASURE(0.01),#7528,
'DISTANCE_ACCURACY_VALUE',
'Maximum model space distance between geometric entities at asserted c
onnectivities');
#7525=UNCERTAINTY_MEASURE_WITH_UNIT(LENGTH_MEASURE(0.01),#7528,
'DISTANCE_ACCURACY_VALUE',
'Maximum model space distance between geometric entities at asserted c
onnectivities');
#7526=(
GEOMETRIC_REPRESENTATION_CONTEXT(3)
GLOBAL_UNCERTAINTY_ASSIGNED_CONTEXT((#7524))
GLOBAL_UNIT_ASSIGNED_CONTEXT((#7528,#7530,#7531))
REPRESENTATION_CONTEXT('','3D')
);
#7527=(
GEOMETRIC_REPRESENTATION_CONTEXT(3)
GLOBAL_UNCERTAINTY_ASSIGNED_CONTEXT((#7525))
GLOBAL_UNIT_ASSIGNED_CONTEXT((#7528,#7530,#7531))
REPRESENTATION_CONTEXT('','3D')
);
#7528=(
LENGTH_UNIT()
NAMED_UNIT(*)
SI_UNIT(.MILLI.,.METRE.)
);
#7529=(
LENGTH_UNIT()
NAMED_UNIT(*)
SI_UNIT($,.METRE.)
);
#7530=(
NAMED_UNIT(*)
PLANE_ANGLE_UNIT()
SI_UNIT($,.RADIAN.)
);
#7531=(
NAMED_UNIT(*)
SI_UNIT($,.STERADIAN.)
SOLID_ANGLE_UNIT()
);
#7532=SHAPE_DEFINITION_REPRESENTATION(#7533,#7534);
#7533=PRODUCT_DEFINITION_SHAPE('',$,#7536);
#7534=SHAPE_REPRESENTATION('',(#4591),#7526);
#7535=PRODUCT_DEFINITION_CONTEXT('part definition',#7540,'design');
#7536=PRODUCT_DEFINITION('Dock chassis','Dock chassis',#7537,#7535);
#7537=PRODUCT_DEFINITION_FORMATION('',$,#7542);
#7538=PRODUCT_RELATED_PRODUCT_CATEGORY('Dock chassis','Dock chassis',(#7542));
#7539=APPLICATION_PROTOCOL_DEFINITION('international standard',
'automotive_design',2009,#7540);
#7540=APPLICATION_CONTEXT(
'Core Data for Automotive Mechanical Design Process');
#7541=PRODUCT_CONTEXT('part definition',#7540,'mechanical');
#7542=PRODUCT('Dock chassis','Dock chassis',$,(#7541));
#7543=PRESENTATION_STYLE_ASSIGNMENT((#7544));
#7544=SURFACE_STYLE_USAGE(.BOTH.,#7545);
#7545=SURFACE_SIDE_STYLE('',(#7546));
#7546=SURFACE_STYLE_FILL_AREA(#7547);
#7547=FILL_AREA_STYLE('Steel - Satin',(#7548));
#7548=FILL_AREA_STYLE_COLOUR('Steel - Satin',#7549);
#7549=COLOUR_RGB('Steel - Satin',0.627450980392157,0.627450980392157,0.627450980392157);
ENDSEC;
END-ISO-10303-21;
