ISO-10303-21;
HEADER;
/* Generated by software containing ST-Developer
 * from STEP Tools, Inc. (www.steptools.com) 
 */

FILE_DESCRIPTION(
/* description */ (''),
/* implementation_level */ '2;1');

FILE_NAME(
/* name */ 'base-chassis.step',
/* time_stamp */ '2026-09-13T11:37:14+01:00',
/* author */ (''),
/* organization */ (''),
/* preprocessor_version */ 'ST-DEVELOPER v20.2',
/* originating_system */ 'Autodesk Translation Framework v15.15.0.0',
/* authorisation */ '');

FILE_SCHEMA (('AUTOMOTIVE_DESIGN { 1 0 10303 214 3 1 1 }'));
ENDSEC;

DATA;
#10=MECHANICAL_DESIGN_GEOMETRIC_PRESENTATION_REPRESENTATION('',(#13),#4669);
#11=SHAPE_REPRESENTATION_RELATIONSHIP('SRR','None',#4676,#12);
#12=ADVANCED_BREP_SHAPE_REPRESENTATION('',(#14),#4668);
#13=STYLED_ITEM('',(#4685),#14);
#14=MANIFOLD_SOLID_BREP('Body1',#2793);
#15=ELLIPSE('',#3025,6.91715552109343,6.5);
#16=ELLIPSE('',#3026,19.0047286010601,6.5);
#17=ELLIPSE('',#3029,19.0047286010601,6.5);
#18=ELLIPSE('',#3030,6.91715552109343,6.5);
#19=ELLIPSE('',#3043,3.40536887192292,3.2);
#20=ELLIPSE('',#3044,3.40536887192292,3.2);
#21=ELLIPSE('',#3055,4.97046748027725,1.7);
#22=B_SPLINE_CURVE_WITH_KNOTS('',3,(#4528,#4529,#4530,#4531,#4532,#4533),
 .UNSPECIFIED.,.F.,.F.,(4,2,4),(3.23650463408405,3.49918279810312,3.68485635600461),
 .UNSPECIFIED.);
#23=B_SPLINE_CURVE_WITH_KNOTS('',3,(#4548,#4549,#4550,#4551,#4552,#4553),
 .UNSPECIFIED.,.F.,.F.,(4,2,4),(1.52993984279659,1.71561340069808,1.97829156471716),
 .UNSPECIFIED.);
#24=FACE_BOUND('',#407,.T.);
#25=FACE_BOUND('',#450,.T.);
#26=FACE_BOUND('',#451,.T.);
#27=FACE_BOUND('',#452,.T.);
#28=FACE_BOUND('',#453,.T.);
#29=FACE_BOUND('',#454,.T.);
#30=FACE_BOUND('',#455,.T.);
#31=FACE_BOUND('',#456,.T.);
#32=FACE_BOUND('',#457,.T.);
#33=FACE_BOUND('',#458,.T.);
#34=FACE_BOUND('',#459,.T.);
#35=FACE_BOUND('',#460,.T.);
#36=FACE_BOUND('',#461,.T.);
#37=FACE_BOUND('',#462,.T.);
#38=FACE_BOUND('',#463,.T.);
#39=FACE_BOUND('',#464,.T.);
#40=FACE_BOUND('',#465,.T.);
#41=FACE_BOUND('',#466,.T.);
#42=FACE_BOUND('',#467,.T.);
#43=FACE_BOUND('',#468,.T.);
#44=FACE_BOUND('',#469,.T.);
#45=FACE_BOUND('',#470,.T.);
#46=FACE_BOUND('',#471,.T.);
#47=FACE_BOUND('',#480,.T.);
#48=FACE_BOUND('',#521,.T.);
#49=FACE_BOUND('',#524,.T.);
#50=FACE_BOUND('',#527,.T.);
#51=FACE_BOUND('',#530,.T.);
#52=FACE_BOUND('',#533,.T.);
#53=FACE_BOUND('',#536,.T.);
#54=FACE_BOUND('',#539,.T.);
#55=FACE_BOUND('',#542,.T.);
#56=FACE_BOUND('',#545,.T.);
#57=FACE_BOUND('',#548,.T.);
#58=FACE_BOUND('',#551,.T.);
#59=FACE_BOUND('',#554,.T.);
#60=FACE_BOUND('',#557,.T.);
#61=FACE_BOUND('',#560,.T.);
#62=FACE_BOUND('',#563,.T.);
#63=FACE_BOUND('',#566,.T.);
#64=FACE_BOUND('',#577,.T.);
#65=FACE_BOUND('',#581,.T.);
#66=FACE_BOUND('',#582,.T.);
#67=FACE_BOUND('',#583,.T.);
#68=FACE_BOUND('',#584,.T.);
#69=FACE_BOUND('',#585,.T.);
#70=FACE_BOUND('',#586,.T.);
#71=FACE_BOUND('',#589,.T.);
#72=FACE_BOUND('',#593,.T.);
#73=PLANE('',#2827);
#74=PLANE('',#2828);
#75=PLANE('',#2829);
#76=PLANE('',#2830);
#77=PLANE('',#2831);
#78=PLANE('',#2832);
#79=PLANE('',#2833);
#80=PLANE('',#2834);
#81=PLANE('',#2835);
#82=PLANE('',#2836);
#83=PLANE('',#2837);
#84=PLANE('',#2838);
#85=PLANE('',#2839);
#86=PLANE('',#2840);
#87=PLANE('',#2841);
#88=PLANE('',#2842);
#89=PLANE('',#2843);
#90=PLANE('',#2844);
#91=PLANE('',#2845);
#92=PLANE('',#2846);
#93=PLANE('',#2847);
#94=PLANE('',#2848);
#95=PLANE('',#2849);
#96=PLANE('',#2850);
#97=PLANE('',#2851);
#98=PLANE('',#2852);
#99=PLANE('',#2853);
#100=PLANE('',#2854);
#101=PLANE('',#2855);
#102=PLANE('',#2856);
#103=PLANE('',#2857);
#104=PLANE('',#2858);
#105=PLANE('',#2859);
#106=PLANE('',#2860);
#107=PLANE('',#2861);
#108=PLANE('',#2862);
#109=PLANE('',#2863);
#110=PLANE('',#2864);
#111=PLANE('',#2865);
#112=PLANE('',#2866);
#113=PLANE('',#2867);
#114=PLANE('',#2868);
#115=PLANE('',#2869);
#116=PLANE('',#2870);
#117=PLANE('',#2871);
#118=PLANE('',#2872);
#119=PLANE('',#2891);
#120=PLANE('',#2892);
#121=PLANE('',#2893);
#122=PLANE('',#2894);
#123=PLANE('',#2895);
#124=PLANE('',#2896);
#125=PLANE('',#2897);
#126=PLANE('',#2898);
#127=PLANE('',#2899);
#128=PLANE('',#2900);
#129=PLANE('',#2901);
#130=PLANE('',#2902);
#131=PLANE('',#2903);
#132=PLANE('',#2904);
#133=PLANE('',#2908);
#134=PLANE('',#2912);
#135=PLANE('',#2916);
#136=PLANE('',#2920);
#137=PLANE('',#2924);
#138=PLANE('',#2928);
#139=PLANE('',#2932);
#140=PLANE('',#2936);
#141=PLANE('',#2940);
#142=PLANE('',#2944);
#143=PLANE('',#2948);
#144=PLANE('',#2952);
#145=PLANE('',#2956);
#146=PLANE('',#2960);
#147=PLANE('',#2964);
#148=PLANE('',#2968);
#149=PLANE('',#2971);
#150=PLANE('',#2974);
#151=PLANE('',#2977);
#152=PLANE('',#2980);
#153=PLANE('',#2983);
#154=PLANE('',#2986);
#155=PLANE('',#2989);
#156=PLANE('',#2992);
#157=PLANE('',#2995);
#158=PLANE('',#2998);
#159=PLANE('',#3001);
#160=PLANE('',#3004);
#161=PLANE('',#3007);
#162=PLANE('',#3010);
#163=PLANE('',#3013);
#164=PLANE('',#3016);
#165=PLANE('',#3017);
#166=PLANE('',#3020);
#167=PLANE('',#3031);
#168=PLANE('',#3034);
#169=PLANE('',#3035);
#170=PLANE('',#3041);
#171=PLANE('',#3042);
#172=PLANE('',#3047);
#173=PLANE('',#3052);
#174=PLANE('',#3056);
#175=PLANE('',#3057);
#176=PLANE('',#3058);
#177=PLANE('',#3059);
#178=PLANE('',#3060);
#179=PLANE('',#3061);
#180=PLANE('',#3062);
#181=PLANE('',#3063);
#182=PLANE('',#3064);
#183=PLANE('',#3065);
#184=PLANE('',#3066);
#185=PLANE('',#3067);
#186=CYLINDRICAL_SURFACE('',#2810,1.7);
#187=CYLINDRICAL_SURFACE('',#2815,1.7);
#188=CYLINDRICAL_SURFACE('',#2820,1.7);
#189=CYLINDRICAL_SURFACE('',#2825,1.7);
#190=CYLINDRICAL_SURFACE('',#2905,1.3);
#191=CYLINDRICAL_SURFACE('',#2909,1.3);
#192=CYLINDRICAL_SURFACE('',#2913,1.3);
#193=CYLINDRICAL_SURFACE('',#2917,1.3);
#194=CYLINDRICAL_SURFACE('',#2921,1.3);
#195=CYLINDRICAL_SURFACE('',#2925,1.3);
#196=CYLINDRICAL_SURFACE('',#2929,1.3);
#197=CYLINDRICAL_SURFACE('',#2933,1.3);
#198=CYLINDRICAL_SURFACE('',#2937,1.05);
#199=CYLINDRICAL_SURFACE('',#2941,1.05);
#200=CYLINDRICAL_SURFACE('',#2945,1.05);
#201=CYLINDRICAL_SURFACE('',#2949,1.05);
#202=CYLINDRICAL_SURFACE('',#2953,1.05);
#203=CYLINDRICAL_SURFACE('',#2957,1.05);
#204=CYLINDRICAL_SURFACE('',#2961,1.05);
#205=CYLINDRICAL_SURFACE('',#2965,1.05);
#206=CYLINDRICAL_SURFACE('',#2969,2.6);
#207=CYLINDRICAL_SURFACE('',#2972,2.6);
#208=CYLINDRICAL_SURFACE('',#2975,2.6);
#209=CYLINDRICAL_SURFACE('',#2978,2.6);
#210=CYLINDRICAL_SURFACE('',#2981,2.6);
#211=CYLINDRICAL_SURFACE('',#2984,2.6);
#212=CYLINDRICAL_SURFACE('',#2987,2.6);
#213=CYLINDRICAL_SURFACE('',#2990,2.6);
#214=CYLINDRICAL_SURFACE('',#2993,2.6);
#215=CYLINDRICAL_SURFACE('',#2996,2.6);
#216=CYLINDRICAL_SURFACE('',#2999,2.6);
#217=CYLINDRICAL_SURFACE('',#3002,2.6);
#218=CYLINDRICAL_SURFACE('',#3005,2.6);
#219=CYLINDRICAL_SURFACE('',#3008,2.6);
#220=CYLINDRICAL_SURFACE('',#3011,2.6);
#221=CYLINDRICAL_SURFACE('',#3014,2.6);
#222=CYLINDRICAL_SURFACE('',#3018,6.5);
#223=CYLINDRICAL_SURFACE('',#3021,6.5);
#224=CYLINDRICAL_SURFACE('',#3023,6.5);
#225=CYLINDRICAL_SURFACE('',#3027,6.5);
#226=CYLINDRICAL_SURFACE('',#3032,5.3);
#227=CYLINDRICAL_SURFACE('',#3039,5.3);
#228=CYLINDRICAL_SURFACE('',#3045,3.2);
#229=CYLINDRICAL_SURFACE('',#3049,1.7);
#230=CYLINDRICAL_SURFACE('',#3050,3.2);
#231=CYLINDRICAL_SURFACE('',#3054,1.7);
#232=FACE_OUTER_BOUND('',#395,.T.);
#233=FACE_OUTER_BOUND('',#396,.T.);
#234=FACE_OUTER_BOUND('',#397,.T.);
#235=FACE_OUTER_BOUND('',#398,.T.);
#236=FACE_OUTER_BOUND('',#399,.T.);
#237=FACE_OUTER_BOUND('',#400,.T.);
#238=FACE_OUTER_BOUND('',#401,.T.);
#239=FACE_OUTER_BOUND('',#402,.T.);
#240=FACE_OUTER_BOUND('',#403,.T.);
#241=FACE_OUTER_BOUND('',#404,.T.);
#242=FACE_OUTER_BOUND('',#405,.T.);
#243=FACE_OUTER_BOUND('',#406,.T.);
#244=FACE_OUTER_BOUND('',#408,.T.);
#245=FACE_OUTER_BOUND('',#409,.T.);
#246=FACE_OUTER_BOUND('',#410,.T.);
#247=FACE_OUTER_BOUND('',#411,.T.);
#248=FACE_OUTER_BOUND('',#412,.T.);
#249=FACE_OUTER_BOUND('',#413,.T.);
#250=FACE_OUTER_BOUND('',#414,.T.);
#251=FACE_OUTER_BOUND('',#415,.T.);
#252=FACE_OUTER_BOUND('',#416,.T.);
#253=FACE_OUTER_BOUND('',#417,.T.);
#254=FACE_OUTER_BOUND('',#418,.T.);
#255=FACE_OUTER_BOUND('',#419,.T.);
#256=FACE_OUTER_BOUND('',#420,.T.);
#257=FACE_OUTER_BOUND('',#421,.T.);
#258=FACE_OUTER_BOUND('',#422,.T.);
#259=FACE_OUTER_BOUND('',#423,.T.);
#260=FACE_OUTER_BOUND('',#424,.T.);
#261=FACE_OUTER_BOUND('',#425,.T.);
#262=FACE_OUTER_BOUND('',#426,.T.);
#263=FACE_OUTER_BOUND('',#427,.T.);
#264=FACE_OUTER_BOUND('',#428,.T.);
#265=FACE_OUTER_BOUND('',#429,.T.);
#266=FACE_OUTER_BOUND('',#430,.T.);
#267=FACE_OUTER_BOUND('',#431,.T.);
#268=FACE_OUTER_BOUND('',#432,.T.);
#269=FACE_OUTER_BOUND('',#433,.T.);
#270=FACE_OUTER_BOUND('',#434,.T.);
#271=FACE_OUTER_BOUND('',#435,.T.);
#272=FACE_OUTER_BOUND('',#436,.T.);
#273=FACE_OUTER_BOUND('',#437,.T.);
#274=FACE_OUTER_BOUND('',#438,.T.);
#275=FACE_OUTER_BOUND('',#439,.T.);
#276=FACE_OUTER_BOUND('',#440,.T.);
#277=FACE_OUTER_BOUND('',#441,.T.);
#278=FACE_OUTER_BOUND('',#442,.T.);
#279=FACE_OUTER_BOUND('',#443,.T.);
#280=FACE_OUTER_BOUND('',#444,.T.);
#281=FACE_OUTER_BOUND('',#445,.T.);
#282=FACE_OUTER_BOUND('',#446,.T.);
#283=FACE_OUTER_BOUND('',#447,.T.);
#284=FACE_OUTER_BOUND('',#448,.T.);
#285=FACE_OUTER_BOUND('',#449,.T.);
#286=FACE_OUTER_BOUND('',#472,.T.);
#287=FACE_OUTER_BOUND('',#473,.T.);
#288=FACE_OUTER_BOUND('',#474,.T.);
#289=FACE_OUTER_BOUND('',#475,.T.);
#290=FACE_OUTER_BOUND('',#476,.T.);
#291=FACE_OUTER_BOUND('',#477,.T.);
#292=FACE_OUTER_BOUND('',#478,.T.);
#293=FACE_OUTER_BOUND('',#479,.T.);
#294=FACE_OUTER_BOUND('',#481,.T.);
#295=FACE_OUTER_BOUND('',#482,.T.);
#296=FACE_OUTER_BOUND('',#483,.T.);
#297=FACE_OUTER_BOUND('',#484,.T.);
#298=FACE_OUTER_BOUND('',#485,.T.);
#299=FACE_OUTER_BOUND('',#486,.T.);
#300=FACE_OUTER_BOUND('',#487,.T.);
#301=FACE_OUTER_BOUND('',#488,.T.);
#302=FACE_OUTER_BOUND('',#489,.T.);
#303=FACE_OUTER_BOUND('',#490,.T.);
#304=FACE_OUTER_BOUND('',#491,.T.);
#305=FACE_OUTER_BOUND('',#492,.T.);
#306=FACE_OUTER_BOUND('',#493,.T.);
#307=FACE_OUTER_BOUND('',#494,.T.);
#308=FACE_OUTER_BOUND('',#495,.T.);
#309=FACE_OUTER_BOUND('',#496,.T.);
#310=FACE_OUTER_BOUND('',#497,.T.);
#311=FACE_OUTER_BOUND('',#498,.T.);
#312=FACE_OUTER_BOUND('',#499,.T.);
#313=FACE_OUTER_BOUND('',#500,.T.);
#314=FACE_OUTER_BOUND('',#501,.T.);
#315=FACE_OUTER_BOUND('',#502,.T.);
#316=FACE_OUTER_BOUND('',#503,.T.);
#317=FACE_OUTER_BOUND('',#504,.T.);
#318=FACE_OUTER_BOUND('',#505,.T.);
#319=FACE_OUTER_BOUND('',#506,.T.);
#320=FACE_OUTER_BOUND('',#507,.T.);
#321=FACE_OUTER_BOUND('',#508,.T.);
#322=FACE_OUTER_BOUND('',#509,.T.);
#323=FACE_OUTER_BOUND('',#510,.T.);
#324=FACE_OUTER_BOUND('',#511,.T.);
#325=FACE_OUTER_BOUND('',#512,.T.);
#326=FACE_OUTER_BOUND('',#513,.T.);
#327=FACE_OUTER_BOUND('',#514,.T.);
#328=FACE_OUTER_BOUND('',#515,.T.);
#329=FACE_OUTER_BOUND('',#516,.T.);
#330=FACE_OUTER_BOUND('',#517,.T.);
#331=FACE_OUTER_BOUND('',#518,.T.);
#332=FACE_OUTER_BOUND('',#519,.T.);
#333=FACE_OUTER_BOUND('',#520,.T.);
#334=FACE_OUTER_BOUND('',#522,.T.);
#335=FACE_OUTER_BOUND('',#523,.T.);
#336=FACE_OUTER_BOUND('',#525,.T.);
#337=FACE_OUTER_BOUND('',#526,.T.);
#338=FACE_OUTER_BOUND('',#528,.T.);
#339=FACE_OUTER_BOUND('',#529,.T.);
#340=FACE_OUTER_BOUND('',#531,.T.);
#341=FACE_OUTER_BOUND('',#532,.T.);
#342=FACE_OUTER_BOUND('',#534,.T.);
#343=FACE_OUTER_BOUND('',#535,.T.);
#344=FACE_OUTER_BOUND('',#537,.T.);
#345=FACE_OUTER_BOUND('',#538,.T.);
#346=FACE_OUTER_BOUND('',#540,.T.);
#347=FACE_OUTER_BOUND('',#541,.T.);
#348=FACE_OUTER_BOUND('',#543,.T.);
#349=FACE_OUTER_BOUND('',#544,.T.);
#350=FACE_OUTER_BOUND('',#546,.T.);
#351=FACE_OUTER_BOUND('',#547,.T.);
#352=FACE_OUTER_BOUND('',#549,.T.);
#353=FACE_OUTER_BOUND('',#550,.T.);
#354=FACE_OUTER_BOUND('',#552,.T.);
#355=FACE_OUTER_BOUND('',#553,.T.);
#356=FACE_OUTER_BOUND('',#555,.T.);
#357=FACE_OUTER_BOUND('',#556,.T.);
#358=FACE_OUTER_BOUND('',#558,.T.);
#359=FACE_OUTER_BOUND('',#559,.T.);
#360=FACE_OUTER_BOUND('',#561,.T.);
#361=FACE_OUTER_BOUND('',#562,.T.);
#362=FACE_OUTER_BOUND('',#564,.T.);
#363=FACE_OUTER_BOUND('',#565,.T.);
#364=FACE_OUTER_BOUND('',#567,.T.);
#365=FACE_OUTER_BOUND('',#568,.T.);
#366=FACE_OUTER_BOUND('',#569,.T.);
#367=FACE_OUTER_BOUND('',#570,.T.);
#368=FACE_OUTER_BOUND('',#571,.T.);
#369=FACE_OUTER_BOUND('',#572,.T.);
#370=FACE_OUTER_BOUND('',#573,.T.);
#371=FACE_OUTER_BOUND('',#574,.T.);
#372=FACE_OUTER_BOUND('',#575,.T.);
#373=FACE_OUTER_BOUND('',#576,.T.);
#374=FACE_OUTER_BOUND('',#578,.T.);
#375=FACE_OUTER_BOUND('',#579,.T.);
#376=FACE_OUTER_BOUND('',#580,.T.);
#377=FACE_OUTER_BOUND('',#587,.T.);
#378=FACE_OUTER_BOUND('',#588,.T.);
#379=FACE_OUTER_BOUND('',#590,.T.);
#380=FACE_OUTER_BOUND('',#591,.T.);
#381=FACE_OUTER_BOUND('',#592,.T.);
#382=FACE_OUTER_BOUND('',#594,.T.);
#383=FACE_OUTER_BOUND('',#595,.T.);
#384=FACE_OUTER_BOUND('',#596,.T.);
#385=FACE_OUTER_BOUND('',#597,.T.);
#386=FACE_OUTER_BOUND('',#598,.T.);
#387=FACE_OUTER_BOUND('',#599,.T.);
#388=FACE_OUTER_BOUND('',#600,.T.);
#389=FACE_OUTER_BOUND('',#601,.T.);
#390=FACE_OUTER_BOUND('',#602,.T.);
#391=FACE_OUTER_BOUND('',#603,.T.);
#392=FACE_OUTER_BOUND('',#604,.T.);
#393=FACE_OUTER_BOUND('',#605,.T.);
#394=FACE_OUTER_BOUND('',#606,.T.);
#395=EDGE_LOOP('',(#1874,#1875,#1876,#1877));
#396=EDGE_LOOP('',(#1878,#1879,#1880,#1881));
#397=EDGE_LOOP('',(#1882,#1883,#1884,#1885));
#398=EDGE_LOOP('',(#1886,#1887,#1888,#1889));
#399=EDGE_LOOP('',(#1890,#1891,#1892,#1893));
#400=EDGE_LOOP('',(#1894,#1895,#1896,#1897));
#401=EDGE_LOOP('',(#1898,#1899,#1900,#1901));
#402=EDGE_LOOP('',(#1902,#1903,#1904,#1905));
#403=EDGE_LOOP('',(#1906,#1907,#1908,#1909,#1910,#1911,#1912,#1913,#1914,
#1915,#1916,#1917));
#404=EDGE_LOOP('',(#1918,#1919,#1920,#1921));
#405=EDGE_LOOP('',(#1922,#1923,#1924,#1925));
#406=EDGE_LOOP('',(#1926,#1927,#1928,#1929));
#407=EDGE_LOOP('',(#1930,#1931,#1932,#1933));
#408=EDGE_LOOP('',(#1934,#1935,#1936,#1937));
#409=EDGE_LOOP('',(#1938,#1939,#1940,#1941));
#410=EDGE_LOOP('',(#1942,#1943,#1944,#1945));
#411=EDGE_LOOP('',(#1946,#1947,#1948,#1949,#1950,#1951));
#412=EDGE_LOOP('',(#1952,#1953,#1954,#1955,#1956));
#413=EDGE_LOOP('',(#1957,#1958,#1959,#1960,#1961));
#414=EDGE_LOOP('',(#1962,#1963,#1964,#1965,#1966,#1967));
#415=EDGE_LOOP('',(#1968,#1969,#1970,#1971));
#416=EDGE_LOOP('',(#1972,#1973,#1974,#1975,#1976));
#417=EDGE_LOOP('',(#1977,#1978,#1979,#1980,#1981,#1982));
#418=EDGE_LOOP('',(#1983,#1984,#1985,#1986));
#419=EDGE_LOOP('',(#1987,#1988,#1989,#1990));
#420=EDGE_LOOP('',(#1991,#1992,#1993,#1994,#1995,#1996));
#421=EDGE_LOOP('',(#1997,#1998,#1999,#2000,#2001));
#422=EDGE_LOOP('',(#2002,#2003,#2004,#2005));
#423=EDGE_LOOP('',(#2006,#2007,#2008,#2009));
#424=EDGE_LOOP('',(#2010,#2011,#2012,#2013));
#425=EDGE_LOOP('',(#2014,#2015,#2016,#2017,#2018,#2019,#2020,#2021));
#426=EDGE_LOOP('',(#2022,#2023,#2024,#2025));
#427=EDGE_LOOP('',(#2026,#2027,#2028,#2029));
#428=EDGE_LOOP('',(#2030,#2031,#2032,#2033));
#429=EDGE_LOOP('',(#2034,#2035,#2036,#2037,#2038,#2039,#2040,#2041));
#430=EDGE_LOOP('',(#2042,#2043,#2044,#2045));
#431=EDGE_LOOP('',(#2046,#2047,#2048,#2049));
#432=EDGE_LOOP('',(#2050,#2051,#2052,#2053));
#433=EDGE_LOOP('',(#2054,#2055,#2056,#2057));
#434=EDGE_LOOP('',(#2058,#2059,#2060,#2061,#2062));
#435=EDGE_LOOP('',(#2063,#2064,#2065,#2066));
#436=EDGE_LOOP('',(#2067,#2068,#2069,#2070));
#437=EDGE_LOOP('',(#2071,#2072,#2073,#2074));
#438=EDGE_LOOP('',(#2075,#2076,#2077,#2078));
#439=EDGE_LOOP('',(#2079,#2080,#2081,#2082,#2083));
#440=EDGE_LOOP('',(#2084,#2085,#2086,#2087));
#441=EDGE_LOOP('',(#2088,#2089,#2090,#2091));
#442=EDGE_LOOP('',(#2092,#2093,#2094,#2095));
#443=EDGE_LOOP('',(#2096,#2097,#2098,#2099));
#444=EDGE_LOOP('',(#2100,#2101,#2102,#2103,#2104,#2105));
#445=EDGE_LOOP('',(#2106,#2107,#2108,#2109));
#446=EDGE_LOOP('',(#2110,#2111,#2112,#2113));
#447=EDGE_LOOP('',(#2114,#2115,#2116,#2117));
#448=EDGE_LOOP('',(#2118,#2119,#2120,#2121));
#449=EDGE_LOOP('',(#2122,#2123,#2124,#2125,#2126,#2127,#2128,#2129,#2130,
#2131,#2132,#2133,#2134,#2135,#2136,#2137,#2138,#2139,#2140,#2141,#2142,
#2143));
#450=EDGE_LOOP('',(#2144));
#451=EDGE_LOOP('',(#2145));
#452=EDGE_LOOP('',(#2146));
#453=EDGE_LOOP('',(#2147));
#454=EDGE_LOOP('',(#2148));
#455=EDGE_LOOP('',(#2149));
#456=EDGE_LOOP('',(#2150));
#457=EDGE_LOOP('',(#2151));
#458=EDGE_LOOP('',(#2152));
#459=EDGE_LOOP('',(#2153));
#460=EDGE_LOOP('',(#2154));
#461=EDGE_LOOP('',(#2155));
#462=EDGE_LOOP('',(#2156));
#463=EDGE_LOOP('',(#2157));
#464=EDGE_LOOP('',(#2158));
#465=EDGE_LOOP('',(#2159));
#466=EDGE_LOOP('',(#2160));
#467=EDGE_LOOP('',(#2161));
#468=EDGE_LOOP('',(#2162,#2163,#2164,#2165,#2166,#2167,#2168,#2169,#2170,
#2171,#2172,#2173,#2174,#2175,#2176,#2177));
#469=EDGE_LOOP('',(#2178,#2179,#2180,#2181,#2182,#2183,#2184,#2185));
#470=EDGE_LOOP('',(#2186));
#471=EDGE_LOOP('',(#2187));
#472=EDGE_LOOP('',(#2188,#2189,#2190,#2191,#2192,#2193,#2194,#2195,#2196,
#2197,#2198,#2199,#2200,#2201,#2202,#2203));
#473=EDGE_LOOP('',(#2204,#2205,#2206,#2207,#2208,#2209,#2210,#2211,#2212,
#2213));
#474=EDGE_LOOP('',(#2214,#2215,#2216,#2217));
#475=EDGE_LOOP('',(#2218,#2219,#2220,#2221,#2222,#2223,#2224,#2225,#2226,
#2227,#2228,#2229));
#476=EDGE_LOOP('',(#2230,#2231,#2232,#2233));
#477=EDGE_LOOP('',(#2234,#2235,#2236,#2237));
#478=EDGE_LOOP('',(#2238,#2239,#2240,#2241,#2242,#2243,#2244,#2245,#2246,
#2247));
#479=EDGE_LOOP('',(#2248,#2249,#2250,#2251));
#480=EDGE_LOOP('',(#2252,#2253,#2254,#2255));
#481=EDGE_LOOP('',(#2256,#2257,#2258,#2259));
#482=EDGE_LOOP('',(#2260,#2261,#2262,#2263));
#483=EDGE_LOOP('',(#2264,#2265,#2266,#2267));
#484=EDGE_LOOP('',(#2268,#2269,#2270,#2271));
#485=EDGE_LOOP('',(#2272,#2273,#2274,#2275));
#486=EDGE_LOOP('',(#2276,#2277,#2278,#2279));
#487=EDGE_LOOP('',(#2280,#2281,#2282,#2283));
#488=EDGE_LOOP('',(#2284));
#489=EDGE_LOOP('',(#2285,#2286,#2287,#2288));
#490=EDGE_LOOP('',(#2289));
#491=EDGE_LOOP('',(#2290,#2291,#2292,#2293));
#492=EDGE_LOOP('',(#2294));
#493=EDGE_LOOP('',(#2295,#2296,#2297,#2298));
#494=EDGE_LOOP('',(#2299));
#495=EDGE_LOOP('',(#2300,#2301,#2302,#2303));
#496=EDGE_LOOP('',(#2304));
#497=EDGE_LOOP('',(#2305,#2306,#2307,#2308));
#498=EDGE_LOOP('',(#2309));
#499=EDGE_LOOP('',(#2310,#2311,#2312,#2313));
#500=EDGE_LOOP('',(#2314));
#501=EDGE_LOOP('',(#2315,#2316,#2317,#2318));
#502=EDGE_LOOP('',(#2319));
#503=EDGE_LOOP('',(#2320,#2321,#2322,#2323));
#504=EDGE_LOOP('',(#2324));
#505=EDGE_LOOP('',(#2325,#2326,#2327,#2328));
#506=EDGE_LOOP('',(#2329));
#507=EDGE_LOOP('',(#2330,#2331,#2332,#2333));
#508=EDGE_LOOP('',(#2334));
#509=EDGE_LOOP('',(#2335,#2336,#2337,#2338));
#510=EDGE_LOOP('',(#2339));
#511=EDGE_LOOP('',(#2340,#2341,#2342,#2343));
#512=EDGE_LOOP('',(#2344));
#513=EDGE_LOOP('',(#2345,#2346,#2347,#2348));
#514=EDGE_LOOP('',(#2349));
#515=EDGE_LOOP('',(#2350,#2351,#2352,#2353));
#516=EDGE_LOOP('',(#2354));
#517=EDGE_LOOP('',(#2355,#2356,#2357,#2358));
#518=EDGE_LOOP('',(#2359));
#519=EDGE_LOOP('',(#2360,#2361,#2362,#2363));
#520=EDGE_LOOP('',(#2364));
#521=EDGE_LOOP('',(#2365));
#522=EDGE_LOOP('',(#2366,#2367,#2368,#2369));
#523=EDGE_LOOP('',(#2370));
#524=EDGE_LOOP('',(#2371));
#525=EDGE_LOOP('',(#2372,#2373,#2374,#2375));
#526=EDGE_LOOP('',(#2376));
#527=EDGE_LOOP('',(#2377));
#528=EDGE_LOOP('',(#2378,#2379,#2380,#2381));
#529=EDGE_LOOP('',(#2382));
#530=EDGE_LOOP('',(#2383));
#531=EDGE_LOOP('',(#2384,#2385,#2386,#2387));
#532=EDGE_LOOP('',(#2388));
#533=EDGE_LOOP('',(#2389));
#534=EDGE_LOOP('',(#2390,#2391,#2392,#2393));
#535=EDGE_LOOP('',(#2394));
#536=EDGE_LOOP('',(#2395));
#537=EDGE_LOOP('',(#2396,#2397,#2398,#2399));
#538=EDGE_LOOP('',(#2400));
#539=EDGE_LOOP('',(#2401));
#540=EDGE_LOOP('',(#2402,#2403,#2404,#2405));
#541=EDGE_LOOP('',(#2406));
#542=EDGE_LOOP('',(#2407));
#543=EDGE_LOOP('',(#2408,#2409,#2410,#2411));
#544=EDGE_LOOP('',(#2412));
#545=EDGE_LOOP('',(#2413));
#546=EDGE_LOOP('',(#2414,#2415,#2416,#2417));
#547=EDGE_LOOP('',(#2418));
#548=EDGE_LOOP('',(#2419));
#549=EDGE_LOOP('',(#2420,#2421,#2422,#2423));
#550=EDGE_LOOP('',(#2424));
#551=EDGE_LOOP('',(#2425));
#552=EDGE_LOOP('',(#2426,#2427,#2428,#2429));
#553=EDGE_LOOP('',(#2430));
#554=EDGE_LOOP('',(#2431));
#555=EDGE_LOOP('',(#2432,#2433,#2434,#2435));
#556=EDGE_LOOP('',(#2436));
#557=EDGE_LOOP('',(#2437));
#558=EDGE_LOOP('',(#2438,#2439,#2440,#2441));
#559=EDGE_LOOP('',(#2442));
#560=EDGE_LOOP('',(#2443));
#561=EDGE_LOOP('',(#2444,#2445,#2446,#2447));
#562=EDGE_LOOP('',(#2448));
#563=EDGE_LOOP('',(#2449));
#564=EDGE_LOOP('',(#2450,#2451,#2452,#2453));
#565=EDGE_LOOP('',(#2454));
#566=EDGE_LOOP('',(#2455));
#567=EDGE_LOOP('',(#2456,#2457,#2458,#2459,#2460,#2461,#2462,#2463));
#568=EDGE_LOOP('',(#2464,#2465,#2466,#2467));
#569=EDGE_LOOP('',(#2468,#2469,#2470,#2471));
#570=EDGE_LOOP('',(#2472,#2473,#2474,#2475));
#571=EDGE_LOOP('',(#2476,#2477,#2478,#2479,#2480,#2481));
#572=EDGE_LOOP('',(#2482,#2483,#2484,#2485,#2486,#2487));
#573=EDGE_LOOP('',(#2488,#2489,#2490,#2491));
#574=EDGE_LOOP('',(#2492,#2493,#2494,#2495));
#575=EDGE_LOOP('',(#2496,#2497,#2498,#2499));
#576=EDGE_LOOP('',(#2500,#2501,#2502,#2503,#2504,#2505,#2506,#2507,#2508,
#2509,#2510,#2511,#2512,#2513,#2514,#2515,#2516));
#577=EDGE_LOOP('',(#2517));
#578=EDGE_LOOP('',(#2518,#2519,#2520,#2521));
#579=EDGE_LOOP('',(#2522,#2523,#2524,#2525,#2526));
#580=EDGE_LOOP('',(#2527,#2528,#2529,#2530,#2531,#2532,#2533,#2534));
#581=EDGE_LOOP('',(#2535));
#582=EDGE_LOOP('',(#2536));
#583=EDGE_LOOP('',(#2537));
#584=EDGE_LOOP('',(#2538));
#585=EDGE_LOOP('',(#2539));
#586=EDGE_LOOP('',(#2540));
#587=EDGE_LOOP('',(#2541,#2542,#2543,#2544));
#588=EDGE_LOOP('',(#2545));
#589=EDGE_LOOP('',(#2546));
#590=EDGE_LOOP('',(#2547,#2548,#2549,#2550));
#591=EDGE_LOOP('',(#2551,#2552,#2553,#2554));
#592=EDGE_LOOP('',(#2555));
#593=EDGE_LOOP('',(#2556));
#594=EDGE_LOOP('',(#2557,#2558,#2559,#2560,#2561,#2562));
#595=EDGE_LOOP('',(#2563,#2564,#2565,#2566));
#596=EDGE_LOOP('',(#2567,#2568,#2569,#2570,#2571,#2572));
#597=EDGE_LOOP('',(#2573,#2574,#2575,#2576,#2577,#2578,#2579,#2580));
#598=EDGE_LOOP('',(#2581,#2582,#2583,#2584,#2585,#2586));
#599=EDGE_LOOP('',(#2587,#2588,#2589,#2590));
#600=EDGE_LOOP('',(#2591,#2592,#2593,#2594));
#601=EDGE_LOOP('',(#2595,#2596,#2597,#2598));
#602=EDGE_LOOP('',(#2599,#2600,#2601,#2602,#2603,#2604));
#603=EDGE_LOOP('',(#2605,#2606,#2607,#2608,#2609,#2610,#2611,#2612));
#604=EDGE_LOOP('',(#2613,#2614,#2615,#2616,#2617));
#605=EDGE_LOOP('',(#2618,#2619,#2620,#2621));
#606=EDGE_LOOP('',(#2622,#2623,#2624,#2625));
#607=LINE('',#3873,#883);
#608=LINE('',#3877,#884);
#609=LINE('',#3883,#885);
#610=LINE('',#3887,#886);
#611=LINE('',#3893,#887);
#612=LINE('',#3897,#888);
#613=LINE('',#3903,#889);
#614=LINE('',#3907,#890);
#615=LINE('',#3912,#891);
#616=LINE('',#3914,#892);
#617=LINE('',#3916,#893);
#618=LINE('',#3918,#894);
#619=LINE('',#3920,#895);
#620=LINE('',#3922,#896);
#621=LINE('',#3924,#897);
#622=LINE('',#3926,#898);
#623=LINE('',#3928,#899);
#624=LINE('',#3930,#900);
#625=LINE('',#3932,#901);
#626=LINE('',#3933,#902);
#627=LINE('',#3936,#903);
#628=LINE('',#3938,#904);
#629=LINE('',#3939,#905);
#630=LINE('',#3942,#906);
#631=LINE('',#3943,#907);
#632=LINE('',#3946,#908);
#633=LINE('',#3947,#909);
#634=LINE('',#3950,#910);
#635=LINE('',#3952,#911);
#636=LINE('',#3954,#912);
#637=LINE('',#3955,#913);
#638=LINE('',#3958,#914);
#639=LINE('',#3959,#915);
#640=LINE('',#3962,#916);
#641=LINE('',#3963,#917);
#642=LINE('',#3966,#918);
#643=LINE('',#3967,#919);
#644=LINE('',#3971,#920);
#645=LINE('',#3973,#921);
#646=LINE('',#3975,#922);
#647=LINE('',#3977,#923);
#648=LINE('',#3979,#924);
#649=LINE('',#3980,#925);
#650=LINE('',#3984,#926);
#651=LINE('',#3986,#927);
#652=LINE('',#3987,#928);
#653=LINE('',#3988,#929);
#654=LINE('',#3992,#930);
#655=LINE('',#3994,#931);
#656=LINE('',#3996,#932);
#657=LINE('',#3998,#933);
#658=LINE('',#3999,#934);
#659=LINE('',#4003,#935);
#660=LINE('',#4005,#936);
#661=LINE('',#4006,#937);
#662=LINE('',#4008,#938);
#663=LINE('',#4009,#939);
#664=LINE('',#4011,#940);
#665=LINE('',#4012,#941);
#666=LINE('',#4016,#942);
#667=LINE('',#4018,#943);
#668=LINE('',#4020,#944);
#669=LINE('',#4022,#945);
#670=LINE('',#4023,#946);
#671=LINE('',#4027,#947);
#672=LINE('',#4029,#948);
#673=LINE('',#4030,#949);
#674=LINE('',#4032,#950);
#675=LINE('',#4033,#951);
#676=LINE('',#4036,#952);
#677=LINE('',#4038,#953);
#678=LINE('',#4039,#954);
#679=LINE('',#4042,#955);
#680=LINE('',#4043,#956);
#681=LINE('',#4046,#957);
#682=LINE('',#4048,#958);
#683=LINE('',#4050,#959);
#684=LINE('',#4051,#960);
#685=LINE('',#4055,#961);
#686=LINE('',#4057,#962);
#687=LINE('',#4058,#963);
#688=LINE('',#4059,#964);
#689=LINE('',#4062,#965);
#690=LINE('',#4064,#966);
#691=LINE('',#4065,#967);
#692=LINE('',#4068,#968);
#693=LINE('',#4070,#969);
#694=LINE('',#4071,#970);
#695=LINE('',#4073,#971);
#696=LINE('',#4074,#972);
#697=LINE('',#4078,#973);
#698=LINE('',#4080,#974);
#699=LINE('',#4081,#975);
#700=LINE('',#4084,#976);
#701=LINE('',#4086,#977);
#702=LINE('',#4087,#978);
#703=LINE('',#4089,#979);
#704=LINE('',#4090,#980);
#705=LINE('',#4094,#981);
#706=LINE('',#4096,#982);
#707=LINE('',#4097,#983);
#708=LINE('',#4100,#984);
#709=LINE('',#4102,#985);
#710=LINE('',#4103,#986);
#711=LINE('',#4106,#987);
#712=LINE('',#4108,#988);
#713=LINE('',#4109,#989);
#714=LINE('',#4111,#990);
#715=LINE('',#4112,#991);
#716=LINE('',#4117,#992);
#717=LINE('',#4119,#993);
#718=LINE('',#4121,#994);
#719=LINE('',#4122,#995);
#720=LINE('',#4124,#996);
#721=LINE('',#4125,#997);
#722=LINE('',#4128,#998);
#723=LINE('',#4130,#999);
#724=LINE('',#4131,#1000);
#725=LINE('',#4133,#1001);
#726=LINE('',#4134,#1002);
#727=LINE('',#4138,#1003);
#728=LINE('',#4140,#1004);
#729=LINE('',#4141,#1005);
#730=LINE('',#4144,#1006);
#731=LINE('',#4146,#1007);
#732=LINE('',#4147,#1008);
#733=LINE('',#4149,#1009);
#734=LINE('',#4151,#1010);
#735=LINE('',#4152,#1011);
#736=LINE('',#4157,#1012);
#737=LINE('',#4159,#1013);
#738=LINE('',#4161,#1014);
#739=LINE('',#4162,#1015);
#740=LINE('',#4166,#1016);
#741=LINE('',#4167,#1017);
#742=LINE('',#4168,#1018);
#743=LINE('',#4172,#1019);
#744=LINE('',#4174,#1020);
#745=LINE('',#4176,#1021);
#746=LINE('',#4177,#1022);
#747=LINE('',#4181,#1023);
#748=LINE('',#4182,#1024);
#749=LINE('',#4183,#1025);
#750=LINE('',#4186,#1026);
#751=LINE('',#4190,#1027);
#752=LINE('',#4194,#1028);
#753=LINE('',#4196,#1029);
#754=LINE('',#4197,#1030);
#755=LINE('',#4199,#1031);
#756=LINE('',#4200,#1032);
#757=LINE('',#4202,#1033);
#758=LINE('',#4204,#1034);
#759=LINE('',#4206,#1035);
#760=LINE('',#4208,#1036);
#761=LINE('',#4209,#1037);
#762=LINE('',#4243,#1038);
#763=LINE('',#4245,#1039);
#764=LINE('',#4247,#1040);
#765=LINE('',#4249,#1041);
#766=LINE('',#4251,#1042);
#767=LINE('',#4253,#1043);
#768=LINE('',#4255,#1044);
#769=LINE('',#4256,#1045);
#770=LINE('',#4257,#1046);
#771=LINE('',#4260,#1047);
#772=LINE('',#4262,#1048);
#773=LINE('',#4264,#1049);
#774=LINE('',#4266,#1050);
#775=LINE('',#4267,#1051);
#776=LINE('',#4268,#1052);
#777=LINE('',#4272,#1053);
#778=LINE('',#4273,#1054);
#779=LINE('',#4274,#1055);
#780=LINE('',#4276,#1056);
#781=LINE('',#4278,#1057);
#782=LINE('',#4279,#1058);
#783=LINE('',#4282,#1059);
#784=LINE('',#4283,#1060);
#785=LINE('',#4285,#1061);
#786=LINE('',#4288,#1062);
#787=LINE('',#4291,#1063);
#788=LINE('',#4293,#1064);
#789=LINE('',#4295,#1065);
#790=LINE('',#4296,#1066);
#791=LINE('',#4298,#1067);
#792=LINE('',#4299,#1068);
#793=LINE('',#4301,#1069);
#794=LINE('',#4303,#1070);
#795=LINE('',#4306,#1071);
#796=LINE('',#4312,#1072);
#797=LINE('',#4319,#1073);
#798=LINE('',#4326,#1074);
#799=LINE('',#4333,#1075);
#800=LINE('',#4340,#1076);
#801=LINE('',#4347,#1077);
#802=LINE('',#4354,#1078);
#803=LINE('',#4361,#1079);
#804=LINE('',#4368,#1080);
#805=LINE('',#4375,#1081);
#806=LINE('',#4382,#1082);
#807=LINE('',#4389,#1083);
#808=LINE('',#4396,#1084);
#809=LINE('',#4403,#1085);
#810=LINE('',#4410,#1086);
#811=LINE('',#4417,#1087);
#812=LINE('',#4423,#1088);
#813=LINE('',#4428,#1089);
#814=LINE('',#4433,#1090);
#815=LINE('',#4438,#1091);
#816=LINE('',#4443,#1092);
#817=LINE('',#4448,#1093);
#818=LINE('',#4453,#1094);
#819=LINE('',#4458,#1095);
#820=LINE('',#4463,#1096);
#821=LINE('',#4468,#1097);
#822=LINE('',#4473,#1098);
#823=LINE('',#4478,#1099);
#824=LINE('',#4483,#1100);
#825=LINE('',#4488,#1101);
#826=LINE('',#4493,#1102);
#827=LINE('',#4498,#1103);
#828=LINE('',#4503,#1104);
#829=LINE('',#4505,#1105);
#830=LINE('',#4507,#1106);
#831=LINE('',#4509,#1107);
#832=LINE('',#4511,#1108);
#833=LINE('',#4512,#1109);
#834=LINE('',#4513,#1110);
#835=LINE('',#4517,#1111);
#836=LINE('',#4520,#1112);
#837=LINE('',#4521,#1113);
#838=LINE('',#4538,#1114);
#839=LINE('',#4543,#1115);
#840=LINE('',#4555,#1116);
#841=LINE('',#4556,#1117);
#842=LINE('',#4559,#1118);
#843=LINE('',#4562,#1119);
#844=LINE('',#4565,#1120);
#845=LINE('',#4567,#1121);
#846=LINE('',#4569,#1122);
#847=LINE('',#4571,#1123);
#848=LINE('',#4573,#1124);
#849=LINE('',#4575,#1125);
#850=LINE('',#4581,#1126);
#851=LINE('',#4583,#1127);
#852=LINE('',#4585,#1128);
#853=LINE('',#4587,#1129);
#854=LINE('',#4588,#1130);
#855=LINE('',#4595,#1131);
#856=LINE('',#4596,#1132);
#857=LINE('',#4604,#1133);
#858=LINE('',#4610,#1134);
#859=LINE('',#4613,#1135);
#860=LINE('',#4619,#1136);
#861=LINE('',#4623,#1137);
#862=LINE('',#4625,#1138);
#863=LINE('',#4626,#1139);
#864=LINE('',#4629,#1140);
#865=LINE('',#4631,#1141);
#866=LINE('',#4633,#1142);
#867=LINE('',#4634,#1143);
#868=LINE('',#4637,#1144);
#869=LINE('',#4639,#1145);
#870=LINE('',#4641,#1146);
#871=LINE('',#4643,#1147);
#872=LINE('',#4645,#1148);
#873=LINE('',#4646,#1149);
#874=LINE('',#4648,#1150);
#875=LINE('',#4649,#1151);
#876=LINE('',#4652,#1152);
#877=LINE('',#4654,#1153);
#878=LINE('',#4657,#1154);
#879=LINE('',#4658,#1155);
#880=LINE('',#4660,#1156);
#881=LINE('',#4661,#1157);
#882=LINE('',#4663,#1158);
#883=VECTOR('',#3074,2.4);
#884=VECTOR('',#3079,1.7);
#885=VECTOR('',#3086,2.4);
#886=VECTOR('',#3091,1.7);
#887=VECTOR('',#3098,2.4);
#888=VECTOR('',#3103,1.7);
#889=VECTOR('',#3110,2.4);
#890=VECTOR('',#3115,1.7);
#891=VECTOR('',#3120,10.);
#892=VECTOR('',#3121,10.);
#893=VECTOR('',#3122,10.);
#894=VECTOR('',#3123,10.);
#895=VECTOR('',#3124,10.);
#896=VECTOR('',#3125,10.);
#897=VECTOR('',#3126,10.);
#898=VECTOR('',#3127,10.);
#899=VECTOR('',#3128,10.);
#900=VECTOR('',#3129,10.);
#901=VECTOR('',#3130,10.);
#902=VECTOR('',#3131,10.);
#903=VECTOR('',#3134,10.);
#904=VECTOR('',#3135,10.);
#905=VECTOR('',#3136,10.);
#906=VECTOR('',#3139,10.);
#907=VECTOR('',#3140,10.);
#908=VECTOR('',#3143,10.);
#909=VECTOR('',#3144,10.);
#910=VECTOR('',#3145,10.);
#911=VECTOR('',#3146,10.);
#912=VECTOR('',#3147,10.);
#913=VECTOR('',#3148,10.);
#914=VECTOR('',#3151,10.);
#915=VECTOR('',#3152,10.);
#916=VECTOR('',#3155,10.);
#917=VECTOR('',#3156,10.);
#918=VECTOR('',#3159,10.);
#919=VECTOR('',#3160,10.);
#920=VECTOR('',#3163,10.);
#921=VECTOR('',#3164,10.);
#922=VECTOR('',#3165,10.);
#923=VECTOR('',#3166,10.);
#924=VECTOR('',#3167,10.);
#925=VECTOR('',#3168,10.);
#926=VECTOR('',#3171,10.);
#927=VECTOR('',#3172,10.);
#928=VECTOR('',#3173,10.);
#929=VECTOR('',#3174,10.);
#930=VECTOR('',#3177,10.);
#931=VECTOR('',#3178,10.);
#932=VECTOR('',#3179,10.);
#933=VECTOR('',#3180,10.);
#934=VECTOR('',#3181,10.);
#935=VECTOR('',#3184,10.);
#936=VECTOR('',#3185,10.);
#937=VECTOR('',#3186,10.);
#938=VECTOR('',#3187,10.);
#939=VECTOR('',#3188,10.);
#940=VECTOR('',#3191,10.);
#941=VECTOR('',#3192,10.);
#942=VECTOR('',#3195,10.);
#943=VECTOR('',#3196,10.);
#944=VECTOR('',#3197,10.);
#945=VECTOR('',#3198,10.);
#946=VECTOR('',#3199,10.);
#947=VECTOR('',#3202,10.);
#948=VECTOR('',#3203,10.);
#949=VECTOR('',#3204,10.);
#950=VECTOR('',#3205,10.);
#951=VECTOR('',#3206,10.);
#952=VECTOR('',#3209,10.);
#953=VECTOR('',#3210,10.);
#954=VECTOR('',#3211,10.);
#955=VECTOR('',#3214,10.);
#956=VECTOR('',#3215,10.);
#957=VECTOR('',#3218,10.);
#958=VECTOR('',#3219,10.);
#959=VECTOR('',#3220,10.);
#960=VECTOR('',#3221,10.);
#961=VECTOR('',#3224,10.);
#962=VECTOR('',#3225,10.);
#963=VECTOR('',#3226,10.);
#964=VECTOR('',#3227,10.);
#965=VECTOR('',#3230,10.);
#966=VECTOR('',#3231,10.);
#967=VECTOR('',#3232,10.);
#968=VECTOR('',#3235,10.);
#969=VECTOR('',#3236,10.);
#970=VECTOR('',#3237,10.);
#971=VECTOR('',#3240,10.);
#972=VECTOR('',#3241,10.);
#973=VECTOR('',#3246,10.);
#974=VECTOR('',#3247,10.);
#975=VECTOR('',#3248,10.);
#976=VECTOR('',#3251,10.);
#977=VECTOR('',#3252,10.);
#978=VECTOR('',#3253,10.);
#979=VECTOR('',#3256,10.);
#980=VECTOR('',#3257,10.);
#981=VECTOR('',#3262,10.);
#982=VECTOR('',#3263,10.);
#983=VECTOR('',#3264,10.);
#984=VECTOR('',#3267,10.);
#985=VECTOR('',#3268,10.);
#986=VECTOR('',#3269,10.);
#987=VECTOR('',#3272,10.);
#988=VECTOR('',#3273,10.);
#989=VECTOR('',#3274,10.);
#990=VECTOR('',#3277,10.);
#991=VECTOR('',#3278,10.);
#992=VECTOR('',#3283,10.);
#993=VECTOR('',#3284,10.);
#994=VECTOR('',#3285,10.);
#995=VECTOR('',#3286,10.);
#996=VECTOR('',#3289,10.);
#997=VECTOR('',#3290,10.);
#998=VECTOR('',#3293,10.);
#999=VECTOR('',#3294,10.);
#1000=VECTOR('',#3295,10.);
#1001=VECTOR('',#3298,10.);
#1002=VECTOR('',#3299,10.);
#1003=VECTOR('',#3304,10.);
#1004=VECTOR('',#3305,10.);
#1005=VECTOR('',#3306,10.);
#1006=VECTOR('',#3309,10.);
#1007=VECTOR('',#3310,10.);
#1008=VECTOR('',#3311,10.);
#1009=VECTOR('',#3314,10.);
#1010=VECTOR('',#3317,10.);
#1011=VECTOR('',#3318,10.);
#1012=VECTOR('',#3323,10.);
#1013=VECTOR('',#3324,10.);
#1014=VECTOR('',#3325,10.);
#1015=VECTOR('',#3326,10.);
#1016=VECTOR('',#3329,10.);
#1017=VECTOR('',#3330,10.);
#1018=VECTOR('',#3331,10.);
#1019=VECTOR('',#3334,10.);
#1020=VECTOR('',#3335,10.);
#1021=VECTOR('',#3336,10.);
#1022=VECTOR('',#3337,10.);
#1023=VECTOR('',#3340,10.);
#1024=VECTOR('',#3341,10.);
#1025=VECTOR('',#3342,10.);
#1026=VECTOR('',#3345,10.);
#1027=VECTOR('',#3348,10.);
#1028=VECTOR('',#3351,10.);
#1029=VECTOR('',#3352,10.);
#1030=VECTOR('',#3353,10.);
#1031=VECTOR('',#3354,10.);
#1032=VECTOR('',#3355,10.);
#1033=VECTOR('',#3356,10.);
#1034=VECTOR('',#3357,10.);
#1035=VECTOR('',#3358,10.);
#1036=VECTOR('',#3359,10.);
#1037=VECTOR('',#3360,10.);
#1038=VECTOR('',#3395,10.);
#1039=VECTOR('',#3396,10.);
#1040=VECTOR('',#3397,10.);
#1041=VECTOR('',#3398,10.);
#1042=VECTOR('',#3399,10.);
#1043=VECTOR('',#3400,10.);
#1044=VECTOR('',#3401,10.);
#1045=VECTOR('',#3402,10.);
#1046=VECTOR('',#3403,10.);
#1047=VECTOR('',#3406,10.);
#1048=VECTOR('',#3407,10.);
#1049=VECTOR('',#3408,10.);
#1050=VECTOR('',#3409,10.);
#1051=VECTOR('',#3410,10.);
#1052=VECTOR('',#3411,10.);
#1053=VECTOR('',#3414,10.);
#1054=VECTOR('',#3415,10.);
#1055=VECTOR('',#3416,10.);
#1056=VECTOR('',#3419,10.);
#1057=VECTOR('',#3420,10.);
#1058=VECTOR('',#3421,10.);
#1059=VECTOR('',#3424,10.);
#1060=VECTOR('',#3425,10.);
#1061=VECTOR('',#3428,10.);
#1062=VECTOR('',#3433,10.);
#1063=VECTOR('',#3434,10.);
#1064=VECTOR('',#3435,10.);
#1065=VECTOR('',#3436,10.);
#1066=VECTOR('',#3437,10.);
#1067=VECTOR('',#3440,10.);
#1068=VECTOR('',#3441,10.);
#1069=VECTOR('',#3444,10.);
#1070=VECTOR('',#3447,10.);
#1071=VECTOR('',#3452,10.);
#1072=VECTOR('',#3459,1.3);
#1073=VECTOR('',#3468,1.3);
#1074=VECTOR('',#3477,1.3);
#1075=VECTOR('',#3486,1.3);
#1076=VECTOR('',#3495,1.3);
#1077=VECTOR('',#3504,1.3);
#1078=VECTOR('',#3513,1.3);
#1079=VECTOR('',#3522,1.3);
#1080=VECTOR('',#3531,1.05);
#1081=VECTOR('',#3540,1.05);
#1082=VECTOR('',#3549,1.05);
#1083=VECTOR('',#3558,1.05);
#1084=VECTOR('',#3567,1.05);
#1085=VECTOR('',#3576,1.05);
#1086=VECTOR('',#3585,1.05);
#1087=VECTOR('',#3594,1.05);
#1088=VECTOR('',#3603,2.6);
#1089=VECTOR('',#3610,2.6);
#1090=VECTOR('',#3617,2.6);
#1091=VECTOR('',#3624,2.6);
#1092=VECTOR('',#3631,2.6);
#1093=VECTOR('',#3638,2.6);
#1094=VECTOR('',#3645,2.6);
#1095=VECTOR('',#3652,2.6);
#1096=VECTOR('',#3659,2.6);
#1097=VECTOR('',#3666,2.6);
#1098=VECTOR('',#3673,2.6);
#1099=VECTOR('',#3680,2.6);
#1100=VECTOR('',#3687,2.6);
#1101=VECTOR('',#3694,2.6);
#1102=VECTOR('',#3701,2.6);
#1103=VECTOR('',#3708,2.6);
#1104=VECTOR('',#3713,10.);
#1105=VECTOR('',#3714,10.);
#1106=VECTOR('',#3715,10.);
#1107=VECTOR('',#3716,10.);
#1108=VECTOR('',#3717,10.);
#1109=VECTOR('',#3718,10.);
#1110=VECTOR('',#3719,10.);
#1111=VECTOR('',#3724,10.);
#1112=VECTOR('',#3727,10.);
#1113=VECTOR('',#3728,10.);
#1114=VECTOR('',#3741,10.);
#1115=VECTOR('',#3746,10.);
#1116=VECTOR('',#3753,10.);
#1117=VECTOR('',#3754,10.);
#1118=VECTOR('',#3757,10.);
#1119=VECTOR('',#3762,10.);
#1120=VECTOR('',#3765,10.);
#1121=VECTOR('',#3766,10.);
#1122=VECTOR('',#3767,10.);
#1123=VECTOR('',#3768,10.);
#1124=VECTOR('',#3769,10.);
#1125=VECTOR('',#3770,10.);
#1126=VECTOR('',#3775,10.);
#1127=VECTOR('',#3776,10.);
#1128=VECTOR('',#3777,10.);
#1129=VECTOR('',#3778,10.);
#1130=VECTOR('',#3779,10.);
#1131=VECTOR('',#3788,10.);
#1132=VECTOR('',#3789,10.);
#1133=VECTOR('',#3798,3.2);
#1134=VECTOR('',#3807,1.7);
#1135=VECTOR('',#3810,3.2);
#1136=VECTOR('',#3819,1.7);
#1137=VECTOR('',#3824,10.);
#1138=VECTOR('',#3825,10.);
#1139=VECTOR('',#3826,10.);
#1140=VECTOR('',#3829,10.);
#1141=VECTOR('',#3830,10.);
#1142=VECTOR('',#3831,10.);
#1143=VECTOR('',#3832,10.);
#1144=VECTOR('',#3835,10.);
#1145=VECTOR('',#3836,10.);
#1146=VECTOR('',#3837,10.);
#1147=VECTOR('',#3838,10.);
#1148=VECTOR('',#3839,10.);
#1149=VECTOR('',#3840,10.);
#1150=VECTOR('',#3843,10.);
#1151=VECTOR('',#3844,10.);
#1152=VECTOR('',#3849,10.);
#1153=VECTOR('',#3852,10.);
#1154=VECTOR('',#3855,10.);
#1155=VECTOR('',#3856,10.);
#1156=VECTOR('',#3859,10.);
#1157=VECTOR('',#3860,10.);
#1158=VECTOR('',#3863,10.);
#1159=CIRCLE('',#2808,3.09007092198582);
#1160=CIRCLE('',#2809,1.7);
#1161=CIRCLE('',#2811,1.7);
#1162=CIRCLE('',#2813,3.09007092198582);
#1163=CIRCLE('',#2814,1.7);
#1164=CIRCLE('',#2816,1.7);
#1165=CIRCLE('',#2818,3.09007092198582);
#1166=CIRCLE('',#2819,1.7);
#1167=CIRCLE('',#2821,1.7);
#1168=CIRCLE('',#2823,3.09007092198582);
#1169=CIRCLE('',#2824,1.7);
#1170=CIRCLE('',#2826,1.7);
#1171=CIRCLE('',#2873,6.5);
#1172=CIRCLE('',#2874,6.5);
#1173=CIRCLE('',#2875,2.6);
#1174=CIRCLE('',#2876,2.6);
#1175=CIRCLE('',#2877,2.6);
#1176=CIRCLE('',#2878,2.6);
#1177=CIRCLE('',#2879,2.6);
#1178=CIRCLE('',#2880,2.6);
#1179=CIRCLE('',#2881,2.6);
#1180=CIRCLE('',#2882,2.6);
#1181=CIRCLE('',#2883,2.6);
#1182=CIRCLE('',#2884,2.6);
#1183=CIRCLE('',#2885,2.6);
#1184=CIRCLE('',#2886,2.6);
#1185=CIRCLE('',#2887,2.6);
#1186=CIRCLE('',#2888,2.6);
#1187=CIRCLE('',#2889,2.6);
#1188=CIRCLE('',#2890,2.6);
#1189=CIRCLE('',#2906,1.3);
#1190=CIRCLE('',#2907,1.3);
#1191=CIRCLE('',#2910,1.3);
#1192=CIRCLE('',#2911,1.3);
#1193=CIRCLE('',#2914,1.3);
#1194=CIRCLE('',#2915,1.3);
#1195=CIRCLE('',#2918,1.3);
#1196=CIRCLE('',#2919,1.3);
#1197=CIRCLE('',#2922,1.3);
#1198=CIRCLE('',#2923,1.3);
#1199=CIRCLE('',#2926,1.3);
#1200=CIRCLE('',#2927,1.3);
#1201=CIRCLE('',#2930,1.3);
#1202=CIRCLE('',#2931,1.3);
#1203=CIRCLE('',#2934,1.3);
#1204=CIRCLE('',#2935,1.3);
#1205=CIRCLE('',#2938,1.05);
#1206=CIRCLE('',#2939,1.05);
#1207=CIRCLE('',#2942,1.05);
#1208=CIRCLE('',#2943,1.05);
#1209=CIRCLE('',#2946,1.05);
#1210=CIRCLE('',#2947,1.05);
#1211=CIRCLE('',#2950,1.05);
#1212=CIRCLE('',#2951,1.05);
#1213=CIRCLE('',#2954,1.05);
#1214=CIRCLE('',#2955,1.05);
#1215=CIRCLE('',#2958,1.05);
#1216=CIRCLE('',#2959,1.05);
#1217=CIRCLE('',#2962,1.05);
#1218=CIRCLE('',#2963,1.05);
#1219=CIRCLE('',#2966,1.05);
#1220=CIRCLE('',#2967,1.05);
#1221=CIRCLE('',#2970,2.6);
#1222=CIRCLE('',#2973,2.6);
#1223=CIRCLE('',#2976,2.6);
#1224=CIRCLE('',#2979,2.6);
#1225=CIRCLE('',#2982,2.6);
#1226=CIRCLE('',#2985,2.6);
#1227=CIRCLE('',#2988,2.6);
#1228=CIRCLE('',#2991,2.6);
#1229=CIRCLE('',#2994,2.6);
#1230=CIRCLE('',#2997,2.6);
#1231=CIRCLE('',#3000,2.6);
#1232=CIRCLE('',#3003,2.6);
#1233=CIRCLE('',#3006,2.6);
#1234=CIRCLE('',#3009,2.6);
#1235=CIRCLE('',#3012,2.6);
#1236=CIRCLE('',#3015,2.6);
#1237=CIRCLE('',#3019,6.5);
#1238=CIRCLE('',#3022,6.5);
#1239=CIRCLE('',#3024,6.5);
#1240=CIRCLE('',#3028,6.5);
#1241=CIRCLE('',#3033,5.3);
#1242=CIRCLE('',#3036,1.7);
#1243=CIRCLE('',#3037,1.7);
#1244=CIRCLE('',#3038,1.7);
#1245=CIRCLE('',#3040,5.3);
#1246=CIRCLE('',#3046,3.2);
#1247=CIRCLE('',#3048,1.7);
#1248=CIRCLE('',#3051,3.2);
#1249=CIRCLE('',#3053,1.7);
#1250=VERTEX_POINT('',#3870);
#1251=VERTEX_POINT('',#3872);
#1252=VERTEX_POINT('',#3876);
#1253=VERTEX_POINT('',#3880);
#1254=VERTEX_POINT('',#3882);
#1255=VERTEX_POINT('',#3886);
#1256=VERTEX_POINT('',#3890);
#1257=VERTEX_POINT('',#3892);
#1258=VERTEX_POINT('',#3896);
#1259=VERTEX_POINT('',#3900);
#1260=VERTEX_POINT('',#3902);
#1261=VERTEX_POINT('',#3906);
#1262=VERTEX_POINT('',#3910);
#1263=VERTEX_POINT('',#3911);
#1264=VERTEX_POINT('',#3913);
#1265=VERTEX_POINT('',#3915);
#1266=VERTEX_POINT('',#3917);
#1267=VERTEX_POINT('',#3919);
#1268=VERTEX_POINT('',#3921);
#1269=VERTEX_POINT('',#3923);
#1270=VERTEX_POINT('',#3925);
#1271=VERTEX_POINT('',#3927);
#1272=VERTEX_POINT('',#3929);
#1273=VERTEX_POINT('',#3931);
#1274=VERTEX_POINT('',#3935);
#1275=VERTEX_POINT('',#3937);
#1276=VERTEX_POINT('',#3941);
#1277=VERTEX_POINT('',#3945);
#1278=VERTEX_POINT('',#3948);
#1279=VERTEX_POINT('',#3949);
#1280=VERTEX_POINT('',#3951);
#1281=VERTEX_POINT('',#3953);
#1282=VERTEX_POINT('',#3957);
#1283=VERTEX_POINT('',#3961);
#1284=VERTEX_POINT('',#3965);
#1285=VERTEX_POINT('',#3969);
#1286=VERTEX_POINT('',#3970);
#1287=VERTEX_POINT('',#3972);
#1288=VERTEX_POINT('',#3974);
#1289=VERTEX_POINT('',#3976);
#1290=VERTEX_POINT('',#3978);
#1291=VERTEX_POINT('',#3982);
#1292=VERTEX_POINT('',#3983);
#1293=VERTEX_POINT('',#3985);
#1294=VERTEX_POINT('',#3990);
#1295=VERTEX_POINT('',#3991);
#1296=VERTEX_POINT('',#3993);
#1297=VERTEX_POINT('',#3995);
#1298=VERTEX_POINT('',#3997);
#1299=VERTEX_POINT('',#4001);
#1300=VERTEX_POINT('',#4002);
#1301=VERTEX_POINT('',#4004);
#1302=VERTEX_POINT('',#4007);
#1303=VERTEX_POINT('',#4014);
#1304=VERTEX_POINT('',#4015);
#1305=VERTEX_POINT('',#4017);
#1306=VERTEX_POINT('',#4019);
#1307=VERTEX_POINT('',#4021);
#1308=VERTEX_POINT('',#4025);
#1309=VERTEX_POINT('',#4026);
#1310=VERTEX_POINT('',#4028);
#1311=VERTEX_POINT('',#4031);
#1312=VERTEX_POINT('',#4035);
#1313=VERTEX_POINT('',#4037);
#1314=VERTEX_POINT('',#4041);
#1315=VERTEX_POINT('',#4045);
#1316=VERTEX_POINT('',#4047);
#1317=VERTEX_POINT('',#4049);
#1318=VERTEX_POINT('',#4053);
#1319=VERTEX_POINT('',#4054);
#1320=VERTEX_POINT('',#4056);
#1321=VERTEX_POINT('',#4061);
#1322=VERTEX_POINT('',#4063);
#1323=VERTEX_POINT('',#4067);
#1324=VERTEX_POINT('',#4069);
#1325=VERTEX_POINT('',#4077);
#1326=VERTEX_POINT('',#4079);
#1327=VERTEX_POINT('',#4083);
#1328=VERTEX_POINT('',#4085);
#1329=VERTEX_POINT('',#4093);
#1330=VERTEX_POINT('',#4095);
#1331=VERTEX_POINT('',#4099);
#1332=VERTEX_POINT('',#4101);
#1333=VERTEX_POINT('',#4105);
#1334=VERTEX_POINT('',#4107);
#1335=VERTEX_POINT('',#4115);
#1336=VERTEX_POINT('',#4116);
#1337=VERTEX_POINT('',#4118);
#1338=VERTEX_POINT('',#4120);
#1339=VERTEX_POINT('',#4127);
#1340=VERTEX_POINT('',#4129);
#1341=VERTEX_POINT('',#4137);
#1342=VERTEX_POINT('',#4139);
#1343=VERTEX_POINT('',#4143);
#1344=VERTEX_POINT('',#4145);
#1345=VERTEX_POINT('',#4155);
#1346=VERTEX_POINT('',#4156);
#1347=VERTEX_POINT('',#4158);
#1348=VERTEX_POINT('',#4160);
#1349=VERTEX_POINT('',#4164);
#1350=VERTEX_POINT('',#4165);
#1351=VERTEX_POINT('',#4170);
#1352=VERTEX_POINT('',#4171);
#1353=VERTEX_POINT('',#4173);
#1354=VERTEX_POINT('',#4175);
#1355=VERTEX_POINT('',#4179);
#1356=VERTEX_POINT('',#4180);
#1357=VERTEX_POINT('',#4185);
#1358=VERTEX_POINT('',#4187);
#1359=VERTEX_POINT('',#4189);
#1360=VERTEX_POINT('',#4191);
#1361=VERTEX_POINT('',#4193);
#1362=VERTEX_POINT('',#4195);
#1363=VERTEX_POINT('',#4198);
#1364=VERTEX_POINT('',#4201);
#1365=VERTEX_POINT('',#4203);
#1366=VERTEX_POINT('',#4205);
#1367=VERTEX_POINT('',#4207);
#1368=VERTEX_POINT('',#4210);
#1369=VERTEX_POINT('',#4212);
#1370=VERTEX_POINT('',#4214);
#1371=VERTEX_POINT('',#4216);
#1372=VERTEX_POINT('',#4218);
#1373=VERTEX_POINT('',#4220);
#1374=VERTEX_POINT('',#4222);
#1375=VERTEX_POINT('',#4224);
#1376=VERTEX_POINT('',#4226);
#1377=VERTEX_POINT('',#4228);
#1378=VERTEX_POINT('',#4230);
#1379=VERTEX_POINT('',#4232);
#1380=VERTEX_POINT('',#4234);
#1381=VERTEX_POINT('',#4236);
#1382=VERTEX_POINT('',#4238);
#1383=VERTEX_POINT('',#4240);
#1384=VERTEX_POINT('',#4244);
#1385=VERTEX_POINT('',#4246);
#1386=VERTEX_POINT('',#4248);
#1387=VERTEX_POINT('',#4250);
#1388=VERTEX_POINT('',#4252);
#1389=VERTEX_POINT('',#4254);
#1390=VERTEX_POINT('',#4259);
#1391=VERTEX_POINT('',#4261);
#1392=VERTEX_POINT('',#4263);
#1393=VERTEX_POINT('',#4265);
#1394=VERTEX_POINT('',#4270);
#1395=VERTEX_POINT('',#4271);
#1396=VERTEX_POINT('',#4277);
#1397=VERTEX_POINT('',#4281);
#1398=VERTEX_POINT('',#4289);
#1399=VERTEX_POINT('',#4290);
#1400=VERTEX_POINT('',#4292);
#1401=VERTEX_POINT('',#4294);
#1402=VERTEX_POINT('',#4309);
#1403=VERTEX_POINT('',#4311);
#1404=VERTEX_POINT('',#4316);
#1405=VERTEX_POINT('',#4318);
#1406=VERTEX_POINT('',#4323);
#1407=VERTEX_POINT('',#4325);
#1408=VERTEX_POINT('',#4330);
#1409=VERTEX_POINT('',#4332);
#1410=VERTEX_POINT('',#4337);
#1411=VERTEX_POINT('',#4339);
#1412=VERTEX_POINT('',#4344);
#1413=VERTEX_POINT('',#4346);
#1414=VERTEX_POINT('',#4351);
#1415=VERTEX_POINT('',#4353);
#1416=VERTEX_POINT('',#4358);
#1417=VERTEX_POINT('',#4360);
#1418=VERTEX_POINT('',#4365);
#1419=VERTEX_POINT('',#4367);
#1420=VERTEX_POINT('',#4372);
#1421=VERTEX_POINT('',#4374);
#1422=VERTEX_POINT('',#4379);
#1423=VERTEX_POINT('',#4381);
#1424=VERTEX_POINT('',#4386);
#1425=VERTEX_POINT('',#4388);
#1426=VERTEX_POINT('',#4393);
#1427=VERTEX_POINT('',#4395);
#1428=VERTEX_POINT('',#4400);
#1429=VERTEX_POINT('',#4402);
#1430=VERTEX_POINT('',#4407);
#1431=VERTEX_POINT('',#4409);
#1432=VERTEX_POINT('',#4414);
#1433=VERTEX_POINT('',#4416);
#1434=VERTEX_POINT('',#4421);
#1435=VERTEX_POINT('',#4426);
#1436=VERTEX_POINT('',#4431);
#1437=VERTEX_POINT('',#4436);
#1438=VERTEX_POINT('',#4441);
#1439=VERTEX_POINT('',#4446);
#1440=VERTEX_POINT('',#4451);
#1441=VERTEX_POINT('',#4456);
#1442=VERTEX_POINT('',#4461);
#1443=VERTEX_POINT('',#4466);
#1444=VERTEX_POINT('',#4471);
#1445=VERTEX_POINT('',#4476);
#1446=VERTEX_POINT('',#4481);
#1447=VERTEX_POINT('',#4486);
#1448=VERTEX_POINT('',#4491);
#1449=VERTEX_POINT('',#4496);
#1450=VERTEX_POINT('',#4501);
#1451=VERTEX_POINT('',#4502);
#1452=VERTEX_POINT('',#4504);
#1453=VERTEX_POINT('',#4506);
#1454=VERTEX_POINT('',#4508);
#1455=VERTEX_POINT('',#4510);
#1456=VERTEX_POINT('',#4515);
#1457=VERTEX_POINT('',#4519);
#1458=VERTEX_POINT('',#4525);
#1459=VERTEX_POINT('',#4527);
#1460=VERTEX_POINT('',#4534);
#1461=VERTEX_POINT('',#4536);
#1462=VERTEX_POINT('',#4540);
#1463=VERTEX_POINT('',#4542);
#1464=VERTEX_POINT('',#4544);
#1465=VERTEX_POINT('',#4546);
#1466=VERTEX_POINT('',#4558);
#1467=VERTEX_POINT('',#4564);
#1468=VERTEX_POINT('',#4566);
#1469=VERTEX_POINT('',#4568);
#1470=VERTEX_POINT('',#4570);
#1471=VERTEX_POINT('',#4572);
#1472=VERTEX_POINT('',#4574);
#1473=VERTEX_POINT('',#4576);
#1474=VERTEX_POINT('',#4578);
#1475=VERTEX_POINT('',#4580);
#1476=VERTEX_POINT('',#4582);
#1477=VERTEX_POINT('',#4584);
#1478=VERTEX_POINT('',#4586);
#1479=VERTEX_POINT('',#4589);
#1480=VERTEX_POINT('',#4594);
#1481=VERTEX_POINT('',#4598);
#1482=VERTEX_POINT('',#4600);
#1483=VERTEX_POINT('',#4603);
#1484=VERTEX_POINT('',#4607);
#1485=VERTEX_POINT('',#4612);
#1486=VERTEX_POINT('',#4616);
#1487=VERTEX_POINT('',#4622);
#1488=VERTEX_POINT('',#4624);
#1489=VERTEX_POINT('',#4628);
#1490=VERTEX_POINT('',#4630);
#1491=VERTEX_POINT('',#4632);
#1492=VERTEX_POINT('',#4636);
#1493=VERTEX_POINT('',#4638);
#1494=VERTEX_POINT('',#4640);
#1495=VERTEX_POINT('',#4642);
#1496=VERTEX_POINT('',#4644);
#1497=VERTEX_POINT('',#4656);
#1498=EDGE_CURVE('',#1250,#1250,#1159,.T.);
#1499=EDGE_CURVE('',#1250,#1251,#607,.T.);
#1500=EDGE_CURVE('',#1251,#1251,#1160,.T.);
#1501=EDGE_CURVE('',#1251,#1252,#608,.T.);
#1502=EDGE_CURVE('',#1252,#1252,#1161,.T.);
#1503=EDGE_CURVE('',#1253,#1253,#1162,.T.);
#1504=EDGE_CURVE('',#1253,#1254,#609,.T.);
#1505=EDGE_CURVE('',#1254,#1254,#1163,.T.);
#1506=EDGE_CURVE('',#1254,#1255,#610,.T.);
#1507=EDGE_CURVE('',#1255,#1255,#1164,.T.);
#1508=EDGE_CURVE('',#1256,#1256,#1165,.T.);
#1509=EDGE_CURVE('',#1256,#1257,#611,.T.);
#1510=EDGE_CURVE('',#1257,#1257,#1166,.T.);
#1511=EDGE_CURVE('',#1257,#1258,#612,.T.);
#1512=EDGE_CURVE('',#1258,#1258,#1167,.T.);
#1513=EDGE_CURVE('',#1259,#1259,#1168,.T.);
#1514=EDGE_CURVE('',#1259,#1260,#613,.T.);
#1515=EDGE_CURVE('',#1260,#1260,#1169,.T.);
#1516=EDGE_CURVE('',#1260,#1261,#614,.T.);
#1517=EDGE_CURVE('',#1261,#1261,#1170,.T.);
#1518=EDGE_CURVE('',#1262,#1263,#615,.T.);
#1519=EDGE_CURVE('',#1264,#1262,#616,.T.);
#1520=EDGE_CURVE('',#1265,#1264,#617,.T.);
#1521=EDGE_CURVE('',#1266,#1265,#618,.T.);
#1522=EDGE_CURVE('',#1267,#1266,#619,.T.);
#1523=EDGE_CURVE('',#1268,#1267,#620,.T.);
#1524=EDGE_CURVE('',#1269,#1268,#621,.T.);
#1525=EDGE_CURVE('',#1270,#1269,#622,.T.);
#1526=EDGE_CURVE('',#1271,#1270,#623,.T.);
#1527=EDGE_CURVE('',#1272,#1271,#624,.T.);
#1528=EDGE_CURVE('',#1273,#1272,#625,.T.);
#1529=EDGE_CURVE('',#1263,#1273,#626,.T.);
#1530=EDGE_CURVE('',#1274,#1268,#627,.T.);
#1531=EDGE_CURVE('',#1275,#1274,#628,.T.);
#1532=EDGE_CURVE('',#1275,#1269,#629,.T.);
#1533=EDGE_CURVE('',#1267,#1276,#630,.T.);
#1534=EDGE_CURVE('',#1274,#1276,#631,.T.);
#1535=EDGE_CURVE('',#1266,#1277,#632,.T.);
#1536=EDGE_CURVE('',#1276,#1277,#633,.T.);
#1537=EDGE_CURVE('',#1278,#1279,#634,.T.);
#1538=EDGE_CURVE('',#1279,#1280,#635,.T.);
#1539=EDGE_CURVE('',#1280,#1281,#636,.T.);
#1540=EDGE_CURVE('',#1281,#1278,#637,.T.);
#1541=EDGE_CURVE('',#1282,#1265,#638,.T.);
#1542=EDGE_CURVE('',#1277,#1282,#639,.T.);
#1543=EDGE_CURVE('',#1283,#1264,#640,.T.);
#1544=EDGE_CURVE('',#1282,#1283,#641,.T.);
#1545=EDGE_CURVE('',#1262,#1284,#642,.T.);
#1546=EDGE_CURVE('',#1283,#1284,#643,.T.);
#1547=EDGE_CURVE('',#1285,#1286,#644,.T.);
#1548=EDGE_CURVE('',#1287,#1285,#645,.T.);
#1549=EDGE_CURVE('',#1288,#1287,#646,.T.);
#1550=EDGE_CURVE('',#1289,#1288,#647,.T.);
#1551=EDGE_CURVE('',#1289,#1290,#648,.T.);
#1552=EDGE_CURVE('',#1286,#1290,#649,.T.);
#1553=EDGE_CURVE('',#1291,#1292,#650,.T.);
#1554=EDGE_CURVE('',#1291,#1293,#651,.T.);
#1555=EDGE_CURVE('',#1293,#1289,#652,.T.);
#1556=EDGE_CURVE('',#1292,#1288,#653,.T.);
#1557=EDGE_CURVE('',#1294,#1295,#654,.T.);
#1558=EDGE_CURVE('',#1296,#1294,#655,.T.);
#1559=EDGE_CURVE('',#1296,#1297,#656,.T.);
#1560=EDGE_CURVE('',#1297,#1298,#657,.T.);
#1561=EDGE_CURVE('',#1298,#1295,#658,.T.);
#1562=EDGE_CURVE('',#1299,#1300,#659,.T.);
#1563=EDGE_CURVE('',#1301,#1299,#660,.T.);
#1564=EDGE_CURVE('',#1297,#1301,#661,.T.);
#1565=EDGE_CURVE('',#1296,#1302,#662,.T.);
#1566=EDGE_CURVE('',#1300,#1302,#663,.T.);
#1567=EDGE_CURVE('',#1290,#1301,#664,.T.);
#1568=EDGE_CURVE('',#1286,#1299,#665,.T.);
#1569=EDGE_CURVE('',#1303,#1304,#666,.T.);
#1570=EDGE_CURVE('',#1305,#1303,#667,.T.);
#1571=EDGE_CURVE('',#1305,#1306,#668,.T.);
#1572=EDGE_CURVE('',#1306,#1307,#669,.T.);
#1573=EDGE_CURVE('',#1307,#1304,#670,.T.);
#1574=EDGE_CURVE('',#1308,#1309,#671,.T.);
#1575=EDGE_CURVE('',#1310,#1308,#672,.T.);
#1576=EDGE_CURVE('',#1310,#1306,#673,.T.);
#1577=EDGE_CURVE('',#1311,#1305,#674,.T.);
#1578=EDGE_CURVE('',#1309,#1311,#675,.T.);
#1579=EDGE_CURVE('',#1312,#1308,#676,.T.);
#1580=EDGE_CURVE('',#1312,#1313,#677,.T.);
#1581=EDGE_CURVE('',#1313,#1310,#678,.T.);
#1582=EDGE_CURVE('',#1309,#1314,#679,.T.);
#1583=EDGE_CURVE('',#1314,#1312,#680,.T.);
#1584=EDGE_CURVE('',#1315,#1314,#681,.T.);
#1585=EDGE_CURVE('',#1315,#1316,#682,.T.);
#1586=EDGE_CURVE('',#1317,#1316,#683,.T.);
#1587=EDGE_CURVE('',#1313,#1317,#684,.T.);
#1588=EDGE_CURVE('',#1318,#1319,#685,.T.);
#1589=EDGE_CURVE('',#1318,#1320,#686,.T.);
#1590=EDGE_CURVE('',#1320,#1317,#687,.T.);
#1591=EDGE_CURVE('',#1319,#1316,#688,.T.);
#1592=EDGE_CURVE('',#1321,#1291,#689,.T.);
#1593=EDGE_CURVE('',#1322,#1321,#690,.T.);
#1594=EDGE_CURVE('',#1293,#1322,#691,.T.);
#1595=EDGE_CURVE('',#1323,#1321,#692,.T.);
#1596=EDGE_CURVE('',#1323,#1324,#693,.T.);
#1597=EDGE_CURVE('',#1324,#1322,#694,.T.);
#1598=EDGE_CURVE('',#1295,#1323,#695,.T.);
#1599=EDGE_CURVE('',#1298,#1324,#696,.T.);
#1600=EDGE_CURVE('',#1304,#1325,#697,.T.);
#1601=EDGE_CURVE('',#1326,#1307,#698,.T.);
#1602=EDGE_CURVE('',#1325,#1326,#699,.T.);
#1603=EDGE_CURVE('',#1325,#1327,#700,.T.);
#1604=EDGE_CURVE('',#1326,#1328,#701,.T.);
#1605=EDGE_CURVE('',#1328,#1327,#702,.T.);
#1606=EDGE_CURVE('',#1327,#1318,#703,.T.);
#1607=EDGE_CURVE('',#1328,#1320,#704,.T.);
#1608=EDGE_CURVE('',#1329,#1288,#705,.T.);
#1609=EDGE_CURVE('',#1330,#1329,#706,.T.);
#1610=EDGE_CURVE('',#1292,#1330,#707,.T.);
#1611=EDGE_CURVE('',#1331,#1285,#708,.T.);
#1612=EDGE_CURVE('',#1331,#1332,#709,.T.);
#1613=EDGE_CURVE('',#1332,#1287,#710,.T.);
#1614=EDGE_CURVE('',#1330,#1333,#711,.T.);
#1615=EDGE_CURVE('',#1329,#1334,#712,.T.);
#1616=EDGE_CURVE('',#1334,#1333,#713,.T.);
#1617=EDGE_CURVE('',#1333,#1331,#714,.T.);
#1618=EDGE_CURVE('',#1334,#1332,#715,.T.);
#1619=EDGE_CURVE('',#1335,#1336,#716,.T.);
#1620=EDGE_CURVE('',#1337,#1335,#717,.T.);
#1621=EDGE_CURVE('',#1338,#1337,#718,.T.);
#1622=EDGE_CURVE('',#1336,#1338,#719,.T.);
#1623=EDGE_CURVE('',#1300,#1335,#720,.T.);
#1624=EDGE_CURVE('',#1302,#1337,#721,.T.);
#1625=EDGE_CURVE('',#1336,#1339,#722,.T.);
#1626=EDGE_CURVE('',#1338,#1340,#723,.T.);
#1627=EDGE_CURVE('',#1340,#1339,#724,.T.);
#1628=EDGE_CURVE('',#1339,#1294,#725,.T.);
#1629=EDGE_CURVE('',#1340,#1296,#726,.T.);
#1630=EDGE_CURVE('',#1341,#1303,#727,.T.);
#1631=EDGE_CURVE('',#1342,#1341,#728,.T.);
#1632=EDGE_CURVE('',#1305,#1342,#729,.T.);
#1633=EDGE_CURVE('',#1343,#1341,#730,.T.);
#1634=EDGE_CURVE('',#1343,#1344,#731,.T.);
#1635=EDGE_CURVE('',#1344,#1342,#732,.T.);
#1636=EDGE_CURVE('',#1311,#1315,#733,.T.);
#1637=EDGE_CURVE('',#1316,#1344,#734,.T.);
#1638=EDGE_CURVE('',#1319,#1343,#735,.T.);
#1639=EDGE_CURVE('',#1345,#1346,#736,.T.);
#1640=EDGE_CURVE('',#1345,#1347,#737,.T.);
#1641=EDGE_CURVE('',#1347,#1348,#738,.T.);
#1642=EDGE_CURVE('',#1348,#1346,#739,.T.);
#1643=EDGE_CURVE('',#1349,#1350,#740,.T.);
#1644=EDGE_CURVE('',#1349,#1348,#741,.T.);
#1645=EDGE_CURVE('',#1350,#1347,#742,.T.);
#1646=EDGE_CURVE('',#1351,#1352,#743,.T.);
#1647=EDGE_CURVE('',#1353,#1351,#744,.T.);
#1648=EDGE_CURVE('',#1354,#1353,#745,.T.);
#1649=EDGE_CURVE('',#1354,#1352,#746,.T.);
#1650=EDGE_CURVE('',#1355,#1356,#747,.T.);
#1651=EDGE_CURVE('',#1355,#1354,#748,.T.);
#1652=EDGE_CURVE('',#1353,#1356,#749,.T.);
#1653=EDGE_CURVE('',#1357,#1346,#750,.T.);
#1654=EDGE_CURVE('',#1358,#1357,#1171,.T.);
#1655=EDGE_CURVE('',#1359,#1358,#751,.T.);
#1656=EDGE_CURVE('',#1360,#1359,#1172,.T.);
#1657=EDGE_CURVE('',#1361,#1360,#752,.T.);
#1658=EDGE_CURVE('',#1361,#1362,#753,.T.);
#1659=EDGE_CURVE('',#1355,#1362,#754,.T.);
#1660=EDGE_CURVE('',#1356,#1363,#755,.T.);
#1661=EDGE_CURVE('',#1363,#1275,#756,.T.);
#1662=EDGE_CURVE('',#1284,#1364,#757,.T.);
#1663=EDGE_CURVE('',#1364,#1365,#758,.T.);
#1664=EDGE_CURVE('',#1365,#1366,#759,.T.);
#1665=EDGE_CURVE('',#1366,#1367,#760,.T.);
#1666=EDGE_CURVE('',#1367,#1345,#761,.T.);
#1667=EDGE_CURVE('',#1368,#1368,#1173,.T.);
#1668=EDGE_CURVE('',#1369,#1369,#1174,.T.);
#1669=EDGE_CURVE('',#1370,#1370,#1175,.T.);
#1670=EDGE_CURVE('',#1371,#1371,#1176,.T.);
#1671=EDGE_CURVE('',#1372,#1372,#1177,.T.);
#1672=EDGE_CURVE('',#1373,#1373,#1178,.T.);
#1673=EDGE_CURVE('',#1374,#1374,#1179,.T.);
#1674=EDGE_CURVE('',#1375,#1375,#1180,.T.);
#1675=EDGE_CURVE('',#1376,#1376,#1181,.T.);
#1676=EDGE_CURVE('',#1377,#1377,#1182,.T.);
#1677=EDGE_CURVE('',#1378,#1378,#1183,.T.);
#1678=EDGE_CURVE('',#1379,#1379,#1184,.T.);
#1679=EDGE_CURVE('',#1380,#1380,#1185,.T.);
#1680=EDGE_CURVE('',#1381,#1381,#1186,.T.);
#1681=EDGE_CURVE('',#1382,#1382,#1187,.T.);
#1682=EDGE_CURVE('',#1383,#1383,#1188,.T.);
#1683=EDGE_CURVE('',#1352,#1270,#762,.T.);
#1684=EDGE_CURVE('',#1362,#1384,#763,.T.);
#1685=EDGE_CURVE('',#1384,#1385,#764,.T.);
#1686=EDGE_CURVE('',#1385,#1386,#765,.T.);
#1687=EDGE_CURVE('',#1386,#1387,#766,.T.);
#1688=EDGE_CURVE('',#1388,#1387,#767,.T.);
#1689=EDGE_CURVE('',#1388,#1389,#768,.T.);
#1690=EDGE_CURVE('',#1357,#1389,#769,.T.);
#1691=EDGE_CURVE('',#1271,#1349,#770,.T.);
#1692=EDGE_CURVE('',#1350,#1390,#771,.T.);
#1693=EDGE_CURVE('',#1390,#1391,#772,.T.);
#1694=EDGE_CURVE('',#1391,#1392,#773,.T.);
#1695=EDGE_CURVE('',#1392,#1393,#774,.T.);
#1696=EDGE_CURVE('',#1393,#1367,#775,.T.);
#1697=EDGE_CURVE('',#1272,#1366,#776,.T.);
#1698=EDGE_CURVE('',#1394,#1395,#777,.T.);
#1699=EDGE_CURVE('',#1394,#1391,#778,.T.);
#1700=EDGE_CURVE('',#1395,#1390,#779,.T.);
#1701=EDGE_CURVE('',#1395,#1351,#780,.T.);
#1702=EDGE_CURVE('',#1396,#1393,#781,.T.);
#1703=EDGE_CURVE('',#1363,#1396,#782,.T.);
#1704=EDGE_CURVE('',#1396,#1397,#783,.T.);
#1705=EDGE_CURVE('',#1397,#1392,#784,.T.);
#1706=EDGE_CURVE('',#1397,#1394,#785,.T.);
#1707=EDGE_CURVE('',#1273,#1365,#786,.T.);
#1708=EDGE_CURVE('',#1398,#1399,#787,.T.);
#1709=EDGE_CURVE('',#1399,#1400,#788,.T.);
#1710=EDGE_CURVE('',#1400,#1401,#789,.T.);
#1711=EDGE_CURVE('',#1401,#1398,#790,.T.);
#1712=EDGE_CURVE('',#1401,#1280,#791,.T.);
#1713=EDGE_CURVE('',#1281,#1400,#792,.T.);
#1714=EDGE_CURVE('',#1399,#1278,#793,.T.);
#1715=EDGE_CURVE('',#1279,#1398,#794,.T.);
#1716=EDGE_CURVE('',#1364,#1263,#795,.T.);
#1717=EDGE_CURVE('',#1402,#1402,#1189,.T.);
#1718=EDGE_CURVE('',#1402,#1403,#796,.T.);
#1719=EDGE_CURVE('',#1403,#1403,#1190,.T.);
#1720=EDGE_CURVE('',#1404,#1404,#1191,.T.);
#1721=EDGE_CURVE('',#1404,#1405,#797,.T.);
#1722=EDGE_CURVE('',#1405,#1405,#1192,.T.);
#1723=EDGE_CURVE('',#1406,#1406,#1193,.T.);
#1724=EDGE_CURVE('',#1406,#1407,#798,.T.);
#1725=EDGE_CURVE('',#1407,#1407,#1194,.T.);
#1726=EDGE_CURVE('',#1408,#1408,#1195,.T.);
#1727=EDGE_CURVE('',#1408,#1409,#799,.T.);
#1728=EDGE_CURVE('',#1409,#1409,#1196,.T.);
#1729=EDGE_CURVE('',#1410,#1410,#1197,.T.);
#1730=EDGE_CURVE('',#1410,#1411,#800,.T.);
#1731=EDGE_CURVE('',#1411,#1411,#1198,.T.);
#1732=EDGE_CURVE('',#1412,#1412,#1199,.T.);
#1733=EDGE_CURVE('',#1412,#1413,#801,.T.);
#1734=EDGE_CURVE('',#1413,#1413,#1200,.T.);
#1735=EDGE_CURVE('',#1414,#1414,#1201,.T.);
#1736=EDGE_CURVE('',#1414,#1415,#802,.T.);
#1737=EDGE_CURVE('',#1415,#1415,#1202,.T.);
#1738=EDGE_CURVE('',#1416,#1416,#1203,.T.);
#1739=EDGE_CURVE('',#1416,#1417,#803,.T.);
#1740=EDGE_CURVE('',#1417,#1417,#1204,.T.);
#1741=EDGE_CURVE('',#1418,#1418,#1205,.T.);
#1742=EDGE_CURVE('',#1418,#1419,#804,.T.);
#1743=EDGE_CURVE('',#1419,#1419,#1206,.T.);
#1744=EDGE_CURVE('',#1420,#1420,#1207,.T.);
#1745=EDGE_CURVE('',#1420,#1421,#805,.T.);
#1746=EDGE_CURVE('',#1421,#1421,#1208,.T.);
#1747=EDGE_CURVE('',#1422,#1422,#1209,.T.);
#1748=EDGE_CURVE('',#1422,#1423,#806,.T.);
#1749=EDGE_CURVE('',#1423,#1423,#1210,.T.);
#1750=EDGE_CURVE('',#1424,#1424,#1211,.T.);
#1751=EDGE_CURVE('',#1424,#1425,#807,.T.);
#1752=EDGE_CURVE('',#1425,#1425,#1212,.T.);
#1753=EDGE_CURVE('',#1426,#1426,#1213,.T.);
#1754=EDGE_CURVE('',#1426,#1427,#808,.T.);
#1755=EDGE_CURVE('',#1427,#1427,#1214,.T.);
#1756=EDGE_CURVE('',#1428,#1428,#1215,.T.);
#1757=EDGE_CURVE('',#1428,#1429,#809,.T.);
#1758=EDGE_CURVE('',#1429,#1429,#1216,.T.);
#1759=EDGE_CURVE('',#1430,#1430,#1217,.T.);
#1760=EDGE_CURVE('',#1430,#1431,#810,.T.);
#1761=EDGE_CURVE('',#1431,#1431,#1218,.T.);
#1762=EDGE_CURVE('',#1432,#1432,#1219,.T.);
#1763=EDGE_CURVE('',#1432,#1433,#811,.T.);
#1764=EDGE_CURVE('',#1433,#1433,#1220,.T.);
#1765=EDGE_CURVE('',#1434,#1434,#1221,.T.);
#1766=EDGE_CURVE('',#1434,#1383,#812,.T.);
#1767=EDGE_CURVE('',#1435,#1435,#1222,.T.);
#1768=EDGE_CURVE('',#1435,#1368,#813,.T.);
#1769=EDGE_CURVE('',#1436,#1436,#1223,.T.);
#1770=EDGE_CURVE('',#1436,#1382,#814,.T.);
#1771=EDGE_CURVE('',#1437,#1437,#1224,.T.);
#1772=EDGE_CURVE('',#1437,#1369,#815,.T.);
#1773=EDGE_CURVE('',#1438,#1438,#1225,.T.);
#1774=EDGE_CURVE('',#1438,#1381,#816,.T.);
#1775=EDGE_CURVE('',#1439,#1439,#1226,.T.);
#1776=EDGE_CURVE('',#1439,#1370,#817,.T.);
#1777=EDGE_CURVE('',#1440,#1440,#1227,.T.);
#1778=EDGE_CURVE('',#1440,#1380,#818,.T.);
#1779=EDGE_CURVE('',#1441,#1441,#1228,.T.);
#1780=EDGE_CURVE('',#1441,#1371,#819,.T.);
#1781=EDGE_CURVE('',#1442,#1442,#1229,.T.);
#1782=EDGE_CURVE('',#1442,#1379,#820,.T.);
#1783=EDGE_CURVE('',#1443,#1443,#1230,.T.);
#1784=EDGE_CURVE('',#1443,#1378,#821,.T.);
#1785=EDGE_CURVE('',#1444,#1444,#1231,.T.);
#1786=EDGE_CURVE('',#1444,#1377,#822,.T.);
#1787=EDGE_CURVE('',#1445,#1445,#1232,.T.);
#1788=EDGE_CURVE('',#1445,#1376,#823,.T.);
#1789=EDGE_CURVE('',#1446,#1446,#1233,.T.);
#1790=EDGE_CURVE('',#1446,#1375,#824,.T.);
#1791=EDGE_CURVE('',#1447,#1447,#1234,.T.);
#1792=EDGE_CURVE('',#1447,#1374,#825,.T.);
#1793=EDGE_CURVE('',#1448,#1448,#1235,.T.);
#1794=EDGE_CURVE('',#1448,#1373,#826,.T.);
#1795=EDGE_CURVE('',#1449,#1449,#1236,.T.);
#1796=EDGE_CURVE('',#1449,#1372,#827,.T.);
#1797=EDGE_CURVE('',#1450,#1451,#828,.T.);
#1798=EDGE_CURVE('',#1452,#1451,#829,.T.);
#1799=EDGE_CURVE('',#1452,#1453,#830,.T.);
#1800=EDGE_CURVE('',#1453,#1454,#831,.T.);
#1801=EDGE_CURVE('',#1454,#1455,#832,.T.);
#1802=EDGE_CURVE('',#1455,#1361,#833,.T.);
#1803=EDGE_CURVE('',#1450,#1360,#834,.T.);
#1804=EDGE_CURVE('',#1456,#1450,#1237,.T.);
#1805=EDGE_CURVE('',#1456,#1359,#835,.T.);
#1806=EDGE_CURVE('',#1457,#1456,#836,.T.);
#1807=EDGE_CURVE('',#1358,#1457,#837,.T.);
#1808=EDGE_CURVE('',#1389,#1457,#1238,.T.);
#1809=EDGE_CURVE('',#1458,#1388,#1239,.T.);
#1810=EDGE_CURVE('',#1387,#1459,#22,.T.);
#1811=EDGE_CURVE('',#1459,#1460,#15,.T.);
#1812=EDGE_CURVE('',#1460,#1461,#16,.T.);
#1813=EDGE_CURVE('',#1458,#1461,#838,.T.);
#1814=EDGE_CURVE('',#1451,#1462,#1240,.T.);
#1815=EDGE_CURVE('',#1463,#1462,#839,.T.);
#1816=EDGE_CURVE('',#1463,#1464,#17,.T.);
#1817=EDGE_CURVE('',#1464,#1465,#18,.T.);
#1818=EDGE_CURVE('',#1465,#1452,#23,.T.);
#1819=EDGE_CURVE('',#1462,#1458,#840,.T.);
#1820=EDGE_CURVE('',#1461,#1463,#841,.T.);
#1821=EDGE_CURVE('',#1465,#1466,#842,.T.);
#1822=EDGE_CURVE('',#1466,#1453,#1241,.T.);
#1823=EDGE_CURVE('',#1460,#1464,#843,.T.);
#1824=EDGE_CURVE('',#1459,#1467,#844,.T.);
#1825=EDGE_CURVE('',#1467,#1468,#845,.T.);
#1826=EDGE_CURVE('',#1468,#1469,#846,.T.);
#1827=EDGE_CURVE('',#1469,#1470,#847,.T.);
#1828=EDGE_CURVE('',#1470,#1471,#848,.T.);
#1829=EDGE_CURVE('',#1471,#1472,#849,.T.);
#1830=EDGE_CURVE('',#1472,#1473,#1242,.T.);
#1831=EDGE_CURVE('',#1473,#1474,#1243,.T.);
#1832=EDGE_CURVE('',#1474,#1475,#850,.T.);
#1833=EDGE_CURVE('',#1475,#1476,#851,.T.);
#1834=EDGE_CURVE('',#1476,#1477,#852,.T.);
#1835=EDGE_CURVE('',#1477,#1478,#853,.T.);
#1836=EDGE_CURVE('',#1478,#1466,#854,.T.);
#1837=EDGE_CURVE('',#1479,#1479,#1244,.T.);
#1838=EDGE_CURVE('',#1386,#1467,#1245,.T.);
#1839=EDGE_CURVE('',#1385,#1480,#855,.T.);
#1840=EDGE_CURVE('',#1480,#1468,#856,.T.);
#1841=EDGE_CURVE('',#1481,#1481,#19,.T.);
#1842=EDGE_CURVE('',#1482,#1482,#20,.T.);
#1843=EDGE_CURVE('',#1482,#1483,#857,.T.);
#1844=EDGE_CURVE('',#1483,#1483,#1246,.T.);
#1845=EDGE_CURVE('',#1484,#1484,#1247,.T.);
#1846=EDGE_CURVE('',#1484,#1479,#858,.T.);
#1847=EDGE_CURVE('',#1481,#1485,#859,.T.);
#1848=EDGE_CURVE('',#1485,#1485,#1248,.T.);
#1849=EDGE_CURVE('',#1486,#1486,#1249,.T.);
#1850=EDGE_CURVE('',#1486,#1473,#860,.T.);
#1851=EDGE_CURVE('',#1474,#1472,#21,.T.);
#1852=EDGE_CURVE('',#1487,#1476,#861,.T.);
#1853=EDGE_CURVE('',#1488,#1487,#862,.T.);
#1854=EDGE_CURVE('',#1477,#1488,#863,.T.);
#1855=EDGE_CURVE('',#1488,#1489,#864,.T.);
#1856=EDGE_CURVE('',#1490,#1489,#865,.T.);
#1857=EDGE_CURVE('',#1491,#1490,#866,.T.);
#1858=EDGE_CURVE('',#1478,#1491,#867,.T.);
#1859=EDGE_CURVE('',#1489,#1492,#868,.T.);
#1860=EDGE_CURVE('',#1493,#1487,#869,.T.);
#1861=EDGE_CURVE('',#1494,#1493,#870,.T.);
#1862=EDGE_CURVE('',#1495,#1494,#871,.T.);
#1863=EDGE_CURVE('',#1495,#1496,#872,.T.);
#1864=EDGE_CURVE('',#1496,#1492,#873,.T.);
#1865=EDGE_CURVE('',#1471,#1494,#874,.T.);
#1866=EDGE_CURVE('',#1493,#1475,#875,.T.);
#1867=EDGE_CURVE('',#1470,#1495,#876,.T.);
#1868=EDGE_CURVE('',#1496,#1469,#877,.T.);
#1869=EDGE_CURVE('',#1497,#1480,#878,.T.);
#1870=EDGE_CURVE('',#1492,#1497,#879,.T.);
#1871=EDGE_CURVE('',#1455,#1490,#880,.T.);
#1872=EDGE_CURVE('',#1497,#1384,#881,.T.);
#1873=EDGE_CURVE('',#1491,#1454,#882,.T.);
#1874=ORIENTED_EDGE('',*,*,#1498,.F.);
#1875=ORIENTED_EDGE('',*,*,#1499,.T.);
#1876=ORIENTED_EDGE('',*,*,#1500,.F.);
#1877=ORIENTED_EDGE('',*,*,#1499,.F.);
#1878=ORIENTED_EDGE('',*,*,#1500,.T.);
#1879=ORIENTED_EDGE('',*,*,#1501,.T.);
#1880=ORIENTED_EDGE('',*,*,#1502,.F.);
#1881=ORIENTED_EDGE('',*,*,#1501,.F.);
#1882=ORIENTED_EDGE('',*,*,#1503,.F.);
#1883=ORIENTED_EDGE('',*,*,#1504,.T.);
#1884=ORIENTED_EDGE('',*,*,#1505,.F.);
#1885=ORIENTED_EDGE('',*,*,#1504,.F.);
#1886=ORIENTED_EDGE('',*,*,#1505,.T.);
#1887=ORIENTED_EDGE('',*,*,#1506,.T.);
#1888=ORIENTED_EDGE('',*,*,#1507,.F.);
#1889=ORIENTED_EDGE('',*,*,#1506,.F.);
#1890=ORIENTED_EDGE('',*,*,#1508,.F.);
#1891=ORIENTED_EDGE('',*,*,#1509,.T.);
#1892=ORIENTED_EDGE('',*,*,#1510,.F.);
#1893=ORIENTED_EDGE('',*,*,#1509,.F.);
#1894=ORIENTED_EDGE('',*,*,#1510,.T.);
#1895=ORIENTED_EDGE('',*,*,#1511,.T.);
#1896=ORIENTED_EDGE('',*,*,#1512,.F.);
#1897=ORIENTED_EDGE('',*,*,#1511,.F.);
#1898=ORIENTED_EDGE('',*,*,#1513,.F.);
#1899=ORIENTED_EDGE('',*,*,#1514,.T.);
#1900=ORIENTED_EDGE('',*,*,#1515,.F.);
#1901=ORIENTED_EDGE('',*,*,#1514,.F.);
#1902=ORIENTED_EDGE('',*,*,#1515,.T.);
#1903=ORIENTED_EDGE('',*,*,#1516,.T.);
#1904=ORIENTED_EDGE('',*,*,#1517,.F.);
#1905=ORIENTED_EDGE('',*,*,#1516,.F.);
#1906=ORIENTED_EDGE('',*,*,#1518,.F.);
#1907=ORIENTED_EDGE('',*,*,#1519,.F.);
#1908=ORIENTED_EDGE('',*,*,#1520,.F.);
#1909=ORIENTED_EDGE('',*,*,#1521,.F.);
#1910=ORIENTED_EDGE('',*,*,#1522,.F.);
#1911=ORIENTED_EDGE('',*,*,#1523,.F.);
#1912=ORIENTED_EDGE('',*,*,#1524,.F.);
#1913=ORIENTED_EDGE('',*,*,#1525,.F.);
#1914=ORIENTED_EDGE('',*,*,#1526,.F.);
#1915=ORIENTED_EDGE('',*,*,#1527,.F.);
#1916=ORIENTED_EDGE('',*,*,#1528,.F.);
#1917=ORIENTED_EDGE('',*,*,#1529,.F.);
#1918=ORIENTED_EDGE('',*,*,#1524,.T.);
#1919=ORIENTED_EDGE('',*,*,#1530,.F.);
#1920=ORIENTED_EDGE('',*,*,#1531,.F.);
#1921=ORIENTED_EDGE('',*,*,#1532,.T.);
#1922=ORIENTED_EDGE('',*,*,#1523,.T.);
#1923=ORIENTED_EDGE('',*,*,#1533,.T.);
#1924=ORIENTED_EDGE('',*,*,#1534,.F.);
#1925=ORIENTED_EDGE('',*,*,#1530,.T.);
#1926=ORIENTED_EDGE('',*,*,#1522,.T.);
#1927=ORIENTED_EDGE('',*,*,#1535,.T.);
#1928=ORIENTED_EDGE('',*,*,#1536,.F.);
#1929=ORIENTED_EDGE('',*,*,#1533,.F.);
#1930=ORIENTED_EDGE('',*,*,#1537,.T.);
#1931=ORIENTED_EDGE('',*,*,#1538,.T.);
#1932=ORIENTED_EDGE('',*,*,#1539,.T.);
#1933=ORIENTED_EDGE('',*,*,#1540,.T.);
#1934=ORIENTED_EDGE('',*,*,#1521,.T.);
#1935=ORIENTED_EDGE('',*,*,#1541,.F.);
#1936=ORIENTED_EDGE('',*,*,#1542,.F.);
#1937=ORIENTED_EDGE('',*,*,#1535,.F.);
#1938=ORIENTED_EDGE('',*,*,#1520,.T.);
#1939=ORIENTED_EDGE('',*,*,#1543,.F.);
#1940=ORIENTED_EDGE('',*,*,#1544,.F.);
#1941=ORIENTED_EDGE('',*,*,#1541,.T.);
#1942=ORIENTED_EDGE('',*,*,#1519,.T.);
#1943=ORIENTED_EDGE('',*,*,#1545,.T.);
#1944=ORIENTED_EDGE('',*,*,#1546,.F.);
#1945=ORIENTED_EDGE('',*,*,#1543,.T.);
#1946=ORIENTED_EDGE('',*,*,#1547,.F.);
#1947=ORIENTED_EDGE('',*,*,#1548,.F.);
#1948=ORIENTED_EDGE('',*,*,#1549,.F.);
#1949=ORIENTED_EDGE('',*,*,#1550,.F.);
#1950=ORIENTED_EDGE('',*,*,#1551,.T.);
#1951=ORIENTED_EDGE('',*,*,#1552,.F.);
#1952=ORIENTED_EDGE('',*,*,#1553,.F.);
#1953=ORIENTED_EDGE('',*,*,#1554,.T.);
#1954=ORIENTED_EDGE('',*,*,#1555,.T.);
#1955=ORIENTED_EDGE('',*,*,#1550,.T.);
#1956=ORIENTED_EDGE('',*,*,#1556,.F.);
#1957=ORIENTED_EDGE('',*,*,#1557,.F.);
#1958=ORIENTED_EDGE('',*,*,#1558,.F.);
#1959=ORIENTED_EDGE('',*,*,#1559,.T.);
#1960=ORIENTED_EDGE('',*,*,#1560,.T.);
#1961=ORIENTED_EDGE('',*,*,#1561,.T.);
#1962=ORIENTED_EDGE('',*,*,#1562,.F.);
#1963=ORIENTED_EDGE('',*,*,#1563,.F.);
#1964=ORIENTED_EDGE('',*,*,#1564,.F.);
#1965=ORIENTED_EDGE('',*,*,#1559,.F.);
#1966=ORIENTED_EDGE('',*,*,#1565,.T.);
#1967=ORIENTED_EDGE('',*,*,#1566,.F.);
#1968=ORIENTED_EDGE('',*,*,#1552,.T.);
#1969=ORIENTED_EDGE('',*,*,#1567,.T.);
#1970=ORIENTED_EDGE('',*,*,#1563,.T.);
#1971=ORIENTED_EDGE('',*,*,#1568,.F.);
#1972=ORIENTED_EDGE('',*,*,#1569,.F.);
#1973=ORIENTED_EDGE('',*,*,#1570,.F.);
#1974=ORIENTED_EDGE('',*,*,#1571,.T.);
#1975=ORIENTED_EDGE('',*,*,#1572,.T.);
#1976=ORIENTED_EDGE('',*,*,#1573,.T.);
#1977=ORIENTED_EDGE('',*,*,#1574,.F.);
#1978=ORIENTED_EDGE('',*,*,#1575,.F.);
#1979=ORIENTED_EDGE('',*,*,#1576,.T.);
#1980=ORIENTED_EDGE('',*,*,#1571,.F.);
#1981=ORIENTED_EDGE('',*,*,#1577,.F.);
#1982=ORIENTED_EDGE('',*,*,#1578,.F.);
#1983=ORIENTED_EDGE('',*,*,#1575,.T.);
#1984=ORIENTED_EDGE('',*,*,#1579,.F.);
#1985=ORIENTED_EDGE('',*,*,#1580,.T.);
#1986=ORIENTED_EDGE('',*,*,#1581,.T.);
#1987=ORIENTED_EDGE('',*,*,#1574,.T.);
#1988=ORIENTED_EDGE('',*,*,#1582,.T.);
#1989=ORIENTED_EDGE('',*,*,#1583,.T.);
#1990=ORIENTED_EDGE('',*,*,#1579,.T.);
#1991=ORIENTED_EDGE('',*,*,#1583,.F.);
#1992=ORIENTED_EDGE('',*,*,#1584,.F.);
#1993=ORIENTED_EDGE('',*,*,#1585,.T.);
#1994=ORIENTED_EDGE('',*,*,#1586,.F.);
#1995=ORIENTED_EDGE('',*,*,#1587,.F.);
#1996=ORIENTED_EDGE('',*,*,#1580,.F.);
#1997=ORIENTED_EDGE('',*,*,#1588,.F.);
#1998=ORIENTED_EDGE('',*,*,#1589,.T.);
#1999=ORIENTED_EDGE('',*,*,#1590,.T.);
#2000=ORIENTED_EDGE('',*,*,#1586,.T.);
#2001=ORIENTED_EDGE('',*,*,#1591,.F.);
#2002=ORIENTED_EDGE('',*,*,#1592,.F.);
#2003=ORIENTED_EDGE('',*,*,#1593,.F.);
#2004=ORIENTED_EDGE('',*,*,#1594,.F.);
#2005=ORIENTED_EDGE('',*,*,#1554,.F.);
#2006=ORIENTED_EDGE('',*,*,#1595,.F.);
#2007=ORIENTED_EDGE('',*,*,#1596,.T.);
#2008=ORIENTED_EDGE('',*,*,#1597,.T.);
#2009=ORIENTED_EDGE('',*,*,#1593,.T.);
#2010=ORIENTED_EDGE('',*,*,#1598,.F.);
#2011=ORIENTED_EDGE('',*,*,#1561,.F.);
#2012=ORIENTED_EDGE('',*,*,#1599,.T.);
#2013=ORIENTED_EDGE('',*,*,#1596,.F.);
#2014=ORIENTED_EDGE('',*,*,#1594,.T.);
#2015=ORIENTED_EDGE('',*,*,#1597,.F.);
#2016=ORIENTED_EDGE('',*,*,#1599,.F.);
#2017=ORIENTED_EDGE('',*,*,#1560,.F.);
#2018=ORIENTED_EDGE('',*,*,#1564,.T.);
#2019=ORIENTED_EDGE('',*,*,#1567,.F.);
#2020=ORIENTED_EDGE('',*,*,#1551,.F.);
#2021=ORIENTED_EDGE('',*,*,#1555,.F.);
#2022=ORIENTED_EDGE('',*,*,#1600,.F.);
#2023=ORIENTED_EDGE('',*,*,#1573,.F.);
#2024=ORIENTED_EDGE('',*,*,#1601,.F.);
#2025=ORIENTED_EDGE('',*,*,#1602,.F.);
#2026=ORIENTED_EDGE('',*,*,#1603,.F.);
#2027=ORIENTED_EDGE('',*,*,#1602,.T.);
#2028=ORIENTED_EDGE('',*,*,#1604,.T.);
#2029=ORIENTED_EDGE('',*,*,#1605,.T.);
#2030=ORIENTED_EDGE('',*,*,#1606,.F.);
#2031=ORIENTED_EDGE('',*,*,#1605,.F.);
#2032=ORIENTED_EDGE('',*,*,#1607,.T.);
#2033=ORIENTED_EDGE('',*,*,#1589,.F.);
#2034=ORIENTED_EDGE('',*,*,#1601,.T.);
#2035=ORIENTED_EDGE('',*,*,#1572,.F.);
#2036=ORIENTED_EDGE('',*,*,#1576,.F.);
#2037=ORIENTED_EDGE('',*,*,#1581,.F.);
#2038=ORIENTED_EDGE('',*,*,#1587,.T.);
#2039=ORIENTED_EDGE('',*,*,#1590,.F.);
#2040=ORIENTED_EDGE('',*,*,#1607,.F.);
#2041=ORIENTED_EDGE('',*,*,#1604,.F.);
#2042=ORIENTED_EDGE('',*,*,#1556,.T.);
#2043=ORIENTED_EDGE('',*,*,#1608,.F.);
#2044=ORIENTED_EDGE('',*,*,#1609,.F.);
#2045=ORIENTED_EDGE('',*,*,#1610,.F.);
#2046=ORIENTED_EDGE('',*,*,#1611,.F.);
#2047=ORIENTED_EDGE('',*,*,#1612,.T.);
#2048=ORIENTED_EDGE('',*,*,#1613,.T.);
#2049=ORIENTED_EDGE('',*,*,#1548,.T.);
#2050=ORIENTED_EDGE('',*,*,#1614,.F.);
#2051=ORIENTED_EDGE('',*,*,#1609,.T.);
#2052=ORIENTED_EDGE('',*,*,#1615,.T.);
#2053=ORIENTED_EDGE('',*,*,#1616,.T.);
#2054=ORIENTED_EDGE('',*,*,#1617,.F.);
#2055=ORIENTED_EDGE('',*,*,#1616,.F.);
#2056=ORIENTED_EDGE('',*,*,#1618,.T.);
#2057=ORIENTED_EDGE('',*,*,#1612,.F.);
#2058=ORIENTED_EDGE('',*,*,#1608,.T.);
#2059=ORIENTED_EDGE('',*,*,#1549,.T.);
#2060=ORIENTED_EDGE('',*,*,#1613,.F.);
#2061=ORIENTED_EDGE('',*,*,#1618,.F.);
#2062=ORIENTED_EDGE('',*,*,#1615,.F.);
#2063=ORIENTED_EDGE('',*,*,#1619,.F.);
#2064=ORIENTED_EDGE('',*,*,#1620,.F.);
#2065=ORIENTED_EDGE('',*,*,#1621,.F.);
#2066=ORIENTED_EDGE('',*,*,#1622,.F.);
#2067=ORIENTED_EDGE('',*,*,#1623,.F.);
#2068=ORIENTED_EDGE('',*,*,#1566,.T.);
#2069=ORIENTED_EDGE('',*,*,#1624,.T.);
#2070=ORIENTED_EDGE('',*,*,#1620,.T.);
#2071=ORIENTED_EDGE('',*,*,#1625,.F.);
#2072=ORIENTED_EDGE('',*,*,#1622,.T.);
#2073=ORIENTED_EDGE('',*,*,#1626,.T.);
#2074=ORIENTED_EDGE('',*,*,#1627,.T.);
#2075=ORIENTED_EDGE('',*,*,#1558,.T.);
#2076=ORIENTED_EDGE('',*,*,#1628,.F.);
#2077=ORIENTED_EDGE('',*,*,#1627,.F.);
#2078=ORIENTED_EDGE('',*,*,#1629,.T.);
#2079=ORIENTED_EDGE('',*,*,#1621,.T.);
#2080=ORIENTED_EDGE('',*,*,#1624,.F.);
#2081=ORIENTED_EDGE('',*,*,#1565,.F.);
#2082=ORIENTED_EDGE('',*,*,#1629,.F.);
#2083=ORIENTED_EDGE('',*,*,#1626,.F.);
#2084=ORIENTED_EDGE('',*,*,#1570,.T.);
#2085=ORIENTED_EDGE('',*,*,#1630,.F.);
#2086=ORIENTED_EDGE('',*,*,#1631,.F.);
#2087=ORIENTED_EDGE('',*,*,#1632,.F.);
#2088=ORIENTED_EDGE('',*,*,#1633,.F.);
#2089=ORIENTED_EDGE('',*,*,#1634,.T.);
#2090=ORIENTED_EDGE('',*,*,#1635,.T.);
#2091=ORIENTED_EDGE('',*,*,#1631,.T.);
#2092=ORIENTED_EDGE('',*,*,#1582,.F.);
#2093=ORIENTED_EDGE('',*,*,#1578,.T.);
#2094=ORIENTED_EDGE('',*,*,#1636,.T.);
#2095=ORIENTED_EDGE('',*,*,#1584,.T.);
#2096=ORIENTED_EDGE('',*,*,#1591,.T.);
#2097=ORIENTED_EDGE('',*,*,#1637,.T.);
#2098=ORIENTED_EDGE('',*,*,#1634,.F.);
#2099=ORIENTED_EDGE('',*,*,#1638,.F.);
#2100=ORIENTED_EDGE('',*,*,#1577,.T.);
#2101=ORIENTED_EDGE('',*,*,#1632,.T.);
#2102=ORIENTED_EDGE('',*,*,#1635,.F.);
#2103=ORIENTED_EDGE('',*,*,#1637,.F.);
#2104=ORIENTED_EDGE('',*,*,#1585,.F.);
#2105=ORIENTED_EDGE('',*,*,#1636,.F.);
#2106=ORIENTED_EDGE('',*,*,#1639,.F.);
#2107=ORIENTED_EDGE('',*,*,#1640,.T.);
#2108=ORIENTED_EDGE('',*,*,#1641,.T.);
#2109=ORIENTED_EDGE('',*,*,#1642,.T.);
#2110=ORIENTED_EDGE('',*,*,#1643,.F.);
#2111=ORIENTED_EDGE('',*,*,#1644,.T.);
#2112=ORIENTED_EDGE('',*,*,#1641,.F.);
#2113=ORIENTED_EDGE('',*,*,#1645,.F.);
#2114=ORIENTED_EDGE('',*,*,#1646,.F.);
#2115=ORIENTED_EDGE('',*,*,#1647,.F.);
#2116=ORIENTED_EDGE('',*,*,#1648,.F.);
#2117=ORIENTED_EDGE('',*,*,#1649,.T.);
#2118=ORIENTED_EDGE('',*,*,#1650,.F.);
#2119=ORIENTED_EDGE('',*,*,#1651,.T.);
#2120=ORIENTED_EDGE('',*,*,#1648,.T.);
#2121=ORIENTED_EDGE('',*,*,#1652,.T.);
#2122=ORIENTED_EDGE('',*,*,#1639,.T.);
#2123=ORIENTED_EDGE('',*,*,#1653,.F.);
#2124=ORIENTED_EDGE('',*,*,#1654,.F.);
#2125=ORIENTED_EDGE('',*,*,#1655,.F.);
#2126=ORIENTED_EDGE('',*,*,#1656,.F.);
#2127=ORIENTED_EDGE('',*,*,#1657,.F.);
#2128=ORIENTED_EDGE('',*,*,#1658,.T.);
#2129=ORIENTED_EDGE('',*,*,#1659,.F.);
#2130=ORIENTED_EDGE('',*,*,#1650,.T.);
#2131=ORIENTED_EDGE('',*,*,#1660,.T.);
#2132=ORIENTED_EDGE('',*,*,#1661,.T.);
#2133=ORIENTED_EDGE('',*,*,#1531,.T.);
#2134=ORIENTED_EDGE('',*,*,#1534,.T.);
#2135=ORIENTED_EDGE('',*,*,#1536,.T.);
#2136=ORIENTED_EDGE('',*,*,#1542,.T.);
#2137=ORIENTED_EDGE('',*,*,#1544,.T.);
#2138=ORIENTED_EDGE('',*,*,#1546,.T.);
#2139=ORIENTED_EDGE('',*,*,#1662,.T.);
#2140=ORIENTED_EDGE('',*,*,#1663,.T.);
#2141=ORIENTED_EDGE('',*,*,#1664,.T.);
#2142=ORIENTED_EDGE('',*,*,#1665,.T.);
#2143=ORIENTED_EDGE('',*,*,#1666,.T.);
#2144=ORIENTED_EDGE('',*,*,#1507,.T.);
#2145=ORIENTED_EDGE('',*,*,#1517,.T.);
#2146=ORIENTED_EDGE('',*,*,#1667,.T.);
#2147=ORIENTED_EDGE('',*,*,#1668,.T.);
#2148=ORIENTED_EDGE('',*,*,#1669,.T.);
#2149=ORIENTED_EDGE('',*,*,#1670,.T.);
#2150=ORIENTED_EDGE('',*,*,#1671,.T.);
#2151=ORIENTED_EDGE('',*,*,#1672,.T.);
#2152=ORIENTED_EDGE('',*,*,#1673,.T.);
#2153=ORIENTED_EDGE('',*,*,#1674,.T.);
#2154=ORIENTED_EDGE('',*,*,#1675,.T.);
#2155=ORIENTED_EDGE('',*,*,#1676,.T.);
#2156=ORIENTED_EDGE('',*,*,#1677,.T.);
#2157=ORIENTED_EDGE('',*,*,#1678,.T.);
#2158=ORIENTED_EDGE('',*,*,#1679,.T.);
#2159=ORIENTED_EDGE('',*,*,#1680,.T.);
#2160=ORIENTED_EDGE('',*,*,#1681,.T.);
#2161=ORIENTED_EDGE('',*,*,#1682,.T.);
#2162=ORIENTED_EDGE('',*,*,#1592,.T.);
#2163=ORIENTED_EDGE('',*,*,#1553,.T.);
#2164=ORIENTED_EDGE('',*,*,#1610,.T.);
#2165=ORIENTED_EDGE('',*,*,#1614,.T.);
#2166=ORIENTED_EDGE('',*,*,#1617,.T.);
#2167=ORIENTED_EDGE('',*,*,#1611,.T.);
#2168=ORIENTED_EDGE('',*,*,#1547,.T.);
#2169=ORIENTED_EDGE('',*,*,#1568,.T.);
#2170=ORIENTED_EDGE('',*,*,#1562,.T.);
#2171=ORIENTED_EDGE('',*,*,#1623,.T.);
#2172=ORIENTED_EDGE('',*,*,#1619,.T.);
#2173=ORIENTED_EDGE('',*,*,#1625,.T.);
#2174=ORIENTED_EDGE('',*,*,#1628,.T.);
#2175=ORIENTED_EDGE('',*,*,#1557,.T.);
#2176=ORIENTED_EDGE('',*,*,#1598,.T.);
#2177=ORIENTED_EDGE('',*,*,#1595,.T.);
#2178=ORIENTED_EDGE('',*,*,#1600,.T.);
#2179=ORIENTED_EDGE('',*,*,#1603,.T.);
#2180=ORIENTED_EDGE('',*,*,#1606,.T.);
#2181=ORIENTED_EDGE('',*,*,#1588,.T.);
#2182=ORIENTED_EDGE('',*,*,#1638,.T.);
#2183=ORIENTED_EDGE('',*,*,#1633,.T.);
#2184=ORIENTED_EDGE('',*,*,#1630,.T.);
#2185=ORIENTED_EDGE('',*,*,#1569,.T.);
#2186=ORIENTED_EDGE('',*,*,#1512,.T.);
#2187=ORIENTED_EDGE('',*,*,#1502,.T.);
#2188=ORIENTED_EDGE('',*,*,#1526,.T.);
#2189=ORIENTED_EDGE('',*,*,#1683,.F.);
#2190=ORIENTED_EDGE('',*,*,#1649,.F.);
#2191=ORIENTED_EDGE('',*,*,#1651,.F.);
#2192=ORIENTED_EDGE('',*,*,#1659,.T.);
#2193=ORIENTED_EDGE('',*,*,#1684,.T.);
#2194=ORIENTED_EDGE('',*,*,#1685,.T.);
#2195=ORIENTED_EDGE('',*,*,#1686,.T.);
#2196=ORIENTED_EDGE('',*,*,#1687,.T.);
#2197=ORIENTED_EDGE('',*,*,#1688,.F.);
#2198=ORIENTED_EDGE('',*,*,#1689,.T.);
#2199=ORIENTED_EDGE('',*,*,#1690,.F.);
#2200=ORIENTED_EDGE('',*,*,#1653,.T.);
#2201=ORIENTED_EDGE('',*,*,#1642,.F.);
#2202=ORIENTED_EDGE('',*,*,#1644,.F.);
#2203=ORIENTED_EDGE('',*,*,#1691,.F.);
#2204=ORIENTED_EDGE('',*,*,#1527,.T.);
#2205=ORIENTED_EDGE('',*,*,#1691,.T.);
#2206=ORIENTED_EDGE('',*,*,#1643,.T.);
#2207=ORIENTED_EDGE('',*,*,#1692,.T.);
#2208=ORIENTED_EDGE('',*,*,#1693,.T.);
#2209=ORIENTED_EDGE('',*,*,#1694,.T.);
#2210=ORIENTED_EDGE('',*,*,#1695,.T.);
#2211=ORIENTED_EDGE('',*,*,#1696,.T.);
#2212=ORIENTED_EDGE('',*,*,#1665,.F.);
#2213=ORIENTED_EDGE('',*,*,#1697,.F.);
#2214=ORIENTED_EDGE('',*,*,#1698,.F.);
#2215=ORIENTED_EDGE('',*,*,#1699,.T.);
#2216=ORIENTED_EDGE('',*,*,#1693,.F.);
#2217=ORIENTED_EDGE('',*,*,#1700,.F.);
#2218=ORIENTED_EDGE('',*,*,#1701,.F.);
#2219=ORIENTED_EDGE('',*,*,#1700,.T.);
#2220=ORIENTED_EDGE('',*,*,#1692,.F.);
#2221=ORIENTED_EDGE('',*,*,#1645,.T.);
#2222=ORIENTED_EDGE('',*,*,#1640,.F.);
#2223=ORIENTED_EDGE('',*,*,#1666,.F.);
#2224=ORIENTED_EDGE('',*,*,#1696,.F.);
#2225=ORIENTED_EDGE('',*,*,#1702,.F.);
#2226=ORIENTED_EDGE('',*,*,#1703,.F.);
#2227=ORIENTED_EDGE('',*,*,#1660,.F.);
#2228=ORIENTED_EDGE('',*,*,#1652,.F.);
#2229=ORIENTED_EDGE('',*,*,#1647,.T.);
#2230=ORIENTED_EDGE('',*,*,#1704,.F.);
#2231=ORIENTED_EDGE('',*,*,#1702,.T.);
#2232=ORIENTED_EDGE('',*,*,#1695,.F.);
#2233=ORIENTED_EDGE('',*,*,#1705,.F.);
#2234=ORIENTED_EDGE('',*,*,#1706,.F.);
#2235=ORIENTED_EDGE('',*,*,#1705,.T.);
#2236=ORIENTED_EDGE('',*,*,#1694,.F.);
#2237=ORIENTED_EDGE('',*,*,#1699,.F.);
#2238=ORIENTED_EDGE('',*,*,#1525,.T.);
#2239=ORIENTED_EDGE('',*,*,#1532,.F.);
#2240=ORIENTED_EDGE('',*,*,#1661,.F.);
#2241=ORIENTED_EDGE('',*,*,#1703,.T.);
#2242=ORIENTED_EDGE('',*,*,#1704,.T.);
#2243=ORIENTED_EDGE('',*,*,#1706,.T.);
#2244=ORIENTED_EDGE('',*,*,#1698,.T.);
#2245=ORIENTED_EDGE('',*,*,#1701,.T.);
#2246=ORIENTED_EDGE('',*,*,#1646,.T.);
#2247=ORIENTED_EDGE('',*,*,#1683,.T.);
#2248=ORIENTED_EDGE('',*,*,#1528,.T.);
#2249=ORIENTED_EDGE('',*,*,#1697,.T.);
#2250=ORIENTED_EDGE('',*,*,#1664,.F.);
#2251=ORIENTED_EDGE('',*,*,#1707,.F.);
#2252=ORIENTED_EDGE('',*,*,#1708,.T.);
#2253=ORIENTED_EDGE('',*,*,#1709,.T.);
#2254=ORIENTED_EDGE('',*,*,#1710,.T.);
#2255=ORIENTED_EDGE('',*,*,#1711,.T.);
#2256=ORIENTED_EDGE('',*,*,#1539,.F.);
#2257=ORIENTED_EDGE('',*,*,#1712,.F.);
#2258=ORIENTED_EDGE('',*,*,#1710,.F.);
#2259=ORIENTED_EDGE('',*,*,#1713,.F.);
#2260=ORIENTED_EDGE('',*,*,#1540,.F.);
#2261=ORIENTED_EDGE('',*,*,#1713,.T.);
#2262=ORIENTED_EDGE('',*,*,#1709,.F.);
#2263=ORIENTED_EDGE('',*,*,#1714,.T.);
#2264=ORIENTED_EDGE('',*,*,#1537,.F.);
#2265=ORIENTED_EDGE('',*,*,#1714,.F.);
#2266=ORIENTED_EDGE('',*,*,#1708,.F.);
#2267=ORIENTED_EDGE('',*,*,#1715,.F.);
#2268=ORIENTED_EDGE('',*,*,#1538,.F.);
#2269=ORIENTED_EDGE('',*,*,#1715,.T.);
#2270=ORIENTED_EDGE('',*,*,#1711,.F.);
#2271=ORIENTED_EDGE('',*,*,#1712,.T.);
#2272=ORIENTED_EDGE('',*,*,#1518,.T.);
#2273=ORIENTED_EDGE('',*,*,#1716,.F.);
#2274=ORIENTED_EDGE('',*,*,#1662,.F.);
#2275=ORIENTED_EDGE('',*,*,#1545,.F.);
#2276=ORIENTED_EDGE('',*,*,#1529,.T.);
#2277=ORIENTED_EDGE('',*,*,#1707,.T.);
#2278=ORIENTED_EDGE('',*,*,#1663,.F.);
#2279=ORIENTED_EDGE('',*,*,#1716,.T.);
#2280=ORIENTED_EDGE('',*,*,#1717,.T.);
#2281=ORIENTED_EDGE('',*,*,#1718,.T.);
#2282=ORIENTED_EDGE('',*,*,#1719,.F.);
#2283=ORIENTED_EDGE('',*,*,#1718,.F.);
#2284=ORIENTED_EDGE('',*,*,#1717,.F.);
#2285=ORIENTED_EDGE('',*,*,#1720,.T.);
#2286=ORIENTED_EDGE('',*,*,#1721,.T.);
#2287=ORIENTED_EDGE('',*,*,#1722,.F.);
#2288=ORIENTED_EDGE('',*,*,#1721,.F.);
#2289=ORIENTED_EDGE('',*,*,#1720,.F.);
#2290=ORIENTED_EDGE('',*,*,#1723,.T.);
#2291=ORIENTED_EDGE('',*,*,#1724,.T.);
#2292=ORIENTED_EDGE('',*,*,#1725,.F.);
#2293=ORIENTED_EDGE('',*,*,#1724,.F.);
#2294=ORIENTED_EDGE('',*,*,#1723,.F.);
#2295=ORIENTED_EDGE('',*,*,#1726,.T.);
#2296=ORIENTED_EDGE('',*,*,#1727,.T.);
#2297=ORIENTED_EDGE('',*,*,#1728,.F.);
#2298=ORIENTED_EDGE('',*,*,#1727,.F.);
#2299=ORIENTED_EDGE('',*,*,#1726,.F.);
#2300=ORIENTED_EDGE('',*,*,#1729,.T.);
#2301=ORIENTED_EDGE('',*,*,#1730,.T.);
#2302=ORIENTED_EDGE('',*,*,#1731,.F.);
#2303=ORIENTED_EDGE('',*,*,#1730,.F.);
#2304=ORIENTED_EDGE('',*,*,#1729,.F.);
#2305=ORIENTED_EDGE('',*,*,#1732,.T.);
#2306=ORIENTED_EDGE('',*,*,#1733,.T.);
#2307=ORIENTED_EDGE('',*,*,#1734,.F.);
#2308=ORIENTED_EDGE('',*,*,#1733,.F.);
#2309=ORIENTED_EDGE('',*,*,#1732,.F.);
#2310=ORIENTED_EDGE('',*,*,#1735,.T.);
#2311=ORIENTED_EDGE('',*,*,#1736,.T.);
#2312=ORIENTED_EDGE('',*,*,#1737,.F.);
#2313=ORIENTED_EDGE('',*,*,#1736,.F.);
#2314=ORIENTED_EDGE('',*,*,#1735,.F.);
#2315=ORIENTED_EDGE('',*,*,#1738,.T.);
#2316=ORIENTED_EDGE('',*,*,#1739,.T.);
#2317=ORIENTED_EDGE('',*,*,#1740,.F.);
#2318=ORIENTED_EDGE('',*,*,#1739,.F.);
#2319=ORIENTED_EDGE('',*,*,#1738,.F.);
#2320=ORIENTED_EDGE('',*,*,#1741,.T.);
#2321=ORIENTED_EDGE('',*,*,#1742,.T.);
#2322=ORIENTED_EDGE('',*,*,#1743,.F.);
#2323=ORIENTED_EDGE('',*,*,#1742,.F.);
#2324=ORIENTED_EDGE('',*,*,#1741,.F.);
#2325=ORIENTED_EDGE('',*,*,#1744,.T.);
#2326=ORIENTED_EDGE('',*,*,#1745,.T.);
#2327=ORIENTED_EDGE('',*,*,#1746,.F.);
#2328=ORIENTED_EDGE('',*,*,#1745,.F.);
#2329=ORIENTED_EDGE('',*,*,#1744,.F.);
#2330=ORIENTED_EDGE('',*,*,#1747,.T.);
#2331=ORIENTED_EDGE('',*,*,#1748,.T.);
#2332=ORIENTED_EDGE('',*,*,#1749,.F.);
#2333=ORIENTED_EDGE('',*,*,#1748,.F.);
#2334=ORIENTED_EDGE('',*,*,#1747,.F.);
#2335=ORIENTED_EDGE('',*,*,#1750,.T.);
#2336=ORIENTED_EDGE('',*,*,#1751,.T.);
#2337=ORIENTED_EDGE('',*,*,#1752,.F.);
#2338=ORIENTED_EDGE('',*,*,#1751,.F.);
#2339=ORIENTED_EDGE('',*,*,#1750,.F.);
#2340=ORIENTED_EDGE('',*,*,#1753,.T.);
#2341=ORIENTED_EDGE('',*,*,#1754,.T.);
#2342=ORIENTED_EDGE('',*,*,#1755,.F.);
#2343=ORIENTED_EDGE('',*,*,#1754,.F.);
#2344=ORIENTED_EDGE('',*,*,#1753,.F.);
#2345=ORIENTED_EDGE('',*,*,#1756,.T.);
#2346=ORIENTED_EDGE('',*,*,#1757,.T.);
#2347=ORIENTED_EDGE('',*,*,#1758,.F.);
#2348=ORIENTED_EDGE('',*,*,#1757,.F.);
#2349=ORIENTED_EDGE('',*,*,#1756,.F.);
#2350=ORIENTED_EDGE('',*,*,#1759,.T.);
#2351=ORIENTED_EDGE('',*,*,#1760,.T.);
#2352=ORIENTED_EDGE('',*,*,#1761,.F.);
#2353=ORIENTED_EDGE('',*,*,#1760,.F.);
#2354=ORIENTED_EDGE('',*,*,#1759,.F.);
#2355=ORIENTED_EDGE('',*,*,#1762,.T.);
#2356=ORIENTED_EDGE('',*,*,#1763,.T.);
#2357=ORIENTED_EDGE('',*,*,#1764,.F.);
#2358=ORIENTED_EDGE('',*,*,#1763,.F.);
#2359=ORIENTED_EDGE('',*,*,#1762,.F.);
#2360=ORIENTED_EDGE('',*,*,#1765,.F.);
#2361=ORIENTED_EDGE('',*,*,#1766,.T.);
#2362=ORIENTED_EDGE('',*,*,#1682,.F.);
#2363=ORIENTED_EDGE('',*,*,#1766,.F.);
#2364=ORIENTED_EDGE('',*,*,#1765,.T.);
#2365=ORIENTED_EDGE('',*,*,#1719,.T.);
#2366=ORIENTED_EDGE('',*,*,#1767,.F.);
#2367=ORIENTED_EDGE('',*,*,#1768,.T.);
#2368=ORIENTED_EDGE('',*,*,#1667,.F.);
#2369=ORIENTED_EDGE('',*,*,#1768,.F.);
#2370=ORIENTED_EDGE('',*,*,#1767,.T.);
#2371=ORIENTED_EDGE('',*,*,#1722,.T.);
#2372=ORIENTED_EDGE('',*,*,#1769,.F.);
#2373=ORIENTED_EDGE('',*,*,#1770,.T.);
#2374=ORIENTED_EDGE('',*,*,#1681,.F.);
#2375=ORIENTED_EDGE('',*,*,#1770,.F.);
#2376=ORIENTED_EDGE('',*,*,#1769,.T.);
#2377=ORIENTED_EDGE('',*,*,#1725,.T.);
#2378=ORIENTED_EDGE('',*,*,#1771,.F.);
#2379=ORIENTED_EDGE('',*,*,#1772,.T.);
#2380=ORIENTED_EDGE('',*,*,#1668,.F.);
#2381=ORIENTED_EDGE('',*,*,#1772,.F.);
#2382=ORIENTED_EDGE('',*,*,#1771,.T.);
#2383=ORIENTED_EDGE('',*,*,#1728,.T.);
#2384=ORIENTED_EDGE('',*,*,#1773,.F.);
#2385=ORIENTED_EDGE('',*,*,#1774,.T.);
#2386=ORIENTED_EDGE('',*,*,#1680,.F.);
#2387=ORIENTED_EDGE('',*,*,#1774,.F.);
#2388=ORIENTED_EDGE('',*,*,#1773,.T.);
#2389=ORIENTED_EDGE('',*,*,#1731,.T.);
#2390=ORIENTED_EDGE('',*,*,#1775,.F.);
#2391=ORIENTED_EDGE('',*,*,#1776,.T.);
#2392=ORIENTED_EDGE('',*,*,#1669,.F.);
#2393=ORIENTED_EDGE('',*,*,#1776,.F.);
#2394=ORIENTED_EDGE('',*,*,#1775,.T.);
#2395=ORIENTED_EDGE('',*,*,#1734,.T.);
#2396=ORIENTED_EDGE('',*,*,#1777,.F.);
#2397=ORIENTED_EDGE('',*,*,#1778,.T.);
#2398=ORIENTED_EDGE('',*,*,#1679,.F.);
#2399=ORIENTED_EDGE('',*,*,#1778,.F.);
#2400=ORIENTED_EDGE('',*,*,#1777,.T.);
#2401=ORIENTED_EDGE('',*,*,#1737,.T.);
#2402=ORIENTED_EDGE('',*,*,#1779,.F.);
#2403=ORIENTED_EDGE('',*,*,#1780,.T.);
#2404=ORIENTED_EDGE('',*,*,#1670,.F.);
#2405=ORIENTED_EDGE('',*,*,#1780,.F.);
#2406=ORIENTED_EDGE('',*,*,#1779,.T.);
#2407=ORIENTED_EDGE('',*,*,#1740,.T.);
#2408=ORIENTED_EDGE('',*,*,#1781,.F.);
#2409=ORIENTED_EDGE('',*,*,#1782,.T.);
#2410=ORIENTED_EDGE('',*,*,#1678,.F.);
#2411=ORIENTED_EDGE('',*,*,#1782,.F.);
#2412=ORIENTED_EDGE('',*,*,#1781,.T.);
#2413=ORIENTED_EDGE('',*,*,#1743,.T.);
#2414=ORIENTED_EDGE('',*,*,#1783,.F.);
#2415=ORIENTED_EDGE('',*,*,#1784,.T.);
#2416=ORIENTED_EDGE('',*,*,#1677,.F.);
#2417=ORIENTED_EDGE('',*,*,#1784,.F.);
#2418=ORIENTED_EDGE('',*,*,#1783,.T.);
#2419=ORIENTED_EDGE('',*,*,#1746,.T.);
#2420=ORIENTED_EDGE('',*,*,#1785,.F.);
#2421=ORIENTED_EDGE('',*,*,#1786,.T.);
#2422=ORIENTED_EDGE('',*,*,#1676,.F.);
#2423=ORIENTED_EDGE('',*,*,#1786,.F.);
#2424=ORIENTED_EDGE('',*,*,#1785,.T.);
#2425=ORIENTED_EDGE('',*,*,#1749,.T.);
#2426=ORIENTED_EDGE('',*,*,#1787,.F.);
#2427=ORIENTED_EDGE('',*,*,#1788,.T.);
#2428=ORIENTED_EDGE('',*,*,#1675,.F.);
#2429=ORIENTED_EDGE('',*,*,#1788,.F.);
#2430=ORIENTED_EDGE('',*,*,#1787,.T.);
#2431=ORIENTED_EDGE('',*,*,#1752,.T.);
#2432=ORIENTED_EDGE('',*,*,#1789,.F.);
#2433=ORIENTED_EDGE('',*,*,#1790,.T.);
#2434=ORIENTED_EDGE('',*,*,#1674,.F.);
#2435=ORIENTED_EDGE('',*,*,#1790,.F.);
#2436=ORIENTED_EDGE('',*,*,#1789,.T.);
#2437=ORIENTED_EDGE('',*,*,#1755,.T.);
#2438=ORIENTED_EDGE('',*,*,#1791,.F.);
#2439=ORIENTED_EDGE('',*,*,#1792,.T.);
#2440=ORIENTED_EDGE('',*,*,#1673,.F.);
#2441=ORIENTED_EDGE('',*,*,#1792,.F.);
#2442=ORIENTED_EDGE('',*,*,#1791,.T.);
#2443=ORIENTED_EDGE('',*,*,#1758,.T.);
#2444=ORIENTED_EDGE('',*,*,#1793,.F.);
#2445=ORIENTED_EDGE('',*,*,#1794,.T.);
#2446=ORIENTED_EDGE('',*,*,#1672,.F.);
#2447=ORIENTED_EDGE('',*,*,#1794,.F.);
#2448=ORIENTED_EDGE('',*,*,#1793,.T.);
#2449=ORIENTED_EDGE('',*,*,#1761,.T.);
#2450=ORIENTED_EDGE('',*,*,#1795,.F.);
#2451=ORIENTED_EDGE('',*,*,#1796,.T.);
#2452=ORIENTED_EDGE('',*,*,#1671,.F.);
#2453=ORIENTED_EDGE('',*,*,#1796,.F.);
#2454=ORIENTED_EDGE('',*,*,#1795,.T.);
#2455=ORIENTED_EDGE('',*,*,#1764,.T.);
#2456=ORIENTED_EDGE('',*,*,#1797,.T.);
#2457=ORIENTED_EDGE('',*,*,#1798,.F.);
#2458=ORIENTED_EDGE('',*,*,#1799,.T.);
#2459=ORIENTED_EDGE('',*,*,#1800,.T.);
#2460=ORIENTED_EDGE('',*,*,#1801,.T.);
#2461=ORIENTED_EDGE('',*,*,#1802,.T.);
#2462=ORIENTED_EDGE('',*,*,#1657,.T.);
#2463=ORIENTED_EDGE('',*,*,#1803,.F.);
#2464=ORIENTED_EDGE('',*,*,#1804,.T.);
#2465=ORIENTED_EDGE('',*,*,#1803,.T.);
#2466=ORIENTED_EDGE('',*,*,#1656,.T.);
#2467=ORIENTED_EDGE('',*,*,#1805,.F.);
#2468=ORIENTED_EDGE('',*,*,#1806,.T.);
#2469=ORIENTED_EDGE('',*,*,#1805,.T.);
#2470=ORIENTED_EDGE('',*,*,#1655,.T.);
#2471=ORIENTED_EDGE('',*,*,#1807,.T.);
#2472=ORIENTED_EDGE('',*,*,#1808,.T.);
#2473=ORIENTED_EDGE('',*,*,#1807,.F.);
#2474=ORIENTED_EDGE('',*,*,#1654,.T.);
#2475=ORIENTED_EDGE('',*,*,#1690,.T.);
#2476=ORIENTED_EDGE('',*,*,#1809,.T.);
#2477=ORIENTED_EDGE('',*,*,#1688,.T.);
#2478=ORIENTED_EDGE('',*,*,#1810,.T.);
#2479=ORIENTED_EDGE('',*,*,#1811,.T.);
#2480=ORIENTED_EDGE('',*,*,#1812,.T.);
#2481=ORIENTED_EDGE('',*,*,#1813,.F.);
#2482=ORIENTED_EDGE('',*,*,#1814,.T.);
#2483=ORIENTED_EDGE('',*,*,#1815,.F.);
#2484=ORIENTED_EDGE('',*,*,#1816,.T.);
#2485=ORIENTED_EDGE('',*,*,#1817,.T.);
#2486=ORIENTED_EDGE('',*,*,#1818,.T.);
#2487=ORIENTED_EDGE('',*,*,#1798,.T.);
#2488=ORIENTED_EDGE('',*,*,#1819,.T.);
#2489=ORIENTED_EDGE('',*,*,#1813,.T.);
#2490=ORIENTED_EDGE('',*,*,#1820,.T.);
#2491=ORIENTED_EDGE('',*,*,#1815,.T.);
#2492=ORIENTED_EDGE('',*,*,#1799,.F.);
#2493=ORIENTED_EDGE('',*,*,#1818,.F.);
#2494=ORIENTED_EDGE('',*,*,#1821,.T.);
#2495=ORIENTED_EDGE('',*,*,#1822,.T.);
#2496=ORIENTED_EDGE('',*,*,#1816,.F.);
#2497=ORIENTED_EDGE('',*,*,#1820,.F.);
#2498=ORIENTED_EDGE('',*,*,#1812,.F.);
#2499=ORIENTED_EDGE('',*,*,#1823,.T.);
#2500=ORIENTED_EDGE('',*,*,#1817,.F.);
#2501=ORIENTED_EDGE('',*,*,#1823,.F.);
#2502=ORIENTED_EDGE('',*,*,#1811,.F.);
#2503=ORIENTED_EDGE('',*,*,#1824,.T.);
#2504=ORIENTED_EDGE('',*,*,#1825,.T.);
#2505=ORIENTED_EDGE('',*,*,#1826,.T.);
#2506=ORIENTED_EDGE('',*,*,#1827,.T.);
#2507=ORIENTED_EDGE('',*,*,#1828,.T.);
#2508=ORIENTED_EDGE('',*,*,#1829,.T.);
#2509=ORIENTED_EDGE('',*,*,#1830,.T.);
#2510=ORIENTED_EDGE('',*,*,#1831,.T.);
#2511=ORIENTED_EDGE('',*,*,#1832,.T.);
#2512=ORIENTED_EDGE('',*,*,#1833,.T.);
#2513=ORIENTED_EDGE('',*,*,#1834,.T.);
#2514=ORIENTED_EDGE('',*,*,#1835,.T.);
#2515=ORIENTED_EDGE('',*,*,#1836,.T.);
#2516=ORIENTED_EDGE('',*,*,#1821,.F.);
#2517=ORIENTED_EDGE('',*,*,#1837,.T.);
#2518=ORIENTED_EDGE('',*,*,#1810,.F.);
#2519=ORIENTED_EDGE('',*,*,#1687,.F.);
#2520=ORIENTED_EDGE('',*,*,#1838,.T.);
#2521=ORIENTED_EDGE('',*,*,#1824,.F.);
#2522=ORIENTED_EDGE('',*,*,#1686,.F.);
#2523=ORIENTED_EDGE('',*,*,#1839,.T.);
#2524=ORIENTED_EDGE('',*,*,#1840,.T.);
#2525=ORIENTED_EDGE('',*,*,#1825,.F.);
#2526=ORIENTED_EDGE('',*,*,#1838,.F.);
#2527=ORIENTED_EDGE('',*,*,#1814,.F.);
#2528=ORIENTED_EDGE('',*,*,#1797,.F.);
#2529=ORIENTED_EDGE('',*,*,#1804,.F.);
#2530=ORIENTED_EDGE('',*,*,#1806,.F.);
#2531=ORIENTED_EDGE('',*,*,#1808,.F.);
#2532=ORIENTED_EDGE('',*,*,#1689,.F.);
#2533=ORIENTED_EDGE('',*,*,#1809,.F.);
#2534=ORIENTED_EDGE('',*,*,#1819,.F.);
#2535=ORIENTED_EDGE('',*,*,#1498,.T.);
#2536=ORIENTED_EDGE('',*,*,#1503,.T.);
#2537=ORIENTED_EDGE('',*,*,#1508,.T.);
#2538=ORIENTED_EDGE('',*,*,#1513,.T.);
#2539=ORIENTED_EDGE('',*,*,#1841,.T.);
#2540=ORIENTED_EDGE('',*,*,#1842,.T.);
#2541=ORIENTED_EDGE('',*,*,#1842,.F.);
#2542=ORIENTED_EDGE('',*,*,#1843,.T.);
#2543=ORIENTED_EDGE('',*,*,#1844,.T.);
#2544=ORIENTED_EDGE('',*,*,#1843,.F.);
#2545=ORIENTED_EDGE('',*,*,#1844,.F.);
#2546=ORIENTED_EDGE('',*,*,#1845,.F.);
#2547=ORIENTED_EDGE('',*,*,#1845,.T.);
#2548=ORIENTED_EDGE('',*,*,#1846,.T.);
#2549=ORIENTED_EDGE('',*,*,#1837,.F.);
#2550=ORIENTED_EDGE('',*,*,#1846,.F.);
#2551=ORIENTED_EDGE('',*,*,#1841,.F.);
#2552=ORIENTED_EDGE('',*,*,#1847,.T.);
#2553=ORIENTED_EDGE('',*,*,#1848,.T.);
#2554=ORIENTED_EDGE('',*,*,#1847,.F.);
#2555=ORIENTED_EDGE('',*,*,#1848,.F.);
#2556=ORIENTED_EDGE('',*,*,#1849,.F.);
#2557=ORIENTED_EDGE('',*,*,#1849,.T.);
#2558=ORIENTED_EDGE('',*,*,#1850,.T.);
#2559=ORIENTED_EDGE('',*,*,#1830,.F.);
#2560=ORIENTED_EDGE('',*,*,#1851,.F.);
#2561=ORIENTED_EDGE('',*,*,#1831,.F.);
#2562=ORIENTED_EDGE('',*,*,#1850,.F.);
#2563=ORIENTED_EDGE('',*,*,#1834,.F.);
#2564=ORIENTED_EDGE('',*,*,#1852,.F.);
#2565=ORIENTED_EDGE('',*,*,#1853,.F.);
#2566=ORIENTED_EDGE('',*,*,#1854,.F.);
#2567=ORIENTED_EDGE('',*,*,#1835,.F.);
#2568=ORIENTED_EDGE('',*,*,#1854,.T.);
#2569=ORIENTED_EDGE('',*,*,#1855,.T.);
#2570=ORIENTED_EDGE('',*,*,#1856,.F.);
#2571=ORIENTED_EDGE('',*,*,#1857,.F.);
#2572=ORIENTED_EDGE('',*,*,#1858,.F.);
#2573=ORIENTED_EDGE('',*,*,#1859,.F.);
#2574=ORIENTED_EDGE('',*,*,#1855,.F.);
#2575=ORIENTED_EDGE('',*,*,#1853,.T.);
#2576=ORIENTED_EDGE('',*,*,#1860,.F.);
#2577=ORIENTED_EDGE('',*,*,#1861,.F.);
#2578=ORIENTED_EDGE('',*,*,#1862,.F.);
#2579=ORIENTED_EDGE('',*,*,#1863,.T.);
#2580=ORIENTED_EDGE('',*,*,#1864,.T.);
#2581=ORIENTED_EDGE('',*,*,#1851,.T.);
#2582=ORIENTED_EDGE('',*,*,#1829,.F.);
#2583=ORIENTED_EDGE('',*,*,#1865,.T.);
#2584=ORIENTED_EDGE('',*,*,#1861,.T.);
#2585=ORIENTED_EDGE('',*,*,#1866,.T.);
#2586=ORIENTED_EDGE('',*,*,#1832,.F.);
#2587=ORIENTED_EDGE('',*,*,#1833,.F.);
#2588=ORIENTED_EDGE('',*,*,#1866,.F.);
#2589=ORIENTED_EDGE('',*,*,#1860,.T.);
#2590=ORIENTED_EDGE('',*,*,#1852,.T.);
#2591=ORIENTED_EDGE('',*,*,#1828,.F.);
#2592=ORIENTED_EDGE('',*,*,#1867,.T.);
#2593=ORIENTED_EDGE('',*,*,#1862,.T.);
#2594=ORIENTED_EDGE('',*,*,#1865,.F.);
#2595=ORIENTED_EDGE('',*,*,#1827,.F.);
#2596=ORIENTED_EDGE('',*,*,#1868,.F.);
#2597=ORIENTED_EDGE('',*,*,#1863,.F.);
#2598=ORIENTED_EDGE('',*,*,#1867,.F.);
#2599=ORIENTED_EDGE('',*,*,#1826,.F.);
#2600=ORIENTED_EDGE('',*,*,#1840,.F.);
#2601=ORIENTED_EDGE('',*,*,#1869,.F.);
#2602=ORIENTED_EDGE('',*,*,#1870,.F.);
#2603=ORIENTED_EDGE('',*,*,#1864,.F.);
#2604=ORIENTED_EDGE('',*,*,#1868,.T.);
#2605=ORIENTED_EDGE('',*,*,#1802,.F.);
#2606=ORIENTED_EDGE('',*,*,#1871,.T.);
#2607=ORIENTED_EDGE('',*,*,#1856,.T.);
#2608=ORIENTED_EDGE('',*,*,#1859,.T.);
#2609=ORIENTED_EDGE('',*,*,#1870,.T.);
#2610=ORIENTED_EDGE('',*,*,#1872,.T.);
#2611=ORIENTED_EDGE('',*,*,#1684,.F.);
#2612=ORIENTED_EDGE('',*,*,#1658,.F.);
#2613=ORIENTED_EDGE('',*,*,#1800,.F.);
#2614=ORIENTED_EDGE('',*,*,#1822,.F.);
#2615=ORIENTED_EDGE('',*,*,#1836,.F.);
#2616=ORIENTED_EDGE('',*,*,#1858,.T.);
#2617=ORIENTED_EDGE('',*,*,#1873,.T.);
#2618=ORIENTED_EDGE('',*,*,#1685,.F.);
#2619=ORIENTED_EDGE('',*,*,#1872,.F.);
#2620=ORIENTED_EDGE('',*,*,#1869,.T.);
#2621=ORIENTED_EDGE('',*,*,#1839,.F.);
#2622=ORIENTED_EDGE('',*,*,#1801,.F.);
#2623=ORIENTED_EDGE('',*,*,#1873,.F.);
#2624=ORIENTED_EDGE('',*,*,#1857,.T.);
#2625=ORIENTED_EDGE('',*,*,#1871,.F.);
#2626=CONICAL_SURFACE('',#2807,2.4,0.781839459559232);
#2627=CONICAL_SURFACE('',#2812,2.4,0.781839459559232);
#2628=CONICAL_SURFACE('',#2817,2.4,0.781839459559232);
#2629=CONICAL_SURFACE('',#2822,2.4,0.781839459559232);
#2630=ADVANCED_FACE('',(#232),#2626,.F.);
#2631=ADVANCED_FACE('',(#233),#186,.F.);
#2632=ADVANCED_FACE('',(#234),#2627,.F.);
#2633=ADVANCED_FACE('',(#235),#187,.F.);
#2634=ADVANCED_FACE('',(#236),#2628,.F.);
#2635=ADVANCED_FACE('',(#237),#188,.F.);
#2636=ADVANCED_FACE('',(#238),#2629,.F.);
#2637=ADVANCED_FACE('',(#239),#189,.F.);
#2638=ADVANCED_FACE('',(#240),#73,.T.);
#2639=ADVANCED_FACE('',(#241),#74,.F.);
#2640=ADVANCED_FACE('',(#242),#75,.T.);
#2641=ADVANCED_FACE('',(#243,#24),#76,.F.);
#2642=ADVANCED_FACE('',(#244),#77,.T.);
#2643=ADVANCED_FACE('',(#245),#78,.F.);
#2644=ADVANCED_FACE('',(#246),#79,.T.);
#2645=ADVANCED_FACE('',(#247),#80,.F.);
#2646=ADVANCED_FACE('',(#248),#81,.T.);
#2647=ADVANCED_FACE('',(#249),#82,.T.);
#2648=ADVANCED_FACE('',(#250),#83,.F.);
#2649=ADVANCED_FACE('',(#251),#84,.T.);
#2650=ADVANCED_FACE('',(#252),#85,.F.);
#2651=ADVANCED_FACE('',(#253),#86,.F.);
#2652=ADVANCED_FACE('',(#254),#87,.F.);
#2653=ADVANCED_FACE('',(#255),#88,.F.);
#2654=ADVANCED_FACE('',(#256),#89,.F.);
#2655=ADVANCED_FACE('',(#257),#90,.F.);
#2656=ADVANCED_FACE('',(#258),#91,.F.);
#2657=ADVANCED_FACE('',(#259),#92,.F.);
#2658=ADVANCED_FACE('',(#260),#93,.F.);
#2659=ADVANCED_FACE('',(#261),#94,.F.);
#2660=ADVANCED_FACE('',(#262),#95,.F.);
#2661=ADVANCED_FACE('',(#263),#96,.T.);
#2662=ADVANCED_FACE('',(#264),#97,.F.);
#2663=ADVANCED_FACE('',(#265),#98,.F.);
#2664=ADVANCED_FACE('',(#266),#99,.F.);
#2665=ADVANCED_FACE('',(#267),#100,.F.);
#2666=ADVANCED_FACE('',(#268),#101,.T.);
#2667=ADVANCED_FACE('',(#269),#102,.F.);
#2668=ADVANCED_FACE('',(#270),#103,.F.);
#2669=ADVANCED_FACE('',(#271),#104,.F.);
#2670=ADVANCED_FACE('',(#272),#105,.F.);
#2671=ADVANCED_FACE('',(#273),#106,.T.);
#2672=ADVANCED_FACE('',(#274),#107,.F.);
#2673=ADVANCED_FACE('',(#275),#108,.F.);
#2674=ADVANCED_FACE('',(#276),#109,.F.);
#2675=ADVANCED_FACE('',(#277),#110,.F.);
#2676=ADVANCED_FACE('',(#278),#111,.T.);
#2677=ADVANCED_FACE('',(#279),#112,.F.);
#2678=ADVANCED_FACE('',(#280),#113,.F.);
#2679=ADVANCED_FACE('',(#281),#114,.F.);
#2680=ADVANCED_FACE('',(#282),#115,.F.);
#2681=ADVANCED_FACE('',(#283),#116,.F.);
#2682=ADVANCED_FACE('',(#284),#117,.T.);
#2683=ADVANCED_FACE('',(#285,#25,#26,#27,#28,#29,#30,#31,#32,#33,#34,#35,
#36,#37,#38,#39,#40,#41,#42,#43,#44,#45,#46),#118,.F.);
#2684=ADVANCED_FACE('',(#286),#119,.F.);
#2685=ADVANCED_FACE('',(#287),#120,.F.);
#2686=ADVANCED_FACE('',(#288),#121,.T.);
#2687=ADVANCED_FACE('',(#289),#122,.T.);
#2688=ADVANCED_FACE('',(#290),#123,.T.);
#2689=ADVANCED_FACE('',(#291),#124,.T.);
#2690=ADVANCED_FACE('',(#292),#125,.T.);
#2691=ADVANCED_FACE('',(#293,#47),#126,.F.);
#2692=ADVANCED_FACE('',(#294),#127,.F.);
#2693=ADVANCED_FACE('',(#295),#128,.T.);
#2694=ADVANCED_FACE('',(#296),#129,.T.);
#2695=ADVANCED_FACE('',(#297),#130,.T.);
#2696=ADVANCED_FACE('',(#298),#131,.F.);
#2697=ADVANCED_FACE('',(#299),#132,.F.);
#2698=ADVANCED_FACE('',(#300),#190,.F.);
#2699=ADVANCED_FACE('',(#301),#133,.F.);
#2700=ADVANCED_FACE('',(#302),#191,.F.);
#2701=ADVANCED_FACE('',(#303),#134,.F.);
#2702=ADVANCED_FACE('',(#304),#192,.F.);
#2703=ADVANCED_FACE('',(#305),#135,.F.);
#2704=ADVANCED_FACE('',(#306),#193,.F.);
#2705=ADVANCED_FACE('',(#307),#136,.F.);
#2706=ADVANCED_FACE('',(#308),#194,.F.);
#2707=ADVANCED_FACE('',(#309),#137,.F.);
#2708=ADVANCED_FACE('',(#310),#195,.F.);
#2709=ADVANCED_FACE('',(#311),#138,.F.);
#2710=ADVANCED_FACE('',(#312),#196,.F.);
#2711=ADVANCED_FACE('',(#313),#139,.F.);
#2712=ADVANCED_FACE('',(#314),#197,.F.);
#2713=ADVANCED_FACE('',(#315),#140,.F.);
#2714=ADVANCED_FACE('',(#316),#198,.F.);
#2715=ADVANCED_FACE('',(#317),#141,.F.);
#2716=ADVANCED_FACE('',(#318),#199,.F.);
#2717=ADVANCED_FACE('',(#319),#142,.F.);
#2718=ADVANCED_FACE('',(#320),#200,.F.);
#2719=ADVANCED_FACE('',(#321),#143,.F.);
#2720=ADVANCED_FACE('',(#322),#201,.F.);
#2721=ADVANCED_FACE('',(#323),#144,.F.);
#2722=ADVANCED_FACE('',(#324),#202,.F.);
#2723=ADVANCED_FACE('',(#325),#145,.F.);
#2724=ADVANCED_FACE('',(#326),#203,.F.);
#2725=ADVANCED_FACE('',(#327),#146,.F.);
#2726=ADVANCED_FACE('',(#328),#204,.F.);
#2727=ADVANCED_FACE('',(#329),#147,.F.);
#2728=ADVANCED_FACE('',(#330),#205,.F.);
#2729=ADVANCED_FACE('',(#331),#148,.F.);
#2730=ADVANCED_FACE('',(#332),#206,.T.);
#2731=ADVANCED_FACE('',(#333,#48),#149,.T.);
#2732=ADVANCED_FACE('',(#334),#207,.T.);
#2733=ADVANCED_FACE('',(#335,#49),#150,.T.);
#2734=ADVANCED_FACE('',(#336),#208,.T.);
#2735=ADVANCED_FACE('',(#337,#50),#151,.T.);
#2736=ADVANCED_FACE('',(#338),#209,.T.);
#2737=ADVANCED_FACE('',(#339,#51),#152,.T.);
#2738=ADVANCED_FACE('',(#340),#210,.T.);
#2739=ADVANCED_FACE('',(#341,#52),#153,.T.);
#2740=ADVANCED_FACE('',(#342),#211,.T.);
#2741=ADVANCED_FACE('',(#343,#53),#154,.T.);
#2742=ADVANCED_FACE('',(#344),#212,.T.);
#2743=ADVANCED_FACE('',(#345,#54),#155,.T.);
#2744=ADVANCED_FACE('',(#346),#213,.T.);
#2745=ADVANCED_FACE('',(#347,#55),#156,.T.);
#2746=ADVANCED_FACE('',(#348),#214,.T.);
#2747=ADVANCED_FACE('',(#349,#56),#157,.T.);
#2748=ADVANCED_FACE('',(#350),#215,.T.);
#2749=ADVANCED_FACE('',(#351,#57),#158,.T.);
#2750=ADVANCED_FACE('',(#352),#216,.T.);
#2751=ADVANCED_FACE('',(#353,#58),#159,.T.);
#2752=ADVANCED_FACE('',(#354),#217,.T.);
#2753=ADVANCED_FACE('',(#355,#59),#160,.T.);
#2754=ADVANCED_FACE('',(#356),#218,.T.);
#2755=ADVANCED_FACE('',(#357,#60),#161,.T.);
#2756=ADVANCED_FACE('',(#358),#219,.T.);
#2757=ADVANCED_FACE('',(#359,#61),#162,.T.);
#2758=ADVANCED_FACE('',(#360),#220,.T.);
#2759=ADVANCED_FACE('',(#361,#62),#163,.T.);
#2760=ADVANCED_FACE('',(#362),#221,.T.);
#2761=ADVANCED_FACE('',(#363,#63),#164,.T.);
#2762=ADVANCED_FACE('',(#364),#165,.F.);
#2763=ADVANCED_FACE('',(#365),#222,.T.);
#2764=ADVANCED_FACE('',(#366),#166,.F.);
#2765=ADVANCED_FACE('',(#367),#223,.T.);
#2766=ADVANCED_FACE('',(#368),#224,.T.);
#2767=ADVANCED_FACE('',(#369),#225,.T.);
#2768=ADVANCED_FACE('',(#370),#167,.T.);
#2769=ADVANCED_FACE('',(#371),#226,.F.);
#2770=ADVANCED_FACE('',(#372),#168,.T.);
#2771=ADVANCED_FACE('',(#373,#64),#169,.T.);
#2772=ADVANCED_FACE('',(#374),#227,.F.);
#2773=ADVANCED_FACE('',(#375),#170,.T.);
#2774=ADVANCED_FACE('',(#376,#65,#66,#67,#68,#69,#70),#171,.F.);
#2775=ADVANCED_FACE('',(#377),#228,.F.);
#2776=ADVANCED_FACE('',(#378,#71),#172,.F.);
#2777=ADVANCED_FACE('',(#379),#229,.F.);
#2778=ADVANCED_FACE('',(#380),#230,.F.);
#2779=ADVANCED_FACE('',(#381,#72),#173,.F.);
#2780=ADVANCED_FACE('',(#382),#231,.F.);
#2781=ADVANCED_FACE('',(#383),#174,.F.);
#2782=ADVANCED_FACE('',(#384),#175,.T.);
#2783=ADVANCED_FACE('',(#385),#176,.T.);
#2784=ADVANCED_FACE('',(#386),#177,.F.);
#2785=ADVANCED_FACE('',(#387),#178,.F.);
#2786=ADVANCED_FACE('',(#388),#179,.F.);
#2787=ADVANCED_FACE('',(#389),#180,.F.);
#2788=ADVANCED_FACE('',(#390),#181,.T.);
#2789=ADVANCED_FACE('',(#391),#182,.F.);
#2790=ADVANCED_FACE('',(#392),#183,.T.);
#2791=ADVANCED_FACE('',(#393),#184,.T.);
#2792=ADVANCED_FACE('',(#394),#185,.T.);
#2793=CLOSED_SHELL('',(#2630,#2631,#2632,#2633,#2634,#2635,#2636,#2637,
#2638,#2639,#2640,#2641,#2642,#2643,#2644,#2645,#2646,#2647,#2648,#2649,
#2650,#2651,#2652,#2653,#2654,#2655,#2656,#2657,#2658,#2659,#2660,#2661,
#2662,#2663,#2664,#2665,#2666,#2667,#2668,#2669,#2670,#2671,#2672,#2673,
#2674,#2675,#2676,#2677,#2678,#2679,#2680,#2681,#2682,#2683,#2684,#2685,
#2686,#2687,#2688,#2689,#2690,#2691,#2692,#2693,#2694,#2695,#2696,#2697,
#2698,#2699,#2700,#2701,#2702,#2703,#2704,#2705,#2706,#2707,#2708,#2709,
#2710,#2711,#2712,#2713,#2714,#2715,#2716,#2717,#2718,#2719,#2720,#2721,
#2722,#2723,#2724,#2725,#2726,#2727,#2728,#2729,#2730,#2731,#2732,#2733,
#2734,#2735,#2736,#2737,#2738,#2739,#2740,#2741,#2742,#2743,#2744,#2745,
#2746,#2747,#2748,#2749,#2750,#2751,#2752,#2753,#2754,#2755,#2756,#2757,
#2758,#2759,#2760,#2761,#2762,#2763,#2764,#2765,#2766,#2767,#2768,#2769,
#2770,#2771,#2772,#2773,#2774,#2775,#2776,#2777,#2778,#2779,#2780,#2781,
#2782,#2783,#2784,#2785,#2786,#2787,#2788,#2789,#2790,#2791,#2792));
#2794=DERIVED_UNIT_ELEMENT(#2796,1.);
#2795=DERIVED_UNIT_ELEMENT(#4671,-3.);
#2796=(
MASS_UNIT()
NAMED_UNIT(*)
SI_UNIT(.KILO.,.GRAM.)
);
#2797=DERIVED_UNIT((#2794,#2795));
#2798=MEASURE_REPRESENTATION_ITEM('density measure',
POSITIVE_RATIO_MEASURE(7850.),#2797);
#2799=PROPERTY_DEFINITION_REPRESENTATION(#2804,#2801);
#2800=PROPERTY_DEFINITION_REPRESENTATION(#2805,#2802);
#2801=REPRESENTATION('material name',(#2803),#4668);
#2802=REPRESENTATION('density',(#2798),#4668);
#2803=DESCRIPTIVE_REPRESENTATION_ITEM('Steel','Steel');
#2804=PROPERTY_DEFINITION('material property','material name',#4678);
#2805=PROPERTY_DEFINITION('material property','density of part',#4678);
#2806=AXIS2_PLACEMENT_3D('',#3868,#3068,#3069);
#2807=AXIS2_PLACEMENT_3D('',#3869,#3070,#3071);
#2808=AXIS2_PLACEMENT_3D('',#3871,#3072,#3073);
#2809=AXIS2_PLACEMENT_3D('',#3874,#3075,#3076);
#2810=AXIS2_PLACEMENT_3D('',#3875,#3077,#3078);
#2811=AXIS2_PLACEMENT_3D('',#3878,#3080,#3081);
#2812=AXIS2_PLACEMENT_3D('',#3879,#3082,#3083);
#2813=AXIS2_PLACEMENT_3D('',#3881,#3084,#3085);
#2814=AXIS2_PLACEMENT_3D('',#3884,#3087,#3088);
#2815=AXIS2_PLACEMENT_3D('',#3885,#3089,#3090);
#2816=AXIS2_PLACEMENT_3D('',#3888,#3092,#3093);
#2817=AXIS2_PLACEMENT_3D('',#3889,#3094,#3095);
#2818=AXIS2_PLACEMENT_3D('',#3891,#3096,#3097);
#2819=AXIS2_PLACEMENT_3D('',#3894,#3099,#3100);
#2820=AXIS2_PLACEMENT_3D('',#3895,#3101,#3102);
#2821=AXIS2_PLACEMENT_3D('',#3898,#3104,#3105);
#2822=AXIS2_PLACEMENT_3D('',#3899,#3106,#3107);
#2823=AXIS2_PLACEMENT_3D('',#3901,#3108,#3109);
#2824=AXIS2_PLACEMENT_3D('',#3904,#3111,#3112);
#2825=AXIS2_PLACEMENT_3D('',#3905,#3113,#3114);
#2826=AXIS2_PLACEMENT_3D('',#3908,#3116,#3117);
#2827=AXIS2_PLACEMENT_3D('',#3909,#3118,#3119);
#2828=AXIS2_PLACEMENT_3D('',#3934,#3132,#3133);
#2829=AXIS2_PLACEMENT_3D('',#3940,#3137,#3138);
#2830=AXIS2_PLACEMENT_3D('',#3944,#3141,#3142);
#2831=AXIS2_PLACEMENT_3D('',#3956,#3149,#3150);
#2832=AXIS2_PLACEMENT_3D('',#3960,#3153,#3154);
#2833=AXIS2_PLACEMENT_3D('',#3964,#3157,#3158);
#2834=AXIS2_PLACEMENT_3D('',#3968,#3161,#3162);
#2835=AXIS2_PLACEMENT_3D('',#3981,#3169,#3170);
#2836=AXIS2_PLACEMENT_3D('',#3989,#3175,#3176);
#2837=AXIS2_PLACEMENT_3D('',#4000,#3182,#3183);
#2838=AXIS2_PLACEMENT_3D('',#4010,#3189,#3190);
#2839=AXIS2_PLACEMENT_3D('',#4013,#3193,#3194);
#2840=AXIS2_PLACEMENT_3D('',#4024,#3200,#3201);
#2841=AXIS2_PLACEMENT_3D('',#4034,#3207,#3208);
#2842=AXIS2_PLACEMENT_3D('',#4040,#3212,#3213);
#2843=AXIS2_PLACEMENT_3D('',#4044,#3216,#3217);
#2844=AXIS2_PLACEMENT_3D('',#4052,#3222,#3223);
#2845=AXIS2_PLACEMENT_3D('',#4060,#3228,#3229);
#2846=AXIS2_PLACEMENT_3D('',#4066,#3233,#3234);
#2847=AXIS2_PLACEMENT_3D('',#4072,#3238,#3239);
#2848=AXIS2_PLACEMENT_3D('',#4075,#3242,#3243);
#2849=AXIS2_PLACEMENT_3D('',#4076,#3244,#3245);
#2850=AXIS2_PLACEMENT_3D('',#4082,#3249,#3250);
#2851=AXIS2_PLACEMENT_3D('',#4088,#3254,#3255);
#2852=AXIS2_PLACEMENT_3D('',#4091,#3258,#3259);
#2853=AXIS2_PLACEMENT_3D('',#4092,#3260,#3261);
#2854=AXIS2_PLACEMENT_3D('',#4098,#3265,#3266);
#2855=AXIS2_PLACEMENT_3D('',#4104,#3270,#3271);
#2856=AXIS2_PLACEMENT_3D('',#4110,#3275,#3276);
#2857=AXIS2_PLACEMENT_3D('',#4113,#3279,#3280);
#2858=AXIS2_PLACEMENT_3D('',#4114,#3281,#3282);
#2859=AXIS2_PLACEMENT_3D('',#4123,#3287,#3288);
#2860=AXIS2_PLACEMENT_3D('',#4126,#3291,#3292);
#2861=AXIS2_PLACEMENT_3D('',#4132,#3296,#3297);
#2862=AXIS2_PLACEMENT_3D('',#4135,#3300,#3301);
#2863=AXIS2_PLACEMENT_3D('',#4136,#3302,#3303);
#2864=AXIS2_PLACEMENT_3D('',#4142,#3307,#3308);
#2865=AXIS2_PLACEMENT_3D('',#4148,#3312,#3313);
#2866=AXIS2_PLACEMENT_3D('',#4150,#3315,#3316);
#2867=AXIS2_PLACEMENT_3D('',#4153,#3319,#3320);
#2868=AXIS2_PLACEMENT_3D('',#4154,#3321,#3322);
#2869=AXIS2_PLACEMENT_3D('',#4163,#3327,#3328);
#2870=AXIS2_PLACEMENT_3D('',#4169,#3332,#3333);
#2871=AXIS2_PLACEMENT_3D('',#4178,#3338,#3339);
#2872=AXIS2_PLACEMENT_3D('',#4184,#3343,#3344);
#2873=AXIS2_PLACEMENT_3D('',#4188,#3346,#3347);
#2874=AXIS2_PLACEMENT_3D('',#4192,#3349,#3350);
#2875=AXIS2_PLACEMENT_3D('',#4211,#3361,#3362);
#2876=AXIS2_PLACEMENT_3D('',#4213,#3363,#3364);
#2877=AXIS2_PLACEMENT_3D('',#4215,#3365,#3366);
#2878=AXIS2_PLACEMENT_3D('',#4217,#3367,#3368);
#2879=AXIS2_PLACEMENT_3D('',#4219,#3369,#3370);
#2880=AXIS2_PLACEMENT_3D('',#4221,#3371,#3372);
#2881=AXIS2_PLACEMENT_3D('',#4223,#3373,#3374);
#2882=AXIS2_PLACEMENT_3D('',#4225,#3375,#3376);
#2883=AXIS2_PLACEMENT_3D('',#4227,#3377,#3378);
#2884=AXIS2_PLACEMENT_3D('',#4229,#3379,#3380);
#2885=AXIS2_PLACEMENT_3D('',#4231,#3381,#3382);
#2886=AXIS2_PLACEMENT_3D('',#4233,#3383,#3384);
#2887=AXIS2_PLACEMENT_3D('',#4235,#3385,#3386);
#2888=AXIS2_PLACEMENT_3D('',#4237,#3387,#3388);
#2889=AXIS2_PLACEMENT_3D('',#4239,#3389,#3390);
#2890=AXIS2_PLACEMENT_3D('',#4241,#3391,#3392);
#2891=AXIS2_PLACEMENT_3D('',#4242,#3393,#3394);
#2892=AXIS2_PLACEMENT_3D('',#4258,#3404,#3405);
#2893=AXIS2_PLACEMENT_3D('',#4269,#3412,#3413);
#2894=AXIS2_PLACEMENT_3D('',#4275,#3417,#3418);
#2895=AXIS2_PLACEMENT_3D('',#4280,#3422,#3423);
#2896=AXIS2_PLACEMENT_3D('',#4284,#3426,#3427);
#2897=AXIS2_PLACEMENT_3D('',#4286,#3429,#3430);
#2898=AXIS2_PLACEMENT_3D('',#4287,#3431,#3432);
#2899=AXIS2_PLACEMENT_3D('',#4297,#3438,#3439);
#2900=AXIS2_PLACEMENT_3D('',#4300,#3442,#3443);
#2901=AXIS2_PLACEMENT_3D('',#4302,#3445,#3446);
#2902=AXIS2_PLACEMENT_3D('',#4304,#3448,#3449);
#2903=AXIS2_PLACEMENT_3D('',#4305,#3450,#3451);
#2904=AXIS2_PLACEMENT_3D('',#4307,#3453,#3454);
#2905=AXIS2_PLACEMENT_3D('',#4308,#3455,#3456);
#2906=AXIS2_PLACEMENT_3D('',#4310,#3457,#3458);
#2907=AXIS2_PLACEMENT_3D('',#4313,#3460,#3461);
#2908=AXIS2_PLACEMENT_3D('',#4314,#3462,#3463);
#2909=AXIS2_PLACEMENT_3D('',#4315,#3464,#3465);
#2910=AXIS2_PLACEMENT_3D('',#4317,#3466,#3467);
#2911=AXIS2_PLACEMENT_3D('',#4320,#3469,#3470);
#2912=AXIS2_PLACEMENT_3D('',#4321,#3471,#3472);
#2913=AXIS2_PLACEMENT_3D('',#4322,#3473,#3474);
#2914=AXIS2_PLACEMENT_3D('',#4324,#3475,#3476);
#2915=AXIS2_PLACEMENT_3D('',#4327,#3478,#3479);
#2916=AXIS2_PLACEMENT_3D('',#4328,#3480,#3481);
#2917=AXIS2_PLACEMENT_3D('',#4329,#3482,#3483);
#2918=AXIS2_PLACEMENT_3D('',#4331,#3484,#3485);
#2919=AXIS2_PLACEMENT_3D('',#4334,#3487,#3488);
#2920=AXIS2_PLACEMENT_3D('',#4335,#3489,#3490);
#2921=AXIS2_PLACEMENT_3D('',#4336,#3491,#3492);
#2922=AXIS2_PLACEMENT_3D('',#4338,#3493,#3494);
#2923=AXIS2_PLACEMENT_3D('',#4341,#3496,#3497);
#2924=AXIS2_PLACEMENT_3D('',#4342,#3498,#3499);
#2925=AXIS2_PLACEMENT_3D('',#4343,#3500,#3501);
#2926=AXIS2_PLACEMENT_3D('',#4345,#3502,#3503);
#2927=AXIS2_PLACEMENT_3D('',#4348,#3505,#3506);
#2928=AXIS2_PLACEMENT_3D('',#4349,#3507,#3508);
#2929=AXIS2_PLACEMENT_3D('',#4350,#3509,#3510);
#2930=AXIS2_PLACEMENT_3D('',#4352,#3511,#3512);
#2931=AXIS2_PLACEMENT_3D('',#4355,#3514,#3515);
#2932=AXIS2_PLACEMENT_3D('',#4356,#3516,#3517);
#2933=AXIS2_PLACEMENT_3D('',#4357,#3518,#3519);
#2934=AXIS2_PLACEMENT_3D('',#4359,#3520,#3521);
#2935=AXIS2_PLACEMENT_3D('',#4362,#3523,#3524);
#2936=AXIS2_PLACEMENT_3D('',#4363,#3525,#3526);
#2937=AXIS2_PLACEMENT_3D('',#4364,#3527,#3528);
#2938=AXIS2_PLACEMENT_3D('',#4366,#3529,#3530);
#2939=AXIS2_PLACEMENT_3D('',#4369,#3532,#3533);
#2940=AXIS2_PLACEMENT_3D('',#4370,#3534,#3535);
#2941=AXIS2_PLACEMENT_3D('',#4371,#3536,#3537);
#2942=AXIS2_PLACEMENT_3D('',#4373,#3538,#3539);
#2943=AXIS2_PLACEMENT_3D('',#4376,#3541,#3542);
#2944=AXIS2_PLACEMENT_3D('',#4377,#3543,#3544);
#2945=AXIS2_PLACEMENT_3D('',#4378,#3545,#3546);
#2946=AXIS2_PLACEMENT_3D('',#4380,#3547,#3548);
#2947=AXIS2_PLACEMENT_3D('',#4383,#3550,#3551);
#2948=AXIS2_PLACEMENT_3D('',#4384,#3552,#3553);
#2949=AXIS2_PLACEMENT_3D('',#4385,#3554,#3555);
#2950=AXIS2_PLACEMENT_3D('',#4387,#3556,#3557);
#2951=AXIS2_PLACEMENT_3D('',#4390,#3559,#3560);
#2952=AXIS2_PLACEMENT_3D('',#4391,#3561,#3562);
#2953=AXIS2_PLACEMENT_3D('',#4392,#3563,#3564);
#2954=AXIS2_PLACEMENT_3D('',#4394,#3565,#3566);
#2955=AXIS2_PLACEMENT_3D('',#4397,#3568,#3569);
#2956=AXIS2_PLACEMENT_3D('',#4398,#3570,#3571);
#2957=AXIS2_PLACEMENT_3D('',#4399,#3572,#3573);
#2958=AXIS2_PLACEMENT_3D('',#4401,#3574,#3575);
#2959=AXIS2_PLACEMENT_3D('',#4404,#3577,#3578);
#2960=AXIS2_PLACEMENT_3D('',#4405,#3579,#3580);
#2961=AXIS2_PLACEMENT_3D('',#4406,#3581,#3582);
#2962=AXIS2_PLACEMENT_3D('',#4408,#3583,#3584);
#2963=AXIS2_PLACEMENT_3D('',#4411,#3586,#3587);
#2964=AXIS2_PLACEMENT_3D('',#4412,#3588,#3589);
#2965=AXIS2_PLACEMENT_3D('',#4413,#3590,#3591);
#2966=AXIS2_PLACEMENT_3D('',#4415,#3592,#3593);
#2967=AXIS2_PLACEMENT_3D('',#4418,#3595,#3596);
#2968=AXIS2_PLACEMENT_3D('',#4419,#3597,#3598);
#2969=AXIS2_PLACEMENT_3D('',#4420,#3599,#3600);
#2970=AXIS2_PLACEMENT_3D('',#4422,#3601,#3602);
#2971=AXIS2_PLACEMENT_3D('',#4424,#3604,#3605);
#2972=AXIS2_PLACEMENT_3D('',#4425,#3606,#3607);
#2973=AXIS2_PLACEMENT_3D('',#4427,#3608,#3609);
#2974=AXIS2_PLACEMENT_3D('',#4429,#3611,#3612);
#2975=AXIS2_PLACEMENT_3D('',#4430,#3613,#3614);
#2976=AXIS2_PLACEMENT_3D('',#4432,#3615,#3616);
#2977=AXIS2_PLACEMENT_3D('',#4434,#3618,#3619);
#2978=AXIS2_PLACEMENT_3D('',#4435,#3620,#3621);
#2979=AXIS2_PLACEMENT_3D('',#4437,#3622,#3623);
#2980=AXIS2_PLACEMENT_3D('',#4439,#3625,#3626);
#2981=AXIS2_PLACEMENT_3D('',#4440,#3627,#3628);
#2982=AXIS2_PLACEMENT_3D('',#4442,#3629,#3630);
#2983=AXIS2_PLACEMENT_3D('',#4444,#3632,#3633);
#2984=AXIS2_PLACEMENT_3D('',#4445,#3634,#3635);
#2985=AXIS2_PLACEMENT_3D('',#4447,#3636,#3637);
#2986=AXIS2_PLACEMENT_3D('',#4449,#3639,#3640);
#2987=AXIS2_PLACEMENT_3D('',#4450,#3641,#3642);
#2988=AXIS2_PLACEMENT_3D('',#4452,#3643,#3644);
#2989=AXIS2_PLACEMENT_3D('',#4454,#3646,#3647);
#2990=AXIS2_PLACEMENT_3D('',#4455,#3648,#3649);
#2991=AXIS2_PLACEMENT_3D('',#4457,#3650,#3651);
#2992=AXIS2_PLACEMENT_3D('',#4459,#3653,#3654);
#2993=AXIS2_PLACEMENT_3D('',#4460,#3655,#3656);
#2994=AXIS2_PLACEMENT_3D('',#4462,#3657,#3658);
#2995=AXIS2_PLACEMENT_3D('',#4464,#3660,#3661);
#2996=AXIS2_PLACEMENT_3D('',#4465,#3662,#3663);
#2997=AXIS2_PLACEMENT_3D('',#4467,#3664,#3665);
#2998=AXIS2_PLACEMENT_3D('',#4469,#3667,#3668);
#2999=AXIS2_PLACEMENT_3D('',#4470,#3669,#3670);
#3000=AXIS2_PLACEMENT_3D('',#4472,#3671,#3672);
#3001=AXIS2_PLACEMENT_3D('',#4474,#3674,#3675);
#3002=AXIS2_PLACEMENT_3D('',#4475,#3676,#3677);
#3003=AXIS2_PLACEMENT_3D('',#4477,#3678,#3679);
#3004=AXIS2_PLACEMENT_3D('',#4479,#3681,#3682);
#3005=AXIS2_PLACEMENT_3D('',#4480,#3683,#3684);
#3006=AXIS2_PLACEMENT_3D('',#4482,#3685,#3686);
#3007=AXIS2_PLACEMENT_3D('',#4484,#3688,#3689);
#3008=AXIS2_PLACEMENT_3D('',#4485,#3690,#3691);
#3009=AXIS2_PLACEMENT_3D('',#4487,#3692,#3693);
#3010=AXIS2_PLACEMENT_3D('',#4489,#3695,#3696);
#3011=AXIS2_PLACEMENT_3D('',#4490,#3697,#3698);
#3012=AXIS2_PLACEMENT_3D('',#4492,#3699,#3700);
#3013=AXIS2_PLACEMENT_3D('',#4494,#3702,#3703);
#3014=AXIS2_PLACEMENT_3D('',#4495,#3704,#3705);
#3015=AXIS2_PLACEMENT_3D('',#4497,#3706,#3707);
#3016=AXIS2_PLACEMENT_3D('',#4499,#3709,#3710);
#3017=AXIS2_PLACEMENT_3D('',#4500,#3711,#3712);
#3018=AXIS2_PLACEMENT_3D('',#4514,#3720,#3721);
#3019=AXIS2_PLACEMENT_3D('',#4516,#3722,#3723);
#3020=AXIS2_PLACEMENT_3D('',#4518,#3725,#3726);
#3021=AXIS2_PLACEMENT_3D('',#4522,#3729,#3730);
#3022=AXIS2_PLACEMENT_3D('',#4523,#3731,#3732);
#3023=AXIS2_PLACEMENT_3D('',#4524,#3733,#3734);
#3024=AXIS2_PLACEMENT_3D('',#4526,#3735,#3736);
#3025=AXIS2_PLACEMENT_3D('',#4535,#3737,#3738);
#3026=AXIS2_PLACEMENT_3D('',#4537,#3739,#3740);
#3027=AXIS2_PLACEMENT_3D('',#4539,#3742,#3743);
#3028=AXIS2_PLACEMENT_3D('',#4541,#3744,#3745);
#3029=AXIS2_PLACEMENT_3D('',#4545,#3747,#3748);
#3030=AXIS2_PLACEMENT_3D('',#4547,#3749,#3750);
#3031=AXIS2_PLACEMENT_3D('',#4554,#3751,#3752);
#3032=AXIS2_PLACEMENT_3D('',#4557,#3755,#3756);
#3033=AXIS2_PLACEMENT_3D('',#4560,#3758,#3759);
#3034=AXIS2_PLACEMENT_3D('',#4561,#3760,#3761);
#3035=AXIS2_PLACEMENT_3D('',#4563,#3763,#3764);
#3036=AXIS2_PLACEMENT_3D('',#4577,#3771,#3772);
#3037=AXIS2_PLACEMENT_3D('',#4579,#3773,#3774);
#3038=AXIS2_PLACEMENT_3D('',#4590,#3780,#3781);
#3039=AXIS2_PLACEMENT_3D('',#4591,#3782,#3783);
#3040=AXIS2_PLACEMENT_3D('',#4592,#3784,#3785);
#3041=AXIS2_PLACEMENT_3D('',#4593,#3786,#3787);
#3042=AXIS2_PLACEMENT_3D('',#4597,#3790,#3791);
#3043=AXIS2_PLACEMENT_3D('',#4599,#3792,#3793);
#3044=AXIS2_PLACEMENT_3D('',#4601,#3794,#3795);
#3045=AXIS2_PLACEMENT_3D('',#4602,#3796,#3797);
#3046=AXIS2_PLACEMENT_3D('',#4605,#3799,#3800);
#3047=AXIS2_PLACEMENT_3D('',#4606,#3801,#3802);
#3048=AXIS2_PLACEMENT_3D('',#4608,#3803,#3804);
#3049=AXIS2_PLACEMENT_3D('',#4609,#3805,#3806);
#3050=AXIS2_PLACEMENT_3D('',#4611,#3808,#3809);
#3051=AXIS2_PLACEMENT_3D('',#4614,#3811,#3812);
#3052=AXIS2_PLACEMENT_3D('',#4615,#3813,#3814);
#3053=AXIS2_PLACEMENT_3D('',#4617,#3815,#3816);
#3054=AXIS2_PLACEMENT_3D('',#4618,#3817,#3818);
#3055=AXIS2_PLACEMENT_3D('',#4620,#3820,#3821);
#3056=AXIS2_PLACEMENT_3D('',#4621,#3822,#3823);
#3057=AXIS2_PLACEMENT_3D('',#4627,#3827,#3828);
#3058=AXIS2_PLACEMENT_3D('',#4635,#3833,#3834);
#3059=AXIS2_PLACEMENT_3D('',#4647,#3841,#3842);
#3060=AXIS2_PLACEMENT_3D('',#4650,#3845,#3846);
#3061=AXIS2_PLACEMENT_3D('',#4651,#3847,#3848);
#3062=AXIS2_PLACEMENT_3D('',#4653,#3850,#3851);
#3063=AXIS2_PLACEMENT_3D('',#4655,#3853,#3854);
#3064=AXIS2_PLACEMENT_3D('',#4659,#3857,#3858);
#3065=AXIS2_PLACEMENT_3D('',#4662,#3861,#3862);
#3066=AXIS2_PLACEMENT_3D('',#4664,#3864,#3865);
#3067=AXIS2_PLACEMENT_3D('',#4665,#3866,#3867);
#3068=DIRECTION('axis',(0.,0.,1.));
#3069=DIRECTION('refdir',(1.,0.,0.));
#3070=DIRECTION('center_axis',(0.,0.,-1.));
#3071=DIRECTION('ref_axis',(1.,0.,0.));
#3072=DIRECTION('center_axis',(0.,0.,1.));
#3073=DIRECTION('ref_axis',(1.,0.,0.));
#3074=DIRECTION('',(0.704585925354419,8.62868898209565E-17,0.709618681964093));
#3075=DIRECTION('center_axis',(0.,0.,-1.));
#3076=DIRECTION('ref_axis',(1.,0.,0.));
#3077=DIRECTION('center_axis',(0.,0.,1.));
#3078=DIRECTION('ref_axis',(1.,0.,0.));
#3079=DIRECTION('',(0.,0.,1.));
#3080=DIRECTION('center_axis',(0.,0.,-1.));
#3081=DIRECTION('ref_axis',(1.,0.,0.));
#3082=DIRECTION('center_axis',(0.,0.,-1.));
#3083=DIRECTION('ref_axis',(1.,0.,0.));
#3084=DIRECTION('center_axis',(0.,0.,1.));
#3085=DIRECTION('ref_axis',(1.,0.,0.));
#3086=DIRECTION('',(0.704585925354419,8.62868898209565E-17,0.709618681964093));
#3087=DIRECTION('center_axis',(0.,0.,-1.));
#3088=DIRECTION('ref_axis',(1.,0.,0.));
#3089=DIRECTION('center_axis',(0.,0.,1.));
#3090=DIRECTION('ref_axis',(1.,0.,0.));
#3091=DIRECTION('',(0.,0.,1.));
#3092=DIRECTION('center_axis',(0.,0.,-1.));
#3093=DIRECTION('ref_axis',(1.,0.,0.));
#3094=DIRECTION('center_axis',(0.,0.,-1.));
#3095=DIRECTION('ref_axis',(1.,0.,0.));
#3096=DIRECTION('center_axis',(0.,0.,1.));
#3097=DIRECTION('ref_axis',(1.,0.,0.));
#3098=DIRECTION('',(0.704585925354419,8.62868898209565E-17,0.709618681964093));
#3099=DIRECTION('center_axis',(0.,0.,-1.));
#3100=DIRECTION('ref_axis',(1.,0.,0.));
#3101=DIRECTION('center_axis',(0.,0.,1.));
#3102=DIRECTION('ref_axis',(1.,0.,0.));
#3103=DIRECTION('',(0.,0.,1.));
#3104=DIRECTION('center_axis',(0.,0.,-1.));
#3105=DIRECTION('ref_axis',(1.,0.,0.));
#3106=DIRECTION('center_axis',(0.,0.,-1.));
#3107=DIRECTION('ref_axis',(1.,0.,0.));
#3108=DIRECTION('center_axis',(0.,0.,1.));
#3109=DIRECTION('ref_axis',(1.,0.,0.));
#3110=DIRECTION('',(0.704585925354419,8.62868898209565E-17,0.709618681964093));
#3111=DIRECTION('center_axis',(0.,0.,-1.));
#3112=DIRECTION('ref_axis',(1.,0.,0.));
#3113=DIRECTION('center_axis',(0.,0.,1.));
#3114=DIRECTION('ref_axis',(1.,0.,0.));
#3115=DIRECTION('',(0.,0.,1.));
#3116=DIRECTION('center_axis',(0.,0.,-1.));
#3117=DIRECTION('ref_axis',(1.,0.,0.));
#3118=DIRECTION('center_axis',(0.,0.089799658539303,0.995959849254088));
#3119=DIRECTION('ref_axis',(0.,-0.995959849254088,0.089799658539303));
#3120=DIRECTION('',(0.,0.995959849254088,-0.089799658539303));
#3121=DIRECTION('',(-1.,0.,0.));
#3122=DIRECTION('',(0.,-0.995959849254088,0.089799658539303));
#3123=DIRECTION('',(-1.,0.,0.));
#3124=DIRECTION('',(0.,0.995959849254088,-0.089799658539303));
#3125=DIRECTION('',(-1.,0.,0.));
#3126=DIRECTION('',(0.,-0.995959849254088,0.089799658539303));
#3127=DIRECTION('',(-1.,0.,0.));
#3128=DIRECTION('',(0.,-0.995959849254088,0.089799658539303));
#3129=DIRECTION('',(1.,0.,0.));
#3130=DIRECTION('',(0.,-0.995959849254088,0.089799658539303));
#3131=DIRECTION('',(1.,0.,0.));
#3132=DIRECTION('center_axis',(-1.,0.,0.));
#3133=DIRECTION('ref_axis',(0.,-1.,0.));
#3134=DIRECTION('',(0.,0.,1.));
#3135=DIRECTION('',(0.,-1.,0.));
#3136=DIRECTION('',(0.,0.,1.));
#3137=DIRECTION('center_axis',(0.,-1.,0.));
#3138=DIRECTION('ref_axis',(1.,0.,0.));
#3139=DIRECTION('',(0.,0.,-1.));
#3140=DIRECTION('',(-1.,0.,0.));
#3141=DIRECTION('center_axis',(1.,0.,0.));
#3142=DIRECTION('ref_axis',(0.,1.,0.));
#3143=DIRECTION('',(0.,0.,-1.));
#3144=DIRECTION('',(0.,1.,0.));
#3145=DIRECTION('',(0.,0.,1.));
#3146=DIRECTION('',(0.,-1.,0.));
#3147=DIRECTION('',(0.,0.,-1.));
#3148=DIRECTION('',(0.,1.,0.));
#3149=DIRECTION('center_axis',(0.,-1.,0.));
#3150=DIRECTION('ref_axis',(1.,0.,0.));
#3151=DIRECTION('',(0.,0.,1.));
#3152=DIRECTION('',(-1.,0.,0.));
#3153=DIRECTION('center_axis',(-1.,0.,0.));
#3154=DIRECTION('ref_axis',(0.,-1.,0.));
#3155=DIRECTION('',(0.,0.,1.));
#3156=DIRECTION('',(0.,-1.,0.));
#3157=DIRECTION('center_axis',(0.,-1.,0.));
#3158=DIRECTION('ref_axis',(1.,0.,0.));
#3159=DIRECTION('',(0.,0.,-1.));
#3160=DIRECTION('',(-1.,0.,0.));
#3161=DIRECTION('center_axis',(1.,0.,0.));
#3162=DIRECTION('ref_axis',(0.,1.,0.));
#3163=DIRECTION('',(0.,1.,0.));
#3164=DIRECTION('',(0.,0.,-1.));
#3165=DIRECTION('',(0.,1.,0.));
#3166=DIRECTION('',(0.,0.,-1.));
#3167=DIRECTION('',(0.,1.,0.));
#3168=DIRECTION('',(0.,0.,1.));
#3169=DIRECTION('center_axis',(0.,-1.,0.));
#3170=DIRECTION('ref_axis',(1.,0.,0.));
#3171=DIRECTION('',(-1.,0.,0.));
#3172=DIRECTION('',(0.,0.,1.));
#3173=DIRECTION('',(-1.,0.,0.));
#3174=DIRECTION('',(0.,0.,1.));
#3175=DIRECTION('center_axis',(0.,-1.,0.));
#3176=DIRECTION('ref_axis',(1.,0.,0.));
#3177=DIRECTION('',(-1.,0.,0.));
#3178=DIRECTION('',(0.,0.,-1.));
#3179=DIRECTION('',(0.,0.,1.));
#3180=DIRECTION('',(-1.,0.,0.));
#3181=DIRECTION('',(0.,0.,-1.));
#3182=DIRECTION('center_axis',(-1.,0.,0.));
#3183=DIRECTION('ref_axis',(0.,-1.,0.));
#3184=DIRECTION('',(0.,-1.,0.));
#3185=DIRECTION('',(0.,0.,-1.));
#3186=DIRECTION('',(0.,1.,0.));
#3187=DIRECTION('',(0.,1.,0.));
#3188=DIRECTION('',(0.,0.,1.));
#3189=DIRECTION('center_axis',(0.,-1.,0.));
#3190=DIRECTION('ref_axis',(1.,0.,0.));
#3191=DIRECTION('',(-1.,0.,0.));
#3192=DIRECTION('',(-1.,0.,0.));
#3193=DIRECTION('center_axis',(0.,-1.,0.));
#3194=DIRECTION('ref_axis',(1.,0.,0.));
#3195=DIRECTION('',(1.,0.,0.));
#3196=DIRECTION('',(0.,0.,-1.));
#3197=DIRECTION('',(0.,0.,1.));
#3198=DIRECTION('',(1.,0.,0.));
#3199=DIRECTION('',(0.,0.,-1.));
#3200=DIRECTION('center_axis',(1.,0.,0.));
#3201=DIRECTION('ref_axis',(0.,1.,0.));
#3202=DIRECTION('',(0.,1.,0.));
#3203=DIRECTION('',(0.,0.,-1.));
#3204=DIRECTION('',(0.,1.,0.));
#3205=DIRECTION('',(0.,1.,0.));
#3206=DIRECTION('',(0.,0.,1.));
#3207=DIRECTION('center_axis',(0.,-1.,0.));
#3208=DIRECTION('ref_axis',(1.,0.,0.));
#3209=DIRECTION('',(1.,0.,0.));
#3210=DIRECTION('',(0.,0.,1.));
#3211=DIRECTION('',(1.,0.,0.));
#3212=DIRECTION('center_axis',(0.,0.,-1.));
#3213=DIRECTION('ref_axis',(0.,1.,0.));
#3214=DIRECTION('',(-1.,0.,0.));
#3215=DIRECTION('',(0.,-1.,0.));
#3216=DIRECTION('center_axis',(-1.,0.,0.));
#3217=DIRECTION('ref_axis',(0.,-1.,0.));
#3218=DIRECTION('',(0.,0.,-1.));
#3219=DIRECTION('',(0.,1.,0.));
#3220=DIRECTION('',(0.,0.,-1.));
#3221=DIRECTION('',(0.,1.,0.));
#3222=DIRECTION('center_axis',(0.,-1.,0.));
#3223=DIRECTION('ref_axis',(1.,0.,0.));
#3224=DIRECTION('',(1.,0.,0.));
#3225=DIRECTION('',(0.,0.,1.));
#3226=DIRECTION('',(1.,0.,0.));
#3227=DIRECTION('',(0.,0.,1.));
#3228=DIRECTION('center_axis',(-1.,0.,0.));
#3229=DIRECTION('ref_axis',(0.,-1.,0.));
#3230=DIRECTION('',(0.,-1.,0.));
#3231=DIRECTION('',(0.,0.,-1.));
#3232=DIRECTION('',(0.,1.,0.));
#3233=DIRECTION('center_axis',(0.,-1.,0.));
#3234=DIRECTION('ref_axis',(1.,0.,0.));
#3235=DIRECTION('',(1.,0.,0.));
#3236=DIRECTION('',(0.,0.,1.));
#3237=DIRECTION('',(1.,0.,0.));
#3238=DIRECTION('center_axis',(1.,0.,0.));
#3239=DIRECTION('ref_axis',(0.,1.,0.));
#3240=DIRECTION('',(0.,1.,0.));
#3241=DIRECTION('',(0.,1.,0.));
#3242=DIRECTION('center_axis',(0.,0.,-1.));
#3243=DIRECTION('ref_axis',(0.,1.,0.));
#3244=DIRECTION('center_axis',(-1.,0.,0.));
#3245=DIRECTION('ref_axis',(0.,-1.,0.));
#3246=DIRECTION('',(0.,-1.,0.));
#3247=DIRECTION('',(0.,1.,0.));
#3248=DIRECTION('',(0.,0.,1.));
#3249=DIRECTION('center_axis',(0.,-1.,0.));
#3250=DIRECTION('ref_axis',(1.,0.,0.));
#3251=DIRECTION('',(-1.,0.,0.));
#3252=DIRECTION('',(-1.,0.,0.));
#3253=DIRECTION('',(0.,0.,-1.));
#3254=DIRECTION('center_axis',(1.,0.,0.));
#3255=DIRECTION('ref_axis',(0.,1.,0.));
#3256=DIRECTION('',(0.,1.,0.));
#3257=DIRECTION('',(0.,1.,0.));
#3258=DIRECTION('center_axis',(0.,0.,-1.));
#3259=DIRECTION('ref_axis',(0.,1.,0.));
#3260=DIRECTION('center_axis',(-1.,0.,0.));
#3261=DIRECTION('ref_axis',(0.,-1.,0.));
#3262=DIRECTION('',(0.,1.,0.));
#3263=DIRECTION('',(0.,0.,1.));
#3264=DIRECTION('',(0.,-1.,0.));
#3265=DIRECTION('center_axis',(0.,-1.,0.));
#3266=DIRECTION('ref_axis',(1.,0.,0.));
#3267=DIRECTION('',(1.,0.,0.));
#3268=DIRECTION('',(0.,0.,1.));
#3269=DIRECTION('',(1.,0.,0.));
#3270=DIRECTION('center_axis',(0.,-1.,0.));
#3271=DIRECTION('ref_axis',(1.,0.,0.));
#3272=DIRECTION('',(-1.,0.,0.));
#3273=DIRECTION('',(-1.,0.,0.));
#3274=DIRECTION('',(0.,0.,-1.));
#3275=DIRECTION('center_axis',(1.,0.,0.));
#3276=DIRECTION('ref_axis',(0.,1.,0.));
#3277=DIRECTION('',(0.,1.,0.));
#3278=DIRECTION('',(0.,1.,0.));
#3279=DIRECTION('center_axis',(0.,0.,-1.));
#3280=DIRECTION('ref_axis',(0.,1.,0.));
#3281=DIRECTION('center_axis',(-1.,0.,0.));
#3282=DIRECTION('ref_axis',(0.,-1.,0.));
#3283=DIRECTION('',(0.,-1.,0.));
#3284=DIRECTION('',(0.,0.,-1.));
#3285=DIRECTION('',(0.,1.,0.));
#3286=DIRECTION('',(0.,0.,1.));
#3287=DIRECTION('center_axis',(0.,-1.,0.));
#3288=DIRECTION('ref_axis',(1.,0.,0.));
#3289=DIRECTION('',(1.,0.,0.));
#3290=DIRECTION('',(1.,0.,0.));
#3291=DIRECTION('center_axis',(0.,-1.,0.));
#3292=DIRECTION('ref_axis',(1.,0.,0.));
#3293=DIRECTION('',(-1.,0.,0.));
#3294=DIRECTION('',(-1.,0.,0.));
#3295=DIRECTION('',(0.,0.,-1.));
#3296=DIRECTION('center_axis',(1.,0.,0.));
#3297=DIRECTION('ref_axis',(0.,1.,0.));
#3298=DIRECTION('',(0.,1.,0.));
#3299=DIRECTION('',(0.,1.,0.));
#3300=DIRECTION('center_axis',(0.,0.,-1.));
#3301=DIRECTION('ref_axis',(0.,1.,0.));
#3302=DIRECTION('center_axis',(-1.,0.,0.));
#3303=DIRECTION('ref_axis',(0.,-1.,0.));
#3304=DIRECTION('',(0.,-1.,0.));
#3305=DIRECTION('',(0.,0.,-1.));
#3306=DIRECTION('',(0.,1.,0.));
#3307=DIRECTION('center_axis',(0.,-1.,0.));
#3308=DIRECTION('ref_axis',(1.,0.,0.));
#3309=DIRECTION('',(1.,0.,0.));
#3310=DIRECTION('',(0.,0.,1.));
#3311=DIRECTION('',(1.,0.,0.));
#3312=DIRECTION('center_axis',(0.,-1.,0.));
#3313=DIRECTION('ref_axis',(1.,0.,0.));
#3314=DIRECTION('',(-1.,0.,0.));
#3315=DIRECTION('center_axis',(1.,0.,0.));
#3316=DIRECTION('ref_axis',(0.,1.,0.));
#3317=DIRECTION('',(0.,1.,0.));
#3318=DIRECTION('',(0.,1.,0.));
#3319=DIRECTION('center_axis',(0.,0.,-1.));
#3320=DIRECTION('ref_axis',(0.,1.,0.));
#3321=DIRECTION('center_axis',(0.,-1.,0.));
#3322=DIRECTION('ref_axis',(1.,0.,0.));
#3323=DIRECTION('',(1.,0.,0.));
#3324=DIRECTION('',(0.,0.,1.));
#3325=DIRECTION('',(1.,0.,0.));
#3326=DIRECTION('',(0.,0.,-1.));
#3327=DIRECTION('center_axis',(0.,0.,-1.));
#3328=DIRECTION('ref_axis',(0.,1.,0.));
#3329=DIRECTION('',(-1.,0.,0.));
#3330=DIRECTION('',(0.,1.,0.));
#3331=DIRECTION('',(0.,1.,0.));
#3332=DIRECTION('center_axis',(0.,0.,-1.));
#3333=DIRECTION('ref_axis',(0.,1.,0.));
#3334=DIRECTION('',(1.,0.,0.));
#3335=DIRECTION('',(0.,1.,0.));
#3336=DIRECTION('',(-1.,0.,0.));
#3337=DIRECTION('',(0.,1.,0.));
#3338=DIRECTION('center_axis',(0.,-1.,0.));
#3339=DIRECTION('ref_axis',(1.,0.,0.));
#3340=DIRECTION('',(-1.,0.,0.));
#3341=DIRECTION('',(0.,0.,1.));
#3342=DIRECTION('',(0.,0.,-1.));
#3343=DIRECTION('center_axis',(0.,0.,-1.));
#3344=DIRECTION('ref_axis',(0.,1.,0.));
#3345=DIRECTION('',(0.,-1.,0.));
#3346=DIRECTION('center_axis',(0.,0.,-1.));
#3347=DIRECTION('ref_axis',(1.,0.,0.));
#3348=DIRECTION('',(1.,0.,0.));
#3349=DIRECTION('center_axis',(0.,0.,-1.));
#3350=DIRECTION('ref_axis',(1.,0.,0.));
#3351=DIRECTION('',(0.,1.,0.));
#3352=DIRECTION('',(1.,0.,0.));
#3353=DIRECTION('',(0.,-1.,0.));
#3354=DIRECTION('',(0.,1.,0.));
#3355=DIRECTION('',(-1.,0.,0.));
#3356=DIRECTION('',(0.,1.,0.));
#3357=DIRECTION('',(1.,0.,0.));
#3358=DIRECTION('',(0.,-1.,0.));
#3359=DIRECTION('',(1.,0.,0.));
#3360=DIRECTION('',(0.,1.,0.));
#3361=DIRECTION('center_axis',(0.,0.,-1.));
#3362=DIRECTION('ref_axis',(1.,0.,0.));
#3363=DIRECTION('center_axis',(0.,0.,-1.));
#3364=DIRECTION('ref_axis',(1.,0.,0.));
#3365=DIRECTION('center_axis',(0.,0.,-1.));
#3366=DIRECTION('ref_axis',(1.,0.,0.));
#3367=DIRECTION('center_axis',(0.,0.,-1.));
#3368=DIRECTION('ref_axis',(1.,0.,0.));
#3369=DIRECTION('center_axis',(0.,0.,-1.));
#3370=DIRECTION('ref_axis',(1.,0.,0.));
#3371=DIRECTION('center_axis',(0.,0.,-1.));
#3372=DIRECTION('ref_axis',(1.,0.,0.));
#3373=DIRECTION('center_axis',(0.,0.,-1.));
#3374=DIRECTION('ref_axis',(1.,0.,0.));
#3375=DIRECTION('center_axis',(0.,0.,-1.));
#3376=DIRECTION('ref_axis',(1.,0.,0.));
#3377=DIRECTION('center_axis',(0.,0.,-1.));
#3378=DIRECTION('ref_axis',(1.,0.,0.));
#3379=DIRECTION('center_axis',(0.,0.,-1.));
#3380=DIRECTION('ref_axis',(1.,0.,0.));
#3381=DIRECTION('center_axis',(0.,0.,-1.));
#3382=DIRECTION('ref_axis',(1.,0.,0.));
#3383=DIRECTION('center_axis',(0.,0.,-1.));
#3384=DIRECTION('ref_axis',(1.,0.,0.));
#3385=DIRECTION('center_axis',(0.,0.,-1.));
#3386=DIRECTION('ref_axis',(1.,0.,0.));
#3387=DIRECTION('center_axis',(0.,0.,-1.));
#3388=DIRECTION('ref_axis',(1.,0.,0.));
#3389=DIRECTION('center_axis',(0.,0.,-1.));
#3390=DIRECTION('ref_axis',(1.,0.,0.));
#3391=DIRECTION('center_axis',(0.,0.,-1.));
#3392=DIRECTION('ref_axis',(1.,0.,0.));
#3393=DIRECTION('center_axis',(-1.,0.,0.));
#3394=DIRECTION('ref_axis',(0.,-1.,0.));
#3395=DIRECTION('',(0.,0.,1.));
#3396=DIRECTION('',(0.,0.,1.));
#3397=DIRECTION('',(0.,-1.,0.));
#3398=DIRECTION('',(0.,-0.342020143325669,-0.939692620785909));
#3399=DIRECTION('',(0.,-0.939692620785909,0.342020143325669));
#3400=DIRECTION('',(0.,0.,1.));
#3401=DIRECTION('',(0.,1.,0.));
#3402=DIRECTION('',(0.,0.,-1.));
#3403=DIRECTION('',(0.,0.,-1.));
#3404=DIRECTION('center_axis',(0.,-1.,0.));
#3405=DIRECTION('ref_axis',(1.,0.,0.));
#3406=DIRECTION('',(0.,0.,1.));
#3407=DIRECTION('',(-1.,0.,0.));
#3408=DIRECTION('',(0.,0.,-1.));
#3409=DIRECTION('',(1.,0.,0.));
#3410=DIRECTION('',(0.,0.,-1.));
#3411=DIRECTION('',(0.,0.,-1.));
#3412=DIRECTION('center_axis',(0.,0.,-1.));
#3413=DIRECTION('ref_axis',(0.,1.,0.));
#3414=DIRECTION('',(1.,0.,0.));
#3415=DIRECTION('',(0.,1.,0.));
#3416=DIRECTION('',(0.,1.,0.));
#3417=DIRECTION('center_axis',(-1.,0.,0.));
#3418=DIRECTION('ref_axis',(0.,-1.,0.));
#3419=DIRECTION('',(0.,0.,-1.));
#3420=DIRECTION('',(0.,1.,0.));
#3421=DIRECTION('',(0.,0.,1.));
#3422=DIRECTION('center_axis',(0.,0.,1.));
#3423=DIRECTION('ref_axis',(0.,-1.,0.));
#3424=DIRECTION('',(-1.,0.,0.));
#3425=DIRECTION('',(0.,1.,0.));
#3426=DIRECTION('center_axis',(1.,0.,0.));
#3427=DIRECTION('ref_axis',(0.,1.,0.));
#3428=DIRECTION('',(0.,0.,1.));
#3429=DIRECTION('center_axis',(0.,-1.,0.));
#3430=DIRECTION('ref_axis',(1.,0.,0.));
#3431=DIRECTION('center_axis',(-1.,0.,0.));
#3432=DIRECTION('ref_axis',(0.,-1.,0.));
#3433=DIRECTION('',(0.,0.,-1.));
#3434=DIRECTION('',(0.,0.,-1.));
#3435=DIRECTION('',(0.,-1.,0.));
#3436=DIRECTION('',(0.,0.,1.));
#3437=DIRECTION('',(0.,1.,0.));
#3438=DIRECTION('center_axis',(0.,-1.,0.));
#3439=DIRECTION('ref_axis',(1.,0.,0.));
#3440=DIRECTION('',(-1.,0.,0.));
#3441=DIRECTION('',(1.,0.,0.));
#3442=DIRECTION('center_axis',(0.,0.,1.));
#3443=DIRECTION('ref_axis',(0.,-1.,0.));
#3444=DIRECTION('',(-1.,0.,0.));
#3445=DIRECTION('center_axis',(0.,-1.,0.));
#3446=DIRECTION('ref_axis',(1.,0.,0.));
#3447=DIRECTION('',(1.,0.,0.));
#3448=DIRECTION('center_axis',(0.,0.,-1.));
#3449=DIRECTION('ref_axis',(0.,1.,0.));
#3450=DIRECTION('center_axis',(1.,0.,0.));
#3451=DIRECTION('ref_axis',(0.,1.,0.));
#3452=DIRECTION('',(0.,0.,1.));
#3453=DIRECTION('center_axis',(0.,-1.,0.));
#3454=DIRECTION('ref_axis',(1.,0.,0.));
#3455=DIRECTION('center_axis',(0.,0.,1.));
#3456=DIRECTION('ref_axis',(1.,0.,0.));
#3457=DIRECTION('center_axis',(0.,0.,-1.));
#3458=DIRECTION('ref_axis',(1.,0.,0.));
#3459=DIRECTION('',(0.,0.,1.));
#3460=DIRECTION('center_axis',(0.,0.,-1.));
#3461=DIRECTION('ref_axis',(1.,0.,0.));
#3462=DIRECTION('center_axis',(0.,0.,-1.));
#3463=DIRECTION('ref_axis',(-1.,0.,0.));
#3464=DIRECTION('center_axis',(0.,0.,1.));
#3465=DIRECTION('ref_axis',(1.,0.,0.));
#3466=DIRECTION('center_axis',(0.,0.,-1.));
#3467=DIRECTION('ref_axis',(1.,0.,0.));
#3468=DIRECTION('',(0.,0.,1.));
#3469=DIRECTION('center_axis',(0.,0.,-1.));
#3470=DIRECTION('ref_axis',(1.,0.,0.));
#3471=DIRECTION('center_axis',(0.,0.,-1.));
#3472=DIRECTION('ref_axis',(-1.,0.,0.));
#3473=DIRECTION('center_axis',(0.,0.,1.));
#3474=DIRECTION('ref_axis',(1.,0.,0.));
#3475=DIRECTION('center_axis',(0.,0.,-1.));
#3476=DIRECTION('ref_axis',(1.,0.,0.));
#3477=DIRECTION('',(0.,0.,1.));
#3478=DIRECTION('center_axis',(0.,0.,-1.));
#3479=DIRECTION('ref_axis',(1.,0.,0.));
#3480=DIRECTION('center_axis',(0.,0.,-1.));
#3481=DIRECTION('ref_axis',(-1.,0.,0.));
#3482=DIRECTION('center_axis',(0.,0.,1.));
#3483=DIRECTION('ref_axis',(1.,0.,0.));
#3484=DIRECTION('center_axis',(0.,0.,-1.));
#3485=DIRECTION('ref_axis',(1.,0.,0.));
#3486=DIRECTION('',(0.,0.,1.));
#3487=DIRECTION('center_axis',(0.,0.,-1.));
#3488=DIRECTION('ref_axis',(1.,0.,0.));
#3489=DIRECTION('center_axis',(0.,0.,-1.));
#3490=DIRECTION('ref_axis',(-1.,0.,0.));
#3491=DIRECTION('center_axis',(0.,0.,1.));
#3492=DIRECTION('ref_axis',(1.,0.,0.));
#3493=DIRECTION('center_axis',(0.,0.,-1.));
#3494=DIRECTION('ref_axis',(1.,0.,0.));
#3495=DIRECTION('',(0.,0.,1.));
#3496=DIRECTION('center_axis',(0.,0.,-1.));
#3497=DIRECTION('ref_axis',(1.,0.,0.));
#3498=DIRECTION('center_axis',(0.,0.,-1.));
#3499=DIRECTION('ref_axis',(-1.,0.,0.));
#3500=DIRECTION('center_axis',(0.,0.,1.));
#3501=DIRECTION('ref_axis',(1.,0.,0.));
#3502=DIRECTION('center_axis',(0.,0.,-1.));
#3503=DIRECTION('ref_axis',(1.,0.,0.));
#3504=DIRECTION('',(0.,0.,1.));
#3505=DIRECTION('center_axis',(0.,0.,-1.));
#3506=DIRECTION('ref_axis',(1.,0.,0.));
#3507=DIRECTION('center_axis',(0.,0.,-1.));
#3508=DIRECTION('ref_axis',(-1.,0.,0.));
#3509=DIRECTION('center_axis',(0.,0.,1.));
#3510=DIRECTION('ref_axis',(1.,0.,0.));
#3511=DIRECTION('center_axis',(0.,0.,-1.));
#3512=DIRECTION('ref_axis',(1.,0.,0.));
#3513=DIRECTION('',(0.,0.,1.));
#3514=DIRECTION('center_axis',(0.,0.,-1.));
#3515=DIRECTION('ref_axis',(1.,0.,0.));
#3516=DIRECTION('center_axis',(0.,0.,-1.));
#3517=DIRECTION('ref_axis',(-1.,0.,0.));
#3518=DIRECTION('center_axis',(0.,0.,1.));
#3519=DIRECTION('ref_axis',(1.,0.,0.));
#3520=DIRECTION('center_axis',(0.,0.,-1.));
#3521=DIRECTION('ref_axis',(1.,0.,0.));
#3522=DIRECTION('',(0.,0.,1.));
#3523=DIRECTION('center_axis',(0.,0.,-1.));
#3524=DIRECTION('ref_axis',(1.,0.,0.));
#3525=DIRECTION('center_axis',(0.,0.,-1.));
#3526=DIRECTION('ref_axis',(-1.,0.,0.));
#3527=DIRECTION('center_axis',(0.,0.,1.));
#3528=DIRECTION('ref_axis',(1.,0.,0.));
#3529=DIRECTION('center_axis',(0.,0.,-1.));
#3530=DIRECTION('ref_axis',(1.,0.,0.));
#3531=DIRECTION('',(0.,0.,1.));
#3532=DIRECTION('center_axis',(0.,0.,-1.));
#3533=DIRECTION('ref_axis',(1.,0.,0.));
#3534=DIRECTION('center_axis',(0.,0.,-1.));
#3535=DIRECTION('ref_axis',(-1.,0.,0.));
#3536=DIRECTION('center_axis',(0.,0.,1.));
#3537=DIRECTION('ref_axis',(1.,0.,0.));
#3538=DIRECTION('center_axis',(0.,0.,-1.));
#3539=DIRECTION('ref_axis',(1.,0.,0.));
#3540=DIRECTION('',(0.,0.,1.));
#3541=DIRECTION('center_axis',(0.,0.,-1.));
#3542=DIRECTION('ref_axis',(1.,0.,0.));
#3543=DIRECTION('center_axis',(0.,0.,-1.));
#3544=DIRECTION('ref_axis',(-1.,0.,0.));
#3545=DIRECTION('center_axis',(0.,0.,1.));
#3546=DIRECTION('ref_axis',(1.,0.,0.));
#3547=DIRECTION('center_axis',(0.,0.,-1.));
#3548=DIRECTION('ref_axis',(1.,0.,0.));
#3549=DIRECTION('',(0.,0.,1.));
#3550=DIRECTION('center_axis',(0.,0.,-1.));
#3551=DIRECTION('ref_axis',(1.,0.,0.));
#3552=DIRECTION('center_axis',(0.,0.,-1.));
#3553=DIRECTION('ref_axis',(-1.,0.,0.));
#3554=DIRECTION('center_axis',(0.,0.,1.));
#3555=DIRECTION('ref_axis',(1.,0.,0.));
#3556=DIRECTION('center_axis',(0.,0.,-1.));
#3557=DIRECTION('ref_axis',(1.,0.,0.));
#3558=DIRECTION('',(0.,0.,1.));
#3559=DIRECTION('center_axis',(0.,0.,-1.));
#3560=DIRECTION('ref_axis',(1.,0.,0.));
#3561=DIRECTION('center_axis',(0.,0.,-1.));
#3562=DIRECTION('ref_axis',(-1.,0.,0.));
#3563=DIRECTION('center_axis',(0.,0.,1.));
#3564=DIRECTION('ref_axis',(1.,0.,0.));
#3565=DIRECTION('center_axis',(0.,0.,-1.));
#3566=DIRECTION('ref_axis',(1.,0.,0.));
#3567=DIRECTION('',(0.,0.,1.));
#3568=DIRECTION('center_axis',(0.,0.,-1.));
#3569=DIRECTION('ref_axis',(1.,0.,0.));
#3570=DIRECTION('center_axis',(0.,0.,-1.));
#3571=DIRECTION('ref_axis',(-1.,0.,0.));
#3572=DIRECTION('center_axis',(0.,0.,1.));
#3573=DIRECTION('ref_axis',(1.,0.,0.));
#3574=DIRECTION('center_axis',(0.,0.,-1.));
#3575=DIRECTION('ref_axis',(1.,0.,0.));
#3576=DIRECTION('',(0.,0.,1.));
#3577=DIRECTION('center_axis',(0.,0.,-1.));
#3578=DIRECTION('ref_axis',(1.,0.,0.));
#3579=DIRECTION('center_axis',(0.,0.,-1.));
#3580=DIRECTION('ref_axis',(-1.,0.,0.));
#3581=DIRECTION('center_axis',(0.,0.,1.));
#3582=DIRECTION('ref_axis',(1.,0.,0.));
#3583=DIRECTION('center_axis',(0.,0.,-1.));
#3584=DIRECTION('ref_axis',(1.,0.,0.));
#3585=DIRECTION('',(0.,0.,1.));
#3586=DIRECTION('center_axis',(0.,0.,-1.));
#3587=DIRECTION('ref_axis',(1.,0.,0.));
#3588=DIRECTION('center_axis',(0.,0.,-1.));
#3589=DIRECTION('ref_axis',(-1.,0.,0.));
#3590=DIRECTION('center_axis',(0.,0.,1.));
#3591=DIRECTION('ref_axis',(1.,0.,0.));
#3592=DIRECTION('center_axis',(0.,0.,-1.));
#3593=DIRECTION('ref_axis',(1.,0.,0.));
#3594=DIRECTION('',(0.,0.,1.));
#3595=DIRECTION('center_axis',(0.,0.,-1.));
#3596=DIRECTION('ref_axis',(1.,0.,0.));
#3597=DIRECTION('center_axis',(0.,0.,-1.));
#3598=DIRECTION('ref_axis',(-1.,0.,0.));
#3599=DIRECTION('center_axis',(0.,0.,1.));
#3600=DIRECTION('ref_axis',(1.,0.,0.));
#3601=DIRECTION('center_axis',(0.,0.,1.));
#3602=DIRECTION('ref_axis',(1.,0.,0.));
#3603=DIRECTION('',(0.,0.,-1.));
#3604=DIRECTION('center_axis',(0.,0.,1.));
#3605=DIRECTION('ref_axis',(1.,0.,0.));
#3606=DIRECTION('center_axis',(0.,0.,1.));
#3607=DIRECTION('ref_axis',(1.,0.,0.));
#3608=DIRECTION('center_axis',(0.,0.,1.));
#3609=DIRECTION('ref_axis',(1.,0.,0.));
#3610=DIRECTION('',(0.,0.,-1.));
#3611=DIRECTION('center_axis',(0.,0.,1.));
#3612=DIRECTION('ref_axis',(1.,0.,0.));
#3613=DIRECTION('center_axis',(0.,0.,1.));
#3614=DIRECTION('ref_axis',(1.,0.,0.));
#3615=DIRECTION('center_axis',(0.,0.,1.));
#3616=DIRECTION('ref_axis',(1.,0.,0.));
#3617=DIRECTION('',(0.,0.,-1.));
#3618=DIRECTION('center_axis',(0.,0.,1.));
#3619=DIRECTION('ref_axis',(1.,0.,0.));
#3620=DIRECTION('center_axis',(0.,0.,1.));
#3621=DIRECTION('ref_axis',(1.,0.,0.));
#3622=DIRECTION('center_axis',(0.,0.,1.));
#3623=DIRECTION('ref_axis',(1.,0.,0.));
#3624=DIRECTION('',(0.,0.,-1.));
#3625=DIRECTION('center_axis',(0.,0.,1.));
#3626=DIRECTION('ref_axis',(1.,0.,0.));
#3627=DIRECTION('center_axis',(0.,0.,1.));
#3628=DIRECTION('ref_axis',(1.,0.,0.));
#3629=DIRECTION('center_axis',(0.,0.,1.));
#3630=DIRECTION('ref_axis',(1.,0.,0.));
#3631=DIRECTION('',(0.,0.,-1.));
#3632=DIRECTION('center_axis',(0.,0.,1.));
#3633=DIRECTION('ref_axis',(1.,0.,0.));
#3634=DIRECTION('center_axis',(0.,0.,1.));
#3635=DIRECTION('ref_axis',(1.,0.,0.));
#3636=DIRECTION('center_axis',(0.,0.,1.));
#3637=DIRECTION('ref_axis',(1.,0.,0.));
#3638=DIRECTION('',(0.,0.,-1.));
#3639=DIRECTION('center_axis',(0.,0.,1.));
#3640=DIRECTION('ref_axis',(1.,0.,0.));
#3641=DIRECTION('center_axis',(0.,0.,1.));
#3642=DIRECTION('ref_axis',(1.,0.,0.));
#3643=DIRECTION('center_axis',(0.,0.,1.));
#3644=DIRECTION('ref_axis',(1.,0.,0.));
#3645=DIRECTION('',(0.,0.,-1.));
#3646=DIRECTION('center_axis',(0.,0.,1.));
#3647=DIRECTION('ref_axis',(1.,0.,0.));
#3648=DIRECTION('center_axis',(0.,0.,1.));
#3649=DIRECTION('ref_axis',(1.,0.,0.));
#3650=DIRECTION('center_axis',(0.,0.,1.));
#3651=DIRECTION('ref_axis',(1.,0.,0.));
#3652=DIRECTION('',(0.,0.,-1.));
#3653=DIRECTION('center_axis',(0.,0.,1.));
#3654=DIRECTION('ref_axis',(1.,0.,0.));
#3655=DIRECTION('center_axis',(0.,0.,1.));
#3656=DIRECTION('ref_axis',(1.,0.,0.));
#3657=DIRECTION('center_axis',(0.,0.,1.));
#3658=DIRECTION('ref_axis',(1.,0.,0.));
#3659=DIRECTION('',(0.,0.,-1.));
#3660=DIRECTION('center_axis',(0.,0.,1.));
#3661=DIRECTION('ref_axis',(1.,0.,0.));
#3662=DIRECTION('center_axis',(0.,0.,1.));
#3663=DIRECTION('ref_axis',(1.,0.,0.));
#3664=DIRECTION('center_axis',(0.,0.,1.));
#3665=DIRECTION('ref_axis',(1.,0.,0.));
#3666=DIRECTION('',(0.,0.,-1.));
#3667=DIRECTION('center_axis',(0.,0.,1.));
#3668=DIRECTION('ref_axis',(1.,0.,0.));
#3669=DIRECTION('center_axis',(0.,0.,1.));
#3670=DIRECTION('ref_axis',(1.,0.,0.));
#3671=DIRECTION('center_axis',(0.,0.,1.));
#3672=DIRECTION('ref_axis',(1.,0.,0.));
#3673=DIRECTION('',(0.,0.,-1.));
#3674=DIRECTION('center_axis',(0.,0.,1.));
#3675=DIRECTION('ref_axis',(1.,0.,0.));
#3676=DIRECTION('center_axis',(0.,0.,1.));
#3677=DIRECTION('ref_axis',(1.,0.,0.));
#3678=DIRECTION('center_axis',(0.,0.,1.));
#3679=DIRECTION('ref_axis',(1.,0.,0.));
#3680=DIRECTION('',(0.,0.,-1.));
#3681=DIRECTION('center_axis',(0.,0.,1.));
#3682=DIRECTION('ref_axis',(1.,0.,0.));
#3683=DIRECTION('center_axis',(0.,0.,1.));
#3684=DIRECTION('ref_axis',(1.,0.,0.));
#3685=DIRECTION('center_axis',(0.,0.,1.));
#3686=DIRECTION('ref_axis',(1.,0.,0.));
#3687=DIRECTION('',(0.,0.,-1.));
#3688=DIRECTION('center_axis',(0.,0.,1.));
#3689=DIRECTION('ref_axis',(1.,0.,0.));
#3690=DIRECTION('center_axis',(0.,0.,1.));
#3691=DIRECTION('ref_axis',(1.,0.,0.));
#3692=DIRECTION('center_axis',(0.,0.,1.));
#3693=DIRECTION('ref_axis',(1.,0.,0.));
#3694=DIRECTION('',(0.,0.,-1.));
#3695=DIRECTION('center_axis',(0.,0.,1.));
#3696=DIRECTION('ref_axis',(1.,0.,0.));
#3697=DIRECTION('center_axis',(0.,0.,1.));
#3698=DIRECTION('ref_axis',(1.,0.,0.));
#3699=DIRECTION('center_axis',(0.,0.,1.));
#3700=DIRECTION('ref_axis',(1.,0.,0.));
#3701=DIRECTION('',(0.,0.,-1.));
#3702=DIRECTION('center_axis',(0.,0.,1.));
#3703=DIRECTION('ref_axis',(1.,0.,0.));
#3704=DIRECTION('center_axis',(0.,0.,1.));
#3705=DIRECTION('ref_axis',(1.,0.,0.));
#3706=DIRECTION('center_axis',(0.,0.,1.));
#3707=DIRECTION('ref_axis',(1.,0.,0.));
#3708=DIRECTION('',(0.,0.,-1.));
#3709=DIRECTION('center_axis',(0.,0.,1.));
#3710=DIRECTION('ref_axis',(1.,0.,0.));
#3711=DIRECTION('center_axis',(1.,0.,0.));
#3712=DIRECTION('ref_axis',(0.,1.,0.));
#3713=DIRECTION('',(0.,-1.,0.));
#3714=DIRECTION('',(0.,0.,-1.));
#3715=DIRECTION('',(0.,0.939692620785909,-0.342020143325669));
#3716=DIRECTION('',(0.,0.342020143325669,0.939692620785909));
#3717=DIRECTION('',(0.,1.,0.));
#3718=DIRECTION('',(0.,0.,-1.));
#3719=DIRECTION('',(0.,0.,1.));
#3720=DIRECTION('center_axis',(0.,0.,1.));
#3721=DIRECTION('ref_axis',(1.,0.,0.));
#3722=DIRECTION('center_axis',(0.,0.,1.));
#3723=DIRECTION('ref_axis',(1.,0.,0.));
#3724=DIRECTION('',(0.,0.,1.));
#3725=DIRECTION('center_axis',(0.,-1.,0.));
#3726=DIRECTION('ref_axis',(1.,0.,0.));
#3727=DIRECTION('',(-1.,0.,0.));
#3728=DIRECTION('',(0.,0.,-1.));
#3729=DIRECTION('center_axis',(0.,0.,1.));
#3730=DIRECTION('ref_axis',(1.,0.,0.));
#3731=DIRECTION('center_axis',(0.,0.,1.));
#3732=DIRECTION('ref_axis',(1.,0.,0.));
#3733=DIRECTION('center_axis',(0.,0.,1.));
#3734=DIRECTION('ref_axis',(1.,0.,0.));
#3735=DIRECTION('center_axis',(0.,0.,1.));
#3736=DIRECTION('ref_axis',(1.,0.,0.));
#3737=DIRECTION('center_axis',(0.,-0.342020143325669,-0.939692620785908));
#3738=DIRECTION('ref_axis',(0.,0.939692620785908,-0.342020143325669));
#3739=DIRECTION('center_axis',(0.,0.939692620785908,-0.342020143325669));
#3740=DIRECTION('ref_axis',(0.,0.342020143325669,0.939692620785908));
#3741=DIRECTION('',(0.,0.,1.));
#3742=DIRECTION('center_axis',(0.,0.,1.));
#3743=DIRECTION('ref_axis',(1.,0.,0.));
#3744=DIRECTION('center_axis',(0.,0.,1.));
#3745=DIRECTION('ref_axis',(1.,0.,0.));
#3746=DIRECTION('',(0.,0.,-1.));
#3747=DIRECTION('center_axis',(0.,0.939692620785908,-0.342020143325669));
#3748=DIRECTION('ref_axis',(0.,0.342020143325669,0.939692620785908));
#3749=DIRECTION('center_axis',(0.,-0.342020143325669,-0.939692620785908));
#3750=DIRECTION('ref_axis',(0.,0.939692620785908,-0.342020143325669));
#3751=DIRECTION('center_axis',(0.,-1.,0.));
#3752=DIRECTION('ref_axis',(1.,0.,0.));
#3753=DIRECTION('',(1.,0.,0.));
#3754=DIRECTION('',(-1.,0.,0.));
#3755=DIRECTION('center_axis',(0.,-0.939692620785908,0.342020143325669));
#3756=DIRECTION('ref_axis',(1.,0.,0.));
#3757=DIRECTION('',(0.,0.939692620785909,-0.342020143325669));
#3758=DIRECTION('center_axis',(0.,0.939692620785908,-0.342020143325669));
#3759=DIRECTION('ref_axis',(1.,0.,0.));
#3760=DIRECTION('center_axis',(0.,-0.939692620785908,0.342020143325669));
#3761=DIRECTION('ref_axis',(0.,-0.342020143325669,-0.939692620785908));
#3762=DIRECTION('',(-1.,0.,0.));
#3763=DIRECTION('center_axis',(0.,0.342020143325669,0.939692620785908));
#3764=DIRECTION('ref_axis',(0.,-0.939692620785909,0.342020143325669));
#3765=DIRECTION('',(0.,0.939692620785909,-0.342020143325669));
#3766=DIRECTION('',(-1.,0.,0.));
#3767=DIRECTION('',(0.,-0.939692620785908,0.342020143325669));
#3768=DIRECTION('',(-1.,0.,0.));
#3769=DIRECTION('',(0.,0.939692620785909,-0.342020143325669));
#3770=DIRECTION('',(-1.,0.,0.));
#3771=DIRECTION('center_axis',(0.,-0.342020143325669,-0.939692620785908));
#3772=DIRECTION('ref_axis',(1.,0.,0.));
#3773=DIRECTION('center_axis',(0.,-0.342020143325669,-0.939692620785908));
#3774=DIRECTION('ref_axis',(1.,0.,0.));
#3775=DIRECTION('',(-1.,0.,0.));
#3776=DIRECTION('',(0.,-0.939692620785909,0.342020143325669));
#3777=DIRECTION('',(-1.,0.,0.));
#3778=DIRECTION('',(0.,0.939692620785908,-0.342020143325669));
#3779=DIRECTION('',(-1.,0.,0.));
#3780=DIRECTION('center_axis',(0.,-0.342020143325669,-0.939692620785908));
#3781=DIRECTION('ref_axis',(1.,0.,0.));
#3782=DIRECTION('center_axis',(0.,-0.939692620785908,0.342020143325669));
#3783=DIRECTION('ref_axis',(1.,0.,0.));
#3784=DIRECTION('center_axis',(0.,0.939692620785908,-0.342020143325669));
#3785=DIRECTION('ref_axis',(1.,0.,0.));
#3786=DIRECTION('center_axis',(0.,-0.939692620785908,0.342020143325669));
#3787=DIRECTION('ref_axis',(1.,0.,0.));
#3788=DIRECTION('',(-1.,0.,0.));
#3789=DIRECTION('',(0.,-0.342020143325669,-0.939692620785909));
#3790=DIRECTION('center_axis',(0.,0.,1.));
#3791=DIRECTION('ref_axis',(0.,-1.,0.));
#3792=DIRECTION('center_axis',(0.,0.,1.));
#3793=DIRECTION('ref_axis',(0.,1.,0.));
#3794=DIRECTION('center_axis',(0.,0.,1.));
#3795=DIRECTION('ref_axis',(0.,1.,0.));
#3796=DIRECTION('center_axis',(0.,0.342020143325669,0.939692620785908));
#3797=DIRECTION('ref_axis',(1.,0.,0.));
#3798=DIRECTION('',(0.,0.342020143325669,0.939692620785908));
#3799=DIRECTION('center_axis',(0.,0.342020143325669,0.939692620785908));
#3800=DIRECTION('ref_axis',(1.,0.,0.));
#3801=DIRECTION('center_axis',(0.,0.342020143325669,0.939692620785908));
#3802=DIRECTION('ref_axis',(1.,0.,0.));
#3803=DIRECTION('center_axis',(0.,-0.342020143325669,-0.939692620785908));
#3804=DIRECTION('ref_axis',(1.,0.,0.));
#3805=DIRECTION('center_axis',(0.,0.342020143325669,0.939692620785908));
#3806=DIRECTION('ref_axis',(1.,0.,0.));
#3807=DIRECTION('',(0.,0.342020143325669,0.939692620785908));
#3808=DIRECTION('center_axis',(0.,0.342020143325669,0.939692620785908));
#3809=DIRECTION('ref_axis',(1.,0.,0.));
#3810=DIRECTION('',(0.,0.342020143325669,0.939692620785908));
#3811=DIRECTION('center_axis',(0.,0.342020143325669,0.939692620785908));
#3812=DIRECTION('ref_axis',(1.,0.,0.));
#3813=DIRECTION('center_axis',(0.,0.342020143325669,0.939692620785908));
#3814=DIRECTION('ref_axis',(1.,0.,0.));
#3815=DIRECTION('center_axis',(0.,-0.342020143325669,-0.939692620785908));
#3816=DIRECTION('ref_axis',(1.,0.,0.));
#3817=DIRECTION('center_axis',(0.,0.342020143325669,0.939692620785908));
#3818=DIRECTION('ref_axis',(1.,0.,0.));
#3819=DIRECTION('',(0.,0.342020143325669,0.939692620785908));
#3820=DIRECTION('center_axis',(0.,-1.,0.));
#3821=DIRECTION('ref_axis',(0.,0.,-1.));
#3822=DIRECTION('center_axis',(0.,-1.,0.));
#3823=DIRECTION('ref_axis',(1.,0.,0.));
#3824=DIRECTION('',(0.,0.,1.));
#3825=DIRECTION('',(1.,0.,0.));
#3826=DIRECTION('',(0.,0.,-1.));
#3827=DIRECTION('center_axis',(1.,0.,0.));
#3828=DIRECTION('ref_axis',(0.,1.,0.));
#3829=DIRECTION('',(0.,1.,0.));
#3830=DIRECTION('',(0.,0.,-1.));
#3831=DIRECTION('',(0.,1.,0.));
#3832=DIRECTION('',(0.,0.342020143325669,0.939692620785909));
#3833=DIRECTION('center_axis',(0.,0.,1.));
#3834=DIRECTION('ref_axis',(0.,-1.,0.));
#3835=DIRECTION('',(1.,0.,0.));
#3836=DIRECTION('',(0.,-1.,0.));
#3837=DIRECTION('',(-1.,0.,0.));
#3838=DIRECTION('',(0.,1.,0.));
#3839=DIRECTION('',(1.,0.,0.));
#3840=DIRECTION('',(0.,1.,0.));
#3841=DIRECTION('center_axis',(0.,-1.,0.));
#3842=DIRECTION('ref_axis',(1.,0.,0.));
#3843=DIRECTION('',(0.,0.,-1.));
#3844=DIRECTION('',(0.,0.,1.));
#3845=DIRECTION('center_axis',(1.,0.,0.));
#3846=DIRECTION('ref_axis',(0.,1.,0.));
#3847=DIRECTION('center_axis',(-1.,0.,0.));
#3848=DIRECTION('ref_axis',(0.,-1.,0.));
#3849=DIRECTION('',(0.,0.,-1.));
#3850=DIRECTION('center_axis',(0.,-1.,0.));
#3851=DIRECTION('ref_axis',(1.,0.,0.));
#3852=DIRECTION('',(0.,0.,1.));
#3853=DIRECTION('center_axis',(-1.,0.,0.));
#3854=DIRECTION('ref_axis',(0.,-1.,0.));
#3855=DIRECTION('',(0.,-1.,0.));
#3856=DIRECTION('',(0.,0.,1.));
#3857=DIRECTION('center_axis',(0.,-1.,0.));
#3858=DIRECTION('ref_axis',(1.,0.,0.));
#3859=DIRECTION('',(1.,0.,0.));
#3860=DIRECTION('',(1.,0.,0.));
#3861=DIRECTION('center_axis',(0.,-0.939692620785908,0.342020143325669));
#3862=DIRECTION('ref_axis',(1.,0.,0.));
#3863=DIRECTION('',(-1.,0.,0.));
#3864=DIRECTION('center_axis',(0.,0.,1.));
#3865=DIRECTION('ref_axis',(0.,-1.,0.));
#3866=DIRECTION('center_axis',(0.,0.,1.));
#3867=DIRECTION('ref_axis',(0.,-1.,0.));
#3868=CARTESIAN_POINT('',(0.,0.,0.));
#3869=CARTESIAN_POINT('Origin',(125.,76.,0.695));
#3870=CARTESIAN_POINT('',(121.909929078014,76.,0.));
#3871=CARTESIAN_POINT('Origin',(125.,76.,0.));
#3872=CARTESIAN_POINT('',(123.3,76.,1.4));
#3873=CARTESIAN_POINT('',(122.6,76.,0.695));
#3874=CARTESIAN_POINT('Origin',(125.,76.,1.4));
#3875=CARTESIAN_POINT('Origin',(125.,76.,1.));
#3876=CARTESIAN_POINT('',(123.3,76.,2.));
#3877=CARTESIAN_POINT('',(123.3,76.,1.));
#3878=CARTESIAN_POINT('Origin',(125.,76.,2.));
#3879=CARTESIAN_POINT('Origin',(50.,77.5,0.695));
#3880=CARTESIAN_POINT('',(46.9099290780142,77.5,0.));
#3881=CARTESIAN_POINT('Origin',(50.,77.5,0.));
#3882=CARTESIAN_POINT('',(48.3,77.5,1.4));
#3883=CARTESIAN_POINT('',(47.6,77.5,0.695));
#3884=CARTESIAN_POINT('Origin',(50.,77.5,1.4));
#3885=CARTESIAN_POINT('Origin',(50.,77.5,1.));
#3886=CARTESIAN_POINT('',(48.3,77.5,2.));
#3887=CARTESIAN_POINT('',(48.3,77.5,1.));
#3888=CARTESIAN_POINT('Origin',(50.,77.5,2.));
#3889=CARTESIAN_POINT('Origin',(125.,30.,0.695));
#3890=CARTESIAN_POINT('',(121.909929078014,30.,0.));
#3891=CARTESIAN_POINT('Origin',(125.,30.,0.));
#3892=CARTESIAN_POINT('',(123.3,30.,1.4));
#3893=CARTESIAN_POINT('',(122.6,30.,0.695));
#3894=CARTESIAN_POINT('Origin',(125.,30.,1.4));
#3895=CARTESIAN_POINT('Origin',(125.,30.,1.));
#3896=CARTESIAN_POINT('',(123.3,30.,2.));
#3897=CARTESIAN_POINT('',(123.3,30.,1.));
#3898=CARTESIAN_POINT('Origin',(125.,30.,2.));
#3899=CARTESIAN_POINT('Origin',(68.,30.,0.695));
#3900=CARTESIAN_POINT('',(64.9099290780142,30.,0.));
#3901=CARTESIAN_POINT('Origin',(68.,30.,0.));
#3902=CARTESIAN_POINT('',(66.3,30.,1.4));
#3903=CARTESIAN_POINT('',(65.6,30.,0.695));
#3904=CARTESIAN_POINT('Origin',(68.,30.,1.4));
#3905=CARTESIAN_POINT('Origin',(68.,30.,1.));
#3906=CARTESIAN_POINT('',(66.3,30.,2.));
#3907=CARTESIAN_POINT('',(66.3,30.,1.));
#3908=CARTESIAN_POINT('Origin',(68.,30.,2.));
#3909=CARTESIAN_POINT('Origin',(0.,25.,28.2000000000001));
#3910=CARTESIAN_POINT('',(47.3,30.,27.7491803278689));
#3911=CARTESIAN_POINT('',(47.3,73.5,23.8270491803279));
#3912=CARTESIAN_POINT('',(47.3,38.8017530823059,26.95557964012));
#3913=CARTESIAN_POINT('',(48.8,30.,27.7491803278689));
#3914=CARTESIAN_POINT('',(24.025,30.,27.7491803278689));
#3915=CARTESIAN_POINT('',(48.8,72.,23.9622950819673));
#3916=CARTESIAN_POINT('',(48.8,38.8017530823059,26.95557964012));
#3917=CARTESIAN_POINT('',(74.3,72.,23.9622950819673));
#3918=CARTESIAN_POINT('',(30.775,72.,23.9622950819673));
#3919=CARTESIAN_POINT('',(74.3,30.,27.7491803278689));
#3920=CARTESIAN_POINT('',(74.3,38.8017530823059,26.95557964012));
#3921=CARTESIAN_POINT('',(75.8,30.,27.7491803278689));
#3922=CARTESIAN_POINT('',(37.525,30.,27.7491803278689));
#3923=CARTESIAN_POINT('',(75.8,50.,25.9459016393443));
#3924=CARTESIAN_POINT('',(75.8,38.8017530823059,26.95557964012));
#3925=CARTESIAN_POINT('',(130.1,50.,25.9459016393443));
#3926=CARTESIAN_POINT('',(51.4725,50.,25.9459016393443));
#3927=CARTESIAN_POINT('',(130.1,51.5,25.810655737705));
#3928=CARTESIAN_POINT('',(130.1,33.399746751083,27.4426457847385));
#3929=CARTESIAN_POINT('',(75.8,51.5,25.810655737705));
#3930=CARTESIAN_POINT('',(51.4725,51.5,25.810655737705));
#3931=CARTESIAN_POINT('',(75.8,73.5,23.8270491803279));
#3932=CARTESIAN_POINT('',(75.8,38.8017530823059,26.95557964012));
#3933=CARTESIAN_POINT('',(37.525,73.5,23.8270491803279));
#3934=CARTESIAN_POINT('Origin',(75.8,51.75,16.245));
#3935=CARTESIAN_POINT('',(75.8,30.,2.));
#3936=CARTESIAN_POINT('',(75.8,30.,16.245));
#3937=CARTESIAN_POINT('',(75.8,50.,2.));
#3938=CARTESIAN_POINT('',(75.8,47.375,2.));
#3939=CARTESIAN_POINT('',(75.8,50.,16.245));
#3940=CARTESIAN_POINT('Origin',(75.05,30.,16.245));
#3941=CARTESIAN_POINT('',(74.3,30.,2.));
#3942=CARTESIAN_POINT('',(74.3,30.,16.245));
#3943=CARTESIAN_POINT('',(68.85,30.,2.));
#3944=CARTESIAN_POINT('Origin',(74.3,51.75,16.245));
#3945=CARTESIAN_POINT('',(74.3,72.,2.));
#3946=CARTESIAN_POINT('',(74.3,72.,16.245));
#3947=CARTESIAN_POINT('',(74.3,47.375,2.));
#3948=CARTESIAN_POINT('',(74.3,68.9,4.));
#3949=CARTESIAN_POINT('',(74.3,68.9,10.));
#3950=CARTESIAN_POINT('',(74.3,68.9,11.6225));
#3951=CARTESIAN_POINT('',(74.3,60.1,10.));
#3952=CARTESIAN_POINT('',(74.3,58.125,10.));
#3953=CARTESIAN_POINT('',(74.3,60.1,4.));
#3954=CARTESIAN_POINT('',(74.3,60.1,11.6225));
#3955=CARTESIAN_POINT('',(74.3,58.125,4.));
#3956=CARTESIAN_POINT('Origin',(61.55,72.,16.245));
#3957=CARTESIAN_POINT('',(48.8,72.,2.));
#3958=CARTESIAN_POINT('',(48.8,72.,16.245));
#3959=CARTESIAN_POINT('',(62.1,72.,2.));
#3960=CARTESIAN_POINT('Origin',(48.8,51.75,16.245));
#3961=CARTESIAN_POINT('',(48.8,30.,2.));
#3962=CARTESIAN_POINT('',(48.8,30.,16.245));
#3963=CARTESIAN_POINT('',(48.8,47.375,2.));
#3964=CARTESIAN_POINT('Origin',(48.05,30.,16.245));
#3965=CARTESIAN_POINT('',(47.3,30.,2.));
#3966=CARTESIAN_POINT('',(47.3,30.,16.245));
#3967=CARTESIAN_POINT('',(55.35,30.,2.));
#3968=CARTESIAN_POINT('Origin',(44.3,72.75,4.995));
#3969=CARTESIAN_POINT('',(44.3,73.5,2.));
#3970=CARTESIAN_POINT('',(44.3,74.,2.));
#3971=CARTESIAN_POINT('',(44.3,57.875,2.));
#3972=CARTESIAN_POINT('',(44.3,73.5,6.));
#3973=CARTESIAN_POINT('',(44.3,73.5,3.995));
#3974=CARTESIAN_POINT('',(44.3,71.5,6.));
#3975=CARTESIAN_POINT('',(44.3,72.45,6.));
#3976=CARTESIAN_POINT('',(44.3,71.5,8.));
#3977=CARTESIAN_POINT('',(44.3,71.5,4.995));
#3978=CARTESIAN_POINT('',(44.3,74.,8.));
#3979=CARTESIAN_POINT('',(44.3,72.75,8.));
#3980=CARTESIAN_POINT('',(44.3,74.,4.995));
#3981=CARTESIAN_POINT('Origin',(44.8,71.5,4.995));
#3982=CARTESIAN_POINT('',(45.3,71.5,2.));
#3983=CARTESIAN_POINT('',(44.3,71.5,2.));
#3984=CARTESIAN_POINT('',(53.725,71.5,2.));
#3985=CARTESIAN_POINT('',(45.3,71.5,8.));
#3986=CARTESIAN_POINT('',(45.3,71.5,4.995));
#3987=CARTESIAN_POINT('',(44.8,71.5,8.));
#3988=CARTESIAN_POINT('',(44.3,71.5,4.495));
#3989=CARTESIAN_POINT('Origin',(34.3,71.5,4.995));
#3990=CARTESIAN_POINT('',(34.8,71.5,2.));
#3991=CARTESIAN_POINT('',(33.8,71.5,2.));
#3992=CARTESIAN_POINT('',(48.475,71.5,2.));
#3993=CARTESIAN_POINT('',(34.8,71.5,6.));
#3994=CARTESIAN_POINT('',(34.8,71.5,4.495));
#3995=CARTESIAN_POINT('',(34.8,71.5,8.));
#3996=CARTESIAN_POINT('',(34.8,71.5,4.995));
#3997=CARTESIAN_POINT('',(33.8,71.5,8.));
#3998=CARTESIAN_POINT('',(34.3,71.5,8.));
#3999=CARTESIAN_POINT('',(33.8,71.5,4.995));
#4000=CARTESIAN_POINT('Origin',(34.8,72.75,4.995));
#4001=CARTESIAN_POINT('',(34.8,74.,2.));
#4002=CARTESIAN_POINT('',(34.8,73.5,2.));
#4003=CARTESIAN_POINT('',(34.8,57.875,2.));
#4004=CARTESIAN_POINT('',(34.8,74.,8.));
#4005=CARTESIAN_POINT('',(34.8,74.,4.995));
#4006=CARTESIAN_POINT('',(34.8,72.75,8.));
#4007=CARTESIAN_POINT('',(34.8,73.5,6.));
#4008=CARTESIAN_POINT('',(34.8,72.45,6.));
#4009=CARTESIAN_POINT('',(34.8,73.5,3.995));
#4010=CARTESIAN_POINT('Origin',(39.55,74.,4.995));
#4011=CARTESIAN_POINT('',(39.55,74.,8.));
#4012=CARTESIAN_POINT('',(51.1,74.,2.));
#4013=CARTESIAN_POINT('Origin',(44.8,63.,4.995));
#4014=CARTESIAN_POINT('',(44.3,63.,2.));
#4015=CARTESIAN_POINT('',(45.3,63.,2.));
#4016=CARTESIAN_POINT('',(53.725,63.,2.));
#4017=CARTESIAN_POINT('',(44.3,63.,4.8));
#4018=CARTESIAN_POINT('',(44.3,63.,4.195));
#4019=CARTESIAN_POINT('',(44.3,63.,8.));
#4020=CARTESIAN_POINT('',(44.3,63.,4.995));
#4021=CARTESIAN_POINT('',(45.3,63.,8.));
#4022=CARTESIAN_POINT('',(44.8,63.,8.));
#4023=CARTESIAN_POINT('',(45.3,63.,4.995));
#4024=CARTESIAN_POINT('Origin',(44.3,61.75,4.995));
#4025=CARTESIAN_POINT('',(44.3,60.5,2.));
#4026=CARTESIAN_POINT('',(44.3,61.9,2.));
#4027=CARTESIAN_POINT('',(44.3,52.375,2.));
#4028=CARTESIAN_POINT('',(44.3,60.5,8.));
#4029=CARTESIAN_POINT('',(44.3,60.5,4.995));
#4030=CARTESIAN_POINT('',(44.3,61.75,8.));
#4031=CARTESIAN_POINT('',(44.3,61.9,4.8));
#4032=CARTESIAN_POINT('',(44.3,62.9,4.8));
#4033=CARTESIAN_POINT('',(44.3,61.9,3.395));
#4034=CARTESIAN_POINT('Origin',(39.55,60.5,4.995));
#4035=CARTESIAN_POINT('',(34.8,60.5,2.));
#4036=CARTESIAN_POINT('',(51.1,60.5,2.));
#4037=CARTESIAN_POINT('',(34.8,60.5,8.));
#4038=CARTESIAN_POINT('',(34.8,60.5,4.995));
#4039=CARTESIAN_POINT('',(39.55,60.5,8.));
#4040=CARTESIAN_POINT('Origin',(62.65,43.,2.));
#4041=CARTESIAN_POINT('',(34.8,61.9,2.));
#4042=CARTESIAN_POINT('',(51.1,61.9,2.));
#4043=CARTESIAN_POINT('',(34.8,52.375,2.));
#4044=CARTESIAN_POINT('Origin',(34.8,61.75,4.995));
#4045=CARTESIAN_POINT('',(34.8,61.9,4.8));
#4046=CARTESIAN_POINT('',(34.8,61.9,3.395));
#4047=CARTESIAN_POINT('',(34.8,63.,4.8));
#4048=CARTESIAN_POINT('',(34.8,62.9,4.8));
#4049=CARTESIAN_POINT('',(34.8,63.,8.));
#4050=CARTESIAN_POINT('',(34.8,63.,4.995));
#4051=CARTESIAN_POINT('',(34.8,61.75,8.));
#4052=CARTESIAN_POINT('Origin',(34.3,63.,4.995));
#4053=CARTESIAN_POINT('',(33.8,63.,2.));
#4054=CARTESIAN_POINT('',(34.8,63.,2.));
#4055=CARTESIAN_POINT('',(48.475,63.,2.));
#4056=CARTESIAN_POINT('',(33.8,63.,8.));
#4057=CARTESIAN_POINT('',(33.8,63.,4.995));
#4058=CARTESIAN_POINT('',(34.3,63.,8.));
#4059=CARTESIAN_POINT('',(34.8,63.,4.195));
#4060=CARTESIAN_POINT('Origin',(45.3,74.5,4.995));
#4061=CARTESIAN_POINT('',(45.3,75.,2.));
#4062=CARTESIAN_POINT('',(45.3,57.875,2.));
#4063=CARTESIAN_POINT('',(45.3,75.,8.));
#4064=CARTESIAN_POINT('',(45.3,75.,4.995));
#4065=CARTESIAN_POINT('',(45.3,72.75,8.));
#4066=CARTESIAN_POINT('Origin',(39.55,75.,4.995));
#4067=CARTESIAN_POINT('',(33.8,75.,2.));
#4068=CARTESIAN_POINT('',(51.1,75.,2.));
#4069=CARTESIAN_POINT('',(33.8,75.,8.));
#4070=CARTESIAN_POINT('',(33.8,75.,4.995));
#4071=CARTESIAN_POINT('',(39.55,75.,8.));
#4072=CARTESIAN_POINT('Origin',(33.8,74.5,4.995));
#4073=CARTESIAN_POINT('',(33.8,57.875,2.));
#4074=CARTESIAN_POINT('',(33.8,72.75,8.));
#4075=CARTESIAN_POINT('Origin',(39.55,74.5,8.));
#4076=CARTESIAN_POINT('Origin',(45.3,60.,4.995));
#4077=CARTESIAN_POINT('',(45.3,59.5,2.));
#4078=CARTESIAN_POINT('',(45.3,52.375,2.));
#4079=CARTESIAN_POINT('',(45.3,59.5,8.));
#4080=CARTESIAN_POINT('',(45.3,60.,8.));
#4081=CARTESIAN_POINT('',(45.3,59.5,4.995));
#4082=CARTESIAN_POINT('Origin',(39.55,59.5,4.995));
#4083=CARTESIAN_POINT('',(33.8,59.5,2.));
#4084=CARTESIAN_POINT('',(51.1,59.5,2.));
#4085=CARTESIAN_POINT('',(33.8,59.5,8.));
#4086=CARTESIAN_POINT('',(39.55,59.5,8.));
#4087=CARTESIAN_POINT('',(33.8,59.5,4.995));
#4088=CARTESIAN_POINT('Origin',(33.8,60.,4.995));
#4089=CARTESIAN_POINT('',(33.8,52.375,2.));
#4090=CARTESIAN_POINT('',(33.8,60.,8.));
#4091=CARTESIAN_POINT('Origin',(39.55,60.,8.));
#4092=CARTESIAN_POINT('Origin',(44.3,72.45,3.995));
#4093=CARTESIAN_POINT('',(44.3,71.4,6.));
#4094=CARTESIAN_POINT('',(44.3,72.45,6.));
#4095=CARTESIAN_POINT('',(44.3,71.4,2.));
#4096=CARTESIAN_POINT('',(44.3,71.4,3.995));
#4097=CARTESIAN_POINT('',(44.3,57.725,2.));
#4098=CARTESIAN_POINT('Origin',(43.,73.5,3.995));
#4099=CARTESIAN_POINT('',(41.7,73.5,2.));
#4100=CARTESIAN_POINT('',(52.825,73.5,2.));
#4101=CARTESIAN_POINT('',(41.7,73.5,6.));
#4102=CARTESIAN_POINT('',(41.7,73.5,3.995));
#4103=CARTESIAN_POINT('',(43.,73.5,6.));
#4104=CARTESIAN_POINT('Origin',(43.,71.4,3.995));
#4105=CARTESIAN_POINT('',(41.7,71.4,2.));
#4106=CARTESIAN_POINT('',(52.825,71.4,2.));
#4107=CARTESIAN_POINT('',(41.7,71.4,6.));
#4108=CARTESIAN_POINT('',(43.,71.4,6.));
#4109=CARTESIAN_POINT('',(41.7,71.4,3.995));
#4110=CARTESIAN_POINT('Origin',(41.7,72.45,3.995));
#4111=CARTESIAN_POINT('',(41.7,57.725,2.));
#4112=CARTESIAN_POINT('',(41.7,72.45,6.));
#4113=CARTESIAN_POINT('Origin',(43.,72.45,6.));
#4114=CARTESIAN_POINT('Origin',(37.4,72.45,3.995));
#4115=CARTESIAN_POINT('',(37.4,73.5,2.));
#4116=CARTESIAN_POINT('',(37.4,71.4,2.));
#4117=CARTESIAN_POINT('',(37.4,57.725,2.));
#4118=CARTESIAN_POINT('',(37.4,73.5,6.));
#4119=CARTESIAN_POINT('',(37.4,73.5,3.995));
#4120=CARTESIAN_POINT('',(37.4,71.4,6.));
#4121=CARTESIAN_POINT('',(37.4,72.45,6.));
#4122=CARTESIAN_POINT('',(37.4,71.4,3.995));
#4123=CARTESIAN_POINT('Origin',(36.1,73.5,3.995));
#4124=CARTESIAN_POINT('',(49.375,73.5,2.));
#4125=CARTESIAN_POINT('',(36.1,73.5,6.));
#4126=CARTESIAN_POINT('Origin',(36.1,71.4,3.995));
#4127=CARTESIAN_POINT('',(34.8,71.4,2.));
#4128=CARTESIAN_POINT('',(49.375,71.4,2.));
#4129=CARTESIAN_POINT('',(34.8,71.4,6.));
#4130=CARTESIAN_POINT('',(36.1,71.4,6.));
#4131=CARTESIAN_POINT('',(34.8,71.4,3.995));
#4132=CARTESIAN_POINT('Origin',(34.8,72.45,3.995));
#4133=CARTESIAN_POINT('',(34.8,57.725,2.));
#4134=CARTESIAN_POINT('',(34.8,72.45,6.));
#4135=CARTESIAN_POINT('Origin',(36.1,72.45,6.));
#4136=CARTESIAN_POINT('Origin',(44.3,62.9,3.395));
#4137=CARTESIAN_POINT('',(44.3,63.9,2.));
#4138=CARTESIAN_POINT('',(44.3,52.95,2.));
#4139=CARTESIAN_POINT('',(44.3,63.9,4.8));
#4140=CARTESIAN_POINT('',(44.3,63.9,3.395));
#4141=CARTESIAN_POINT('',(44.3,62.9,4.8));
#4142=CARTESIAN_POINT('Origin',(39.55,63.9,3.395));
#4143=CARTESIAN_POINT('',(34.8,63.9,2.));
#4144=CARTESIAN_POINT('',(51.1,63.9,2.));
#4145=CARTESIAN_POINT('',(34.8,63.9,4.8));
#4146=CARTESIAN_POINT('',(34.8,63.9,3.395));
#4147=CARTESIAN_POINT('',(39.55,63.9,4.8));
#4148=CARTESIAN_POINT('Origin',(39.55,61.9,3.395));
#4149=CARTESIAN_POINT('',(39.55,61.9,4.8));
#4150=CARTESIAN_POINT('Origin',(34.8,62.9,3.395));
#4151=CARTESIAN_POINT('',(34.8,62.9,4.8));
#4152=CARTESIAN_POINT('',(34.8,52.95,2.));
#4153=CARTESIAN_POINT('Origin',(39.55,62.9,4.8));
#4154=CARTESIAN_POINT('Origin',(129.3,67.,5.495));
#4155=CARTESIAN_POINT('',(128.5,67.,2.));
#4156=CARTESIAN_POINT('',(130.1,67.,2.));
#4157=CARTESIAN_POINT('',(95.975,67.,2.));
#4158=CARTESIAN_POINT('',(128.5,67.,9.));
#4159=CARTESIAN_POINT('',(128.5,67.,5.495));
#4160=CARTESIAN_POINT('',(130.1,67.,9.));
#4161=CARTESIAN_POINT('',(129.3,67.,9.));
#4162=CARTESIAN_POINT('',(130.1,67.,5.495));
#4163=CARTESIAN_POINT('Origin',(129.3,51.,9.));
#4164=CARTESIAN_POINT('',(130.1,51.5,9.));
#4165=CARTESIAN_POINT('',(128.5,51.5,9.));
#4166=CARTESIAN_POINT('',(116.1225,51.5,9.));
#4167=CARTESIAN_POINT('',(130.1,51.,9.));
#4168=CARTESIAN_POINT('',(128.5,51.,9.));
#4169=CARTESIAN_POINT('Origin',(129.3,51.,9.));
#4170=CARTESIAN_POINT('',(128.5,50.,9.));
#4171=CARTESIAN_POINT('',(130.1,50.,9.));
#4172=CARTESIAN_POINT('',(116.1225,50.,9.));
#4173=CARTESIAN_POINT('',(128.5,35.,9.));
#4174=CARTESIAN_POINT('',(128.5,51.,9.));
#4175=CARTESIAN_POINT('',(130.1,35.,9.));
#4176=CARTESIAN_POINT('',(129.3,35.,9.));
#4177=CARTESIAN_POINT('',(130.1,51.,9.));
#4178=CARTESIAN_POINT('Origin',(129.3,35.,5.495));
#4179=CARTESIAN_POINT('',(130.1,35.,2.));
#4180=CARTESIAN_POINT('',(128.5,35.,2.));
#4181=CARTESIAN_POINT('',(95.975,35.,2.));
#4182=CARTESIAN_POINT('',(130.1,35.,5.495));
#4183=CARTESIAN_POINT('',(128.5,35.,5.495));
#4184=CARTESIAN_POINT('Origin',(62.65,43.,2.));
#4185=CARTESIAN_POINT('',(130.1,76.,2.));
#4186=CARTESIAN_POINT('',(130.1,43.,2.));
#4187=CARTESIAN_POINT('',(123.6,82.5,2.));
#4188=CARTESIAN_POINT('Origin',(123.6,76.,2.));
#4189=CARTESIAN_POINT('',(1.70000000000001,82.5,2.));
#4190=CARTESIAN_POINT('',(62.65,82.5,2.));
#4191=CARTESIAN_POINT('',(-4.8,76.,2.));
#4192=CARTESIAN_POINT('Origin',(1.7,76.,2.));
#4193=CARTESIAN_POINT('',(-4.8,25.01,2.));
#4194=CARTESIAN_POINT('',(-4.8,43.,2.));
#4195=CARTESIAN_POINT('',(130.1,25.01,2.));
#4196=CARTESIAN_POINT('',(62.65,25.01,2.));
#4197=CARTESIAN_POINT('',(130.1,43.,2.));
#4198=CARTESIAN_POINT('',(128.5,50.,2.));
#4199=CARTESIAN_POINT('',(128.5,47.,2.));
#4200=CARTESIAN_POINT('',(82.7975,50.,2.));
#4201=CARTESIAN_POINT('',(47.3,73.5,2.));
#4202=CARTESIAN_POINT('',(47.3,47.375,2.));
#4203=CARTESIAN_POINT('',(75.8,73.5,2.));
#4204=CARTESIAN_POINT('',(68.85,73.5,2.));
#4205=CARTESIAN_POINT('',(75.8,51.5,2.));
#4206=CARTESIAN_POINT('',(75.8,47.375,2.));
#4207=CARTESIAN_POINT('',(128.5,51.5,2.));
#4208=CARTESIAN_POINT('',(82.7975,51.5,2.));
#4209=CARTESIAN_POINT('',(128.5,47.,2.));
#4210=CARTESIAN_POINT('',(83.25,45.45,2.));
#4211=CARTESIAN_POINT('Origin',(85.85,45.45,2.));
#4212=CARTESIAN_POINT('',(83.25,29.55,2.));
#4213=CARTESIAN_POINT('Origin',(85.85,29.55,2.));
#4214=CARTESIAN_POINT('',(83.25,72.45,2.));
#4215=CARTESIAN_POINT('Origin',(85.85,72.45,2.));
#4216=CARTESIAN_POINT('',(83.25,56.55,2.));
#4217=CARTESIAN_POINT('Origin',(85.85,56.55,2.));
#4218=CARTESIAN_POINT('',(-3.86,29.54,2.));
#4219=CARTESIAN_POINT('Origin',(-1.26,29.54,2.));
#4220=CARTESIAN_POINT('',(26.62,29.54,2.));
#4221=CARTESIAN_POINT('Origin',(29.22,29.54,2.));
#4222=CARTESIAN_POINT('',(-3.65,75.3,2.));
#4223=CARTESIAN_POINT('Origin',(-1.05,75.3,2.));
#4224=CARTESIAN_POINT('',(26.35,42.3,2.));
#4225=CARTESIAN_POINT('Origin',(28.95,42.3,2.));
#4226=CARTESIAN_POINT('',(67.66,37.54,2.));
#4227=CARTESIAN_POINT('Origin',(70.26,37.54,2.));
#4228=CARTESIAN_POINT('',(67.66,57.86,2.));
#4229=CARTESIAN_POINT('Origin',(70.26,57.86,2.));
#4230=CARTESIAN_POINT('',(49.88,37.54,2.));
#4231=CARTESIAN_POINT('Origin',(52.48,37.54,2.));
#4232=CARTESIAN_POINT('',(49.88,57.86,2.));
#4233=CARTESIAN_POINT('Origin',(52.48,57.86,2.));
#4234=CARTESIAN_POINT('',(115.15,56.55,2.));
#4235=CARTESIAN_POINT('Origin',(117.75,56.55,2.));
#4236=CARTESIAN_POINT('',(115.15,72.45,2.));
#4237=CARTESIAN_POINT('Origin',(117.75,72.45,2.));
#4238=CARTESIAN_POINT('',(115.15,29.55,2.));
#4239=CARTESIAN_POINT('Origin',(117.75,29.55,2.));
#4240=CARTESIAN_POINT('',(115.15,45.45,2.));
#4241=CARTESIAN_POINT('Origin',(117.75,45.45,2.));
#4242=CARTESIAN_POINT('Origin',(130.1,43.,40.));
#4243=CARTESIAN_POINT('',(130.1,50.,16.245));
#4244=CARTESIAN_POINT('',(130.1,25.01,14.));
#4245=CARTESIAN_POINT('',(130.1,25.01,27.125));
#4246=CARTESIAN_POINT('',(130.1,20.3878178702057,14.));
#4247=CARTESIAN_POINT('',(130.1,32.45,14.));
#4248=CARTESIAN_POINT('',(130.1,17.8425334381152,7.00688849674209));
#4249=CARTESIAN_POINT('',(130.1,31.5731116091382,44.7313419776842));
#4250=CARTESIAN_POINT('',(130.1,10.,9.86133722945342));
#4251=CARTESIAN_POINT('',(130.1,10.9498880646506,9.51560624803587));
#4252=CARTESIAN_POINT('',(130.1,10.,0.));
#4253=CARTESIAN_POINT('',(130.1,10.,40.));
#4254=CARTESIAN_POINT('',(130.1,76.,0.));
#4255=CARTESIAN_POINT('',(130.1,43.,0.));
#4256=CARTESIAN_POINT('',(130.1,76.,40.));
#4257=CARTESIAN_POINT('',(130.1,51.5,16.245));
#4258=CARTESIAN_POINT('Origin',(102.945,51.5,16.245));
#4259=CARTESIAN_POINT('',(128.5,51.5,10.));
#4260=CARTESIAN_POINT('',(128.5,51.5,11.6225));
#4261=CARTESIAN_POINT('',(119.7,51.5,10.));
#4262=CARTESIAN_POINT('',(113.5225,51.5,10.));
#4263=CARTESIAN_POINT('',(119.7,51.5,4.));
#4264=CARTESIAN_POINT('',(119.7,51.5,11.6225));
#4265=CARTESIAN_POINT('',(128.5,51.5,4.));
#4266=CARTESIAN_POINT('',(113.5225,51.5,4.));
#4267=CARTESIAN_POINT('',(128.5,51.5,10.87));
#4268=CARTESIAN_POINT('',(75.8,51.5,16.245));
#4269=CARTESIAN_POINT('Origin',(124.1,50.75,10.));
#4270=CARTESIAN_POINT('',(119.7,50.,10.));
#4271=CARTESIAN_POINT('',(128.5,50.,10.));
#4272=CARTESIAN_POINT('',(113.5225,50.,10.));
#4273=CARTESIAN_POINT('',(119.7,50.75,10.));
#4274=CARTESIAN_POINT('',(128.5,50.75,10.));
#4275=CARTESIAN_POINT('Origin',(128.5,50.75,7.));
#4276=CARTESIAN_POINT('',(128.5,50.,11.6225));
#4277=CARTESIAN_POINT('',(128.5,50.,4.));
#4278=CARTESIAN_POINT('',(128.5,50.75,4.));
#4279=CARTESIAN_POINT('',(128.5,50.,10.87));
#4280=CARTESIAN_POINT('Origin',(124.1,50.75,4.));
#4281=CARTESIAN_POINT('',(119.7,50.,4.));
#4282=CARTESIAN_POINT('',(113.5225,50.,4.));
#4283=CARTESIAN_POINT('',(119.7,50.75,4.));
#4284=CARTESIAN_POINT('Origin',(119.7,50.75,7.));
#4285=CARTESIAN_POINT('',(119.7,50.,11.6225));
#4286=CARTESIAN_POINT('Origin',(102.945,50.,16.245));
#4287=CARTESIAN_POINT('Origin',(75.8,51.75,16.245));
#4288=CARTESIAN_POINT('',(75.8,73.5,16.245));
#4289=CARTESIAN_POINT('',(75.8,68.9,10.));
#4290=CARTESIAN_POINT('',(75.8,68.9,4.));
#4291=CARTESIAN_POINT('',(75.8,68.9,11.6225));
#4292=CARTESIAN_POINT('',(75.8,60.1,4.));
#4293=CARTESIAN_POINT('',(75.8,58.125,4.));
#4294=CARTESIAN_POINT('',(75.8,60.1,10.));
#4295=CARTESIAN_POINT('',(75.8,60.1,11.6225));
#4296=CARTESIAN_POINT('',(75.8,58.125,10.));
#4297=CARTESIAN_POINT('Origin',(75.05,60.1,7.));
#4298=CARTESIAN_POINT('',(75.05,60.1,10.));
#4299=CARTESIAN_POINT('',(75.05,60.1,4.));
#4300=CARTESIAN_POINT('Origin',(75.05,64.5,4.));
#4301=CARTESIAN_POINT('',(75.05,68.9,4.));
#4302=CARTESIAN_POINT('Origin',(75.05,68.9,7.));
#4303=CARTESIAN_POINT('',(75.05,68.9,10.));
#4304=CARTESIAN_POINT('Origin',(75.05,64.5,10.));
#4305=CARTESIAN_POINT('Origin',(47.3,51.75,16.245));
#4306=CARTESIAN_POINT('',(47.3,73.5,16.245));
#4307=CARTESIAN_POINT('Origin',(75.05,73.5,16.245));
#4308=CARTESIAN_POINT('Origin',(117.75,45.45,3.));
#4309=CARTESIAN_POINT('',(116.45,45.45,1.));
#4310=CARTESIAN_POINT('Origin',(117.75,45.45,1.));
#4311=CARTESIAN_POINT('',(116.45,45.45,4.));
#4312=CARTESIAN_POINT('',(116.45,45.45,3.));
#4313=CARTESIAN_POINT('Origin',(117.75,45.45,4.));
#4314=CARTESIAN_POINT('Origin',(117.75,45.45,1.));
#4315=CARTESIAN_POINT('Origin',(85.85,45.45,3.));
#4316=CARTESIAN_POINT('',(84.55,45.45,1.));
#4317=CARTESIAN_POINT('Origin',(85.85,45.45,1.));
#4318=CARTESIAN_POINT('',(84.55,45.45,4.));
#4319=CARTESIAN_POINT('',(84.55,45.45,3.));
#4320=CARTESIAN_POINT('Origin',(85.85,45.45,4.));
#4321=CARTESIAN_POINT('Origin',(85.85,45.45,1.));
#4322=CARTESIAN_POINT('Origin',(117.75,29.55,3.));
#4323=CARTESIAN_POINT('',(116.45,29.55,1.));
#4324=CARTESIAN_POINT('Origin',(117.75,29.55,1.));
#4325=CARTESIAN_POINT('',(116.45,29.55,4.));
#4326=CARTESIAN_POINT('',(116.45,29.55,3.));
#4327=CARTESIAN_POINT('Origin',(117.75,29.55,4.));
#4328=CARTESIAN_POINT('Origin',(117.75,29.55,1.));
#4329=CARTESIAN_POINT('Origin',(85.85,29.55,3.));
#4330=CARTESIAN_POINT('',(84.55,29.55,1.));
#4331=CARTESIAN_POINT('Origin',(85.85,29.55,1.));
#4332=CARTESIAN_POINT('',(84.55,29.55,4.));
#4333=CARTESIAN_POINT('',(84.55,29.55,3.));
#4334=CARTESIAN_POINT('Origin',(85.85,29.55,4.));
#4335=CARTESIAN_POINT('Origin',(85.85,29.55,1.));
#4336=CARTESIAN_POINT('Origin',(117.75,72.45,3.));
#4337=CARTESIAN_POINT('',(116.45,72.45,1.));
#4338=CARTESIAN_POINT('Origin',(117.75,72.45,1.));
#4339=CARTESIAN_POINT('',(116.45,72.45,4.));
#4340=CARTESIAN_POINT('',(116.45,72.45,3.));
#4341=CARTESIAN_POINT('Origin',(117.75,72.45,4.));
#4342=CARTESIAN_POINT('Origin',(117.75,72.45,1.));
#4343=CARTESIAN_POINT('Origin',(85.85,72.45,3.));
#4344=CARTESIAN_POINT('',(84.55,72.45,1.));
#4345=CARTESIAN_POINT('Origin',(85.85,72.45,1.));
#4346=CARTESIAN_POINT('',(84.55,72.45,4.));
#4347=CARTESIAN_POINT('',(84.55,72.45,3.));
#4348=CARTESIAN_POINT('Origin',(85.85,72.45,4.));
#4349=CARTESIAN_POINT('Origin',(85.85,72.45,1.));
#4350=CARTESIAN_POINT('Origin',(117.75,56.55,3.));
#4351=CARTESIAN_POINT('',(116.45,56.55,1.));
#4352=CARTESIAN_POINT('Origin',(117.75,56.55,1.));
#4353=CARTESIAN_POINT('',(116.45,56.55,4.));
#4354=CARTESIAN_POINT('',(116.45,56.55,3.));
#4355=CARTESIAN_POINT('Origin',(117.75,56.55,4.));
#4356=CARTESIAN_POINT('Origin',(117.75,56.55,1.));
#4357=CARTESIAN_POINT('Origin',(85.85,56.55,3.));
#4358=CARTESIAN_POINT('',(84.55,56.55,1.));
#4359=CARTESIAN_POINT('Origin',(85.85,56.55,1.));
#4360=CARTESIAN_POINT('',(84.55,56.55,4.));
#4361=CARTESIAN_POINT('',(84.55,56.55,3.));
#4362=CARTESIAN_POINT('Origin',(85.85,56.55,4.));
#4363=CARTESIAN_POINT('Origin',(85.85,56.55,1.));
#4364=CARTESIAN_POINT('Origin',(52.48,57.86,3.));
#4365=CARTESIAN_POINT('',(51.43,57.86,1.));
#4366=CARTESIAN_POINT('Origin',(52.48,57.86,1.));
#4367=CARTESIAN_POINT('',(51.43,57.86,4.));
#4368=CARTESIAN_POINT('',(51.43,57.86,3.));
#4369=CARTESIAN_POINT('Origin',(52.48,57.86,4.));
#4370=CARTESIAN_POINT('Origin',(52.48,57.86,1.));
#4371=CARTESIAN_POINT('Origin',(52.48,37.54,3.));
#4372=CARTESIAN_POINT('',(51.43,37.54,1.));
#4373=CARTESIAN_POINT('Origin',(52.48,37.54,1.));
#4374=CARTESIAN_POINT('',(51.43,37.54,4.));
#4375=CARTESIAN_POINT('',(51.43,37.54,3.));
#4376=CARTESIAN_POINT('Origin',(52.48,37.54,4.));
#4377=CARTESIAN_POINT('Origin',(52.48,37.54,1.));
#4378=CARTESIAN_POINT('Origin',(70.26,57.86,3.));
#4379=CARTESIAN_POINT('',(69.21,57.86,1.));
#4380=CARTESIAN_POINT('Origin',(70.26,57.86,1.));
#4381=CARTESIAN_POINT('',(69.21,57.86,4.));
#4382=CARTESIAN_POINT('',(69.21,57.86,3.));
#4383=CARTESIAN_POINT('Origin',(70.26,57.86,4.));
#4384=CARTESIAN_POINT('Origin',(70.26,57.86,1.));
#4385=CARTESIAN_POINT('Origin',(70.26,37.54,3.));
#4386=CARTESIAN_POINT('',(69.21,37.54,1.));
#4387=CARTESIAN_POINT('Origin',(70.26,37.54,1.));
#4388=CARTESIAN_POINT('',(69.21,37.54,4.));
#4389=CARTESIAN_POINT('',(69.21,37.54,3.));
#4390=CARTESIAN_POINT('Origin',(70.26,37.54,4.));
#4391=CARTESIAN_POINT('Origin',(70.26,37.54,1.));
#4392=CARTESIAN_POINT('Origin',(28.95,42.3,3.));
#4393=CARTESIAN_POINT('',(27.9,42.3,1.));
#4394=CARTESIAN_POINT('Origin',(28.95,42.3,1.));
#4395=CARTESIAN_POINT('',(27.9,42.3,4.));
#4396=CARTESIAN_POINT('',(27.9,42.3,3.));
#4397=CARTESIAN_POINT('Origin',(28.95,42.3,4.));
#4398=CARTESIAN_POINT('Origin',(28.95,42.3,1.));
#4399=CARTESIAN_POINT('Origin',(-1.05,75.3,3.));
#4400=CARTESIAN_POINT('',(-2.1,75.3,1.));
#4401=CARTESIAN_POINT('Origin',(-1.05,75.3,1.));
#4402=CARTESIAN_POINT('',(-2.1,75.3,4.));
#4403=CARTESIAN_POINT('',(-2.1,75.3,3.));
#4404=CARTESIAN_POINT('Origin',(-1.05,75.3,4.));
#4405=CARTESIAN_POINT('Origin',(-1.05,75.3,1.));
#4406=CARTESIAN_POINT('Origin',(29.22,29.54,3.));
#4407=CARTESIAN_POINT('',(28.17,29.54,1.));
#4408=CARTESIAN_POINT('Origin',(29.22,29.54,1.));
#4409=CARTESIAN_POINT('',(28.17,29.54,4.));
#4410=CARTESIAN_POINT('',(28.17,29.54,3.));
#4411=CARTESIAN_POINT('Origin',(29.22,29.54,4.));
#4412=CARTESIAN_POINT('Origin',(29.22,29.54,1.));
#4413=CARTESIAN_POINT('Origin',(-1.26,29.54,3.));
#4414=CARTESIAN_POINT('',(-2.31,29.54,1.));
#4415=CARTESIAN_POINT('Origin',(-1.26,29.54,1.));
#4416=CARTESIAN_POINT('',(-2.31,29.54,4.));
#4417=CARTESIAN_POINT('',(-2.31,29.54,3.));
#4418=CARTESIAN_POINT('Origin',(-1.26,29.54,4.));
#4419=CARTESIAN_POINT('Origin',(-1.26,29.54,1.));
#4420=CARTESIAN_POINT('Origin',(117.75,45.45,2.995));
#4421=CARTESIAN_POINT('',(115.15,45.45,4.));
#4422=CARTESIAN_POINT('Origin',(117.75,45.45,4.));
#4423=CARTESIAN_POINT('',(115.15,45.45,2.995));
#4424=CARTESIAN_POINT('Origin',(117.75,45.45,4.));
#4425=CARTESIAN_POINT('Origin',(85.85,45.45,2.995));
#4426=CARTESIAN_POINT('',(83.25,45.45,4.));
#4427=CARTESIAN_POINT('Origin',(85.85,45.45,4.));
#4428=CARTESIAN_POINT('',(83.25,45.45,2.995));
#4429=CARTESIAN_POINT('Origin',(85.85,45.45,4.));
#4430=CARTESIAN_POINT('Origin',(117.75,29.55,2.995));
#4431=CARTESIAN_POINT('',(115.15,29.55,4.));
#4432=CARTESIAN_POINT('Origin',(117.75,29.55,4.));
#4433=CARTESIAN_POINT('',(115.15,29.55,2.995));
#4434=CARTESIAN_POINT('Origin',(117.75,29.55,4.));
#4435=CARTESIAN_POINT('Origin',(85.85,29.55,2.995));
#4436=CARTESIAN_POINT('',(83.25,29.55,4.));
#4437=CARTESIAN_POINT('Origin',(85.85,29.55,4.));
#4438=CARTESIAN_POINT('',(83.25,29.55,2.995));
#4439=CARTESIAN_POINT('Origin',(85.85,29.55,4.));
#4440=CARTESIAN_POINT('Origin',(117.75,72.45,2.995));
#4441=CARTESIAN_POINT('',(115.15,72.45,4.));
#4442=CARTESIAN_POINT('Origin',(117.75,72.45,4.));
#4443=CARTESIAN_POINT('',(115.15,72.45,2.995));
#4444=CARTESIAN_POINT('Origin',(117.75,72.45,4.));
#4445=CARTESIAN_POINT('Origin',(85.85,72.45,2.995));
#4446=CARTESIAN_POINT('',(83.25,72.45,4.));
#4447=CARTESIAN_POINT('Origin',(85.85,72.45,4.));
#4448=CARTESIAN_POINT('',(83.25,72.45,2.995));
#4449=CARTESIAN_POINT('Origin',(85.85,72.45,4.));
#4450=CARTESIAN_POINT('Origin',(117.75,56.55,2.995));
#4451=CARTESIAN_POINT('',(115.15,56.55,4.));
#4452=CARTESIAN_POINT('Origin',(117.75,56.55,4.));
#4453=CARTESIAN_POINT('',(115.15,56.55,2.995));
#4454=CARTESIAN_POINT('Origin',(117.75,56.55,4.));
#4455=CARTESIAN_POINT('Origin',(85.85,56.55,2.995));
#4456=CARTESIAN_POINT('',(83.25,56.55,4.));
#4457=CARTESIAN_POINT('Origin',(85.85,56.55,4.));
#4458=CARTESIAN_POINT('',(83.25,56.55,2.995));
#4459=CARTESIAN_POINT('Origin',(85.85,56.55,4.));
#4460=CARTESIAN_POINT('Origin',(52.48,57.86,2.995));
#4461=CARTESIAN_POINT('',(49.88,57.86,4.));
#4462=CARTESIAN_POINT('Origin',(52.48,57.86,4.));
#4463=CARTESIAN_POINT('',(49.88,57.86,2.995));
#4464=CARTESIAN_POINT('Origin',(52.48,57.86,4.));
#4465=CARTESIAN_POINT('Origin',(52.48,37.54,2.995));
#4466=CARTESIAN_POINT('',(49.88,37.54,4.));
#4467=CARTESIAN_POINT('Origin',(52.48,37.54,4.));
#4468=CARTESIAN_POINT('',(49.88,37.54,2.995));
#4469=CARTESIAN_POINT('Origin',(52.48,37.54,4.));
#4470=CARTESIAN_POINT('Origin',(70.26,57.86,2.995));
#4471=CARTESIAN_POINT('',(67.66,57.86,4.));
#4472=CARTESIAN_POINT('Origin',(70.26,57.86,4.));
#4473=CARTESIAN_POINT('',(67.66,57.86,2.995));
#4474=CARTESIAN_POINT('Origin',(70.26,57.86,4.));
#4475=CARTESIAN_POINT('Origin',(70.26,37.54,2.995));
#4476=CARTESIAN_POINT('',(67.66,37.54,4.));
#4477=CARTESIAN_POINT('Origin',(70.26,37.54,4.));
#4478=CARTESIAN_POINT('',(67.66,37.54,2.995));
#4479=CARTESIAN_POINT('Origin',(70.26,37.54,4.));
#4480=CARTESIAN_POINT('Origin',(28.95,42.3,2.995));
#4481=CARTESIAN_POINT('',(26.35,42.3,4.));
#4482=CARTESIAN_POINT('Origin',(28.95,42.3,4.));
#4483=CARTESIAN_POINT('',(26.35,42.3,2.995));
#4484=CARTESIAN_POINT('Origin',(28.95,42.3,4.));
#4485=CARTESIAN_POINT('Origin',(-1.05,75.3,2.995));
#4486=CARTESIAN_POINT('',(-3.65,75.3,4.));
#4487=CARTESIAN_POINT('Origin',(-1.05,75.3,4.));
#4488=CARTESIAN_POINT('',(-3.65,75.3,2.995));
#4489=CARTESIAN_POINT('Origin',(-1.05,75.3,4.));
#4490=CARTESIAN_POINT('Origin',(29.22,29.54,2.995));
#4491=CARTESIAN_POINT('',(26.62,29.54,4.));
#4492=CARTESIAN_POINT('Origin',(29.22,29.54,4.));
#4493=CARTESIAN_POINT('',(26.62,29.54,2.995));
#4494=CARTESIAN_POINT('Origin',(29.22,29.54,4.));
#4495=CARTESIAN_POINT('Origin',(-1.26,29.54,2.995));
#4496=CARTESIAN_POINT('',(-3.86,29.54,4.));
#4497=CARTESIAN_POINT('Origin',(-1.26,29.54,4.));
#4498=CARTESIAN_POINT('',(-3.86,29.54,2.995));
#4499=CARTESIAN_POINT('Origin',(-1.26,29.54,4.));
#4500=CARTESIAN_POINT('Origin',(-4.8,43.,40.));
#4501=CARTESIAN_POINT('',(-4.8,76.,0.));
#4502=CARTESIAN_POINT('',(-4.8,10.,0.));
#4503=CARTESIAN_POINT('',(-4.8,43.,0.));
#4504=CARTESIAN_POINT('',(-4.8,10.,9.86133722945341));
#4505=CARTESIAN_POINT('',(-4.8,10.,40.));
#4506=CARTESIAN_POINT('',(-4.8,17.8425334381152,7.00688849674209));
#4507=CARTESIAN_POINT('',(-4.8,10.9498880646506,9.51560624803587));
#4508=CARTESIAN_POINT('',(-4.8,20.3878178702057,14.));
#4509=CARTESIAN_POINT('',(-4.8,31.5731116091382,44.7313419776842));
#4510=CARTESIAN_POINT('',(-4.8,25.01,14.));
#4511=CARTESIAN_POINT('',(-4.8,32.45,14.));
#4512=CARTESIAN_POINT('',(-4.8,25.01,27.125));
#4513=CARTESIAN_POINT('',(-4.8,76.,40.));
#4514=CARTESIAN_POINT('Origin',(1.7,76.,40.));
#4515=CARTESIAN_POINT('',(1.70000000000001,82.5,0.));
#4516=CARTESIAN_POINT('Origin',(1.7,76.,0.));
#4517=CARTESIAN_POINT('',(1.70000000000001,82.5,40.));
#4518=CARTESIAN_POINT('Origin',(62.65,82.5,40.));
#4519=CARTESIAN_POINT('',(123.6,82.5,0.));
#4520=CARTESIAN_POINT('',(62.65,82.5,0.));
#4521=CARTESIAN_POINT('',(123.6,82.5,40.));
#4522=CARTESIAN_POINT('Origin',(123.6,76.,40.));
#4523=CARTESIAN_POINT('Origin',(123.6,76.,0.));
#4524=CARTESIAN_POINT('Origin',(123.6,10.,40.));
#4525=CARTESIAN_POINT('',(123.6,3.5,0.));
#4526=CARTESIAN_POINT('Origin',(123.6,10.,0.));
#4527=CARTESIAN_POINT('',(128.6,5.84668806854098,11.1424182194505));
#4528=CARTESIAN_POINT('Ctrl Pts',(130.1,10.,9.86133722945342));
#4529=CARTESIAN_POINT('Ctrl Pts',(130.1,9.17721089209894,10.1608079738078));
#4530=CARTESIAN_POINT('Ctrl Pts',(129.93269293938,8.28104751507781,10.4243065280191));
#4531=CARTESIAN_POINT('Ctrl Pts',(129.331849712528,6.86959574963455,10.817647815353));
#4532=CARTESIAN_POINT('Ctrl Pts',(128.992757035768,6.31951197660465,10.9703243908659));
#4533=CARTESIAN_POINT('Ctrl Pts',(128.6,5.84668806854099,11.1424182194505));
#4534=CARTESIAN_POINT('',(126.659443859571,4.26503676819673,11.7180922137642));
#4535=CARTESIAN_POINT('Origin',(123.6,10.,9.63073630277674));
#4536=CARTESIAN_POINT('',(123.6,3.5,9.61617096809117));
#4537=CARTESIAN_POINT('Origin',(123.6,10.,27.4747741945462));
#4538=CARTESIAN_POINT('',(123.6,3.5,40.));
#4539=CARTESIAN_POINT('Origin',(1.7,10.,40.));
#4540=CARTESIAN_POINT('',(1.70000000000001,3.5,0.));
#4541=CARTESIAN_POINT('Origin',(1.7,10.,0.));
#4542=CARTESIAN_POINT('',(1.70000000000001,3.5,9.61617096809117));
#4543=CARTESIAN_POINT('',(1.70000000000001,3.5,40.));
#4544=CARTESIAN_POINT('',(-1.35944385957065,4.26503676819673,11.7180922137642));
#4545=CARTESIAN_POINT('Origin',(1.7,10.,27.4747741945462));
#4546=CARTESIAN_POINT('',(-3.3,5.84668806854096,11.1424182194505));
#4547=CARTESIAN_POINT('Origin',(1.7,10.,9.63073630277674));
#4548=CARTESIAN_POINT('Ctrl Pts',(-3.3,5.84668806854096,11.1424182194505));
#4549=CARTESIAN_POINT('Ctrl Pts',(-3.69275703576799,6.31951197660463,10.9703243908659));
#4550=CARTESIAN_POINT('Ctrl Pts',(-4.03184971252849,6.86959574963454,10.817647815353));
#4551=CARTESIAN_POINT('Ctrl Pts',(-4.63269293938,8.28104751507781,10.4243065280191));
#4552=CARTESIAN_POINT('Ctrl Pts',(-4.8,9.17721089209894,10.1608079738078));
#4553=CARTESIAN_POINT('Ctrl Pts',(-4.8,10.,9.86133722945341));
#4554=CARTESIAN_POINT('Origin',(62.65,3.5,40.));
#4555=CARTESIAN_POINT('',(62.65,3.5,0.));
#4556=CARTESIAN_POINT('',(32.3891777724759,3.5,9.61617096809117));
#4557=CARTESIAN_POINT('Origin',(-3.3,12.6884811150516,14.2923513956335));
#4558=CARTESIAN_POINT('',(-3.3,17.7684197288902,6.80326275417437));
#4559=CARTESIAN_POINT('',(-3.3,10.8757743554256,9.31198050546815));
#4560=CARTESIAN_POINT('Origin',(-3.3,19.5811264885163,11.7836336443397));
#4561=CARTESIAN_POINT('Origin',(2.12835554495182,0.,0.));
#4562=CARTESIAN_POINT('',(32.3891777724759,4.26503676819673,11.7180922137642));
#4563=CARTESIAN_POINT('Origin',(62.65,10.8757743554256,9.31198050546815));
#4564=CARTESIAN_POINT('',(128.6,17.7684197288902,6.80326275417437));
#4565=CARTESIAN_POINT('',(128.6,10.8757743554256,9.31198050546815));
#4566=CARTESIAN_POINT('',(51.3,17.7684197288902,6.80326275417437));
#4567=CARTESIAN_POINT('',(62.65,17.7684197288902,6.80326275417437));
#4568=CARTESIAN_POINT('',(51.3,9.5,9.81272141990984));
#4569=CARTESIAN_POINT('',(51.3,12.7155546625892,8.64235523607145));
#4570=CARTESIAN_POINT('',(13.5,9.5,9.81272141990984));
#4571=CARTESIAN_POINT('',(43.475,9.5,9.81272141990984));
#4572=CARTESIAN_POINT('',(13.5,12.8,8.61161964683137));
#4573=CARTESIAN_POINT('',(13.5,7.9454489088716,10.3785317447266));
#4574=CARTESIAN_POINT('',(11.6076388386085,12.8,8.61161964683137));
#4575=CARTESIAN_POINT('',(36.325,12.8,8.61161964683137));
#4576=CARTESIAN_POINT('',(8.3,12.2806148235005,8.80066039119628));
#4577=CARTESIAN_POINT('Origin',(10.,12.2806148235005,8.80066039119628));
#4578=CARTESIAN_POINT('',(8.39236116139147,12.8,8.61161964683137));
#4579=CARTESIAN_POINT('Origin',(10.,12.2806148235005,8.80066039119628));
#4580=CARTESIAN_POINT('',(6.5,12.8,8.61161964683137));
#4581=CARTESIAN_POINT('',(36.325,12.8,8.61161964683137));
#4582=CARTESIAN_POINT('',(6.5,9.5,9.81272141990984));
#4583=CARTESIAN_POINT('',(6.5,7.9454489088716,10.3785317447266));
#4584=CARTESIAN_POINT('',(-2.7,9.5,9.81272141990984));
#4585=CARTESIAN_POINT('',(43.475,9.5,9.81272141990984));
#4586=CARTESIAN_POINT('',(-2.7,17.7684197288902,6.80326275417437));
#4587=CARTESIAN_POINT('',(-2.7,12.7155546625892,8.64235523607145));
#4588=CARTESIAN_POINT('',(62.65,17.7684197288902,6.80326275417437));
#4589=CARTESIAN_POINT('',(108.3,12.2806148235005,8.80066039119628));
#4590=CARTESIAN_POINT('Origin',(110.,12.2806148235005,8.80066039119628));
#4591=CARTESIAN_POINT('Origin',(128.6,12.6884811150516,14.2923513956335));
#4592=CARTESIAN_POINT('Origin',(128.6,19.5811264885163,11.7836336443397));
#4593=CARTESIAN_POINT('Origin',(62.65,31.7570435909101,45.236690944318));
#4594=CARTESIAN_POINT('',(51.3,20.3878178702057,14.));
#4595=CARTESIAN_POINT('',(62.65,20.3878178702057,14.));
#4596=CARTESIAN_POINT('',(51.3,26.3600641750237,30.4086118659088));
#4597=CARTESIAN_POINT('Origin',(62.65,43.,0.));
#4598=CARTESIAN_POINT('',(6.8,9.07743639921953,0.));
#4599=CARTESIAN_POINT('Origin',(10.,9.07743639921953,0.));
#4600=CARTESIAN_POINT('',(106.8,9.07743639921953,0.));
#4601=CARTESIAN_POINT('Origin',(110.,9.07743639921953,0.));
#4602=CARTESIAN_POINT('Origin',(110.,7.96587093341111,-3.0540010175542));
#4603=CARTESIAN_POINT('',(106.8,10.2745069008594,3.28892417275068));
#4604=CARTESIAN_POINT('',(106.8,7.96587093341111,-3.0540010175542));
#4605=CARTESIAN_POINT('Origin',(110.,10.2745069008594,3.28892417275068));
#4606=CARTESIAN_POINT('Origin',(110.,10.2745069008594,3.28892417275068));
#4607=CARTESIAN_POINT('',(108.3,10.2745069008594,3.28892417275068));
#4608=CARTESIAN_POINT('Origin',(110.,10.2745069008594,3.28892417275068));
#4609=CARTESIAN_POINT('Origin',(110.,9.3622480595562,0.782513605572391));
#4610=CARTESIAN_POINT('',(108.3,9.3622480595562,0.782513605572391));
#4611=CARTESIAN_POINT('Origin',(10.,7.96587093341111,-3.0540010175542));
#4612=CARTESIAN_POINT('',(6.8,10.2745069008594,3.28892417275068));
#4613=CARTESIAN_POINT('',(6.8,7.96587093341111,-3.0540010175542));
#4614=CARTESIAN_POINT('Origin',(10.,10.2745069008594,3.28892417275068));
#4615=CARTESIAN_POINT('Origin',(10.,10.2745069008594,3.28892417275068));
#4616=CARTESIAN_POINT('',(8.3,10.2745069008594,3.28892417275068));
#4617=CARTESIAN_POINT('Origin',(10.,10.2745069008594,3.28892417275068));
#4618=CARTESIAN_POINT('Origin',(10.,9.3622480595562,0.782513605572391));
#4619=CARTESIAN_POINT('',(8.3,9.3622480595562,0.782513605572391));
#4620=CARTESIAN_POINT('Origin',(10.,12.8,10.227659435628));
#4621=CARTESIAN_POINT('Origin',(24.3,9.5,16.75));
#4622=CARTESIAN_POINT('',(6.5,9.5,3.));
#4623=CARTESIAN_POINT('',(6.5,9.5,16.));
#4624=CARTESIAN_POINT('',(-2.7,9.5,3.));
#4625=CARTESIAN_POINT('',(24.3,9.5,3.));
#4626=CARTESIAN_POINT('',(-2.7,9.5,16.75));
#4627=CARTESIAN_POINT('Origin',(-2.7,17.75,16.75));
#4628=CARTESIAN_POINT('',(-2.7,25.01,3.));
#4629=CARTESIAN_POINT('',(-2.7,17.75,3.));
#4630=CARTESIAN_POINT('',(-2.7,25.01,14.));
#4631=CARTESIAN_POINT('',(-2.7,25.01,15.5));
#4632=CARTESIAN_POINT('',(-2.7,20.3878178702057,14.));
#4633=CARTESIAN_POINT('',(-2.7,19.825,14.));
#4634=CARTESIAN_POINT('',(-2.7,26.3600641750237,30.4086118659088));
#4635=CARTESIAN_POINT('Origin',(24.3,17.75,3.));
#4636=CARTESIAN_POINT('',(51.3,25.01,3.));
#4637=CARTESIAN_POINT('',(43.475,25.01,3.));
#4638=CARTESIAN_POINT('',(6.5,12.8,3.));
#4639=CARTESIAN_POINT('',(6.5,12.075,3.));
#4640=CARTESIAN_POINT('',(13.5,12.8,3.));
#4641=CARTESIAN_POINT('',(17.15,12.8,3.));
#4642=CARTESIAN_POINT('',(13.5,9.5,3.));
#4643=CARTESIAN_POINT('',(13.5,12.075,3.));
#4644=CARTESIAN_POINT('',(51.3,9.5,3.));
#4645=CARTESIAN_POINT('',(24.3,9.5,3.));
#4646=CARTESIAN_POINT('',(51.3,17.75,3.));
#4647=CARTESIAN_POINT('Origin',(10.,12.8,15.25));
#4648=CARTESIAN_POINT('',(13.5,12.8,15.25));
#4649=CARTESIAN_POINT('',(6.5,12.8,15.25));
#4650=CARTESIAN_POINT('Origin',(6.5,6.4,15.25));
#4651=CARTESIAN_POINT('Origin',(13.5,6.4,15.25));
#4652=CARTESIAN_POINT('',(13.5,9.5,16.));
#4653=CARTESIAN_POINT('Origin',(24.3,9.5,16.75));
#4654=CARTESIAN_POINT('',(51.3,9.5,16.75));
#4655=CARTESIAN_POINT('Origin',(51.3,17.75,16.75));
#4656=CARTESIAN_POINT('',(51.3,25.01,14.));
#4657=CARTESIAN_POINT('',(51.3,19.825,14.));
#4658=CARTESIAN_POINT('',(51.3,25.01,15.5));
#4659=CARTESIAN_POINT('Origin',(62.65,25.01,14.25));
#4660=CARTESIAN_POINT('',(62.65,25.01,14.));
#4661=CARTESIAN_POINT('',(62.65,25.01,14.));
#4662=CARTESIAN_POINT('Origin',(62.65,31.7570435909101,45.236690944318));
#4663=CARTESIAN_POINT('',(62.65,20.3878178702057,14.));
#4664=CARTESIAN_POINT('Origin',(62.65,21.9,14.));
#4665=CARTESIAN_POINT('Origin',(62.65,21.9,14.));
#4666=UNCERTAINTY_MEASURE_WITH_UNIT(LENGTH_MEASURE(0.01),#4670,
'DISTANCE_ACCURACY_VALUE',
'Maximum model space distance between geometric entities at asserted c
onnectivities');
#4667=UNCERTAINTY_MEASURE_WITH_UNIT(LENGTH_MEASURE(0.01),#4670,
'DISTANCE_ACCURACY_VALUE',
'Maximum model space distance between geometric entities at asserted c
onnectivities');
#4668=(
GEOMETRIC_REPRESENTATION_CONTEXT(3)
GLOBAL_UNCERTAINTY_ASSIGNED_CONTEXT((#4666))
GLOBAL_UNIT_ASSIGNED_CONTEXT((#4670,#4672,#4673))
REPRESENTATION_CONTEXT('','3D')
);
#4669=(
GEOMETRIC_REPRESENTATION_CONTEXT(3)
GLOBAL_UNCERTAINTY_ASSIGNED_CONTEXT((#4667))
GLOBAL_UNIT_ASSIGNED_CONTEXT((#4670,#4672,#4673))
REPRESENTATION_CONTEXT('','3D')
);
#4670=(
LENGTH_UNIT()
NAMED_UNIT(*)
SI_UNIT(.MILLI.,.METRE.)
);
#4671=(
LENGTH_UNIT()
NAMED_UNIT(*)
SI_UNIT($,.METRE.)
);
#4672=(
NAMED_UNIT(*)
PLANE_ANGLE_UNIT()
SI_UNIT($,.RADIAN.)
);
#4673=(
NAMED_UNIT(*)
SI_UNIT($,.STERADIAN.)
SOLID_ANGLE_UNIT()
);
#4674=SHAPE_DEFINITION_REPRESENTATION(#4675,#4676);
#4675=PRODUCT_DEFINITION_SHAPE('',$,#4678);
#4676=SHAPE_REPRESENTATION('',(#2806),#4668);
#4677=PRODUCT_DEFINITION_CONTEXT('part definition',#4682,'design');
#4678=PRODUCT_DEFINITION('_export_step_base-chassis',
'_export_step_base-chassis',#4679,#4677);
#4679=PRODUCT_DEFINITION_FORMATION('',$,#4684);
#4680=PRODUCT_RELATED_PRODUCT_CATEGORY('_export_step_base-chassis',
'_export_step_base-chassis',(#4684));
#4681=APPLICATION_PROTOCOL_DEFINITION('international standard',
'automotive_design',2009,#4682);
#4682=APPLICATION_CONTEXT(
'Core Data for Automotive Mechanical Design Process');
#4683=PRODUCT_CONTEXT('part definition',#4682,'mechanical');
#4684=PRODUCT('_export_step_base-chassis','_export_step_base-chassis',$,
(#4683));
#4685=PRESENTATION_STYLE_ASSIGNMENT((#4686));
#4686=SURFACE_STYLE_USAGE(.BOTH.,#4687);
#4687=SURFACE_SIDE_STYLE('',(#4688));
#4688=SURFACE_STYLE_FILL_AREA(#4689);
#4689=FILL_AREA_STYLE('Steel - Satin',(#4690));
#4690=FILL_AREA_STYLE_COLOUR('Steel - Satin',#4691);
#4691=COLOUR_RGB('Steel - Satin',0.627450980392157,0.627450980392157,0.627450980392157);
ENDSEC;
END-ISO-10303-21;
