ISO-10303-21;
HEADER;
/* Generated by software containing ST-Developer
 * from STEP Tools, Inc. (www.steptools.com) 
 */

FILE_DESCRIPTION(
/* description */ (''),
/* implementation_level */ '2;1');

FILE_NAME(
/* name */ 'base-shell.step',
/* time_stamp */ '2026-09-11T21:09:34+01:00',
/* author */ (''),
/* organization */ (''),
/* preprocessor_version */ 'ST-DEVELOPER v20.2',
/* originating_system */ 'Autodesk Translation Framework v15.15.0.0',
/* authorisation */ '');

FILE_SCHEMA (('AUTOMOTIVE_DESIGN { 1 0 10303 214 3 1 1 }'));
ENDSEC;

DATA;
#10=MECHANICAL_DESIGN_GEOMETRIC_PRESENTATION_REPRESENTATION('',(#13),#3382);
#11=SHAPE_REPRESENTATION_RELATIONSHIP('SRR','None',#3389,#12);
#12=ADVANCED_BREP_SHAPE_REPRESENTATION('',(#14),#3381);
#13=STYLED_ITEM('',(#3398),#14);
#14=MANIFOLD_SOLID_BREP('Body1',#2036);
#15=CYLINDRICAL_SURFACE('',#2133,1.2);
#16=CYLINDRICAL_SURFACE('',#2137,2.);
#17=CYLINDRICAL_SURFACE('',#2141,3.5);
#18=CYLINDRICAL_SURFACE('',#2145,2.);
#19=CYLINDRICAL_SURFACE('',#2149,3.5);
#20=CYLINDRICAL_SURFACE('',#2153,2.);
#21=CYLINDRICAL_SURFACE('',#2157,3.5);
#22=CYLINDRICAL_SURFACE('',#2161,2.);
#23=CYLINDRICAL_SURFACE('',#2165,3.5);
#24=CYLINDRICAL_SURFACE('',#2169,5.3);
#25=CYLINDRICAL_SURFACE('',#2175,5.3);
#26=CYLINDRICAL_SURFACE('',#2181,8.);
#27=CYLINDRICAL_SURFACE('',#2184,8.);
#28=CYLINDRICAL_SURFACE('',#2187,8.);
#29=CYLINDRICAL_SURFACE('',#2189,8.);
#30=FACE_BOUND('',#272,.T.);
#31=FACE_BOUND('',#278,.T.);
#32=FACE_BOUND('',#279,.T.);
#33=FACE_BOUND('',#280,.T.);
#34=FACE_BOUND('',#281,.T.);
#35=FACE_BOUND('',#282,.T.);
#36=FACE_BOUND('',#283,.T.);
#37=FACE_BOUND('',#284,.T.);
#38=FACE_BOUND('',#285,.T.);
#39=FACE_BOUND('',#286,.T.);
#40=FACE_BOUND('',#328,.T.);
#41=FACE_BOUND('',#329,.T.);
#42=FACE_BOUND('',#330,.T.);
#43=FACE_BOUND('',#331,.T.);
#44=FACE_BOUND('',#332,.T.);
#45=FACE_BOUND('',#333,.T.);
#46=FACE_BOUND('',#334,.T.);
#47=FACE_BOUND('',#335,.T.);
#48=FACE_BOUND('',#336,.T.);
#49=FACE_BOUND('',#337,.T.);
#50=FACE_BOUND('',#350,.T.);
#51=FACE_BOUND('',#355,.T.);
#52=FACE_BOUND('',#360,.T.);
#53=FACE_BOUND('',#365,.T.);
#54=FACE_BOUND('',#372,.T.);
#55=FACE_BOUND('',#373,.T.);
#56=FACE_BOUND('',#374,.T.);
#57=FACE_BOUND('',#375,.T.);
#58=FACE_BOUND('',#376,.T.);
#59=ELLIPSE('',#2072,30.4324302918766,10.183981256147);
#60=ELLIPSE('',#2125,9.53357296518874,9.45638193760011);
#61=ELLIPSE('',#2134,1.20486784773375,1.2);
#62=ELLIPSE('',#2142,3.51419788922343,3.5);
#63=ELLIPSE('',#2150,3.51419788922343,3.5);
#64=ELLIPSE('',#2158,3.51419788922343,3.5);
#65=ELLIPSE('',#2166,3.51419788922343,3.5);
#66=ELLIPSE('',#2179,8.03245231822498,8.);
#67=ELLIPSE('',#2180,8.03245231822498,8.);
#68=ELLIPSE('',#2182,23.3904352013047,8.);
#69=ELLIPSE('',#2185,23.3904352013047,8.);
#70=ELLIPSE('',#2199,30.4324302918766,10.183981256147);
#71=PLANE('',#2053);
#72=PLANE('',#2054);
#73=PLANE('',#2058);
#74=PLANE('',#2062);
#75=PLANE('',#2067);
#76=PLANE('',#2070);
#77=PLANE('',#2073);
#78=PLANE('',#2078);
#79=PLANE('',#2079);
#80=PLANE('',#2081);
#81=PLANE('',#2082);
#82=PLANE('',#2084);
#83=PLANE('',#2085);
#84=PLANE('',#2086);
#85=PLANE('',#2087);
#86=PLANE('',#2088);
#87=PLANE('',#2089);
#88=PLANE('',#2090);
#89=PLANE('',#2091);
#90=PLANE('',#2092);
#91=PLANE('',#2093);
#92=PLANE('',#2094);
#93=PLANE('',#2095);
#94=PLANE('',#2096);
#95=PLANE('',#2097);
#96=PLANE('',#2098);
#97=PLANE('',#2099);
#98=PLANE('',#2100);
#99=PLANE('',#2101);
#100=PLANE('',#2102);
#101=PLANE('',#2103);
#102=PLANE('',#2104);
#103=PLANE('',#2105);
#104=PLANE('',#2106);
#105=PLANE('',#2107);
#106=PLANE('',#2108);
#107=PLANE('',#2109);
#108=PLANE('',#2110);
#109=PLANE('',#2111);
#110=PLANE('',#2112);
#111=PLANE('',#2113);
#112=PLANE('',#2114);
#113=PLANE('',#2115);
#114=PLANE('',#2116);
#115=PLANE('',#2117);
#116=PLANE('',#2118);
#117=PLANE('',#2119);
#118=PLANE('',#2120);
#119=PLANE('',#2121);
#120=PLANE('',#2122);
#121=PLANE('',#2123);
#122=PLANE('',#2124);
#123=PLANE('',#2126);
#124=PLANE('',#2127);
#125=PLANE('',#2128);
#126=PLANE('',#2129);
#127=PLANE('',#2130);
#128=PLANE('',#2131);
#129=PLANE('',#2132);
#130=PLANE('',#2136);
#131=PLANE('',#2140);
#132=PLANE('',#2144);
#133=PLANE('',#2148);
#134=PLANE('',#2152);
#135=PLANE('',#2156);
#136=PLANE('',#2160);
#137=PLANE('',#2164);
#138=PLANE('',#2168);
#139=PLANE('',#2172);
#140=PLANE('',#2174);
#141=PLANE('',#2177);
#142=PLANE('',#2178);
#143=PLANE('',#2183);
#144=PLANE('',#2186);
#145=PLANE('',#2188);
#146=PLANE('',#2190);
#147=PLANE('',#2191);
#148=PLANE('',#2196);
#149=PLANE('',#2197);
#150=PLANE('',#2200);
#151=PLANE('',#2201);
#152=FACE_OUTER_BOUND('',#258,.T.);
#153=FACE_OUTER_BOUND('',#259,.T.);
#154=FACE_OUTER_BOUND('',#260,.T.);
#155=FACE_OUTER_BOUND('',#261,.T.);
#156=FACE_OUTER_BOUND('',#262,.T.);
#157=FACE_OUTER_BOUND('',#263,.T.);
#158=FACE_OUTER_BOUND('',#264,.T.);
#159=FACE_OUTER_BOUND('',#265,.T.);
#160=FACE_OUTER_BOUND('',#266,.T.);
#161=FACE_OUTER_BOUND('',#267,.T.);
#162=FACE_OUTER_BOUND('',#268,.T.);
#163=FACE_OUTER_BOUND('',#269,.T.);
#164=FACE_OUTER_BOUND('',#270,.T.);
#165=FACE_OUTER_BOUND('',#271,.T.);
#166=FACE_OUTER_BOUND('',#273,.T.);
#167=FACE_OUTER_BOUND('',#274,.T.);
#168=FACE_OUTER_BOUND('',#275,.T.);
#169=FACE_OUTER_BOUND('',#276,.T.);
#170=FACE_OUTER_BOUND('',#277,.T.);
#171=FACE_OUTER_BOUND('',#287,.T.);
#172=FACE_OUTER_BOUND('',#288,.T.);
#173=FACE_OUTER_BOUND('',#289,.T.);
#174=FACE_OUTER_BOUND('',#290,.T.);
#175=FACE_OUTER_BOUND('',#291,.T.);
#176=FACE_OUTER_BOUND('',#292,.T.);
#177=FACE_OUTER_BOUND('',#293,.T.);
#178=FACE_OUTER_BOUND('',#294,.T.);
#179=FACE_OUTER_BOUND('',#295,.T.);
#180=FACE_OUTER_BOUND('',#296,.T.);
#181=FACE_OUTER_BOUND('',#297,.T.);
#182=FACE_OUTER_BOUND('',#298,.T.);
#183=FACE_OUTER_BOUND('',#299,.T.);
#184=FACE_OUTER_BOUND('',#300,.T.);
#185=FACE_OUTER_BOUND('',#301,.T.);
#186=FACE_OUTER_BOUND('',#302,.T.);
#187=FACE_OUTER_BOUND('',#303,.T.);
#188=FACE_OUTER_BOUND('',#304,.T.);
#189=FACE_OUTER_BOUND('',#305,.T.);
#190=FACE_OUTER_BOUND('',#306,.T.);
#191=FACE_OUTER_BOUND('',#307,.T.);
#192=FACE_OUTER_BOUND('',#308,.T.);
#193=FACE_OUTER_BOUND('',#309,.T.);
#194=FACE_OUTER_BOUND('',#310,.T.);
#195=FACE_OUTER_BOUND('',#311,.T.);
#196=FACE_OUTER_BOUND('',#312,.T.);
#197=FACE_OUTER_BOUND('',#313,.T.);
#198=FACE_OUTER_BOUND('',#314,.T.);
#199=FACE_OUTER_BOUND('',#315,.T.);
#200=FACE_OUTER_BOUND('',#316,.T.);
#201=FACE_OUTER_BOUND('',#317,.T.);
#202=FACE_OUTER_BOUND('',#318,.T.);
#203=FACE_OUTER_BOUND('',#319,.T.);
#204=FACE_OUTER_BOUND('',#320,.T.);
#205=FACE_OUTER_BOUND('',#321,.T.);
#206=FACE_OUTER_BOUND('',#322,.T.);
#207=FACE_OUTER_BOUND('',#323,.T.);
#208=FACE_OUTER_BOUND('',#324,.T.);
#209=FACE_OUTER_BOUND('',#325,.T.);
#210=FACE_OUTER_BOUND('',#326,.T.);
#211=FACE_OUTER_BOUND('',#327,.T.);
#212=FACE_OUTER_BOUND('',#338,.T.);
#213=FACE_OUTER_BOUND('',#339,.T.);
#214=FACE_OUTER_BOUND('',#340,.T.);
#215=FACE_OUTER_BOUND('',#341,.T.);
#216=FACE_OUTER_BOUND('',#342,.T.);
#217=FACE_OUTER_BOUND('',#343,.T.);
#218=FACE_OUTER_BOUND('',#344,.T.);
#219=FACE_OUTER_BOUND('',#345,.T.);
#220=FACE_OUTER_BOUND('',#346,.T.);
#221=FACE_OUTER_BOUND('',#347,.T.);
#222=FACE_OUTER_BOUND('',#348,.T.);
#223=FACE_OUTER_BOUND('',#349,.T.);
#224=FACE_OUTER_BOUND('',#351,.T.);
#225=FACE_OUTER_BOUND('',#352,.T.);
#226=FACE_OUTER_BOUND('',#353,.T.);
#227=FACE_OUTER_BOUND('',#354,.T.);
#228=FACE_OUTER_BOUND('',#356,.T.);
#229=FACE_OUTER_BOUND('',#357,.T.);
#230=FACE_OUTER_BOUND('',#358,.T.);
#231=FACE_OUTER_BOUND('',#359,.T.);
#232=FACE_OUTER_BOUND('',#361,.T.);
#233=FACE_OUTER_BOUND('',#362,.T.);
#234=FACE_OUTER_BOUND('',#363,.T.);
#235=FACE_OUTER_BOUND('',#364,.T.);
#236=FACE_OUTER_BOUND('',#366,.T.);
#237=FACE_OUTER_BOUND('',#367,.T.);
#238=FACE_OUTER_BOUND('',#368,.T.);
#239=FACE_OUTER_BOUND('',#369,.T.);
#240=FACE_OUTER_BOUND('',#370,.T.);
#241=FACE_OUTER_BOUND('',#371,.T.);
#242=FACE_OUTER_BOUND('',#377,.T.);
#243=FACE_OUTER_BOUND('',#378,.T.);
#244=FACE_OUTER_BOUND('',#379,.T.);
#245=FACE_OUTER_BOUND('',#380,.T.);
#246=FACE_OUTER_BOUND('',#381,.T.);
#247=FACE_OUTER_BOUND('',#382,.T.);
#248=FACE_OUTER_BOUND('',#383,.T.);
#249=FACE_OUTER_BOUND('',#384,.T.);
#250=FACE_OUTER_BOUND('',#385,.T.);
#251=FACE_OUTER_BOUND('',#386,.T.);
#252=FACE_OUTER_BOUND('',#387,.T.);
#253=FACE_OUTER_BOUND('',#388,.T.);
#254=FACE_OUTER_BOUND('',#389,.T.);
#255=FACE_OUTER_BOUND('',#390,.T.);
#256=FACE_OUTER_BOUND('',#391,.T.);
#257=FACE_OUTER_BOUND('',#392,.T.);
#258=EDGE_LOOP('',(#1354,#1355,#1356,#1357,#1358));
#259=EDGE_LOOP('',(#1359,#1360,#1361,#1362));
#260=EDGE_LOOP('',(#1363,#1364,#1365,#1366));
#261=EDGE_LOOP('',(#1367,#1368,#1369,#1370));
#262=EDGE_LOOP('',(#1371,#1372,#1373,#1374));
#263=EDGE_LOOP('',(#1375,#1376,#1377,#1378));
#264=EDGE_LOOP('',(#1379,#1380,#1381,#1382));
#265=EDGE_LOOP('',(#1383,#1384,#1385,#1386,#1387));
#266=EDGE_LOOP('',(#1388,#1389,#1390,#1391));
#267=EDGE_LOOP('',(#1392,#1393,#1394,#1395));
#268=EDGE_LOOP('',(#1396,#1397,#1398,#1399,#1400,#1401));
#269=EDGE_LOOP('',(#1402,#1403,#1404,#1405,#1406,#1407,#1408,#1409,#1410));
#270=EDGE_LOOP('',(#1411,#1412,#1413,#1414,#1415));
#271=EDGE_LOOP('',(#1416,#1417,#1418,#1419,#1420,#1421,#1422,#1423));
#272=EDGE_LOOP('',(#1424,#1425,#1426,#1427,#1428,#1429,#1430,#1431,#1432,
#1433,#1434,#1435));
#273=EDGE_LOOP('',(#1436,#1437,#1438,#1439));
#274=EDGE_LOOP('',(#1440,#1441,#1442,#1443,#1444));
#275=EDGE_LOOP('',(#1445,#1446,#1447,#1448));
#276=EDGE_LOOP('',(#1449,#1450,#1451,#1452,#1453));
#277=EDGE_LOOP('',(#1454,#1455,#1456,#1457,#1458,#1459,#1460,#1461,#1462,
#1463,#1464,#1465,#1466,#1467));
#278=EDGE_LOOP('',(#1468,#1469,#1470,#1471));
#279=EDGE_LOOP('',(#1472,#1473,#1474,#1475));
#280=EDGE_LOOP('',(#1476,#1477,#1478,#1479));
#281=EDGE_LOOP('',(#1480,#1481,#1482,#1483));
#282=EDGE_LOOP('',(#1484,#1485,#1486,#1487));
#283=EDGE_LOOP('',(#1488,#1489,#1490,#1491));
#284=EDGE_LOOP('',(#1492,#1493,#1494,#1495));
#285=EDGE_LOOP('',(#1496,#1497,#1498,#1499));
#286=EDGE_LOOP('',(#1500,#1501,#1502,#1503));
#287=EDGE_LOOP('',(#1504,#1505,#1506,#1507));
#288=EDGE_LOOP('',(#1508,#1509,#1510,#1511));
#289=EDGE_LOOP('',(#1512,#1513,#1514,#1515));
#290=EDGE_LOOP('',(#1516,#1517,#1518,#1519));
#291=EDGE_LOOP('',(#1520,#1521,#1522,#1523));
#292=EDGE_LOOP('',(#1524,#1525,#1526,#1527));
#293=EDGE_LOOP('',(#1528,#1529,#1530,#1531));
#294=EDGE_LOOP('',(#1532,#1533,#1534,#1535));
#295=EDGE_LOOP('',(#1536,#1537,#1538,#1539));
#296=EDGE_LOOP('',(#1540,#1541,#1542,#1543));
#297=EDGE_LOOP('',(#1544,#1545,#1546,#1547));
#298=EDGE_LOOP('',(#1548,#1549,#1550,#1551));
#299=EDGE_LOOP('',(#1552,#1553,#1554,#1555));
#300=EDGE_LOOP('',(#1556,#1557,#1558,#1559));
#301=EDGE_LOOP('',(#1560,#1561,#1562,#1563));
#302=EDGE_LOOP('',(#1564,#1565,#1566,#1567));
#303=EDGE_LOOP('',(#1568,#1569,#1570,#1571));
#304=EDGE_LOOP('',(#1572,#1573,#1574,#1575));
#305=EDGE_LOOP('',(#1576,#1577,#1578,#1579));
#306=EDGE_LOOP('',(#1580,#1581,#1582,#1583));
#307=EDGE_LOOP('',(#1584,#1585,#1586,#1587));
#308=EDGE_LOOP('',(#1588,#1589,#1590,#1591));
#309=EDGE_LOOP('',(#1592,#1593,#1594,#1595));
#310=EDGE_LOOP('',(#1596,#1597,#1598,#1599));
#311=EDGE_LOOP('',(#1600,#1601,#1602,#1603));
#312=EDGE_LOOP('',(#1604,#1605,#1606,#1607));
#313=EDGE_LOOP('',(#1608,#1609,#1610,#1611));
#314=EDGE_LOOP('',(#1612,#1613,#1614,#1615));
#315=EDGE_LOOP('',(#1616,#1617,#1618,#1619));
#316=EDGE_LOOP('',(#1620,#1621,#1622,#1623));
#317=EDGE_LOOP('',(#1624,#1625,#1626,#1627));
#318=EDGE_LOOP('',(#1628,#1629,#1630,#1631));
#319=EDGE_LOOP('',(#1632,#1633,#1634,#1635));
#320=EDGE_LOOP('',(#1636,#1637,#1638,#1639));
#321=EDGE_LOOP('',(#1640,#1641,#1642,#1643));
#322=EDGE_LOOP('',(#1644,#1645,#1646,#1647));
#323=EDGE_LOOP('',(#1648,#1649,#1650,#1651));
#324=EDGE_LOOP('',(#1652,#1653,#1654,#1655,#1656));
#325=EDGE_LOOP('',(#1657,#1658,#1659,#1660));
#326=EDGE_LOOP('',(#1661,#1662,#1663,#1664,#1665));
#327=EDGE_LOOP('',(#1666,#1667,#1668,#1669,#1670));
#328=EDGE_LOOP('',(#1671,#1672,#1673,#1674));
#329=EDGE_LOOP('',(#1675,#1676,#1677,#1678));
#330=EDGE_LOOP('',(#1679,#1680,#1681,#1682));
#331=EDGE_LOOP('',(#1683,#1684,#1685,#1686));
#332=EDGE_LOOP('',(#1687,#1688,#1689,#1690));
#333=EDGE_LOOP('',(#1691,#1692,#1693,#1694));
#334=EDGE_LOOP('',(#1695,#1696,#1697,#1698));
#335=EDGE_LOOP('',(#1699,#1700,#1701,#1702));
#336=EDGE_LOOP('',(#1703,#1704,#1705,#1706));
#337=EDGE_LOOP('',(#1707,#1708,#1709,#1710));
#338=EDGE_LOOP('',(#1711,#1712,#1713,#1714));
#339=EDGE_LOOP('',(#1715,#1716,#1717,#1718));
#340=EDGE_LOOP('',(#1719,#1720,#1721,#1722,#1723,#1724));
#341=EDGE_LOOP('',(#1725,#1726,#1727,#1728));
#342=EDGE_LOOP('',(#1729,#1730,#1731,#1732,#1733,#1734));
#343=EDGE_LOOP('',(#1735,#1736,#1737,#1738));
#344=EDGE_LOOP('',(#1739,#1740,#1741,#1742));
#345=EDGE_LOOP('',(#1743));
#346=EDGE_LOOP('',(#1744,#1745,#1746,#1747));
#347=EDGE_LOOP('',(#1748));
#348=EDGE_LOOP('',(#1749,#1750,#1751,#1752));
#349=EDGE_LOOP('',(#1753));
#350=EDGE_LOOP('',(#1754));
#351=EDGE_LOOP('',(#1755,#1756,#1757,#1758));
#352=EDGE_LOOP('',(#1759));
#353=EDGE_LOOP('',(#1760,#1761,#1762,#1763));
#354=EDGE_LOOP('',(#1764));
#355=EDGE_LOOP('',(#1765));
#356=EDGE_LOOP('',(#1766,#1767,#1768,#1769));
#357=EDGE_LOOP('',(#1770));
#358=EDGE_LOOP('',(#1771,#1772,#1773,#1774));
#359=EDGE_LOOP('',(#1775));
#360=EDGE_LOOP('',(#1776));
#361=EDGE_LOOP('',(#1777,#1778,#1779,#1780));
#362=EDGE_LOOP('',(#1781));
#363=EDGE_LOOP('',(#1782,#1783,#1784,#1785));
#364=EDGE_LOOP('',(#1786));
#365=EDGE_LOOP('',(#1787));
#366=EDGE_LOOP('',(#1788,#1789,#1790,#1791,#1792,#1793));
#367=EDGE_LOOP('',(#1794,#1795,#1796,#1797,#1798,#1799,#1800,#1801,#1802,
#1803,#1804,#1805));
#368=EDGE_LOOP('',(#1806,#1807,#1808,#1809));
#369=EDGE_LOOP('',(#1810,#1811,#1812,#1813,#1814,#1815));
#370=EDGE_LOOP('',(#1816,#1817,#1818,#1819));
#371=EDGE_LOOP('',(#1820,#1821,#1822,#1823,#1824,#1825));
#372=EDGE_LOOP('',(#1826));
#373=EDGE_LOOP('',(#1827));
#374=EDGE_LOOP('',(#1828));
#375=EDGE_LOOP('',(#1829));
#376=EDGE_LOOP('',(#1830));
#377=EDGE_LOOP('',(#1831,#1832,#1833,#1834,#1835));
#378=EDGE_LOOP('',(#1836,#1837,#1838,#1839));
#379=EDGE_LOOP('',(#1840,#1841,#1842,#1843,#1844));
#380=EDGE_LOOP('',(#1845,#1846,#1847,#1848,#1849,#1850));
#381=EDGE_LOOP('',(#1851,#1852,#1853,#1854));
#382=EDGE_LOOP('',(#1855,#1856,#1857,#1858));
#383=EDGE_LOOP('',(#1859,#1860,#1861,#1862,#1863,#1864,#1865,#1866));
#384=EDGE_LOOP('',(#1867,#1868,#1869,#1870));
#385=EDGE_LOOP('',(#1871,#1872,#1873,#1874,#1875));
#386=EDGE_LOOP('',(#1876,#1877,#1878,#1879,#1880,#1881,#1882));
#387=EDGE_LOOP('',(#1883,#1884,#1885,#1886,#1887));
#388=EDGE_LOOP('',(#1888,#1889,#1890,#1891));
#389=EDGE_LOOP('',(#1892,#1893,#1894,#1895,#1896,#1897,#1898));
#390=EDGE_LOOP('',(#1899,#1900,#1901,#1902,#1903));
#391=EDGE_LOOP('',(#1904,#1905,#1906,#1907,#1908,#1909));
#392=EDGE_LOOP('',(#1910,#1911,#1912,#1913,#1914,#1915,#1916,#1917,#1918,
#1919));
#393=(
BOUNDED_CURVE()
B_SPLINE_CURVE(2,(#2743,#2744,#2745),.UNSPECIFIED.,.F.,.F.)
B_SPLINE_CURVE_WITH_KNOTS((3,3),(0.306805328722877,0.323682253970495),
 .UNSPECIFIED.)
CURVE()
GEOMETRIC_REPRESENTATION_ITEM()
RATIONAL_B_SPLINE_CURVE((1.02616860298059,1.0268279484729,1.02748064856098))
REPRESENTATION_ITEM('')
);
#394=(
BOUNDED_CURVE()
B_SPLINE_CURVE(2,(#2789,#2790,#2791),.UNSPECIFIED.,.F.,.F.)
B_SPLINE_CURVE_WITH_KNOTS((3,3),(3.63892696489817,3.65580389014578),
 .UNSPECIFIED.)
CURVE()
GEOMETRIC_REPRESENTATION_ITEM()
RATIONAL_B_SPLINE_CURVE((1.02748064856098,1.0268279484729,1.02616860298059))
REPRESENTATION_ITEM('')
);
#395=(
BOUNDED_CURVE()
B_SPLINE_CURVE(2,(#2817,#2818,#2819),.UNSPECIFIED.,.F.,.F.)
B_SPLINE_CURVE_WITH_KNOTS((3,3),(0.,1.24087058903598),.UNSPECIFIED.)
CURVE()
GEOMETRIC_REPRESENTATION_ITEM()
RATIONAL_B_SPLINE_CURVE((1.,1.00108071533206,1.00008979000124))
REPRESENTATION_ITEM('')
);
#396=(
BOUNDED_CURVE()
B_SPLINE_CURVE(2,(#2856,#2857,#2858),.UNSPECIFIED.,.F.,.F.)
B_SPLINE_CURVE_WITH_KNOTS((3,3),(0.302863697392729,1.24524217006305),
 .UNSPECIFIED.)
CURVE()
GEOMETRIC_REPRESENTATION_ITEM()
RATIONAL_B_SPLINE_CURVE((1.01820200316436,1.04259980312547,1.04259980312547))
REPRESENTATION_ITEM('')
);
#397=(
BOUNDED_CURVE()
B_SPLINE_CURVE(2,(#3157,#3158,#3159),.UNSPECIFIED.,.F.,.F.)
B_SPLINE_CURVE_WITH_KNOTS((3,3),(0.118028493796308,0.148460318566756),
 .UNSPECIFIED.)
CURVE()
GEOMETRIC_REPRESENTATION_ITEM()
RATIONAL_B_SPLINE_CURVE((1.00389466207239,1.00415469821347,1.00428991504551))
REPRESENTATION_ITEM('')
);
#398=(
BOUNDED_CURVE()
B_SPLINE_CURVE(2,(#3167,#3168,#3169),.UNSPECIFIED.,.F.,.F.)
B_SPLINE_CURVE_WITH_KNOTS((3,3),(0.252848934230594,0.735396273666777),
 .UNSPECIFIED.)
CURVE()
GEOMETRIC_REPRESENTATION_ITEM()
RATIONAL_B_SPLINE_CURVE((1.08015407116948,1.14110119885952,1.14274335885105))
REPRESENTATION_ITEM('')
);
#399=(
BOUNDED_CURVE()
B_SPLINE_CURVE(2,(#3320,#3321,#3322),.UNSPECIFIED.,.F.,.F.)
B_SPLINE_CURVE_WITH_KNOTS((3,3),(1.24524217006301,2.18762064273329),
 .UNSPECIFIED.)
CURVE()
GEOMETRIC_REPRESENTATION_ITEM()
RATIONAL_B_SPLINE_CURVE((1.04259980312547,1.04259980312547,1.01820200316436))
REPRESENTATION_ITEM('')
);
#400=(
BOUNDED_CURVE()
B_SPLINE_CURVE(2,(#3368,#3369,#3370),.UNSPECIFIED.,.F.,.F.)
B_SPLINE_CURVE_WITH_KNOTS((3,3),(3.6627791475848,3.72798319086486),
 .UNSPECIFIED.)
CURVE()
GEOMETRIC_REPRESENTATION_ITEM()
RATIONAL_B_SPLINE_CURVE((2.09439018568491,2.09429161381922,2.09384271592008))
REPRESENTATION_ITEM('')
);
#401=B_SPLINE_CURVE_WITH_KNOTS('',3,(#2739,#2740,#2741,#2742),
 .UNSPECIFIED.,.F.,.F.,(4,4),(0.,0.102470266047396),.UNSPECIFIED.);
#402=B_SPLINE_CURVE_WITH_KNOTS('',3,(#2751,#2752,#2753,#2754),
 .UNSPECIFIED.,.F.,.F.,(4,4),(0.,0.10247026602881),.UNSPECIFIED.);
#403=B_SPLINE_CURVE_WITH_KNOTS('',3,(#2796,#2797,#2798,#2799,#2800,#2801,
#2802,#2803,#2804,#2805),.UNSPECIFIED.,.F.,.F.,(4,2,2,2,4),(0.0251075063113734,
0.402134663494694,0.804269326989387,1.214159711638,1.62405009628662),
 .UNSPECIFIED.);
#404=B_SPLINE_CURVE_WITH_KNOTS('',3,(#2820,#2821,#2822,#2823,#2824,#2825,
#2826,#2827),.UNSPECIFIED.,.F.,.F.,(4,2,2,4),(1.62405009628662,2.03394048093524,
2.44383086558386,2.82834481621127),.UNSPECIFIED.);
#405=B_SPLINE_CURVE_WITH_KNOTS('',3,(#2846,#2847,#2848,#2849,#2850,#2851,
#2852,#2853,#2854,#2855),.UNSPECIFIED.,.F.,.F.,(4,2,2,2,4),(1.55451695512531,
1.63028300771854,1.72140756534819,1.76696984416301,1.7719467487324),
 .UNSPECIFIED.);
#406=B_SPLINE_CURVE_WITH_KNOTS('',3,(#3262,#3263,#3264,#3265,#3266,#3267,
#3268,#3269,#3270,#3271),.UNSPECIFIED.,.F.,.F.,(4,2,2,2,4),(3.19061705797324,
3.36816576034567,3.5457144627181,3.72326316509052,3.82151527962486),
 .UNSPECIFIED.);
#407=B_SPLINE_CURVE_WITH_KNOTS('',3,(#3294,#3295,#3296,#3297,#3298,#3299,
#3300,#3301,#3302,#3303),.UNSPECIFIED.,.F.,.F.,(4,2,2,2,4),(-0.630898221651619,
-0.532646107117278,-0.355097404744852,-0.177548702372426,0.),
 .UNSPECIFIED.);
#408=B_SPLINE_CURVE_WITH_KNOTS('',3,(#3307,#3308,#3309,#3310,#3311,#3312,
#3313,#3314,#3315,#3316),.UNSPECIFIED.,.F.,.F.,(4,2,2,2,4),(0.04058537424544,
0.0455622788148245,0.091124557629649,0.182249115259298,0.258015167852535),
 .UNSPECIFIED.);
#409=LINE('',#2735,#630);
#410=LINE('',#2748,#631);
#411=LINE('',#2750,#632);
#412=LINE('',#2758,#633);
#413=LINE('',#2759,#634);
#414=LINE('',#2760,#635);
#415=LINE('',#2764,#636);
#416=LINE('',#2770,#637);
#417=LINE('',#2771,#638);
#418=LINE('',#2772,#639);
#419=LINE('',#2776,#640);
#420=LINE('',#2782,#641);
#421=LINE('',#2783,#642);
#422=LINE('',#2784,#643);
#423=LINE('',#2794,#644);
#424=LINE('',#2806,#645);
#425=LINE('',#2809,#646);
#426=LINE('',#2810,#647);
#427=LINE('',#2813,#648);
#428=LINE('',#2830,#649);
#429=LINE('',#2832,#650);
#430=LINE('',#2834,#651);
#431=LINE('',#2836,#652);
#432=LINE('',#2838,#653);
#433=LINE('',#2840,#654);
#434=LINE('',#2841,#655);
#435=LINE('',#2862,#656);
#436=LINE('',#2866,#657);
#437=LINE('',#2868,#658);
#438=LINE('',#2870,#659);
#439=LINE('',#2872,#660);
#440=LINE('',#2874,#661);
#441=LINE('',#2878,#662);
#442=LINE('',#2882,#663);
#443=LINE('',#2887,#664);
#444=LINE('',#2889,#665);
#445=LINE('',#2891,#666);
#446=LINE('',#2892,#667);
#447=LINE('',#2895,#668);
#448=LINE('',#2897,#669);
#449=LINE('',#2900,#670);
#450=LINE('',#2903,#671);
#451=LINE('',#2905,#672);
#452=LINE('',#2906,#673);
#453=LINE('',#2908,#674);
#454=LINE('',#2911,#675);
#455=LINE('',#2914,#676);
#456=LINE('',#2916,#677);
#457=LINE('',#2918,#678);
#458=LINE('',#2920,#679);
#459=LINE('',#2921,#680);
#460=LINE('',#2923,#681);
#461=LINE('',#2925,#682);
#462=LINE('',#2926,#683);
#463=LINE('',#2927,#684);
#464=LINE('',#2930,#685);
#465=LINE('',#2932,#686);
#466=LINE('',#2934,#687);
#467=LINE('',#2935,#688);
#468=LINE('',#2938,#689);
#469=LINE('',#2940,#690);
#470=LINE('',#2942,#691);
#471=LINE('',#2943,#692);
#472=LINE('',#2946,#693);
#473=LINE('',#2948,#694);
#474=LINE('',#2950,#695);
#475=LINE('',#2951,#696);
#476=LINE('',#2954,#697);
#477=LINE('',#2956,#698);
#478=LINE('',#2958,#699);
#479=LINE('',#2959,#700);
#480=LINE('',#2962,#701);
#481=LINE('',#2964,#702);
#482=LINE('',#2966,#703);
#483=LINE('',#2967,#704);
#484=LINE('',#2970,#705);
#485=LINE('',#2972,#706);
#486=LINE('',#2974,#707);
#487=LINE('',#2975,#708);
#488=LINE('',#2978,#709);
#489=LINE('',#2980,#710);
#490=LINE('',#2982,#711);
#491=LINE('',#2983,#712);
#492=LINE('',#2986,#713);
#493=LINE('',#2988,#714);
#494=LINE('',#2990,#715);
#495=LINE('',#2991,#716);
#496=LINE('',#2994,#717);
#497=LINE('',#2996,#718);
#498=LINE('',#2998,#719);
#499=LINE('',#2999,#720);
#500=LINE('',#3003,#721);
#501=LINE('',#3004,#722);
#502=LINE('',#3005,#723);
#503=LINE('',#3008,#724);
#504=LINE('',#3009,#725);
#505=LINE('',#3012,#726);
#506=LINE('',#3013,#727);
#507=LINE('',#3015,#728);
#508=LINE('',#3019,#729);
#509=LINE('',#3020,#730);
#510=LINE('',#3021,#731);
#511=LINE('',#3024,#732);
#512=LINE('',#3025,#733);
#513=LINE('',#3028,#734);
#514=LINE('',#3029,#735);
#515=LINE('',#3031,#736);
#516=LINE('',#3035,#737);
#517=LINE('',#3036,#738);
#518=LINE('',#3037,#739);
#519=LINE('',#3040,#740);
#520=LINE('',#3041,#741);
#521=LINE('',#3044,#742);
#522=LINE('',#3045,#743);
#523=LINE('',#3047,#744);
#524=LINE('',#3051,#745);
#525=LINE('',#3052,#746);
#526=LINE('',#3053,#747);
#527=LINE('',#3056,#748);
#528=LINE('',#3057,#749);
#529=LINE('',#3060,#750);
#530=LINE('',#3061,#751);
#531=LINE('',#3063,#752);
#532=LINE('',#3067,#753);
#533=LINE('',#3068,#754);
#534=LINE('',#3069,#755);
#535=LINE('',#3072,#756);
#536=LINE('',#3073,#757);
#537=LINE('',#3076,#758);
#538=LINE('',#3077,#759);
#539=LINE('',#3079,#760);
#540=LINE('',#3083,#761);
#541=LINE('',#3084,#762);
#542=LINE('',#3085,#763);
#543=LINE('',#3088,#764);
#544=LINE('',#3089,#765);
#545=LINE('',#3092,#766);
#546=LINE('',#3093,#767);
#547=LINE('',#3095,#768);
#548=LINE('',#3099,#769);
#549=LINE('',#3100,#770);
#550=LINE('',#3101,#771);
#551=LINE('',#3104,#772);
#552=LINE('',#3105,#773);
#553=LINE('',#3108,#774);
#554=LINE('',#3109,#775);
#555=LINE('',#3111,#776);
#556=LINE('',#3115,#777);
#557=LINE('',#3116,#778);
#558=LINE('',#3117,#779);
#559=LINE('',#3120,#780);
#560=LINE('',#3121,#781);
#561=LINE('',#3124,#782);
#562=LINE('',#3125,#783);
#563=LINE('',#3127,#784);
#564=LINE('',#3131,#785);
#565=LINE('',#3132,#786);
#566=LINE('',#3133,#787);
#567=LINE('',#3136,#788);
#568=LINE('',#3137,#789);
#569=LINE('',#3140,#790);
#570=LINE('',#3141,#791);
#571=LINE('',#3143,#792);
#572=LINE('',#3146,#793);
#573=LINE('',#3148,#794);
#574=LINE('',#3149,#795);
#575=LINE('',#3152,#796);
#576=LINE('',#3153,#797);
#577=LINE('',#3156,#798);
#578=LINE('',#3162,#799);
#579=LINE('',#3165,#800);
#580=LINE('',#3173,#801);
#581=LINE('',#3175,#802);
#582=LINE('',#3177,#803);
#583=LINE('',#3178,#804);
#584=LINE('',#3181,#805);
#585=LINE('',#3183,#806);
#586=LINE('',#3184,#807);
#587=LINE('',#3186,#808);
#588=LINE('',#3187,#809);
#589=LINE('',#3189,#810);
#590=LINE('',#3191,#811);
#591=LINE('',#3197,#812);
#592=LINE('',#3204,#813);
#593=LINE('',#3211,#814);
#594=LINE('',#3218,#815);
#595=LINE('',#3225,#816);
#596=LINE('',#3232,#817);
#597=LINE('',#3239,#818);
#598=LINE('',#3246,#819);
#599=LINE('',#3253,#820);
#600=LINE('',#3259,#821);
#601=LINE('',#3275,#822);
#602=LINE('',#3279,#823);
#603=LINE('',#3281,#824);
#604=LINE('',#3283,#825);
#605=LINE('',#3285,#826);
#606=LINE('',#3286,#827);
#607=LINE('',#3287,#828);
#608=LINE('',#3288,#829);
#609=LINE('',#3292,#830);
#610=LINE('',#3317,#831);
#611=LINE('',#3323,#832);
#612=LINE('',#3328,#833);
#613=LINE('',#3331,#834);
#614=LINE('',#3335,#835);
#615=LINE('',#3338,#836);
#616=LINE('',#3339,#837);
#617=LINE('',#3341,#838);
#618=LINE('',#3344,#839);
#619=LINE('',#3346,#840);
#620=LINE('',#3348,#841);
#621=LINE('',#3352,#842);
#622=LINE('',#3354,#843);
#623=LINE('',#3355,#844);
#624=LINE('',#3358,#845);
#625=LINE('',#3359,#846);
#626=LINE('',#3363,#847);
#627=LINE('',#3366,#848);
#628=LINE('',#3372,#849);
#629=LINE('',#3374,#850);
#630=VECTOR('',#2208,10.);
#631=VECTOR('',#2213,10.);
#632=VECTOR('',#2214,10.);
#633=VECTOR('',#2217,10.);
#634=VECTOR('',#2218,10.);
#635=VECTOR('',#2219,10.);
#636=VECTOR('',#2222,10.);
#637=VECTOR('',#2229,10.);
#638=VECTOR('',#2230,10.);
#639=VECTOR('',#2231,10.);
#640=VECTOR('',#2234,10.);
#641=VECTOR('',#2241,10.);
#642=VECTOR('',#2242,10.);
#643=VECTOR('',#2243,10.);
#644=VECTOR('',#2252,10.);
#645=VECTOR('',#2253,10.);
#646=VECTOR('',#2256,10.);
#647=VECTOR('',#2257,10.);
#648=VECTOR('',#2260,10.);
#649=VECTOR('',#2265,10.);
#650=VECTOR('',#2266,10.);
#651=VECTOR('',#2267,10.);
#652=VECTOR('',#2268,10.);
#653=VECTOR('',#2269,10.);
#654=VECTOR('',#2270,10.);
#655=VECTOR('',#2271,10.);
#656=VECTOR('',#2278,10.);
#657=VECTOR('',#2281,10.);
#658=VECTOR('',#2282,10.);
#659=VECTOR('',#2283,10.);
#660=VECTOR('',#2284,10.);
#661=VECTOR('',#2285,10.);
#662=VECTOR('',#2288,10.);
#663=VECTOR('',#2291,10.);
#664=VECTOR('',#2296,10.);
#665=VECTOR('',#2297,10.);
#666=VECTOR('',#2298,10.);
#667=VECTOR('',#2299,10.);
#668=VECTOR('',#2302,10.);
#669=VECTOR('',#2303,10.);
#670=VECTOR('',#2306,10.);
#671=VECTOR('',#2309,10.);
#672=VECTOR('',#2310,10.);
#673=VECTOR('',#2311,10.);
#674=VECTOR('',#2314,10.);
#675=VECTOR('',#2317,10.);
#676=VECTOR('',#2320,10.);
#677=VECTOR('',#2321,10.);
#678=VECTOR('',#2322,10.);
#679=VECTOR('',#2323,10.);
#680=VECTOR('',#2324,10.);
#681=VECTOR('',#2325,10.);
#682=VECTOR('',#2326,10.);
#683=VECTOR('',#2327,10.);
#684=VECTOR('',#2328,10.);
#685=VECTOR('',#2329,10.);
#686=VECTOR('',#2330,10.);
#687=VECTOR('',#2331,10.);
#688=VECTOR('',#2332,10.);
#689=VECTOR('',#2333,10.);
#690=VECTOR('',#2334,10.);
#691=VECTOR('',#2335,10.);
#692=VECTOR('',#2336,10.);
#693=VECTOR('',#2337,10.);
#694=VECTOR('',#2338,10.);
#695=VECTOR('',#2339,10.);
#696=VECTOR('',#2340,10.);
#697=VECTOR('',#2341,10.);
#698=VECTOR('',#2342,10.);
#699=VECTOR('',#2343,10.);
#700=VECTOR('',#2344,10.);
#701=VECTOR('',#2345,10.);
#702=VECTOR('',#2346,10.);
#703=VECTOR('',#2347,10.);
#704=VECTOR('',#2348,10.);
#705=VECTOR('',#2349,10.);
#706=VECTOR('',#2350,10.);
#707=VECTOR('',#2351,10.);
#708=VECTOR('',#2352,10.);
#709=VECTOR('',#2353,10.);
#710=VECTOR('',#2354,10.);
#711=VECTOR('',#2355,10.);
#712=VECTOR('',#2356,10.);
#713=VECTOR('',#2357,10.);
#714=VECTOR('',#2358,10.);
#715=VECTOR('',#2359,10.);
#716=VECTOR('',#2360,10.);
#717=VECTOR('',#2361,10.);
#718=VECTOR('',#2362,10.);
#719=VECTOR('',#2363,10.);
#720=VECTOR('',#2364,10.);
#721=VECTOR('',#2367,10.);
#722=VECTOR('',#2368,10.);
#723=VECTOR('',#2369,10.);
#724=VECTOR('',#2372,10.);
#725=VECTOR('',#2373,10.);
#726=VECTOR('',#2376,10.);
#727=VECTOR('',#2377,10.);
#728=VECTOR('',#2380,10.);
#729=VECTOR('',#2383,10.);
#730=VECTOR('',#2384,10.);
#731=VECTOR('',#2385,10.);
#732=VECTOR('',#2388,10.);
#733=VECTOR('',#2389,10.);
#734=VECTOR('',#2392,10.);
#735=VECTOR('',#2393,10.);
#736=VECTOR('',#2396,10.);
#737=VECTOR('',#2399,10.);
#738=VECTOR('',#2400,10.);
#739=VECTOR('',#2401,10.);
#740=VECTOR('',#2404,10.);
#741=VECTOR('',#2405,10.);
#742=VECTOR('',#2408,10.);
#743=VECTOR('',#2409,10.);
#744=VECTOR('',#2412,10.);
#745=VECTOR('',#2415,10.);
#746=VECTOR('',#2416,10.);
#747=VECTOR('',#2417,10.);
#748=VECTOR('',#2420,10.);
#749=VECTOR('',#2421,10.);
#750=VECTOR('',#2424,10.);
#751=VECTOR('',#2425,10.);
#752=VECTOR('',#2428,10.);
#753=VECTOR('',#2431,10.);
#754=VECTOR('',#2432,10.);
#755=VECTOR('',#2433,10.);
#756=VECTOR('',#2436,10.);
#757=VECTOR('',#2437,10.);
#758=VECTOR('',#2440,10.);
#759=VECTOR('',#2441,10.);
#760=VECTOR('',#2444,10.);
#761=VECTOR('',#2447,10.);
#762=VECTOR('',#2448,10.);
#763=VECTOR('',#2449,10.);
#764=VECTOR('',#2452,10.);
#765=VECTOR('',#2453,10.);
#766=VECTOR('',#2456,10.);
#767=VECTOR('',#2457,10.);
#768=VECTOR('',#2460,10.);
#769=VECTOR('',#2463,10.);
#770=VECTOR('',#2464,10.);
#771=VECTOR('',#2465,10.);
#772=VECTOR('',#2468,10.);
#773=VECTOR('',#2469,10.);
#774=VECTOR('',#2472,10.);
#775=VECTOR('',#2473,10.);
#776=VECTOR('',#2476,10.);
#777=VECTOR('',#2479,10.);
#778=VECTOR('',#2480,10.);
#779=VECTOR('',#2481,10.);
#780=VECTOR('',#2484,10.);
#781=VECTOR('',#2485,10.);
#782=VECTOR('',#2488,10.);
#783=VECTOR('',#2489,10.);
#784=VECTOR('',#2492,10.);
#785=VECTOR('',#2495,10.);
#786=VECTOR('',#2496,10.);
#787=VECTOR('',#2497,10.);
#788=VECTOR('',#2500,10.);
#789=VECTOR('',#2501,10.);
#790=VECTOR('',#2504,10.);
#791=VECTOR('',#2505,10.);
#792=VECTOR('',#2508,10.);
#793=VECTOR('',#2511,10.);
#794=VECTOR('',#2512,10.);
#795=VECTOR('',#2513,10.);
#796=VECTOR('',#2516,10.);
#797=VECTOR('',#2517,10.);
#798=VECTOR('',#2520,10.);
#799=VECTOR('',#2523,10.);
#800=VECTOR('',#2526,10.);
#801=VECTOR('',#2531,10.);
#802=VECTOR('',#2532,10.);
#803=VECTOR('',#2533,10.);
#804=VECTOR('',#2534,10.);
#805=VECTOR('',#2537,10.);
#806=VECTOR('',#2538,10.);
#807=VECTOR('',#2539,10.);
#808=VECTOR('',#2542,10.);
#809=VECTOR('',#2543,10.);
#810=VECTOR('',#2546,10.);
#811=VECTOR('',#2549,10.);
#812=VECTOR('',#2556,1.2);
#813=VECTOR('',#2565,2.);
#814=VECTOR('',#2574,3.5);
#815=VECTOR('',#2583,2.);
#816=VECTOR('',#2592,3.5);
#817=VECTOR('',#2601,2.);
#818=VECTOR('',#2610,3.5);
#819=VECTOR('',#2619,2.);
#820=VECTOR('',#2628,3.5);
#821=VECTOR('',#2637,10.);
#822=VECTOR('',#2642,10.);
#823=VECTOR('',#2645,10.);
#824=VECTOR('',#2646,10.);
#825=VECTOR('',#2647,10.);
#826=VECTOR('',#2648,10.);
#827=VECTOR('',#2649,10.);
#828=VECTOR('',#2650,10.);
#829=VECTOR('',#2651,10.);
#830=VECTOR('',#2656,10.);
#831=VECTOR('',#2659,10.);
#832=VECTOR('',#2662,10.);
#833=VECTOR('',#2667,10.);
#834=VECTOR('',#2670,10.);
#835=VECTOR('',#2675,10.);
#836=VECTOR('',#2678,10.);
#837=VECTOR('',#2679,10.);
#838=VECTOR('',#2682,10.);
#839=VECTOR('',#2687,10.);
#840=VECTOR('',#2690,10.);
#841=VECTOR('',#2693,10.);
#842=VECTOR('',#2698,10.);
#843=VECTOR('',#2699,10.);
#844=VECTOR('',#2700,10.);
#845=VECTOR('',#2703,10.);
#846=VECTOR('',#2704,10.);
#847=VECTOR('',#2709,10.);
#848=VECTOR('',#2712,10.);
#849=VECTOR('',#2717,10.);
#850=VECTOR('',#2720,10.);
#851=CIRCLE('',#2051,11.8573716498825);
#852=CIRCLE('',#2052,11.1173546313436);
#853=CIRCLE('',#2056,11.1173546313436);
#854=CIRCLE('',#2057,11.8573716498825);
#855=CIRCLE('',#2060,11.1173546313436);
#856=CIRCLE('',#2061,11.8573716498825);
#857=CIRCLE('',#2064,11.1173546313436);
#858=CIRCLE('',#2065,11.8573716498825);
#859=CIRCLE('',#2069,11.4662123651451);
#860=CIRCLE('',#2074,8.);
#861=CIRCLE('',#2075,8.);
#862=CIRCLE('',#2076,8.);
#863=CIRCLE('',#2077,8.);
#864=CIRCLE('',#2080,8.);
#865=CIRCLE('',#2083,8.);
#866=CIRCLE('',#2135,1.2);
#867=CIRCLE('',#2138,2.);
#868=CIRCLE('',#2139,2.);
#869=CIRCLE('',#2143,3.5);
#870=CIRCLE('',#2146,2.);
#871=CIRCLE('',#2147,2.);
#872=CIRCLE('',#2151,3.5);
#873=CIRCLE('',#2154,2.);
#874=CIRCLE('',#2155,2.);
#875=CIRCLE('',#2159,3.5);
#876=CIRCLE('',#2162,2.);
#877=CIRCLE('',#2163,2.);
#878=CIRCLE('',#2167,3.5);
#879=CIRCLE('',#2170,5.3);
#880=CIRCLE('',#2171,5.3);
#881=CIRCLE('',#2173,5.3);
#882=CIRCLE('',#2176,5.3);
#883=CIRCLE('',#2193,8.50606022611884);
#884=CIRCLE('',#2195,8.50606022611884);
#885=VERTEX_POINT('',#2731);
#886=VERTEX_POINT('',#2732);
#887=VERTEX_POINT('',#2734);
#888=VERTEX_POINT('',#2736);
#889=VERTEX_POINT('',#2738);
#890=VERTEX_POINT('',#2747);
#891=VERTEX_POINT('',#2749);
#892=VERTEX_POINT('',#2756);
#893=VERTEX_POINT('',#2757);
#894=VERTEX_POINT('',#2762);
#895=VERTEX_POINT('',#2763);
#896=VERTEX_POINT('',#2768);
#897=VERTEX_POINT('',#2769);
#898=VERTEX_POINT('',#2774);
#899=VERTEX_POINT('',#2775);
#900=VERTEX_POINT('',#2780);
#901=VERTEX_POINT('',#2781);
#902=VERTEX_POINT('',#2787);
#903=VERTEX_POINT('',#2793);
#904=VERTEX_POINT('',#2795);
#905=VERTEX_POINT('',#2808);
#906=VERTEX_POINT('',#2812);
#907=VERTEX_POINT('',#2814);
#908=VERTEX_POINT('',#2816);
#909=VERTEX_POINT('',#2829);
#910=VERTEX_POINT('',#2831);
#911=VERTEX_POINT('',#2833);
#912=VERTEX_POINT('',#2835);
#913=VERTEX_POINT('',#2837);
#914=VERTEX_POINT('',#2839);
#915=VERTEX_POINT('',#2843);
#916=VERTEX_POINT('',#2845);
#917=VERTEX_POINT('',#2860);
#918=VERTEX_POINT('',#2861);
#919=VERTEX_POINT('',#2863);
#920=VERTEX_POINT('',#2865);
#921=VERTEX_POINT('',#2867);
#922=VERTEX_POINT('',#2869);
#923=VERTEX_POINT('',#2871);
#924=VERTEX_POINT('',#2873);
#925=VERTEX_POINT('',#2875);
#926=VERTEX_POINT('',#2877);
#927=VERTEX_POINT('',#2879);
#928=VERTEX_POINT('',#2881);
#929=VERTEX_POINT('',#2885);
#930=VERTEX_POINT('',#2886);
#931=VERTEX_POINT('',#2888);
#932=VERTEX_POINT('',#2890);
#933=VERTEX_POINT('',#2894);
#934=VERTEX_POINT('',#2896);
#935=VERTEX_POINT('',#2898);
#936=VERTEX_POINT('',#2902);
#937=VERTEX_POINT('',#2904);
#938=VERTEX_POINT('',#2909);
#939=VERTEX_POINT('',#2913);
#940=VERTEX_POINT('',#2915);
#941=VERTEX_POINT('',#2917);
#942=VERTEX_POINT('',#2919);
#943=VERTEX_POINT('',#2922);
#944=VERTEX_POINT('',#2924);
#945=VERTEX_POINT('',#2928);
#946=VERTEX_POINT('',#2929);
#947=VERTEX_POINT('',#2931);
#948=VERTEX_POINT('',#2933);
#949=VERTEX_POINT('',#2936);
#950=VERTEX_POINT('',#2937);
#951=VERTEX_POINT('',#2939);
#952=VERTEX_POINT('',#2941);
#953=VERTEX_POINT('',#2944);
#954=VERTEX_POINT('',#2945);
#955=VERTEX_POINT('',#2947);
#956=VERTEX_POINT('',#2949);
#957=VERTEX_POINT('',#2952);
#958=VERTEX_POINT('',#2953);
#959=VERTEX_POINT('',#2955);
#960=VERTEX_POINT('',#2957);
#961=VERTEX_POINT('',#2960);
#962=VERTEX_POINT('',#2961);
#963=VERTEX_POINT('',#2963);
#964=VERTEX_POINT('',#2965);
#965=VERTEX_POINT('',#2968);
#966=VERTEX_POINT('',#2969);
#967=VERTEX_POINT('',#2971);
#968=VERTEX_POINT('',#2973);
#969=VERTEX_POINT('',#2976);
#970=VERTEX_POINT('',#2977);
#971=VERTEX_POINT('',#2979);
#972=VERTEX_POINT('',#2981);
#973=VERTEX_POINT('',#2984);
#974=VERTEX_POINT('',#2985);
#975=VERTEX_POINT('',#2987);
#976=VERTEX_POINT('',#2989);
#977=VERTEX_POINT('',#2992);
#978=VERTEX_POINT('',#2993);
#979=VERTEX_POINT('',#2995);
#980=VERTEX_POINT('',#2997);
#981=VERTEX_POINT('',#3001);
#982=VERTEX_POINT('',#3002);
#983=VERTEX_POINT('',#3007);
#984=VERTEX_POINT('',#3011);
#985=VERTEX_POINT('',#3017);
#986=VERTEX_POINT('',#3018);
#987=VERTEX_POINT('',#3023);
#988=VERTEX_POINT('',#3027);
#989=VERTEX_POINT('',#3033);
#990=VERTEX_POINT('',#3034);
#991=VERTEX_POINT('',#3039);
#992=VERTEX_POINT('',#3043);
#993=VERTEX_POINT('',#3049);
#994=VERTEX_POINT('',#3050);
#995=VERTEX_POINT('',#3055);
#996=VERTEX_POINT('',#3059);
#997=VERTEX_POINT('',#3065);
#998=VERTEX_POINT('',#3066);
#999=VERTEX_POINT('',#3071);
#1000=VERTEX_POINT('',#3075);
#1001=VERTEX_POINT('',#3081);
#1002=VERTEX_POINT('',#3082);
#1003=VERTEX_POINT('',#3087);
#1004=VERTEX_POINT('',#3091);
#1005=VERTEX_POINT('',#3097);
#1006=VERTEX_POINT('',#3098);
#1007=VERTEX_POINT('',#3103);
#1008=VERTEX_POINT('',#3107);
#1009=VERTEX_POINT('',#3113);
#1010=VERTEX_POINT('',#3114);
#1011=VERTEX_POINT('',#3119);
#1012=VERTEX_POINT('',#3123);
#1013=VERTEX_POINT('',#3129);
#1014=VERTEX_POINT('',#3130);
#1015=VERTEX_POINT('',#3135);
#1016=VERTEX_POINT('',#3139);
#1017=VERTEX_POINT('',#3145);
#1018=VERTEX_POINT('',#3147);
#1019=VERTEX_POINT('',#3151);
#1020=VERTEX_POINT('',#3155);
#1021=VERTEX_POINT('',#3161);
#1022=VERTEX_POINT('',#3163);
#1023=VERTEX_POINT('',#3171);
#1024=VERTEX_POINT('',#3172);
#1025=VERTEX_POINT('',#3174);
#1026=VERTEX_POINT('',#3176);
#1027=VERTEX_POINT('',#3180);
#1028=VERTEX_POINT('',#3182);
#1029=VERTEX_POINT('',#3194);
#1030=VERTEX_POINT('',#3196);
#1031=VERTEX_POINT('',#3201);
#1032=VERTEX_POINT('',#3203);
#1033=VERTEX_POINT('',#3208);
#1034=VERTEX_POINT('',#3210);
#1035=VERTEX_POINT('',#3215);
#1036=VERTEX_POINT('',#3217);
#1037=VERTEX_POINT('',#3222);
#1038=VERTEX_POINT('',#3224);
#1039=VERTEX_POINT('',#3229);
#1040=VERTEX_POINT('',#3231);
#1041=VERTEX_POINT('',#3236);
#1042=VERTEX_POINT('',#3238);
#1043=VERTEX_POINT('',#3243);
#1044=VERTEX_POINT('',#3245);
#1045=VERTEX_POINT('',#3250);
#1046=VERTEX_POINT('',#3252);
#1047=VERTEX_POINT('',#3257);
#1048=VERTEX_POINT('',#3260);
#1049=VERTEX_POINT('',#3273);
#1050=VERTEX_POINT('',#3274);
#1051=VERTEX_POINT('',#3276);
#1052=VERTEX_POINT('',#3278);
#1053=VERTEX_POINT('',#3280);
#1054=VERTEX_POINT('',#3282);
#1055=VERTEX_POINT('',#3284);
#1056=VERTEX_POINT('',#3291);
#1057=VERTEX_POINT('',#3293);
#1058=VERTEX_POINT('',#3304);
#1059=VERTEX_POINT('',#3306);
#1060=VERTEX_POINT('',#3319);
#1061=VERTEX_POINT('',#3325);
#1062=VERTEX_POINT('',#3327);
#1063=VERTEX_POINT('',#3329);
#1064=VERTEX_POINT('',#3333);
#1065=VERTEX_POINT('',#3337);
#1066=VERTEX_POINT('',#3351);
#1067=VERTEX_POINT('',#3353);
#1068=VERTEX_POINT('',#3357);
#1069=VERTEX_POINT('',#3361);
#1070=VERTEX_POINT('',#3365);
#1071=EDGE_CURVE('',#885,#886,#851,.T.);
#1072=EDGE_CURVE('',#886,#887,#409,.T.);
#1073=EDGE_CURVE('',#887,#888,#852,.T.);
#1074=EDGE_CURVE('',#888,#889,#401,.T.);
#1075=EDGE_CURVE('',#889,#885,#393,.T.);
#1076=EDGE_CURVE('',#890,#889,#410,.T.);
#1077=EDGE_CURVE('',#888,#891,#411,.T.);
#1078=EDGE_CURVE('',#891,#890,#402,.T.);
#1079=EDGE_CURVE('',#892,#893,#412,.T.);
#1080=EDGE_CURVE('',#893,#887,#413,.T.);
#1081=EDGE_CURVE('',#886,#892,#414,.T.);
#1082=EDGE_CURVE('',#894,#895,#415,.T.);
#1083=EDGE_CURVE('',#895,#893,#853,.T.);
#1084=EDGE_CURVE('',#892,#894,#854,.T.);
#1085=EDGE_CURVE('',#896,#897,#416,.T.);
#1086=EDGE_CURVE('',#897,#895,#417,.T.);
#1087=EDGE_CURVE('',#894,#896,#418,.T.);
#1088=EDGE_CURVE('',#898,#899,#419,.T.);
#1089=EDGE_CURVE('',#899,#897,#855,.T.);
#1090=EDGE_CURVE('',#896,#898,#856,.T.);
#1091=EDGE_CURVE('',#900,#901,#420,.T.);
#1092=EDGE_CURVE('',#901,#899,#421,.T.);
#1093=EDGE_CURVE('',#898,#900,#422,.T.);
#1094=EDGE_CURVE('',#891,#901,#857,.T.);
#1095=EDGE_CURVE('',#900,#902,#858,.T.);
#1096=EDGE_CURVE('',#902,#890,#394,.T.);
#1097=EDGE_CURVE('',#896,#903,#423,.T.);
#1098=EDGE_CURVE('',#904,#903,#403,.T.);
#1099=EDGE_CURVE('',#898,#904,#424,.T.);
#1100=EDGE_CURVE('',#894,#905,#425,.T.);
#1101=EDGE_CURVE('',#903,#905,#426,.T.);
#1102=EDGE_CURVE('',#892,#906,#427,.T.);
#1103=EDGE_CURVE('',#906,#907,#859,.T.);
#1104=EDGE_CURVE('',#907,#908,#395,.T.);
#1105=EDGE_CURVE('',#905,#908,#404,.T.);
#1106=EDGE_CURVE('',#886,#909,#428,.T.);
#1107=EDGE_CURVE('',#909,#910,#429,.T.);
#1108=EDGE_CURVE('',#910,#911,#430,.T.);
#1109=EDGE_CURVE('',#912,#911,#431,.T.);
#1110=EDGE_CURVE('',#912,#913,#432,.T.);
#1111=EDGE_CURVE('',#913,#914,#433,.T.);
#1112=EDGE_CURVE('',#914,#906,#434,.T.);
#1113=EDGE_CURVE('',#885,#915,#59,.T.);
#1114=EDGE_CURVE('',#915,#916,#405,.T.);
#1115=EDGE_CURVE('',#916,#909,#396,.T.);
#1116=EDGE_CURVE('',#917,#918,#435,.T.);
#1117=EDGE_CURVE('',#918,#919,#860,.T.);
#1118=EDGE_CURVE('',#919,#920,#436,.T.);
#1119=EDGE_CURVE('',#921,#920,#437,.T.);
#1120=EDGE_CURVE('',#922,#921,#438,.T.);
#1121=EDGE_CURVE('',#923,#922,#439,.T.);
#1122=EDGE_CURVE('',#923,#924,#440,.T.);
#1123=EDGE_CURVE('',#924,#925,#861,.T.);
#1124=EDGE_CURVE('',#925,#926,#441,.T.);
#1125=EDGE_CURVE('',#926,#927,#862,.T.);
#1126=EDGE_CURVE('',#927,#928,#442,.T.);
#1127=EDGE_CURVE('',#928,#917,#863,.T.);
#1128=EDGE_CURVE('',#929,#930,#443,.T.);
#1129=EDGE_CURVE('',#931,#929,#444,.T.);
#1130=EDGE_CURVE('',#932,#931,#445,.T.);
#1131=EDGE_CURVE('',#930,#932,#446,.T.);
#1132=EDGE_CURVE('',#930,#933,#447,.T.);
#1133=EDGE_CURVE('',#934,#932,#448,.T.);
#1134=EDGE_CURVE('',#935,#934,#864,.T.);
#1135=EDGE_CURVE('',#935,#933,#449,.T.);
#1136=EDGE_CURVE('',#933,#936,#450,.T.);
#1137=EDGE_CURVE('',#937,#935,#451,.T.);
#1138=EDGE_CURVE('',#936,#937,#452,.T.);
#1139=EDGE_CURVE('',#936,#929,#453,.T.);
#1140=EDGE_CURVE('',#938,#937,#865,.T.);
#1141=EDGE_CURVE('',#931,#938,#454,.T.);
#1142=EDGE_CURVE('',#938,#939,#455,.T.);
#1143=EDGE_CURVE('',#940,#939,#456,.T.);
#1144=EDGE_CURVE('',#940,#941,#457,.T.);
#1145=EDGE_CURVE('',#941,#942,#458,.T.);
#1146=EDGE_CURVE('',#942,#924,#459,.T.);
#1147=EDGE_CURVE('',#923,#943,#460,.T.);
#1148=EDGE_CURVE('',#943,#944,#461,.T.);
#1149=EDGE_CURVE('',#944,#920,#462,.T.);
#1150=EDGE_CURVE('',#919,#934,#463,.T.);
#1151=EDGE_CURVE('',#945,#946,#464,.T.);
#1152=EDGE_CURVE('',#946,#947,#465,.T.);
#1153=EDGE_CURVE('',#947,#948,#466,.T.);
#1154=EDGE_CURVE('',#948,#945,#467,.T.);
#1155=EDGE_CURVE('',#949,#950,#468,.T.);
#1156=EDGE_CURVE('',#950,#951,#469,.T.);
#1157=EDGE_CURVE('',#951,#952,#470,.T.);
#1158=EDGE_CURVE('',#952,#949,#471,.T.);
#1159=EDGE_CURVE('',#953,#954,#472,.T.);
#1160=EDGE_CURVE('',#954,#955,#473,.T.);
#1161=EDGE_CURVE('',#955,#956,#474,.T.);
#1162=EDGE_CURVE('',#956,#953,#475,.T.);
#1163=EDGE_CURVE('',#957,#958,#476,.T.);
#1164=EDGE_CURVE('',#958,#959,#477,.T.);
#1165=EDGE_CURVE('',#959,#960,#478,.T.);
#1166=EDGE_CURVE('',#960,#957,#479,.T.);
#1167=EDGE_CURVE('',#961,#962,#480,.T.);
#1168=EDGE_CURVE('',#962,#963,#481,.T.);
#1169=EDGE_CURVE('',#963,#964,#482,.T.);
#1170=EDGE_CURVE('',#964,#961,#483,.T.);
#1171=EDGE_CURVE('',#965,#966,#484,.T.);
#1172=EDGE_CURVE('',#966,#967,#485,.T.);
#1173=EDGE_CURVE('',#967,#968,#486,.T.);
#1174=EDGE_CURVE('',#968,#965,#487,.T.);
#1175=EDGE_CURVE('',#969,#970,#488,.T.);
#1176=EDGE_CURVE('',#970,#971,#489,.T.);
#1177=EDGE_CURVE('',#971,#972,#490,.T.);
#1178=EDGE_CURVE('',#972,#969,#491,.T.);
#1179=EDGE_CURVE('',#973,#974,#492,.T.);
#1180=EDGE_CURVE('',#974,#975,#493,.T.);
#1181=EDGE_CURVE('',#975,#976,#494,.T.);
#1182=EDGE_CURVE('',#976,#973,#495,.T.);
#1183=EDGE_CURVE('',#977,#978,#496,.T.);
#1184=EDGE_CURVE('',#978,#979,#497,.T.);
#1185=EDGE_CURVE('',#979,#980,#498,.T.);
#1186=EDGE_CURVE('',#980,#977,#499,.T.);
#1187=EDGE_CURVE('',#981,#982,#500,.T.);
#1188=EDGE_CURVE('',#948,#981,#501,.T.);
#1189=EDGE_CURVE('',#982,#947,#502,.T.);
#1190=EDGE_CURVE('',#982,#983,#503,.T.);
#1191=EDGE_CURVE('',#946,#983,#504,.T.);
#1192=EDGE_CURVE('',#983,#984,#505,.T.);
#1193=EDGE_CURVE('',#984,#945,#506,.T.);
#1194=EDGE_CURVE('',#984,#981,#507,.T.);
#1195=EDGE_CURVE('',#985,#986,#508,.T.);
#1196=EDGE_CURVE('',#980,#985,#509,.T.);
#1197=EDGE_CURVE('',#986,#979,#510,.T.);
#1198=EDGE_CURVE('',#986,#987,#511,.T.);
#1199=EDGE_CURVE('',#978,#987,#512,.T.);
#1200=EDGE_CURVE('',#987,#988,#513,.T.);
#1201=EDGE_CURVE('',#988,#977,#514,.T.);
#1202=EDGE_CURVE('',#988,#985,#515,.T.);
#1203=EDGE_CURVE('',#989,#990,#516,.T.);
#1204=EDGE_CURVE('',#976,#989,#517,.T.);
#1205=EDGE_CURVE('',#990,#975,#518,.T.);
#1206=EDGE_CURVE('',#990,#991,#519,.T.);
#1207=EDGE_CURVE('',#974,#991,#520,.T.);
#1208=EDGE_CURVE('',#991,#992,#521,.T.);
#1209=EDGE_CURVE('',#992,#973,#522,.T.);
#1210=EDGE_CURVE('',#992,#989,#523,.T.);
#1211=EDGE_CURVE('',#993,#994,#524,.T.);
#1212=EDGE_CURVE('',#972,#993,#525,.T.);
#1213=EDGE_CURVE('',#994,#971,#526,.T.);
#1214=EDGE_CURVE('',#994,#995,#527,.T.);
#1215=EDGE_CURVE('',#970,#995,#528,.T.);
#1216=EDGE_CURVE('',#995,#996,#529,.T.);
#1217=EDGE_CURVE('',#996,#969,#530,.T.);
#1218=EDGE_CURVE('',#996,#993,#531,.T.);
#1219=EDGE_CURVE('',#997,#998,#532,.T.);
#1220=EDGE_CURVE('',#968,#997,#533,.T.);
#1221=EDGE_CURVE('',#998,#967,#534,.T.);
#1222=EDGE_CURVE('',#998,#999,#535,.T.);
#1223=EDGE_CURVE('',#966,#999,#536,.T.);
#1224=EDGE_CURVE('',#999,#1000,#537,.T.);
#1225=EDGE_CURVE('',#1000,#965,#538,.T.);
#1226=EDGE_CURVE('',#1000,#997,#539,.T.);
#1227=EDGE_CURVE('',#1001,#1002,#540,.T.);
#1228=EDGE_CURVE('',#964,#1001,#541,.T.);
#1229=EDGE_CURVE('',#1002,#963,#542,.T.);
#1230=EDGE_CURVE('',#1002,#1003,#543,.T.);
#1231=EDGE_CURVE('',#962,#1003,#544,.T.);
#1232=EDGE_CURVE('',#1003,#1004,#545,.T.);
#1233=EDGE_CURVE('',#1004,#961,#546,.T.);
#1234=EDGE_CURVE('',#1004,#1001,#547,.T.);
#1235=EDGE_CURVE('',#1005,#1006,#548,.T.);
#1236=EDGE_CURVE('',#960,#1005,#549,.T.);
#1237=EDGE_CURVE('',#1006,#959,#550,.T.);
#1238=EDGE_CURVE('',#1006,#1007,#551,.T.);
#1239=EDGE_CURVE('',#958,#1007,#552,.T.);
#1240=EDGE_CURVE('',#1007,#1008,#553,.T.);
#1241=EDGE_CURVE('',#1008,#957,#554,.T.);
#1242=EDGE_CURVE('',#1008,#1005,#555,.T.);
#1243=EDGE_CURVE('',#1009,#1010,#556,.T.);
#1244=EDGE_CURVE('',#956,#1009,#557,.T.);
#1245=EDGE_CURVE('',#1010,#955,#558,.T.);
#1246=EDGE_CURVE('',#1010,#1011,#559,.T.);
#1247=EDGE_CURVE('',#954,#1011,#560,.T.);
#1248=EDGE_CURVE('',#1011,#1012,#561,.T.);
#1249=EDGE_CURVE('',#1012,#953,#562,.T.);
#1250=EDGE_CURVE('',#1012,#1009,#563,.T.);
#1251=EDGE_CURVE('',#1013,#1014,#564,.T.);
#1252=EDGE_CURVE('',#952,#1013,#565,.T.);
#1253=EDGE_CURVE('',#1014,#951,#566,.T.);
#1254=EDGE_CURVE('',#1014,#1015,#567,.T.);
#1255=EDGE_CURVE('',#950,#1015,#568,.T.);
#1256=EDGE_CURVE('',#1015,#1016,#569,.T.);
#1257=EDGE_CURVE('',#1016,#949,#570,.T.);
#1258=EDGE_CURVE('',#1016,#1013,#571,.T.);
#1259=EDGE_CURVE('',#1017,#913,#572,.T.);
#1260=EDGE_CURVE('',#1018,#1017,#573,.T.);
#1261=EDGE_CURVE('',#914,#1018,#574,.T.);
#1262=EDGE_CURVE('',#1019,#1018,#575,.T.);
#1263=EDGE_CURVE('',#1019,#907,#576,.T.);
#1264=EDGE_CURVE('',#1020,#1019,#577,.T.);
#1265=EDGE_CURVE('',#908,#1020,#397,.T.);
#1266=EDGE_CURVE('',#1021,#912,#578,.T.);
#1267=EDGE_CURVE('',#1022,#1021,#60,.T.);
#1268=EDGE_CURVE('',#1017,#1022,#579,.T.);
#1269=EDGE_CURVE('',#1020,#1022,#398,.T.);
#1270=EDGE_CURVE('',#1023,#1024,#580,.T.);
#1271=EDGE_CURVE('',#1025,#1023,#581,.T.);
#1272=EDGE_CURVE('',#1026,#1025,#582,.T.);
#1273=EDGE_CURVE('',#1024,#1026,#583,.T.);
#1274=EDGE_CURVE('',#1027,#1025,#584,.T.);
#1275=EDGE_CURVE('',#1028,#1027,#585,.T.);
#1276=EDGE_CURVE('',#1026,#1028,#586,.T.);
#1277=EDGE_CURVE('',#1028,#943,#587,.T.);
#1278=EDGE_CURVE('',#922,#1024,#588,.T.);
#1279=EDGE_CURVE('',#944,#1027,#589,.T.);
#1280=EDGE_CURVE('',#1023,#921,#590,.T.);
#1281=EDGE_CURVE('',#1029,#1029,#61,.T.);
#1282=EDGE_CURVE('',#1029,#1030,#591,.T.);
#1283=EDGE_CURVE('',#1030,#1030,#866,.T.);
#1284=EDGE_CURVE('',#1031,#1031,#867,.T.);
#1285=EDGE_CURVE('',#1031,#1032,#592,.T.);
#1286=EDGE_CURVE('',#1032,#1032,#868,.T.);
#1287=EDGE_CURVE('',#1033,#1033,#62,.T.);
#1288=EDGE_CURVE('',#1033,#1034,#593,.T.);
#1289=EDGE_CURVE('',#1034,#1034,#869,.T.);
#1290=EDGE_CURVE('',#1035,#1035,#870,.T.);
#1291=EDGE_CURVE('',#1035,#1036,#594,.T.);
#1292=EDGE_CURVE('',#1036,#1036,#871,.T.);
#1293=EDGE_CURVE('',#1037,#1037,#63,.T.);
#1294=EDGE_CURVE('',#1037,#1038,#595,.T.);
#1295=EDGE_CURVE('',#1038,#1038,#872,.T.);
#1296=EDGE_CURVE('',#1039,#1039,#873,.T.);
#1297=EDGE_CURVE('',#1039,#1040,#596,.T.);
#1298=EDGE_CURVE('',#1040,#1040,#874,.T.);
#1299=EDGE_CURVE('',#1041,#1041,#64,.T.);
#1300=EDGE_CURVE('',#1041,#1042,#597,.T.);
#1301=EDGE_CURVE('',#1042,#1042,#875,.T.);
#1302=EDGE_CURVE('',#1043,#1043,#876,.T.);
#1303=EDGE_CURVE('',#1043,#1044,#598,.T.);
#1304=EDGE_CURVE('',#1044,#1044,#877,.T.);
#1305=EDGE_CURVE('',#1045,#1045,#65,.T.);
#1306=EDGE_CURVE('',#1045,#1046,#599,.T.);
#1307=EDGE_CURVE('',#1046,#1046,#878,.T.);
#1308=EDGE_CURVE('',#941,#1047,#879,.T.);
#1309=EDGE_CURVE('',#916,#1047,#600,.T.);
#1310=EDGE_CURVE('',#1048,#915,#880,.T.);
#1311=EDGE_CURVE('',#942,#1048,#406,.T.);
#1312=EDGE_CURVE('',#1049,#1050,#601,.T.);
#1313=EDGE_CURVE('',#1051,#1049,#881,.T.);
#1314=EDGE_CURVE('',#1052,#1051,#602,.T.);
#1315=EDGE_CURVE('',#1053,#1052,#603,.T.);
#1316=EDGE_CURVE('',#1054,#1053,#604,.T.);
#1317=EDGE_CURVE('',#1055,#1054,#605,.T.);
#1318=EDGE_CURVE('',#911,#1055,#606,.T.);
#1319=EDGE_CURVE('',#1047,#910,#607,.T.);
#1320=EDGE_CURVE('',#1050,#940,#608,.T.);
#1321=EDGE_CURVE('',#1056,#1049,#609,.T.);
#1322=EDGE_CURVE('',#1057,#1056,#407,.T.);
#1323=EDGE_CURVE('',#1058,#1057,#882,.T.);
#1324=EDGE_CURVE('',#1059,#1058,#408,.T.);
#1325=EDGE_CURVE('',#1059,#1051,#610,.T.);
#1326=EDGE_CURVE('',#1060,#1059,#399,.T.);
#1327=EDGE_CURVE('',#1052,#1060,#611,.T.);
#1328=EDGE_CURVE('',#939,#1061,#66,.T.);
#1329=EDGE_CURVE('',#1061,#1062,#612,.T.);
#1330=EDGE_CURVE('',#1062,#1063,#67,.T.);
#1331=EDGE_CURVE('',#1063,#1050,#613,.T.);
#1332=EDGE_CURVE('',#1064,#1048,#68,.T.);
#1333=EDGE_CURVE('',#1064,#925,#614,.T.);
#1334=EDGE_CURVE('',#1065,#1064,#615,.T.);
#1335=EDGE_CURVE('',#926,#1065,#616,.T.);
#1336=EDGE_CURVE('',#927,#1056,#617,.T.);
#1337=EDGE_CURVE('',#1057,#1065,#69,.T.);
#1338=EDGE_CURVE('',#1063,#928,#618,.T.);
#1339=EDGE_CURVE('',#1062,#917,#619,.T.);
#1340=EDGE_CURVE('',#918,#1061,#620,.T.);
#1341=EDGE_CURVE('',#1053,#1066,#621,.T.);
#1342=EDGE_CURVE('',#1066,#1067,#622,.T.);
#1343=EDGE_CURVE('',#1067,#1054,#623,.T.);
#1344=EDGE_CURVE('',#1055,#1068,#624,.T.);
#1345=EDGE_CURVE('',#1021,#1068,#625,.T.);
#1346=EDGE_CURVE('',#1068,#1069,#883,.T.);
#1347=EDGE_CURVE('',#905,#1069,#626,.T.);
#1348=EDGE_CURVE('',#903,#1070,#627,.T.);
#1349=EDGE_CURVE('',#1070,#1067,#884,.T.);
#1350=EDGE_CURVE('',#1066,#904,#400,.T.);
#1351=EDGE_CURVE('',#1069,#1070,#628,.T.);
#1352=EDGE_CURVE('',#900,#1060,#629,.T.);
#1353=EDGE_CURVE('',#1058,#902,#70,.T.);
#1354=ORIENTED_EDGE('',*,*,#1071,.T.);
#1355=ORIENTED_EDGE('',*,*,#1072,.T.);
#1356=ORIENTED_EDGE('',*,*,#1073,.T.);
#1357=ORIENTED_EDGE('',*,*,#1074,.T.);
#1358=ORIENTED_EDGE('',*,*,#1075,.T.);
#1359=ORIENTED_EDGE('',*,*,#1076,.T.);
#1360=ORIENTED_EDGE('',*,*,#1074,.F.);
#1361=ORIENTED_EDGE('',*,*,#1077,.T.);
#1362=ORIENTED_EDGE('',*,*,#1078,.T.);
#1363=ORIENTED_EDGE('',*,*,#1079,.T.);
#1364=ORIENTED_EDGE('',*,*,#1080,.T.);
#1365=ORIENTED_EDGE('',*,*,#1072,.F.);
#1366=ORIENTED_EDGE('',*,*,#1081,.T.);
#1367=ORIENTED_EDGE('',*,*,#1082,.T.);
#1368=ORIENTED_EDGE('',*,*,#1083,.T.);
#1369=ORIENTED_EDGE('',*,*,#1079,.F.);
#1370=ORIENTED_EDGE('',*,*,#1084,.T.);
#1371=ORIENTED_EDGE('',*,*,#1085,.T.);
#1372=ORIENTED_EDGE('',*,*,#1086,.T.);
#1373=ORIENTED_EDGE('',*,*,#1082,.F.);
#1374=ORIENTED_EDGE('',*,*,#1087,.T.);
#1375=ORIENTED_EDGE('',*,*,#1088,.T.);
#1376=ORIENTED_EDGE('',*,*,#1089,.T.);
#1377=ORIENTED_EDGE('',*,*,#1085,.F.);
#1378=ORIENTED_EDGE('',*,*,#1090,.T.);
#1379=ORIENTED_EDGE('',*,*,#1091,.T.);
#1380=ORIENTED_EDGE('',*,*,#1092,.T.);
#1381=ORIENTED_EDGE('',*,*,#1088,.F.);
#1382=ORIENTED_EDGE('',*,*,#1093,.T.);
#1383=ORIENTED_EDGE('',*,*,#1094,.T.);
#1384=ORIENTED_EDGE('',*,*,#1091,.F.);
#1385=ORIENTED_EDGE('',*,*,#1095,.T.);
#1386=ORIENTED_EDGE('',*,*,#1096,.T.);
#1387=ORIENTED_EDGE('',*,*,#1078,.F.);
#1388=ORIENTED_EDGE('',*,*,#1090,.F.);
#1389=ORIENTED_EDGE('',*,*,#1097,.T.);
#1390=ORIENTED_EDGE('',*,*,#1098,.F.);
#1391=ORIENTED_EDGE('',*,*,#1099,.F.);
#1392=ORIENTED_EDGE('',*,*,#1087,.F.);
#1393=ORIENTED_EDGE('',*,*,#1100,.T.);
#1394=ORIENTED_EDGE('',*,*,#1101,.F.);
#1395=ORIENTED_EDGE('',*,*,#1097,.F.);
#1396=ORIENTED_EDGE('',*,*,#1084,.F.);
#1397=ORIENTED_EDGE('',*,*,#1102,.T.);
#1398=ORIENTED_EDGE('',*,*,#1103,.T.);
#1399=ORIENTED_EDGE('',*,*,#1104,.T.);
#1400=ORIENTED_EDGE('',*,*,#1105,.F.);
#1401=ORIENTED_EDGE('',*,*,#1100,.F.);
#1402=ORIENTED_EDGE('',*,*,#1081,.F.);
#1403=ORIENTED_EDGE('',*,*,#1106,.T.);
#1404=ORIENTED_EDGE('',*,*,#1107,.T.);
#1405=ORIENTED_EDGE('',*,*,#1108,.T.);
#1406=ORIENTED_EDGE('',*,*,#1109,.F.);
#1407=ORIENTED_EDGE('',*,*,#1110,.T.);
#1408=ORIENTED_EDGE('',*,*,#1111,.T.);
#1409=ORIENTED_EDGE('',*,*,#1112,.T.);
#1410=ORIENTED_EDGE('',*,*,#1102,.F.);
#1411=ORIENTED_EDGE('',*,*,#1071,.F.);
#1412=ORIENTED_EDGE('',*,*,#1113,.T.);
#1413=ORIENTED_EDGE('',*,*,#1114,.T.);
#1414=ORIENTED_EDGE('',*,*,#1115,.T.);
#1415=ORIENTED_EDGE('',*,*,#1106,.F.);
#1416=ORIENTED_EDGE('',*,*,#1073,.F.);
#1417=ORIENTED_EDGE('',*,*,#1080,.F.);
#1418=ORIENTED_EDGE('',*,*,#1083,.F.);
#1419=ORIENTED_EDGE('',*,*,#1086,.F.);
#1420=ORIENTED_EDGE('',*,*,#1089,.F.);
#1421=ORIENTED_EDGE('',*,*,#1092,.F.);
#1422=ORIENTED_EDGE('',*,*,#1094,.F.);
#1423=ORIENTED_EDGE('',*,*,#1077,.F.);
#1424=ORIENTED_EDGE('',*,*,#1116,.T.);
#1425=ORIENTED_EDGE('',*,*,#1117,.T.);
#1426=ORIENTED_EDGE('',*,*,#1118,.T.);
#1427=ORIENTED_EDGE('',*,*,#1119,.F.);
#1428=ORIENTED_EDGE('',*,*,#1120,.F.);
#1429=ORIENTED_EDGE('',*,*,#1121,.F.);
#1430=ORIENTED_EDGE('',*,*,#1122,.T.);
#1431=ORIENTED_EDGE('',*,*,#1123,.T.);
#1432=ORIENTED_EDGE('',*,*,#1124,.T.);
#1433=ORIENTED_EDGE('',*,*,#1125,.T.);
#1434=ORIENTED_EDGE('',*,*,#1126,.T.);
#1435=ORIENTED_EDGE('',*,*,#1127,.T.);
#1436=ORIENTED_EDGE('',*,*,#1128,.F.);
#1437=ORIENTED_EDGE('',*,*,#1129,.F.);
#1438=ORIENTED_EDGE('',*,*,#1130,.F.);
#1439=ORIENTED_EDGE('',*,*,#1131,.F.);
#1440=ORIENTED_EDGE('',*,*,#1132,.F.);
#1441=ORIENTED_EDGE('',*,*,#1131,.T.);
#1442=ORIENTED_EDGE('',*,*,#1133,.F.);
#1443=ORIENTED_EDGE('',*,*,#1134,.F.);
#1444=ORIENTED_EDGE('',*,*,#1135,.T.);
#1445=ORIENTED_EDGE('',*,*,#1136,.F.);
#1446=ORIENTED_EDGE('',*,*,#1135,.F.);
#1447=ORIENTED_EDGE('',*,*,#1137,.F.);
#1448=ORIENTED_EDGE('',*,*,#1138,.F.);
#1449=ORIENTED_EDGE('',*,*,#1139,.F.);
#1450=ORIENTED_EDGE('',*,*,#1138,.T.);
#1451=ORIENTED_EDGE('',*,*,#1140,.F.);
#1452=ORIENTED_EDGE('',*,*,#1141,.F.);
#1453=ORIENTED_EDGE('',*,*,#1129,.T.);
#1454=ORIENTED_EDGE('',*,*,#1133,.T.);
#1455=ORIENTED_EDGE('',*,*,#1130,.T.);
#1456=ORIENTED_EDGE('',*,*,#1141,.T.);
#1457=ORIENTED_EDGE('',*,*,#1142,.T.);
#1458=ORIENTED_EDGE('',*,*,#1143,.F.);
#1459=ORIENTED_EDGE('',*,*,#1144,.T.);
#1460=ORIENTED_EDGE('',*,*,#1145,.T.);
#1461=ORIENTED_EDGE('',*,*,#1146,.T.);
#1462=ORIENTED_EDGE('',*,*,#1122,.F.);
#1463=ORIENTED_EDGE('',*,*,#1147,.T.);
#1464=ORIENTED_EDGE('',*,*,#1148,.T.);
#1465=ORIENTED_EDGE('',*,*,#1149,.T.);
#1466=ORIENTED_EDGE('',*,*,#1118,.F.);
#1467=ORIENTED_EDGE('',*,*,#1150,.T.);
#1468=ORIENTED_EDGE('',*,*,#1151,.T.);
#1469=ORIENTED_EDGE('',*,*,#1152,.T.);
#1470=ORIENTED_EDGE('',*,*,#1153,.T.);
#1471=ORIENTED_EDGE('',*,*,#1154,.T.);
#1472=ORIENTED_EDGE('',*,*,#1155,.T.);
#1473=ORIENTED_EDGE('',*,*,#1156,.T.);
#1474=ORIENTED_EDGE('',*,*,#1157,.T.);
#1475=ORIENTED_EDGE('',*,*,#1158,.T.);
#1476=ORIENTED_EDGE('',*,*,#1159,.T.);
#1477=ORIENTED_EDGE('',*,*,#1160,.T.);
#1478=ORIENTED_EDGE('',*,*,#1161,.T.);
#1479=ORIENTED_EDGE('',*,*,#1162,.T.);
#1480=ORIENTED_EDGE('',*,*,#1163,.T.);
#1481=ORIENTED_EDGE('',*,*,#1164,.T.);
#1482=ORIENTED_EDGE('',*,*,#1165,.T.);
#1483=ORIENTED_EDGE('',*,*,#1166,.T.);
#1484=ORIENTED_EDGE('',*,*,#1167,.T.);
#1485=ORIENTED_EDGE('',*,*,#1168,.T.);
#1486=ORIENTED_EDGE('',*,*,#1169,.T.);
#1487=ORIENTED_EDGE('',*,*,#1170,.T.);
#1488=ORIENTED_EDGE('',*,*,#1171,.T.);
#1489=ORIENTED_EDGE('',*,*,#1172,.T.);
#1490=ORIENTED_EDGE('',*,*,#1173,.T.);
#1491=ORIENTED_EDGE('',*,*,#1174,.T.);
#1492=ORIENTED_EDGE('',*,*,#1175,.T.);
#1493=ORIENTED_EDGE('',*,*,#1176,.T.);
#1494=ORIENTED_EDGE('',*,*,#1177,.T.);
#1495=ORIENTED_EDGE('',*,*,#1178,.T.);
#1496=ORIENTED_EDGE('',*,*,#1179,.T.);
#1497=ORIENTED_EDGE('',*,*,#1180,.T.);
#1498=ORIENTED_EDGE('',*,*,#1181,.T.);
#1499=ORIENTED_EDGE('',*,*,#1182,.T.);
#1500=ORIENTED_EDGE('',*,*,#1183,.T.);
#1501=ORIENTED_EDGE('',*,*,#1184,.T.);
#1502=ORIENTED_EDGE('',*,*,#1185,.T.);
#1503=ORIENTED_EDGE('',*,*,#1186,.T.);
#1504=ORIENTED_EDGE('',*,*,#1187,.F.);
#1505=ORIENTED_EDGE('',*,*,#1188,.F.);
#1506=ORIENTED_EDGE('',*,*,#1153,.F.);
#1507=ORIENTED_EDGE('',*,*,#1189,.F.);
#1508=ORIENTED_EDGE('',*,*,#1190,.F.);
#1509=ORIENTED_EDGE('',*,*,#1189,.T.);
#1510=ORIENTED_EDGE('',*,*,#1152,.F.);
#1511=ORIENTED_EDGE('',*,*,#1191,.T.);
#1512=ORIENTED_EDGE('',*,*,#1192,.F.);
#1513=ORIENTED_EDGE('',*,*,#1191,.F.);
#1514=ORIENTED_EDGE('',*,*,#1151,.F.);
#1515=ORIENTED_EDGE('',*,*,#1193,.F.);
#1516=ORIENTED_EDGE('',*,*,#1194,.F.);
#1517=ORIENTED_EDGE('',*,*,#1193,.T.);
#1518=ORIENTED_EDGE('',*,*,#1154,.F.);
#1519=ORIENTED_EDGE('',*,*,#1188,.T.);
#1520=ORIENTED_EDGE('',*,*,#1195,.F.);
#1521=ORIENTED_EDGE('',*,*,#1196,.F.);
#1522=ORIENTED_EDGE('',*,*,#1185,.F.);
#1523=ORIENTED_EDGE('',*,*,#1197,.F.);
#1524=ORIENTED_EDGE('',*,*,#1198,.F.);
#1525=ORIENTED_EDGE('',*,*,#1197,.T.);
#1526=ORIENTED_EDGE('',*,*,#1184,.F.);
#1527=ORIENTED_EDGE('',*,*,#1199,.T.);
#1528=ORIENTED_EDGE('',*,*,#1200,.F.);
#1529=ORIENTED_EDGE('',*,*,#1199,.F.);
#1530=ORIENTED_EDGE('',*,*,#1183,.F.);
#1531=ORIENTED_EDGE('',*,*,#1201,.F.);
#1532=ORIENTED_EDGE('',*,*,#1202,.F.);
#1533=ORIENTED_EDGE('',*,*,#1201,.T.);
#1534=ORIENTED_EDGE('',*,*,#1186,.F.);
#1535=ORIENTED_EDGE('',*,*,#1196,.T.);
#1536=ORIENTED_EDGE('',*,*,#1203,.F.);
#1537=ORIENTED_EDGE('',*,*,#1204,.F.);
#1538=ORIENTED_EDGE('',*,*,#1181,.F.);
#1539=ORIENTED_EDGE('',*,*,#1205,.F.);
#1540=ORIENTED_EDGE('',*,*,#1206,.F.);
#1541=ORIENTED_EDGE('',*,*,#1205,.T.);
#1542=ORIENTED_EDGE('',*,*,#1180,.F.);
#1543=ORIENTED_EDGE('',*,*,#1207,.T.);
#1544=ORIENTED_EDGE('',*,*,#1208,.F.);
#1545=ORIENTED_EDGE('',*,*,#1207,.F.);
#1546=ORIENTED_EDGE('',*,*,#1179,.F.);
#1547=ORIENTED_EDGE('',*,*,#1209,.F.);
#1548=ORIENTED_EDGE('',*,*,#1210,.F.);
#1549=ORIENTED_EDGE('',*,*,#1209,.T.);
#1550=ORIENTED_EDGE('',*,*,#1182,.F.);
#1551=ORIENTED_EDGE('',*,*,#1204,.T.);
#1552=ORIENTED_EDGE('',*,*,#1211,.F.);
#1553=ORIENTED_EDGE('',*,*,#1212,.F.);
#1554=ORIENTED_EDGE('',*,*,#1177,.F.);
#1555=ORIENTED_EDGE('',*,*,#1213,.F.);
#1556=ORIENTED_EDGE('',*,*,#1214,.F.);
#1557=ORIENTED_EDGE('',*,*,#1213,.T.);
#1558=ORIENTED_EDGE('',*,*,#1176,.F.);
#1559=ORIENTED_EDGE('',*,*,#1215,.T.);
#1560=ORIENTED_EDGE('',*,*,#1216,.F.);
#1561=ORIENTED_EDGE('',*,*,#1215,.F.);
#1562=ORIENTED_EDGE('',*,*,#1175,.F.);
#1563=ORIENTED_EDGE('',*,*,#1217,.F.);
#1564=ORIENTED_EDGE('',*,*,#1218,.F.);
#1565=ORIENTED_EDGE('',*,*,#1217,.T.);
#1566=ORIENTED_EDGE('',*,*,#1178,.F.);
#1567=ORIENTED_EDGE('',*,*,#1212,.T.);
#1568=ORIENTED_EDGE('',*,*,#1219,.F.);
#1569=ORIENTED_EDGE('',*,*,#1220,.F.);
#1570=ORIENTED_EDGE('',*,*,#1173,.F.);
#1571=ORIENTED_EDGE('',*,*,#1221,.F.);
#1572=ORIENTED_EDGE('',*,*,#1222,.F.);
#1573=ORIENTED_EDGE('',*,*,#1221,.T.);
#1574=ORIENTED_EDGE('',*,*,#1172,.F.);
#1575=ORIENTED_EDGE('',*,*,#1223,.T.);
#1576=ORIENTED_EDGE('',*,*,#1224,.F.);
#1577=ORIENTED_EDGE('',*,*,#1223,.F.);
#1578=ORIENTED_EDGE('',*,*,#1171,.F.);
#1579=ORIENTED_EDGE('',*,*,#1225,.F.);
#1580=ORIENTED_EDGE('',*,*,#1226,.F.);
#1581=ORIENTED_EDGE('',*,*,#1225,.T.);
#1582=ORIENTED_EDGE('',*,*,#1174,.F.);
#1583=ORIENTED_EDGE('',*,*,#1220,.T.);
#1584=ORIENTED_EDGE('',*,*,#1227,.F.);
#1585=ORIENTED_EDGE('',*,*,#1228,.F.);
#1586=ORIENTED_EDGE('',*,*,#1169,.F.);
#1587=ORIENTED_EDGE('',*,*,#1229,.F.);
#1588=ORIENTED_EDGE('',*,*,#1230,.F.);
#1589=ORIENTED_EDGE('',*,*,#1229,.T.);
#1590=ORIENTED_EDGE('',*,*,#1168,.F.);
#1591=ORIENTED_EDGE('',*,*,#1231,.T.);
#1592=ORIENTED_EDGE('',*,*,#1232,.F.);
#1593=ORIENTED_EDGE('',*,*,#1231,.F.);
#1594=ORIENTED_EDGE('',*,*,#1167,.F.);
#1595=ORIENTED_EDGE('',*,*,#1233,.F.);
#1596=ORIENTED_EDGE('',*,*,#1234,.F.);
#1597=ORIENTED_EDGE('',*,*,#1233,.T.);
#1598=ORIENTED_EDGE('',*,*,#1170,.F.);
#1599=ORIENTED_EDGE('',*,*,#1228,.T.);
#1600=ORIENTED_EDGE('',*,*,#1235,.F.);
#1601=ORIENTED_EDGE('',*,*,#1236,.F.);
#1602=ORIENTED_EDGE('',*,*,#1165,.F.);
#1603=ORIENTED_EDGE('',*,*,#1237,.F.);
#1604=ORIENTED_EDGE('',*,*,#1238,.F.);
#1605=ORIENTED_EDGE('',*,*,#1237,.T.);
#1606=ORIENTED_EDGE('',*,*,#1164,.F.);
#1607=ORIENTED_EDGE('',*,*,#1239,.T.);
#1608=ORIENTED_EDGE('',*,*,#1240,.F.);
#1609=ORIENTED_EDGE('',*,*,#1239,.F.);
#1610=ORIENTED_EDGE('',*,*,#1163,.F.);
#1611=ORIENTED_EDGE('',*,*,#1241,.F.);
#1612=ORIENTED_EDGE('',*,*,#1242,.F.);
#1613=ORIENTED_EDGE('',*,*,#1241,.T.);
#1614=ORIENTED_EDGE('',*,*,#1166,.F.);
#1615=ORIENTED_EDGE('',*,*,#1236,.T.);
#1616=ORIENTED_EDGE('',*,*,#1243,.F.);
#1617=ORIENTED_EDGE('',*,*,#1244,.F.);
#1618=ORIENTED_EDGE('',*,*,#1161,.F.);
#1619=ORIENTED_EDGE('',*,*,#1245,.F.);
#1620=ORIENTED_EDGE('',*,*,#1246,.F.);
#1621=ORIENTED_EDGE('',*,*,#1245,.T.);
#1622=ORIENTED_EDGE('',*,*,#1160,.F.);
#1623=ORIENTED_EDGE('',*,*,#1247,.T.);
#1624=ORIENTED_EDGE('',*,*,#1248,.F.);
#1625=ORIENTED_EDGE('',*,*,#1247,.F.);
#1626=ORIENTED_EDGE('',*,*,#1159,.F.);
#1627=ORIENTED_EDGE('',*,*,#1249,.F.);
#1628=ORIENTED_EDGE('',*,*,#1250,.F.);
#1629=ORIENTED_EDGE('',*,*,#1249,.T.);
#1630=ORIENTED_EDGE('',*,*,#1162,.F.);
#1631=ORIENTED_EDGE('',*,*,#1244,.T.);
#1632=ORIENTED_EDGE('',*,*,#1251,.F.);
#1633=ORIENTED_EDGE('',*,*,#1252,.F.);
#1634=ORIENTED_EDGE('',*,*,#1157,.F.);
#1635=ORIENTED_EDGE('',*,*,#1253,.F.);
#1636=ORIENTED_EDGE('',*,*,#1254,.F.);
#1637=ORIENTED_EDGE('',*,*,#1253,.T.);
#1638=ORIENTED_EDGE('',*,*,#1156,.F.);
#1639=ORIENTED_EDGE('',*,*,#1255,.T.);
#1640=ORIENTED_EDGE('',*,*,#1256,.F.);
#1641=ORIENTED_EDGE('',*,*,#1255,.F.);
#1642=ORIENTED_EDGE('',*,*,#1155,.F.);
#1643=ORIENTED_EDGE('',*,*,#1257,.F.);
#1644=ORIENTED_EDGE('',*,*,#1258,.F.);
#1645=ORIENTED_EDGE('',*,*,#1257,.T.);
#1646=ORIENTED_EDGE('',*,*,#1158,.F.);
#1647=ORIENTED_EDGE('',*,*,#1252,.T.);
#1648=ORIENTED_EDGE('',*,*,#1111,.F.);
#1649=ORIENTED_EDGE('',*,*,#1259,.F.);
#1650=ORIENTED_EDGE('',*,*,#1260,.F.);
#1651=ORIENTED_EDGE('',*,*,#1261,.F.);
#1652=ORIENTED_EDGE('',*,*,#1112,.F.);
#1653=ORIENTED_EDGE('',*,*,#1261,.T.);
#1654=ORIENTED_EDGE('',*,*,#1262,.F.);
#1655=ORIENTED_EDGE('',*,*,#1263,.T.);
#1656=ORIENTED_EDGE('',*,*,#1103,.F.);
#1657=ORIENTED_EDGE('',*,*,#1104,.F.);
#1658=ORIENTED_EDGE('',*,*,#1263,.F.);
#1659=ORIENTED_EDGE('',*,*,#1264,.F.);
#1660=ORIENTED_EDGE('',*,*,#1265,.F.);
#1661=ORIENTED_EDGE('',*,*,#1110,.F.);
#1662=ORIENTED_EDGE('',*,*,#1266,.F.);
#1663=ORIENTED_EDGE('',*,*,#1267,.F.);
#1664=ORIENTED_EDGE('',*,*,#1268,.F.);
#1665=ORIENTED_EDGE('',*,*,#1259,.T.);
#1666=ORIENTED_EDGE('',*,*,#1269,.F.);
#1667=ORIENTED_EDGE('',*,*,#1264,.T.);
#1668=ORIENTED_EDGE('',*,*,#1262,.T.);
#1669=ORIENTED_EDGE('',*,*,#1260,.T.);
#1670=ORIENTED_EDGE('',*,*,#1268,.T.);
#1671=ORIENTED_EDGE('',*,*,#1192,.T.);
#1672=ORIENTED_EDGE('',*,*,#1194,.T.);
#1673=ORIENTED_EDGE('',*,*,#1187,.T.);
#1674=ORIENTED_EDGE('',*,*,#1190,.T.);
#1675=ORIENTED_EDGE('',*,*,#1256,.T.);
#1676=ORIENTED_EDGE('',*,*,#1258,.T.);
#1677=ORIENTED_EDGE('',*,*,#1251,.T.);
#1678=ORIENTED_EDGE('',*,*,#1254,.T.);
#1679=ORIENTED_EDGE('',*,*,#1248,.T.);
#1680=ORIENTED_EDGE('',*,*,#1250,.T.);
#1681=ORIENTED_EDGE('',*,*,#1243,.T.);
#1682=ORIENTED_EDGE('',*,*,#1246,.T.);
#1683=ORIENTED_EDGE('',*,*,#1240,.T.);
#1684=ORIENTED_EDGE('',*,*,#1242,.T.);
#1685=ORIENTED_EDGE('',*,*,#1235,.T.);
#1686=ORIENTED_EDGE('',*,*,#1238,.T.);
#1687=ORIENTED_EDGE('',*,*,#1232,.T.);
#1688=ORIENTED_EDGE('',*,*,#1234,.T.);
#1689=ORIENTED_EDGE('',*,*,#1227,.T.);
#1690=ORIENTED_EDGE('',*,*,#1230,.T.);
#1691=ORIENTED_EDGE('',*,*,#1224,.T.);
#1692=ORIENTED_EDGE('',*,*,#1226,.T.);
#1693=ORIENTED_EDGE('',*,*,#1219,.T.);
#1694=ORIENTED_EDGE('',*,*,#1222,.T.);
#1695=ORIENTED_EDGE('',*,*,#1216,.T.);
#1696=ORIENTED_EDGE('',*,*,#1218,.T.);
#1697=ORIENTED_EDGE('',*,*,#1211,.T.);
#1698=ORIENTED_EDGE('',*,*,#1214,.T.);
#1699=ORIENTED_EDGE('',*,*,#1208,.T.);
#1700=ORIENTED_EDGE('',*,*,#1210,.T.);
#1701=ORIENTED_EDGE('',*,*,#1203,.T.);
#1702=ORIENTED_EDGE('',*,*,#1206,.T.);
#1703=ORIENTED_EDGE('',*,*,#1200,.T.);
#1704=ORIENTED_EDGE('',*,*,#1202,.T.);
#1705=ORIENTED_EDGE('',*,*,#1195,.T.);
#1706=ORIENTED_EDGE('',*,*,#1198,.T.);
#1707=ORIENTED_EDGE('',*,*,#1136,.T.);
#1708=ORIENTED_EDGE('',*,*,#1139,.T.);
#1709=ORIENTED_EDGE('',*,*,#1128,.T.);
#1710=ORIENTED_EDGE('',*,*,#1132,.T.);
#1711=ORIENTED_EDGE('',*,*,#1270,.F.);
#1712=ORIENTED_EDGE('',*,*,#1271,.F.);
#1713=ORIENTED_EDGE('',*,*,#1272,.F.);
#1714=ORIENTED_EDGE('',*,*,#1273,.F.);
#1715=ORIENTED_EDGE('',*,*,#1272,.T.);
#1716=ORIENTED_EDGE('',*,*,#1274,.F.);
#1717=ORIENTED_EDGE('',*,*,#1275,.F.);
#1718=ORIENTED_EDGE('',*,*,#1276,.F.);
#1719=ORIENTED_EDGE('',*,*,#1277,.T.);
#1720=ORIENTED_EDGE('',*,*,#1147,.F.);
#1721=ORIENTED_EDGE('',*,*,#1121,.T.);
#1722=ORIENTED_EDGE('',*,*,#1278,.T.);
#1723=ORIENTED_EDGE('',*,*,#1273,.T.);
#1724=ORIENTED_EDGE('',*,*,#1276,.T.);
#1725=ORIENTED_EDGE('',*,*,#1279,.F.);
#1726=ORIENTED_EDGE('',*,*,#1148,.F.);
#1727=ORIENTED_EDGE('',*,*,#1277,.F.);
#1728=ORIENTED_EDGE('',*,*,#1275,.T.);
#1729=ORIENTED_EDGE('',*,*,#1280,.T.);
#1730=ORIENTED_EDGE('',*,*,#1119,.T.);
#1731=ORIENTED_EDGE('',*,*,#1149,.F.);
#1732=ORIENTED_EDGE('',*,*,#1279,.T.);
#1733=ORIENTED_EDGE('',*,*,#1274,.T.);
#1734=ORIENTED_EDGE('',*,*,#1271,.T.);
#1735=ORIENTED_EDGE('',*,*,#1270,.T.);
#1736=ORIENTED_EDGE('',*,*,#1278,.F.);
#1737=ORIENTED_EDGE('',*,*,#1120,.T.);
#1738=ORIENTED_EDGE('',*,*,#1280,.F.);
#1739=ORIENTED_EDGE('',*,*,#1281,.F.);
#1740=ORIENTED_EDGE('',*,*,#1282,.T.);
#1741=ORIENTED_EDGE('',*,*,#1283,.F.);
#1742=ORIENTED_EDGE('',*,*,#1282,.F.);
#1743=ORIENTED_EDGE('',*,*,#1283,.T.);
#1744=ORIENTED_EDGE('',*,*,#1284,.F.);
#1745=ORIENTED_EDGE('',*,*,#1285,.T.);
#1746=ORIENTED_EDGE('',*,*,#1286,.T.);
#1747=ORIENTED_EDGE('',*,*,#1285,.F.);
#1748=ORIENTED_EDGE('',*,*,#1286,.F.);
#1749=ORIENTED_EDGE('',*,*,#1287,.F.);
#1750=ORIENTED_EDGE('',*,*,#1288,.T.);
#1751=ORIENTED_EDGE('',*,*,#1289,.F.);
#1752=ORIENTED_EDGE('',*,*,#1288,.F.);
#1753=ORIENTED_EDGE('',*,*,#1289,.T.);
#1754=ORIENTED_EDGE('',*,*,#1284,.T.);
#1755=ORIENTED_EDGE('',*,*,#1290,.F.);
#1756=ORIENTED_EDGE('',*,*,#1291,.T.);
#1757=ORIENTED_EDGE('',*,*,#1292,.T.);
#1758=ORIENTED_EDGE('',*,*,#1291,.F.);
#1759=ORIENTED_EDGE('',*,*,#1292,.F.);
#1760=ORIENTED_EDGE('',*,*,#1293,.F.);
#1761=ORIENTED_EDGE('',*,*,#1294,.T.);
#1762=ORIENTED_EDGE('',*,*,#1295,.F.);
#1763=ORIENTED_EDGE('',*,*,#1294,.F.);
#1764=ORIENTED_EDGE('',*,*,#1295,.T.);
#1765=ORIENTED_EDGE('',*,*,#1290,.T.);
#1766=ORIENTED_EDGE('',*,*,#1296,.F.);
#1767=ORIENTED_EDGE('',*,*,#1297,.T.);
#1768=ORIENTED_EDGE('',*,*,#1298,.T.);
#1769=ORIENTED_EDGE('',*,*,#1297,.F.);
#1770=ORIENTED_EDGE('',*,*,#1298,.F.);
#1771=ORIENTED_EDGE('',*,*,#1299,.F.);
#1772=ORIENTED_EDGE('',*,*,#1300,.T.);
#1773=ORIENTED_EDGE('',*,*,#1301,.F.);
#1774=ORIENTED_EDGE('',*,*,#1300,.F.);
#1775=ORIENTED_EDGE('',*,*,#1301,.T.);
#1776=ORIENTED_EDGE('',*,*,#1296,.T.);
#1777=ORIENTED_EDGE('',*,*,#1302,.F.);
#1778=ORIENTED_EDGE('',*,*,#1303,.T.);
#1779=ORIENTED_EDGE('',*,*,#1304,.T.);
#1780=ORIENTED_EDGE('',*,*,#1303,.F.);
#1781=ORIENTED_EDGE('',*,*,#1304,.F.);
#1782=ORIENTED_EDGE('',*,*,#1305,.F.);
#1783=ORIENTED_EDGE('',*,*,#1306,.T.);
#1784=ORIENTED_EDGE('',*,*,#1307,.F.);
#1785=ORIENTED_EDGE('',*,*,#1306,.F.);
#1786=ORIENTED_EDGE('',*,*,#1307,.T.);
#1787=ORIENTED_EDGE('',*,*,#1302,.T.);
#1788=ORIENTED_EDGE('',*,*,#1145,.F.);
#1789=ORIENTED_EDGE('',*,*,#1308,.T.);
#1790=ORIENTED_EDGE('',*,*,#1309,.F.);
#1791=ORIENTED_EDGE('',*,*,#1114,.F.);
#1792=ORIENTED_EDGE('',*,*,#1310,.F.);
#1793=ORIENTED_EDGE('',*,*,#1311,.F.);
#1794=ORIENTED_EDGE('',*,*,#1312,.F.);
#1795=ORIENTED_EDGE('',*,*,#1313,.F.);
#1796=ORIENTED_EDGE('',*,*,#1314,.F.);
#1797=ORIENTED_EDGE('',*,*,#1315,.F.);
#1798=ORIENTED_EDGE('',*,*,#1316,.F.);
#1799=ORIENTED_EDGE('',*,*,#1317,.F.);
#1800=ORIENTED_EDGE('',*,*,#1318,.F.);
#1801=ORIENTED_EDGE('',*,*,#1108,.F.);
#1802=ORIENTED_EDGE('',*,*,#1319,.F.);
#1803=ORIENTED_EDGE('',*,*,#1308,.F.);
#1804=ORIENTED_EDGE('',*,*,#1144,.F.);
#1805=ORIENTED_EDGE('',*,*,#1320,.F.);
#1806=ORIENTED_EDGE('',*,*,#1115,.F.);
#1807=ORIENTED_EDGE('',*,*,#1309,.T.);
#1808=ORIENTED_EDGE('',*,*,#1319,.T.);
#1809=ORIENTED_EDGE('',*,*,#1107,.F.);
#1810=ORIENTED_EDGE('',*,*,#1321,.F.);
#1811=ORIENTED_EDGE('',*,*,#1322,.F.);
#1812=ORIENTED_EDGE('',*,*,#1323,.F.);
#1813=ORIENTED_EDGE('',*,*,#1324,.F.);
#1814=ORIENTED_EDGE('',*,*,#1325,.T.);
#1815=ORIENTED_EDGE('',*,*,#1313,.T.);
#1816=ORIENTED_EDGE('',*,*,#1326,.F.);
#1817=ORIENTED_EDGE('',*,*,#1327,.F.);
#1818=ORIENTED_EDGE('',*,*,#1314,.T.);
#1819=ORIENTED_EDGE('',*,*,#1325,.F.);
#1820=ORIENTED_EDGE('',*,*,#1320,.T.);
#1821=ORIENTED_EDGE('',*,*,#1143,.T.);
#1822=ORIENTED_EDGE('',*,*,#1328,.T.);
#1823=ORIENTED_EDGE('',*,*,#1329,.T.);
#1824=ORIENTED_EDGE('',*,*,#1330,.T.);
#1825=ORIENTED_EDGE('',*,*,#1331,.T.);
#1826=ORIENTED_EDGE('',*,*,#1281,.T.);
#1827=ORIENTED_EDGE('',*,*,#1287,.T.);
#1828=ORIENTED_EDGE('',*,*,#1293,.T.);
#1829=ORIENTED_EDGE('',*,*,#1299,.T.);
#1830=ORIENTED_EDGE('',*,*,#1305,.T.);
#1831=ORIENTED_EDGE('',*,*,#1311,.T.);
#1832=ORIENTED_EDGE('',*,*,#1332,.F.);
#1833=ORIENTED_EDGE('',*,*,#1333,.T.);
#1834=ORIENTED_EDGE('',*,*,#1123,.F.);
#1835=ORIENTED_EDGE('',*,*,#1146,.F.);
#1836=ORIENTED_EDGE('',*,*,#1124,.F.);
#1837=ORIENTED_EDGE('',*,*,#1333,.F.);
#1838=ORIENTED_EDGE('',*,*,#1334,.F.);
#1839=ORIENTED_EDGE('',*,*,#1335,.F.);
#1840=ORIENTED_EDGE('',*,*,#1322,.T.);
#1841=ORIENTED_EDGE('',*,*,#1336,.F.);
#1842=ORIENTED_EDGE('',*,*,#1125,.F.);
#1843=ORIENTED_EDGE('',*,*,#1335,.T.);
#1844=ORIENTED_EDGE('',*,*,#1337,.F.);
#1845=ORIENTED_EDGE('',*,*,#1312,.T.);
#1846=ORIENTED_EDGE('',*,*,#1331,.F.);
#1847=ORIENTED_EDGE('',*,*,#1338,.T.);
#1848=ORIENTED_EDGE('',*,*,#1126,.F.);
#1849=ORIENTED_EDGE('',*,*,#1336,.T.);
#1850=ORIENTED_EDGE('',*,*,#1321,.T.);
#1851=ORIENTED_EDGE('',*,*,#1127,.F.);
#1852=ORIENTED_EDGE('',*,*,#1338,.F.);
#1853=ORIENTED_EDGE('',*,*,#1330,.F.);
#1854=ORIENTED_EDGE('',*,*,#1339,.T.);
#1855=ORIENTED_EDGE('',*,*,#1116,.F.);
#1856=ORIENTED_EDGE('',*,*,#1339,.F.);
#1857=ORIENTED_EDGE('',*,*,#1329,.F.);
#1858=ORIENTED_EDGE('',*,*,#1340,.F.);
#1859=ORIENTED_EDGE('',*,*,#1134,.T.);
#1860=ORIENTED_EDGE('',*,*,#1150,.F.);
#1861=ORIENTED_EDGE('',*,*,#1117,.F.);
#1862=ORIENTED_EDGE('',*,*,#1340,.T.);
#1863=ORIENTED_EDGE('',*,*,#1328,.F.);
#1864=ORIENTED_EDGE('',*,*,#1142,.F.);
#1865=ORIENTED_EDGE('',*,*,#1140,.T.);
#1866=ORIENTED_EDGE('',*,*,#1137,.T.);
#1867=ORIENTED_EDGE('',*,*,#1316,.T.);
#1868=ORIENTED_EDGE('',*,*,#1341,.T.);
#1869=ORIENTED_EDGE('',*,*,#1342,.T.);
#1870=ORIENTED_EDGE('',*,*,#1343,.T.);
#1871=ORIENTED_EDGE('',*,*,#1266,.T.);
#1872=ORIENTED_EDGE('',*,*,#1109,.T.);
#1873=ORIENTED_EDGE('',*,*,#1318,.T.);
#1874=ORIENTED_EDGE('',*,*,#1344,.T.);
#1875=ORIENTED_EDGE('',*,*,#1345,.F.);
#1876=ORIENTED_EDGE('',*,*,#1267,.T.);
#1877=ORIENTED_EDGE('',*,*,#1345,.T.);
#1878=ORIENTED_EDGE('',*,*,#1346,.T.);
#1879=ORIENTED_EDGE('',*,*,#1347,.F.);
#1880=ORIENTED_EDGE('',*,*,#1105,.T.);
#1881=ORIENTED_EDGE('',*,*,#1265,.T.);
#1882=ORIENTED_EDGE('',*,*,#1269,.T.);
#1883=ORIENTED_EDGE('',*,*,#1098,.T.);
#1884=ORIENTED_EDGE('',*,*,#1348,.T.);
#1885=ORIENTED_EDGE('',*,*,#1349,.T.);
#1886=ORIENTED_EDGE('',*,*,#1342,.F.);
#1887=ORIENTED_EDGE('',*,*,#1350,.T.);
#1888=ORIENTED_EDGE('',*,*,#1101,.T.);
#1889=ORIENTED_EDGE('',*,*,#1347,.T.);
#1890=ORIENTED_EDGE('',*,*,#1351,.T.);
#1891=ORIENTED_EDGE('',*,*,#1348,.F.);
#1892=ORIENTED_EDGE('',*,*,#1093,.F.);
#1893=ORIENTED_EDGE('',*,*,#1099,.T.);
#1894=ORIENTED_EDGE('',*,*,#1350,.F.);
#1895=ORIENTED_EDGE('',*,*,#1341,.F.);
#1896=ORIENTED_EDGE('',*,*,#1315,.T.);
#1897=ORIENTED_EDGE('',*,*,#1327,.T.);
#1898=ORIENTED_EDGE('',*,*,#1352,.F.);
#1899=ORIENTED_EDGE('',*,*,#1095,.F.);
#1900=ORIENTED_EDGE('',*,*,#1352,.T.);
#1901=ORIENTED_EDGE('',*,*,#1326,.T.);
#1902=ORIENTED_EDGE('',*,*,#1324,.T.);
#1903=ORIENTED_EDGE('',*,*,#1353,.T.);
#1904=ORIENTED_EDGE('',*,*,#1317,.T.);
#1905=ORIENTED_EDGE('',*,*,#1343,.F.);
#1906=ORIENTED_EDGE('',*,*,#1349,.F.);
#1907=ORIENTED_EDGE('',*,*,#1351,.F.);
#1908=ORIENTED_EDGE('',*,*,#1346,.F.);
#1909=ORIENTED_EDGE('',*,*,#1344,.F.);
#1910=ORIENTED_EDGE('',*,*,#1096,.F.);
#1911=ORIENTED_EDGE('',*,*,#1353,.F.);
#1912=ORIENTED_EDGE('',*,*,#1323,.T.);
#1913=ORIENTED_EDGE('',*,*,#1337,.T.);
#1914=ORIENTED_EDGE('',*,*,#1334,.T.);
#1915=ORIENTED_EDGE('',*,*,#1332,.T.);
#1916=ORIENTED_EDGE('',*,*,#1310,.T.);
#1917=ORIENTED_EDGE('',*,*,#1113,.F.);
#1918=ORIENTED_EDGE('',*,*,#1075,.F.);
#1919=ORIENTED_EDGE('',*,*,#1076,.F.);
#1920=CONICAL_SURFACE('',#2050,11.4873631406131,0.747873584479569);
#1921=CONICAL_SURFACE('',#2055,11.4873631406131,0.747873584479562);
#1922=CONICAL_SURFACE('',#2059,11.4873631406131,0.747873584479557);
#1923=CONICAL_SURFACE('',#2063,11.487363140613,0.747873584479571);
#1924=CONICAL_SURFACE('',#2066,10.9586773156718,0.0750491578357562);
#1925=CONICAL_SURFACE('',#2068,10.9586773156718,0.0750491578357562);
#1926=CONICAL_SURFACE('',#2071,10.9586773156718,0.0750491578357562);
#1927=CONICAL_SURFACE('',#2192,29.,0.785398163397448);
#1928=CONICAL_SURFACE('',#2194,29.,0.785398163397448);
#1929=CONICAL_SURFACE('',#2198,10.9586773156718,0.0750491578357562);
#1930=ADVANCED_FACE('',(#152),#1920,.T.);
#1931=ADVANCED_FACE('',(#153),#71,.T.);
#1932=ADVANCED_FACE('',(#154),#72,.T.);
#1933=ADVANCED_FACE('',(#155),#1921,.T.);
#1934=ADVANCED_FACE('',(#156),#73,.T.);
#1935=ADVANCED_FACE('',(#157),#1922,.T.);
#1936=ADVANCED_FACE('',(#158),#74,.T.);
#1937=ADVANCED_FACE('',(#159),#1923,.T.);
#1938=ADVANCED_FACE('',(#160),#1924,.T.);
#1939=ADVANCED_FACE('',(#161),#75,.T.);
#1940=ADVANCED_FACE('',(#162),#1925,.T.);
#1941=ADVANCED_FACE('',(#163),#76,.T.);
#1942=ADVANCED_FACE('',(#164),#1926,.T.);
#1943=ADVANCED_FACE('',(#165,#30),#77,.T.);
#1944=ADVANCED_FACE('',(#166),#78,.F.);
#1945=ADVANCED_FACE('',(#167),#79,.T.);
#1946=ADVANCED_FACE('',(#168),#80,.T.);
#1947=ADVANCED_FACE('',(#169),#81,.T.);
#1948=ADVANCED_FACE('',(#170,#31,#32,#33,#34,#35,#36,#37,#38,#39),#82,.T.);
#1949=ADVANCED_FACE('',(#171),#83,.F.);
#1950=ADVANCED_FACE('',(#172),#84,.T.);
#1951=ADVANCED_FACE('',(#173),#85,.T.);
#1952=ADVANCED_FACE('',(#174),#86,.T.);
#1953=ADVANCED_FACE('',(#175),#87,.F.);
#1954=ADVANCED_FACE('',(#176),#88,.T.);
#1955=ADVANCED_FACE('',(#177),#89,.T.);
#1956=ADVANCED_FACE('',(#178),#90,.T.);
#1957=ADVANCED_FACE('',(#179),#91,.F.);
#1958=ADVANCED_FACE('',(#180),#92,.T.);
#1959=ADVANCED_FACE('',(#181),#93,.T.);
#1960=ADVANCED_FACE('',(#182),#94,.T.);
#1961=ADVANCED_FACE('',(#183),#95,.F.);
#1962=ADVANCED_FACE('',(#184),#96,.T.);
#1963=ADVANCED_FACE('',(#185),#97,.T.);
#1964=ADVANCED_FACE('',(#186),#98,.T.);
#1965=ADVANCED_FACE('',(#187),#99,.F.);
#1966=ADVANCED_FACE('',(#188),#100,.T.);
#1967=ADVANCED_FACE('',(#189),#101,.T.);
#1968=ADVANCED_FACE('',(#190),#102,.T.);
#1969=ADVANCED_FACE('',(#191),#103,.F.);
#1970=ADVANCED_FACE('',(#192),#104,.T.);
#1971=ADVANCED_FACE('',(#193),#105,.T.);
#1972=ADVANCED_FACE('',(#194),#106,.T.);
#1973=ADVANCED_FACE('',(#195),#107,.F.);
#1974=ADVANCED_FACE('',(#196),#108,.T.);
#1975=ADVANCED_FACE('',(#197),#109,.T.);
#1976=ADVANCED_FACE('',(#198),#110,.T.);
#1977=ADVANCED_FACE('',(#199),#111,.F.);
#1978=ADVANCED_FACE('',(#200),#112,.T.);
#1979=ADVANCED_FACE('',(#201),#113,.T.);
#1980=ADVANCED_FACE('',(#202),#114,.T.);
#1981=ADVANCED_FACE('',(#203),#115,.F.);
#1982=ADVANCED_FACE('',(#204),#116,.T.);
#1983=ADVANCED_FACE('',(#205),#117,.T.);
#1984=ADVANCED_FACE('',(#206),#118,.T.);
#1985=ADVANCED_FACE('',(#207),#119,.F.);
#1986=ADVANCED_FACE('',(#208),#120,.T.);
#1987=ADVANCED_FACE('',(#209),#121,.T.);
#1988=ADVANCED_FACE('',(#210),#122,.T.);
#1989=ADVANCED_FACE('',(#211,#40,#41,#42,#43,#44,#45,#46,#47,#48,#49),#123,
 .T.);
#1990=ADVANCED_FACE('',(#212),#124,.F.);
#1991=ADVANCED_FACE('',(#213),#125,.F.);
#1992=ADVANCED_FACE('',(#214),#126,.T.);
#1993=ADVANCED_FACE('',(#215),#127,.F.);
#1994=ADVANCED_FACE('',(#216),#128,.F.);
#1995=ADVANCED_FACE('',(#217),#129,.F.);
#1996=ADVANCED_FACE('',(#218),#15,.T.);
#1997=ADVANCED_FACE('',(#219),#130,.T.);
#1998=ADVANCED_FACE('',(#220),#16,.F.);
#1999=ADVANCED_FACE('',(#221),#131,.F.);
#2000=ADVANCED_FACE('',(#222),#17,.T.);
#2001=ADVANCED_FACE('',(#223,#50),#132,.T.);
#2002=ADVANCED_FACE('',(#224),#18,.F.);
#2003=ADVANCED_FACE('',(#225),#133,.F.);
#2004=ADVANCED_FACE('',(#226),#19,.T.);
#2005=ADVANCED_FACE('',(#227,#51),#134,.T.);
#2006=ADVANCED_FACE('',(#228),#20,.F.);
#2007=ADVANCED_FACE('',(#229),#135,.F.);
#2008=ADVANCED_FACE('',(#230),#21,.T.);
#2009=ADVANCED_FACE('',(#231,#52),#136,.T.);
#2010=ADVANCED_FACE('',(#232),#22,.F.);
#2011=ADVANCED_FACE('',(#233),#137,.F.);
#2012=ADVANCED_FACE('',(#234),#23,.T.);
#2013=ADVANCED_FACE('',(#235,#53),#138,.T.);
#2014=ADVANCED_FACE('',(#236),#24,.F.);
#2015=ADVANCED_FACE('',(#237),#139,.T.);
#2016=ADVANCED_FACE('',(#238),#140,.T.);
#2017=ADVANCED_FACE('',(#239),#25,.F.);
#2018=ADVANCED_FACE('',(#240),#141,.T.);
#2019=ADVANCED_FACE('',(#241,#54,#55,#56,#57,#58),#142,.F.);
#2020=ADVANCED_FACE('',(#242),#26,.F.);
#2021=ADVANCED_FACE('',(#243),#143,.F.);
#2022=ADVANCED_FACE('',(#244),#27,.F.);
#2023=ADVANCED_FACE('',(#245),#144,.T.);
#2024=ADVANCED_FACE('',(#246),#28,.F.);
#2025=ADVANCED_FACE('',(#247),#145,.T.);
#2026=ADVANCED_FACE('',(#248),#29,.F.);
#2027=ADVANCED_FACE('',(#249),#146,.T.);
#2028=ADVANCED_FACE('',(#250),#147,.T.);
#2029=ADVANCED_FACE('',(#251),#1927,.T.);
#2030=ADVANCED_FACE('',(#252),#1928,.T.);
#2031=ADVANCED_FACE('',(#253),#148,.T.);
#2032=ADVANCED_FACE('',(#254),#149,.T.);
#2033=ADVANCED_FACE('',(#255),#1929,.T.);
#2034=ADVANCED_FACE('',(#256),#150,.T.);
#2035=ADVANCED_FACE('',(#257),#151,.T.);
#2036=CLOSED_SHELL('',(#1930,#1931,#1932,#1933,#1934,#1935,#1936,#1937,
#1938,#1939,#1940,#1941,#1942,#1943,#1944,#1945,#1946,#1947,#1948,#1949,
#1950,#1951,#1952,#1953,#1954,#1955,#1956,#1957,#1958,#1959,#1960,#1961,
#1962,#1963,#1964,#1965,#1966,#1967,#1968,#1969,#1970,#1971,#1972,#1973,
#1974,#1975,#1976,#1977,#1978,#1979,#1980,#1981,#1982,#1983,#1984,#1985,
#1986,#1987,#1988,#1989,#1990,#1991,#1992,#1993,#1994,#1995,#1996,#1997,
#1998,#1999,#2000,#2001,#2002,#2003,#2004,#2005,#2006,#2007,#2008,#2009,
#2010,#2011,#2012,#2013,#2014,#2015,#2016,#2017,#2018,#2019,#2020,#2021,
#2022,#2023,#2024,#2025,#2026,#2027,#2028,#2029,#2030,#2031,#2032,#2033,
#2034,#2035));
#2037=DERIVED_UNIT_ELEMENT(#2039,1.);
#2038=DERIVED_UNIT_ELEMENT(#3384,-3.);
#2039=(
MASS_UNIT()
NAMED_UNIT(*)
SI_UNIT(.KILO.,.GRAM.)
);
#2040=DERIVED_UNIT((#2037,#2038));
#2041=MEASURE_REPRESENTATION_ITEM('density measure',
POSITIVE_RATIO_MEASURE(7850.),#2040);
#2042=PROPERTY_DEFINITION_REPRESENTATION(#2047,#2044);
#2043=PROPERTY_DEFINITION_REPRESENTATION(#2048,#2045);
#2044=REPRESENTATION('material name',(#2046),#3381);
#2045=REPRESENTATION('density',(#2041),#3381);
#2046=DESCRIPTIVE_REPRESENTATION_ITEM('Steel','Steel');
#2047=PROPERTY_DEFINITION('material property','material name',#3391);
#2048=PROPERTY_DEFINITION('material property','density of part',#3391);
#2049=AXIS2_PLACEMENT_3D('',#2729,#2202,#2203);
#2050=AXIS2_PLACEMENT_3D('',#2730,#2204,#2205);
#2051=AXIS2_PLACEMENT_3D('',#2733,#2206,#2207);
#2052=AXIS2_PLACEMENT_3D('',#2737,#2209,#2210);
#2053=AXIS2_PLACEMENT_3D('',#2746,#2211,#2212);
#2054=AXIS2_PLACEMENT_3D('',#2755,#2215,#2216);
#2055=AXIS2_PLACEMENT_3D('',#2761,#2220,#2221);
#2056=AXIS2_PLACEMENT_3D('',#2765,#2223,#2224);
#2057=AXIS2_PLACEMENT_3D('',#2766,#2225,#2226);
#2058=AXIS2_PLACEMENT_3D('',#2767,#2227,#2228);
#2059=AXIS2_PLACEMENT_3D('',#2773,#2232,#2233);
#2060=AXIS2_PLACEMENT_3D('',#2777,#2235,#2236);
#2061=AXIS2_PLACEMENT_3D('',#2778,#2237,#2238);
#2062=AXIS2_PLACEMENT_3D('',#2779,#2239,#2240);
#2063=AXIS2_PLACEMENT_3D('',#2785,#2244,#2245);
#2064=AXIS2_PLACEMENT_3D('',#2786,#2246,#2247);
#2065=AXIS2_PLACEMENT_3D('',#2788,#2248,#2249);
#2066=AXIS2_PLACEMENT_3D('',#2792,#2250,#2251);
#2067=AXIS2_PLACEMENT_3D('',#2807,#2254,#2255);
#2068=AXIS2_PLACEMENT_3D('',#2811,#2258,#2259);
#2069=AXIS2_PLACEMENT_3D('',#2815,#2261,#2262);
#2070=AXIS2_PLACEMENT_3D('',#2828,#2263,#2264);
#2071=AXIS2_PLACEMENT_3D('',#2842,#2272,#2273);
#2072=AXIS2_PLACEMENT_3D('',#2844,#2274,#2275);
#2073=AXIS2_PLACEMENT_3D('',#2859,#2276,#2277);
#2074=AXIS2_PLACEMENT_3D('',#2864,#2279,#2280);
#2075=AXIS2_PLACEMENT_3D('',#2876,#2286,#2287);
#2076=AXIS2_PLACEMENT_3D('',#2880,#2289,#2290);
#2077=AXIS2_PLACEMENT_3D('',#2883,#2292,#2293);
#2078=AXIS2_PLACEMENT_3D('',#2884,#2294,#2295);
#2079=AXIS2_PLACEMENT_3D('',#2893,#2300,#2301);
#2080=AXIS2_PLACEMENT_3D('',#2899,#2304,#2305);
#2081=AXIS2_PLACEMENT_3D('',#2901,#2307,#2308);
#2082=AXIS2_PLACEMENT_3D('',#2907,#2312,#2313);
#2083=AXIS2_PLACEMENT_3D('',#2910,#2315,#2316);
#2084=AXIS2_PLACEMENT_3D('',#2912,#2318,#2319);
#2085=AXIS2_PLACEMENT_3D('',#3000,#2365,#2366);
#2086=AXIS2_PLACEMENT_3D('',#3006,#2370,#2371);
#2087=AXIS2_PLACEMENT_3D('',#3010,#2374,#2375);
#2088=AXIS2_PLACEMENT_3D('',#3014,#2378,#2379);
#2089=AXIS2_PLACEMENT_3D('',#3016,#2381,#2382);
#2090=AXIS2_PLACEMENT_3D('',#3022,#2386,#2387);
#2091=AXIS2_PLACEMENT_3D('',#3026,#2390,#2391);
#2092=AXIS2_PLACEMENT_3D('',#3030,#2394,#2395);
#2093=AXIS2_PLACEMENT_3D('',#3032,#2397,#2398);
#2094=AXIS2_PLACEMENT_3D('',#3038,#2402,#2403);
#2095=AXIS2_PLACEMENT_3D('',#3042,#2406,#2407);
#2096=AXIS2_PLACEMENT_3D('',#3046,#2410,#2411);
#2097=AXIS2_PLACEMENT_3D('',#3048,#2413,#2414);
#2098=AXIS2_PLACEMENT_3D('',#3054,#2418,#2419);
#2099=AXIS2_PLACEMENT_3D('',#3058,#2422,#2423);
#2100=AXIS2_PLACEMENT_3D('',#3062,#2426,#2427);
#2101=AXIS2_PLACEMENT_3D('',#3064,#2429,#2430);
#2102=AXIS2_PLACEMENT_3D('',#3070,#2434,#2435);
#2103=AXIS2_PLACEMENT_3D('',#3074,#2438,#2439);
#2104=AXIS2_PLACEMENT_3D('',#3078,#2442,#2443);
#2105=AXIS2_PLACEMENT_3D('',#3080,#2445,#2446);
#2106=AXIS2_PLACEMENT_3D('',#3086,#2450,#2451);
#2107=AXIS2_PLACEMENT_3D('',#3090,#2454,#2455);
#2108=AXIS2_PLACEMENT_3D('',#3094,#2458,#2459);
#2109=AXIS2_PLACEMENT_3D('',#3096,#2461,#2462);
#2110=AXIS2_PLACEMENT_3D('',#3102,#2466,#2467);
#2111=AXIS2_PLACEMENT_3D('',#3106,#2470,#2471);
#2112=AXIS2_PLACEMENT_3D('',#3110,#2474,#2475);
#2113=AXIS2_PLACEMENT_3D('',#3112,#2477,#2478);
#2114=AXIS2_PLACEMENT_3D('',#3118,#2482,#2483);
#2115=AXIS2_PLACEMENT_3D('',#3122,#2486,#2487);
#2116=AXIS2_PLACEMENT_3D('',#3126,#2490,#2491);
#2117=AXIS2_PLACEMENT_3D('',#3128,#2493,#2494);
#2118=AXIS2_PLACEMENT_3D('',#3134,#2498,#2499);
#2119=AXIS2_PLACEMENT_3D('',#3138,#2502,#2503);
#2120=AXIS2_PLACEMENT_3D('',#3142,#2506,#2507);
#2121=AXIS2_PLACEMENT_3D('',#3144,#2509,#2510);
#2122=AXIS2_PLACEMENT_3D('',#3150,#2514,#2515);
#2123=AXIS2_PLACEMENT_3D('',#3154,#2518,#2519);
#2124=AXIS2_PLACEMENT_3D('',#3160,#2521,#2522);
#2125=AXIS2_PLACEMENT_3D('',#3164,#2524,#2525);
#2126=AXIS2_PLACEMENT_3D('',#3166,#2527,#2528);
#2127=AXIS2_PLACEMENT_3D('',#3170,#2529,#2530);
#2128=AXIS2_PLACEMENT_3D('',#3179,#2535,#2536);
#2129=AXIS2_PLACEMENT_3D('',#3185,#2540,#2541);
#2130=AXIS2_PLACEMENT_3D('',#3188,#2544,#2545);
#2131=AXIS2_PLACEMENT_3D('',#3190,#2547,#2548);
#2132=AXIS2_PLACEMENT_3D('',#3192,#2550,#2551);
#2133=AXIS2_PLACEMENT_3D('',#3193,#2552,#2553);
#2134=AXIS2_PLACEMENT_3D('',#3195,#2554,#2555);
#2135=AXIS2_PLACEMENT_3D('',#3198,#2557,#2558);
#2136=AXIS2_PLACEMENT_3D('',#3199,#2559,#2560);
#2137=AXIS2_PLACEMENT_3D('',#3200,#2561,#2562);
#2138=AXIS2_PLACEMENT_3D('',#3202,#2563,#2564);
#2139=AXIS2_PLACEMENT_3D('',#3205,#2566,#2567);
#2140=AXIS2_PLACEMENT_3D('',#3206,#2568,#2569);
#2141=AXIS2_PLACEMENT_3D('',#3207,#2570,#2571);
#2142=AXIS2_PLACEMENT_3D('',#3209,#2572,#2573);
#2143=AXIS2_PLACEMENT_3D('',#3212,#2575,#2576);
#2144=AXIS2_PLACEMENT_3D('',#3213,#2577,#2578);
#2145=AXIS2_PLACEMENT_3D('',#3214,#2579,#2580);
#2146=AXIS2_PLACEMENT_3D('',#3216,#2581,#2582);
#2147=AXIS2_PLACEMENT_3D('',#3219,#2584,#2585);
#2148=AXIS2_PLACEMENT_3D('',#3220,#2586,#2587);
#2149=AXIS2_PLACEMENT_3D('',#3221,#2588,#2589);
#2150=AXIS2_PLACEMENT_3D('',#3223,#2590,#2591);
#2151=AXIS2_PLACEMENT_3D('',#3226,#2593,#2594);
#2152=AXIS2_PLACEMENT_3D('',#3227,#2595,#2596);
#2153=AXIS2_PLACEMENT_3D('',#3228,#2597,#2598);
#2154=AXIS2_PLACEMENT_3D('',#3230,#2599,#2600);
#2155=AXIS2_PLACEMENT_3D('',#3233,#2602,#2603);
#2156=AXIS2_PLACEMENT_3D('',#3234,#2604,#2605);
#2157=AXIS2_PLACEMENT_3D('',#3235,#2606,#2607);
#2158=AXIS2_PLACEMENT_3D('',#3237,#2608,#2609);
#2159=AXIS2_PLACEMENT_3D('',#3240,#2611,#2612);
#2160=AXIS2_PLACEMENT_3D('',#3241,#2613,#2614);
#2161=AXIS2_PLACEMENT_3D('',#3242,#2615,#2616);
#2162=AXIS2_PLACEMENT_3D('',#3244,#2617,#2618);
#2163=AXIS2_PLACEMENT_3D('',#3247,#2620,#2621);
#2164=AXIS2_PLACEMENT_3D('',#3248,#2622,#2623);
#2165=AXIS2_PLACEMENT_3D('',#3249,#2624,#2625);
#2166=AXIS2_PLACEMENT_3D('',#3251,#2626,#2627);
#2167=AXIS2_PLACEMENT_3D('',#3254,#2629,#2630);
#2168=AXIS2_PLACEMENT_3D('',#3255,#2631,#2632);
#2169=AXIS2_PLACEMENT_3D('',#3256,#2633,#2634);
#2170=AXIS2_PLACEMENT_3D('',#3258,#2635,#2636);
#2171=AXIS2_PLACEMENT_3D('',#3261,#2638,#2639);
#2172=AXIS2_PLACEMENT_3D('',#3272,#2640,#2641);
#2173=AXIS2_PLACEMENT_3D('',#3277,#2643,#2644);
#2174=AXIS2_PLACEMENT_3D('',#3289,#2652,#2653);
#2175=AXIS2_PLACEMENT_3D('',#3290,#2654,#2655);
#2176=AXIS2_PLACEMENT_3D('',#3305,#2657,#2658);
#2177=AXIS2_PLACEMENT_3D('',#3318,#2660,#2661);
#2178=AXIS2_PLACEMENT_3D('',#3324,#2663,#2664);
#2179=AXIS2_PLACEMENT_3D('',#3326,#2665,#2666);
#2180=AXIS2_PLACEMENT_3D('',#3330,#2668,#2669);
#2181=AXIS2_PLACEMENT_3D('',#3332,#2671,#2672);
#2182=AXIS2_PLACEMENT_3D('',#3334,#2673,#2674);
#2183=AXIS2_PLACEMENT_3D('',#3336,#2676,#2677);
#2184=AXIS2_PLACEMENT_3D('',#3340,#2680,#2681);
#2185=AXIS2_PLACEMENT_3D('',#3342,#2683,#2684);
#2186=AXIS2_PLACEMENT_3D('',#3343,#2685,#2686);
#2187=AXIS2_PLACEMENT_3D('',#3345,#2688,#2689);
#2188=AXIS2_PLACEMENT_3D('',#3347,#2691,#2692);
#2189=AXIS2_PLACEMENT_3D('',#3349,#2694,#2695);
#2190=AXIS2_PLACEMENT_3D('',#3350,#2696,#2697);
#2191=AXIS2_PLACEMENT_3D('',#3356,#2701,#2702);
#2192=AXIS2_PLACEMENT_3D('',#3360,#2705,#2706);
#2193=AXIS2_PLACEMENT_3D('',#3362,#2707,#2708);
#2194=AXIS2_PLACEMENT_3D('',#3364,#2710,#2711);
#2195=AXIS2_PLACEMENT_3D('',#3367,#2713,#2714);
#2196=AXIS2_PLACEMENT_3D('',#3371,#2715,#2716);
#2197=AXIS2_PLACEMENT_3D('',#3373,#2718,#2719);
#2198=AXIS2_PLACEMENT_3D('',#3375,#2721,#2722);
#2199=AXIS2_PLACEMENT_3D('',#3376,#2723,#2724);
#2200=AXIS2_PLACEMENT_3D('',#3377,#2725,#2726);
#2201=AXIS2_PLACEMENT_3D('',#3378,#2727,#2728);
#2202=DIRECTION('axis',(0.,0.,1.));
#2203=DIRECTION('refdir',(1.,0.,0.));
#2204=DIRECTION('center_axis',(0.,0.,1.));
#2205=DIRECTION('ref_axis',(-1.,-4.83236671042466E-17,0.));
#2206=DIRECTION('center_axis',(-1.75337007703646E-32,1.87262920891268E-16,
-1.));
#2207=DIRECTION('ref_axis',(-1.,-9.36314604456339E-17,0.));
#2208=DIRECTION('',(0.680081345566008,0.,-0.733136660802833));
#2209=DIRECTION('center_axis',(0.,0.,1.));
#2210=DIRECTION('ref_axis',(-1.,0.,0.));
#2211=DIRECTION('center_axis',(0.,-0.819152044288991,-0.573576436351047));
#2212=DIRECTION('ref_axis',(-1.,0.,0.));
#2213=DIRECTION('',(-1.,0.,0.));
#2214=DIRECTION('',(1.,0.,0.));
#2215=DIRECTION('center_axis',(-0.733136660802858,0.,-0.680081345565981));
#2216=DIRECTION('ref_axis',(-0.680081345565981,0.,0.733136660802858));
#2217=DIRECTION('',(0.680081345565957,0.,-0.73313666080288));
#2218=DIRECTION('',(0.,-1.,0.));
#2219=DIRECTION('',(0.,1.,0.));
#2220=DIRECTION('center_axis',(0.,0.,1.));
#2221=DIRECTION('ref_axis',(-1.,0.,0.));
#2222=DIRECTION('',(-5.10151759723129E-16,-0.680081345565987,-0.733136660802852));
#2223=DIRECTION('center_axis',(0.,0.,1.));
#2224=DIRECTION('ref_axis',(-1.,0.,0.));
#2225=DIRECTION('center_axis',(0.,0.,-1.));
#2226=DIRECTION('ref_axis',(-1.,0.,0.));
#2227=DIRECTION('center_axis',(0.,0.733136660802859,-0.680081345565979));
#2228=DIRECTION('ref_axis',(-1.,0.,0.));
#2229=DIRECTION('',(0.,-0.680081345565988,-0.733136660802851));
#2230=DIRECTION('',(-1.,0.,0.));
#2231=DIRECTION('',(1.,0.,0.));
#2232=DIRECTION('center_axis',(0.,0.,1.));
#2233=DIRECTION('ref_axis',(1.,0.,0.));
#2234=DIRECTION('',(-0.680081345566014,0.,-0.733136660802828));
#2235=DIRECTION('center_axis',(0.,0.,1.));
#2236=DIRECTION('ref_axis',(1.,0.,0.));
#2237=DIRECTION('center_axis',(0.,0.,-1.));
#2238=DIRECTION('ref_axis',(1.,0.,0.));
#2239=DIRECTION('center_axis',(0.733136660802867,0.,-0.680081345565971));
#2240=DIRECTION('ref_axis',(-0.680081345565971,0.,-0.733136660802867));
#2241=DIRECTION('',(-0.68008134556598,0.,-0.733136660802859));
#2242=DIRECTION('',(0.,1.,0.));
#2243=DIRECTION('',(0.,-1.,0.));
#2244=DIRECTION('center_axis',(0.,0.,1.));
#2245=DIRECTION('ref_axis',(1.,0.,0.));
#2246=DIRECTION('center_axis',(0.,0.,1.));
#2247=DIRECTION('ref_axis',(1.,0.,0.));
#2248=DIRECTION('center_axis',(0.,-1.87262920891268E-16,-1.));
#2249=DIRECTION('ref_axis',(1.,0.,0.));
#2250=DIRECTION('center_axis',(0.,0.,-1.));
#2251=DIRECTION('ref_axis',(1.,0.,0.));
#2252=DIRECTION('',(0.,-0.0749787268263277,0.997185133525116));
#2253=DIRECTION('',(-0.0749787268263278,0.,0.997185133525116));
#2254=DIRECTION('center_axis',(0.,0.997185133525116,0.0749787268263277));
#2255=DIRECTION('ref_axis',(0.,-0.0749787268263277,0.997185133525116));
#2256=DIRECTION('',(0.,-0.0749787268263277,0.997185133525116));
#2257=DIRECTION('',(-1.,0.,0.));
#2258=DIRECTION('center_axis',(0.,0.,-1.));
#2259=DIRECTION('ref_axis',(1.,0.,0.));
#2260=DIRECTION('',(0.0749787268263277,0.,0.997185133525116));
#2261=DIRECTION('center_axis',(0.,0.,-1.));
#2262=DIRECTION('ref_axis',(1.,0.,0.));
#2263=DIRECTION('center_axis',(-0.997185133525116,0.,0.0749787268263277));
#2264=DIRECTION('ref_axis',(0.,1.,0.));
#2265=DIRECTION('',(0.0749787268263277,0.,0.997185133525116));
#2266=DIRECTION('',(0.,1.,0.));
#2267=DIRECTION('',(0.0704801349381859,0.341169601873816,0.937355777352632));
#2268=DIRECTION('',(0.00729825183338792,-0.995251418035323,0.0970636410756096));
#2269=DIRECTION('',(0.,-1.,0.));
#2270=DIRECTION('',(-0.0749787268263277,0.,-0.997185133525116));
#2271=DIRECTION('',(0.,1.,0.));
#2272=DIRECTION('center_axis',(0.,0.,-1.));
#2273=DIRECTION('ref_axis',(1.,0.,0.));
#2274=DIRECTION('center_axis',(0.,0.939692620785908,-0.342020143325669));
#2275=DIRECTION('ref_axis',(5.01621672741358E-16,-0.342020143325669,-0.939692620785908));
#2276=DIRECTION('center_axis',(0.,0.,-1.));
#2277=DIRECTION('ref_axis',(-1.,0.,0.));
#2278=DIRECTION('',(-1.,0.,0.));
#2279=DIRECTION('center_axis',(0.,0.,1.));
#2280=DIRECTION('ref_axis',(1.,0.,0.));
#2281=DIRECTION('',(0.,-1.,0.));
#2282=DIRECTION('',(-1.,0.,0.));
#2283=DIRECTION('',(0.,1.,0.));
#2284=DIRECTION('',(1.,0.,0.));
#2285=DIRECTION('',(0.,-1.,0.));
#2286=DIRECTION('center_axis',(0.,0.,1.));
#2287=DIRECTION('ref_axis',(1.,0.,0.));
#2288=DIRECTION('',(1.,0.,0.));
#2289=DIRECTION('center_axis',(0.,0.,1.));
#2290=DIRECTION('ref_axis',(1.,0.,0.));
#2291=DIRECTION('',(0.,1.,0.));
#2292=DIRECTION('center_axis',(0.,0.,1.));
#2293=DIRECTION('ref_axis',(1.,0.,0.));
#2294=DIRECTION('center_axis',(0.,-1.,0.));
#2295=DIRECTION('ref_axis',(1.,0.,0.));
#2296=DIRECTION('',(-0.0749787268263277,0.,-0.997185133525116));
#2297=DIRECTION('',(-1.,0.,0.));
#2298=DIRECTION('',(0.,0.,1.));
#2299=DIRECTION('',(1.,0.,0.));
#2300=DIRECTION('center_axis',(0.,0.,1.));
#2301=DIRECTION('ref_axis',(0.,-1.,0.));
#2302=DIRECTION('',(0.,1.,0.));
#2303=DIRECTION('',(0.,-1.,0.));
#2304=DIRECTION('center_axis',(0.,0.,1.));
#2305=DIRECTION('ref_axis',(1.,0.,0.));
#2306=DIRECTION('',(-1.,0.,0.));
#2307=DIRECTION('center_axis',(0.,-1.,0.));
#2308=DIRECTION('ref_axis',(1.,0.,0.));
#2309=DIRECTION('',(0.0749787268263277,0.,0.997185133525116));
#2310=DIRECTION('',(0.,0.,-1.));
#2311=DIRECTION('',(1.,0.,0.));
#2312=DIRECTION('center_axis',(0.,0.,-1.));
#2313=DIRECTION('ref_axis',(0.,1.,0.));
#2314=DIRECTION('',(0.,-1.,0.));
#2315=DIRECTION('center_axis',(0.,0.,-1.));
#2316=DIRECTION('ref_axis',(1.,0.,0.));
#2317=DIRECTION('',(0.,1.,0.));
#2318=DIRECTION('center_axis',(1.,0.,0.));
#2319=DIRECTION('ref_axis',(0.,1.,0.));
#2320=DIRECTION('',(0.,0.,1.));
#2321=DIRECTION('',(0.,0.995959849254088,-0.089799658539303));
#2322=DIRECTION('',(0.,-0.342020143325669,-0.939692620785909));
#2323=DIRECTION('',(0.,-0.939692620785909,0.342020143325669));
#2324=DIRECTION('',(0.,0.,-1.));
#2325=DIRECTION('',(0.,0.,1.));
#2326=DIRECTION('',(0.,1.,0.));
#2327=DIRECTION('',(0.,0.,-1.));
#2328=DIRECTION('',(0.,0.,1.));
#2329=DIRECTION('',(0.,0.,-1.));
#2330=DIRECTION('',(0.,-1.,0.));
#2331=DIRECTION('',(0.,0.,1.));
#2332=DIRECTION('',(0.,1.,0.));
#2333=DIRECTION('',(0.,0.,-1.));
#2334=DIRECTION('',(0.,-1.,0.));
#2335=DIRECTION('',(0.,0.,1.));
#2336=DIRECTION('',(0.,1.,0.));
#2337=DIRECTION('',(0.,0.,-1.));
#2338=DIRECTION('',(0.,-1.,0.));
#2339=DIRECTION('',(0.,0.,1.));
#2340=DIRECTION('',(0.,1.,0.));
#2341=DIRECTION('',(0.,0.,-1.));
#2342=DIRECTION('',(0.,-1.,0.));
#2343=DIRECTION('',(0.,0.,1.));
#2344=DIRECTION('',(0.,1.,0.));
#2345=DIRECTION('',(0.,0.,-1.));
#2346=DIRECTION('',(0.,-1.,0.));
#2347=DIRECTION('',(0.,0.,1.));
#2348=DIRECTION('',(0.,1.,0.));
#2349=DIRECTION('',(0.,0.,-1.));
#2350=DIRECTION('',(0.,-1.,0.));
#2351=DIRECTION('',(0.,0.,1.));
#2352=DIRECTION('',(0.,1.,0.));
#2353=DIRECTION('',(0.,0.,-1.));
#2354=DIRECTION('',(0.,-1.,0.));
#2355=DIRECTION('',(0.,0.,1.));
#2356=DIRECTION('',(0.,1.,0.));
#2357=DIRECTION('',(0.,0.,-1.));
#2358=DIRECTION('',(0.,-1.,0.));
#2359=DIRECTION('',(0.,0.,1.));
#2360=DIRECTION('',(0.,1.,0.));
#2361=DIRECTION('',(0.,0.,-1.));
#2362=DIRECTION('',(0.,-1.,0.));
#2363=DIRECTION('',(0.,0.,1.));
#2364=DIRECTION('',(0.,1.,0.));
#2365=DIRECTION('center_axis',(0.,-1.,0.));
#2366=DIRECTION('ref_axis',(1.,0.,0.));
#2367=DIRECTION('',(-0.0749787268263277,0.,-0.997185133525116));
#2368=DIRECTION('',(-1.,0.,0.));
#2369=DIRECTION('',(1.,0.,0.));
#2370=DIRECTION('center_axis',(0.,0.,1.));
#2371=DIRECTION('ref_axis',(0.,-1.,0.));
#2372=DIRECTION('',(0.,1.,0.));
#2373=DIRECTION('',(-1.,0.,0.));
#2374=DIRECTION('center_axis',(0.,-1.,0.));
#2375=DIRECTION('ref_axis',(1.,0.,0.));
#2376=DIRECTION('',(0.0749787268263277,0.,0.997185133525116));
#2377=DIRECTION('',(1.,0.,0.));
#2378=DIRECTION('center_axis',(0.,0.,-1.));
#2379=DIRECTION('ref_axis',(0.,1.,0.));
#2380=DIRECTION('',(0.,-1.,0.));
#2381=DIRECTION('center_axis',(0.,-1.,0.));
#2382=DIRECTION('ref_axis',(1.,0.,0.));
#2383=DIRECTION('',(-0.0749787268263277,0.,-0.997185133525116));
#2384=DIRECTION('',(-1.,0.,0.));
#2385=DIRECTION('',(1.,0.,0.));
#2386=DIRECTION('center_axis',(0.,0.,1.));
#2387=DIRECTION('ref_axis',(0.,-1.,0.));
#2388=DIRECTION('',(0.,1.,0.));
#2389=DIRECTION('',(-1.,0.,0.));
#2390=DIRECTION('center_axis',(0.,-1.,0.));
#2391=DIRECTION('ref_axis',(1.,0.,0.));
#2392=DIRECTION('',(0.0749787268263277,0.,0.997185133525116));
#2393=DIRECTION('',(1.,0.,0.));
#2394=DIRECTION('center_axis',(0.,0.,-1.));
#2395=DIRECTION('ref_axis',(0.,1.,0.));
#2396=DIRECTION('',(0.,-1.,0.));
#2397=DIRECTION('center_axis',(0.,-1.,0.));
#2398=DIRECTION('ref_axis',(1.,0.,0.));
#2399=DIRECTION('',(-0.0749787268263277,0.,-0.997185133525116));
#2400=DIRECTION('',(-1.,0.,0.));
#2401=DIRECTION('',(1.,0.,0.));
#2402=DIRECTION('center_axis',(0.,0.,1.));
#2403=DIRECTION('ref_axis',(0.,-1.,0.));
#2404=DIRECTION('',(0.,1.,0.));
#2405=DIRECTION('',(-1.,0.,0.));
#2406=DIRECTION('center_axis',(0.,-1.,0.));
#2407=DIRECTION('ref_axis',(1.,0.,0.));
#2408=DIRECTION('',(0.0749787268263277,0.,0.997185133525116));
#2409=DIRECTION('',(1.,0.,0.));
#2410=DIRECTION('center_axis',(0.,0.,-1.));
#2411=DIRECTION('ref_axis',(0.,1.,0.));
#2412=DIRECTION('',(0.,-1.,0.));
#2413=DIRECTION('center_axis',(0.,-1.,0.));
#2414=DIRECTION('ref_axis',(1.,0.,0.));
#2415=DIRECTION('',(-0.0749787268263277,0.,-0.997185133525116));
#2416=DIRECTION('',(-1.,0.,0.));
#2417=DIRECTION('',(1.,0.,0.));
#2418=DIRECTION('center_axis',(0.,0.,1.));
#2419=DIRECTION('ref_axis',(0.,-1.,0.));
#2420=DIRECTION('',(0.,1.,0.));
#2421=DIRECTION('',(-1.,0.,0.));
#2422=DIRECTION('center_axis',(0.,-1.,0.));
#2423=DIRECTION('ref_axis',(1.,0.,0.));
#2424=DIRECTION('',(0.0749787268263277,0.,0.997185133525116));
#2425=DIRECTION('',(1.,0.,0.));
#2426=DIRECTION('center_axis',(0.,0.,-1.));
#2427=DIRECTION('ref_axis',(0.,1.,0.));
#2428=DIRECTION('',(0.,-1.,0.));
#2429=DIRECTION('center_axis',(0.,-1.,0.));
#2430=DIRECTION('ref_axis',(1.,0.,0.));
#2431=DIRECTION('',(-0.0749787268263277,0.,-0.997185133525116));
#2432=DIRECTION('',(-1.,0.,0.));
#2433=DIRECTION('',(1.,0.,0.));
#2434=DIRECTION('center_axis',(0.,0.,1.));
#2435=DIRECTION('ref_axis',(0.,-1.,0.));
#2436=DIRECTION('',(0.,1.,0.));
#2437=DIRECTION('',(-1.,0.,0.));
#2438=DIRECTION('center_axis',(0.,-1.,0.));
#2439=DIRECTION('ref_axis',(1.,0.,0.));
#2440=DIRECTION('',(0.0749787268263277,0.,0.997185133525116));
#2441=DIRECTION('',(1.,0.,0.));
#2442=DIRECTION('center_axis',(0.,0.,-1.));
#2443=DIRECTION('ref_axis',(0.,1.,0.));
#2444=DIRECTION('',(0.,-1.,0.));
#2445=DIRECTION('center_axis',(0.,-1.,0.));
#2446=DIRECTION('ref_axis',(1.,0.,0.));
#2447=DIRECTION('',(-0.0749787268263277,0.,-0.997185133525116));
#2448=DIRECTION('',(-1.,0.,0.));
#2449=DIRECTION('',(1.,0.,0.));
#2450=DIRECTION('center_axis',(0.,0.,1.));
#2451=DIRECTION('ref_axis',(0.,-1.,0.));
#2452=DIRECTION('',(0.,1.,0.));
#2453=DIRECTION('',(-1.,0.,0.));
#2454=DIRECTION('center_axis',(0.,-1.,0.));
#2455=DIRECTION('ref_axis',(1.,0.,0.));
#2456=DIRECTION('',(0.0749787268263277,0.,0.997185133525116));
#2457=DIRECTION('',(1.,0.,0.));
#2458=DIRECTION('center_axis',(0.,0.,-1.));
#2459=DIRECTION('ref_axis',(0.,1.,0.));
#2460=DIRECTION('',(0.,-1.,0.));
#2461=DIRECTION('center_axis',(0.,-1.,0.));
#2462=DIRECTION('ref_axis',(1.,0.,0.));
#2463=DIRECTION('',(-0.0749787268263277,0.,-0.997185133525116));
#2464=DIRECTION('',(-1.,0.,0.));
#2465=DIRECTION('',(1.,0.,0.));
#2466=DIRECTION('center_axis',(0.,0.,1.));
#2467=DIRECTION('ref_axis',(0.,-1.,0.));
#2468=DIRECTION('',(0.,1.,0.));
#2469=DIRECTION('',(-1.,0.,0.));
#2470=DIRECTION('center_axis',(0.,-1.,0.));
#2471=DIRECTION('ref_axis',(1.,0.,0.));
#2472=DIRECTION('',(0.0749787268263277,0.,0.997185133525116));
#2473=DIRECTION('',(1.,0.,0.));
#2474=DIRECTION('center_axis',(0.,0.,-1.));
#2475=DIRECTION('ref_axis',(0.,1.,0.));
#2476=DIRECTION('',(0.,-1.,0.));
#2477=DIRECTION('center_axis',(0.,-1.,0.));
#2478=DIRECTION('ref_axis',(1.,0.,0.));
#2479=DIRECTION('',(-0.0749787268263277,0.,-0.997185133525116));
#2480=DIRECTION('',(-1.,0.,0.));
#2481=DIRECTION('',(1.,0.,0.));
#2482=DIRECTION('center_axis',(0.,0.,1.));
#2483=DIRECTION('ref_axis',(0.,-1.,0.));
#2484=DIRECTION('',(0.,1.,0.));
#2485=DIRECTION('',(-1.,0.,0.));
#2486=DIRECTION('center_axis',(0.,-1.,0.));
#2487=DIRECTION('ref_axis',(1.,0.,0.));
#2488=DIRECTION('',(0.0749787268263277,0.,0.997185133525116));
#2489=DIRECTION('',(1.,0.,0.));
#2490=DIRECTION('center_axis',(0.,0.,-1.));
#2491=DIRECTION('ref_axis',(0.,1.,0.));
#2492=DIRECTION('',(0.,-1.,0.));
#2493=DIRECTION('center_axis',(0.,-1.,0.));
#2494=DIRECTION('ref_axis',(1.,0.,0.));
#2495=DIRECTION('',(-0.0749787268263277,0.,-0.997185133525116));
#2496=DIRECTION('',(-1.,0.,0.));
#2497=DIRECTION('',(1.,0.,0.));
#2498=DIRECTION('center_axis',(0.,0.,1.));
#2499=DIRECTION('ref_axis',(0.,-1.,0.));
#2500=DIRECTION('',(0.,1.,0.));
#2501=DIRECTION('',(-1.,0.,0.));
#2502=DIRECTION('center_axis',(0.,-1.,0.));
#2503=DIRECTION('ref_axis',(1.,0.,0.));
#2504=DIRECTION('',(0.0749787268263277,0.,0.997185133525116));
#2505=DIRECTION('',(1.,0.,0.));
#2506=DIRECTION('center_axis',(0.,0.,-1.));
#2507=DIRECTION('ref_axis',(0.,1.,0.));
#2508=DIRECTION('',(0.,-1.,0.));
#2509=DIRECTION('center_axis',(0.,-1.,0.));
#2510=DIRECTION('ref_axis',(1.,0.,0.));
#2511=DIRECTION('',(-1.,0.,0.));
#2512=DIRECTION('',(0.0749787268263277,0.,0.997185133525116));
#2513=DIRECTION('',(1.,0.,0.));
#2514=DIRECTION('center_axis',(0.,0.,1.));
#2515=DIRECTION('ref_axis',(0.,-1.,0.));
#2516=DIRECTION('',(0.,-1.,0.));
#2517=DIRECTION('',(-1.,0.,0.));
#2518=DIRECTION('center_axis',(0.,-1.,0.));
#2519=DIRECTION('ref_axis',(1.,0.,0.));
#2520=DIRECTION('',(-0.0749787268263277,0.,-0.997185133525116));
#2521=DIRECTION('center_axis',(0.,0.,-1.));
#2522=DIRECTION('ref_axis',(0.,1.,0.));
#2523=DIRECTION('',(-0.0894397624624984,-0.99599223334856,0.));
#2524=DIRECTION('center_axis',(0.,0.,1.));
#2525=DIRECTION('ref_axis',(8.29152717894431E-14,1.,-4.65816133648557E-16));
#2526=DIRECTION('',(0.,1.,0.));
#2527=DIRECTION('center_axis',(-0.997185133525116,0.,0.0749787268263277));
#2528=DIRECTION('ref_axis',(0.,1.,0.));
#2529=DIRECTION('center_axis',(0.,0.,1.));
#2530=DIRECTION('ref_axis',(0.,-1.,0.));
#2531=DIRECTION('',(0.,-1.,0.));
#2532=DIRECTION('',(-1.,0.,0.));
#2533=DIRECTION('',(0.,1.,0.));
#2534=DIRECTION('',(1.,0.,0.));
#2535=DIRECTION('center_axis',(-1.,0.,0.));
#2536=DIRECTION('ref_axis',(0.,-1.,0.));
#2537=DIRECTION('',(0.,0.,-1.));
#2538=DIRECTION('',(0.,1.,0.));
#2539=DIRECTION('',(0.,0.,1.));
#2540=DIRECTION('center_axis',(0.,-1.,0.));
#2541=DIRECTION('ref_axis',(1.,0.,0.));
#2542=DIRECTION('',(-1.,0.,0.));
#2543=DIRECTION('',(0.,0.,1.));
#2544=DIRECTION('center_axis',(0.,0.,-1.));
#2545=DIRECTION('ref_axis',(0.,1.,0.));
#2546=DIRECTION('',(1.,0.,0.));
#2547=DIRECTION('center_axis',(0.,-1.,0.));
#2548=DIRECTION('ref_axis',(1.,0.,0.));
#2549=DIRECTION('',(0.,0.,-1.));
#2550=DIRECTION('center_axis',(-1.,0.,0.));
#2551=DIRECTION('ref_axis',(0.,-1.,0.));
#2552=DIRECTION('center_axis',(0.,0.,1.));
#2553=DIRECTION('ref_axis',(1.,0.,0.));
#2554=DIRECTION('center_axis',(0.,0.089799658539303,0.995959849254088));
#2555=DIRECTION('ref_axis',(0.,0.995959849254087,-0.089799658539303));
#2556=DIRECTION('',(0.,0.,-1.));
#2557=DIRECTION('center_axis',(0.,0.,-1.));
#2558=DIRECTION('ref_axis',(1.,0.,0.));
#2559=DIRECTION('center_axis',(0.,0.,-1.));
#2560=DIRECTION('ref_axis',(-1.,0.,0.));
#2561=DIRECTION('center_axis',(0.,0.,1.));
#2562=DIRECTION('ref_axis',(1.,0.,0.));
#2563=DIRECTION('center_axis',(0.,0.,1.));
#2564=DIRECTION('ref_axis',(1.,0.,0.));
#2565=DIRECTION('',(0.,0.,1.));
#2566=DIRECTION('center_axis',(0.,0.,1.));
#2567=DIRECTION('ref_axis',(1.,0.,0.));
#2568=DIRECTION('center_axis',(0.,0.,1.));
#2569=DIRECTION('ref_axis',(1.,0.,0.));
#2570=DIRECTION('center_axis',(0.,0.,1.));
#2571=DIRECTION('ref_axis',(1.,0.,0.));
#2572=DIRECTION('center_axis',(0.,0.089799658539303,0.995959849254088));
#2573=DIRECTION('ref_axis',(0.,0.995959849254088,-0.089799658539303));
#2574=DIRECTION('',(0.,0.,-1.));
#2575=DIRECTION('center_axis',(0.,0.,-1.));
#2576=DIRECTION('ref_axis',(1.,0.,0.));
#2577=DIRECTION('center_axis',(0.,0.,-1.));
#2578=DIRECTION('ref_axis',(-1.,0.,0.));
#2579=DIRECTION('center_axis',(0.,0.,1.));
#2580=DIRECTION('ref_axis',(1.,0.,0.));
#2581=DIRECTION('center_axis',(0.,0.,1.));
#2582=DIRECTION('ref_axis',(1.,0.,0.));
#2583=DIRECTION('',(0.,0.,1.));
#2584=DIRECTION('center_axis',(0.,0.,1.));
#2585=DIRECTION('ref_axis',(1.,0.,0.));
#2586=DIRECTION('center_axis',(0.,0.,1.));
#2587=DIRECTION('ref_axis',(1.,0.,0.));
#2588=DIRECTION('center_axis',(0.,0.,1.));
#2589=DIRECTION('ref_axis',(1.,0.,0.));
#2590=DIRECTION('center_axis',(0.,0.089799658539303,0.995959849254088));
#2591=DIRECTION('ref_axis',(0.,0.995959849254088,-0.089799658539303));
#2592=DIRECTION('',(0.,0.,-1.));
#2593=DIRECTION('center_axis',(0.,0.,-1.));
#2594=DIRECTION('ref_axis',(1.,0.,0.));
#2595=DIRECTION('center_axis',(0.,0.,-1.));
#2596=DIRECTION('ref_axis',(-1.,0.,0.));
#2597=DIRECTION('center_axis',(0.,0.,1.));
#2598=DIRECTION('ref_axis',(1.,0.,0.));
#2599=DIRECTION('center_axis',(0.,0.,1.));
#2600=DIRECTION('ref_axis',(1.,0.,0.));
#2601=DIRECTION('',(0.,0.,1.));
#2602=DIRECTION('center_axis',(0.,0.,1.));
#2603=DIRECTION('ref_axis',(1.,0.,0.));
#2604=DIRECTION('center_axis',(0.,0.,1.));
#2605=DIRECTION('ref_axis',(1.,0.,0.));
#2606=DIRECTION('center_axis',(0.,0.,1.));
#2607=DIRECTION('ref_axis',(1.,0.,0.));
#2608=DIRECTION('center_axis',(0.,0.089799658539303,0.995959849254088));
#2609=DIRECTION('ref_axis',(0.,0.995959849254088,-0.089799658539303));
#2610=DIRECTION('',(0.,0.,-1.));
#2611=DIRECTION('center_axis',(0.,0.,-1.));
#2612=DIRECTION('ref_axis',(1.,0.,0.));
#2613=DIRECTION('center_axis',(0.,0.,-1.));
#2614=DIRECTION('ref_axis',(-1.,0.,0.));
#2615=DIRECTION('center_axis',(0.,0.,1.));
#2616=DIRECTION('ref_axis',(1.,0.,0.));
#2617=DIRECTION('center_axis',(0.,0.,1.));
#2618=DIRECTION('ref_axis',(1.,0.,0.));
#2619=DIRECTION('',(0.,0.,1.));
#2620=DIRECTION('center_axis',(0.,0.,1.));
#2621=DIRECTION('ref_axis',(1.,0.,0.));
#2622=DIRECTION('center_axis',(0.,0.,1.));
#2623=DIRECTION('ref_axis',(1.,0.,0.));
#2624=DIRECTION('center_axis',(0.,0.,1.));
#2625=DIRECTION('ref_axis',(1.,0.,0.));
#2626=DIRECTION('center_axis',(0.,0.089799658539303,0.995959849254088));
#2627=DIRECTION('ref_axis',(0.,0.995959849254088,-0.089799658539303));
#2628=DIRECTION('',(0.,0.,-1.));
#2629=DIRECTION('center_axis',(0.,0.,-1.));
#2630=DIRECTION('ref_axis',(1.,0.,0.));
#2631=DIRECTION('center_axis',(0.,0.,-1.));
#2632=DIRECTION('ref_axis',(-1.,0.,0.));
#2633=DIRECTION('center_axis',(0.,-0.939692620785908,0.342020143325669));
#2634=DIRECTION('ref_axis',(1.,0.,0.));
#2635=DIRECTION('center_axis',(0.,0.939692620785908,-0.342020143325669));
#2636=DIRECTION('ref_axis',(1.,0.,0.));
#2637=DIRECTION('',(0.,0.939692620785909,-0.342020143325669));
#2638=DIRECTION('center_axis',(0.,0.939692620785908,-0.342020143325669));
#2639=DIRECTION('ref_axis',(1.,0.,0.));
#2640=DIRECTION('center_axis',(0.,-0.939692620785908,0.342020143325669));
#2641=DIRECTION('ref_axis',(1.,0.,0.));
#2642=DIRECTION('',(0.,0.342020143325669,0.939692620785909));
#2643=DIRECTION('center_axis',(0.,0.939692620785908,-0.342020143325669));
#2644=DIRECTION('ref_axis',(1.,0.,0.));
#2645=DIRECTION('',(0.,-0.342020143325669,-0.939692620785909));
#2646=DIRECTION('',(0.0704801349381859,-0.341169601873816,-0.937355777352632));
#2647=DIRECTION('',(0.6950008160772,-0.245915543054475,-0.675647401635091));
#2648=DIRECTION('',(1.,0.,0.));
#2649=DIRECTION('',(0.6950008160772,0.245915543054475,0.675647401635091));
#2650=DIRECTION('',(0.,0.342020143325669,0.939692620785909));
#2651=DIRECTION('',(-1.,0.,0.));
#2652=DIRECTION('center_axis',(1.,0.,0.));
#2653=DIRECTION('ref_axis',(0.,0.939692620785909,-0.342020143325669));
#2654=DIRECTION('center_axis',(0.,-0.939692620785908,0.342020143325669));
#2655=DIRECTION('ref_axis',(1.,0.,0.));
#2656=DIRECTION('',(0.,0.939692620785909,-0.342020143325669));
#2657=DIRECTION('center_axis',(0.,0.939692620785908,-0.342020143325669));
#2658=DIRECTION('ref_axis',(1.,0.,0.));
#2659=DIRECTION('',(0.,0.939692620785909,-0.342020143325669));
#2660=DIRECTION('center_axis',(-1.,0.,0.));
#2661=DIRECTION('ref_axis',(0.,-0.939692620785909,0.342020143325669));
#2662=DIRECTION('',(0.,-1.,0.));
#2663=DIRECTION('center_axis',(0.,0.089799658539303,0.995959849254088));
#2664=DIRECTION('ref_axis',(0.,-0.995959849254088,0.089799658539303));
#2665=DIRECTION('center_axis',(0.,-0.089799658539303,-0.995959849254088));
#2666=DIRECTION('ref_axis',(0.,0.995959849254088,-0.089799658539303));
#2667=DIRECTION('',(1.,0.,0.));
#2668=DIRECTION('center_axis',(0.,-0.089799658539303,-0.995959849254088));
#2669=DIRECTION('ref_axis',(0.,0.995959849254088,-0.089799658539303));
#2670=DIRECTION('',(0.,-0.995959849254088,0.089799658539303));
#2671=DIRECTION('center_axis',(0.,0.,1.));
#2672=DIRECTION('ref_axis',(1.,0.,0.));
#2673=DIRECTION('center_axis',(0.,0.939692620785908,-0.342020143325669));
#2674=DIRECTION('ref_axis',(0.,0.342020143325669,0.939692620785908));
#2675=DIRECTION('',(0.,0.,-1.));
#2676=DIRECTION('center_axis',(0.,-1.,0.));
#2677=DIRECTION('ref_axis',(1.,0.,0.));
#2678=DIRECTION('',(-1.,0.,0.));
#2679=DIRECTION('',(0.,0.,1.));
#2680=DIRECTION('center_axis',(0.,0.,1.));
#2681=DIRECTION('ref_axis',(1.,0.,0.));
#2682=DIRECTION('',(0.,0.,1.));
#2683=DIRECTION('center_axis',(0.,0.939692620785908,-0.342020143325669));
#2684=DIRECTION('ref_axis',(0.,0.342020143325669,0.939692620785908));
#2685=DIRECTION('center_axis',(-1.,0.,0.));
#2686=DIRECTION('ref_axis',(0.,-1.,0.));
#2687=DIRECTION('',(0.,0.,-1.));
#2688=DIRECTION('center_axis',(0.,0.,1.));
#2689=DIRECTION('ref_axis',(1.,0.,0.));
#2690=DIRECTION('',(0.,0.,-1.));
#2691=DIRECTION('center_axis',(0.,-1.,0.));
#2692=DIRECTION('ref_axis',(1.,0.,0.));
#2693=DIRECTION('',(0.,0.,1.));
#2694=DIRECTION('center_axis',(0.,0.,1.));
#2695=DIRECTION('ref_axis',(1.,0.,0.));
#2696=DIRECTION('center_axis',(0.707106781186548,0.0634979475013776,0.704249963197097));
#2697=DIRECTION('ref_axis',(0.,0.995959849254087,-0.089799658539303));
#2698=DIRECTION('',(0.00729825183338792,0.995251418035323,-0.0970636410756096));
#2699=DIRECTION('',(-0.707106781186548,0.0634979475013776,0.704249963197097));
#2700=DIRECTION('',(3.92523114670944E-17,-0.995959849254087,0.089799658539303));
#2701=DIRECTION('center_axis',(-0.707106781186548,0.0634979475013776,0.704249963197097));
#2702=DIRECTION('ref_axis',(0.,0.995959849254087,-0.089799658539303));
#2703=DIRECTION('',(3.92523114670944E-17,0.995959849254087,-0.089799658539303));
#2704=DIRECTION('',(0.707106781186548,0.0634979475013776,0.704249963197097));
#2705=DIRECTION('center_axis',(0.,-0.089799658539303,-0.995959849254087));
#2706=DIRECTION('ref_axis',(1.,0.,0.));
#2707=DIRECTION('center_axis',(0.,-0.089799658539303,-0.995959849254088));
#2708=DIRECTION('ref_axis',(1.,0.,0.));
#2709=DIRECTION('',(0.,-0.640752015695719,0.767747910698474));
#2710=DIRECTION('center_axis',(0.,-0.089799658539303,-0.995959849254087));
#2711=DIRECTION('ref_axis',(1.,0.,0.));
#2712=DIRECTION('',(0.,-0.640752015695719,0.767747910698474));
#2713=DIRECTION('center_axis',(0.,-0.089799658539303,-0.995959849254088));
#2714=DIRECTION('ref_axis',(1.,0.,0.));
#2715=DIRECTION('center_axis',(0.,0.767747910698475,0.640752015695719));
#2716=DIRECTION('ref_axis',(0.,-0.640752015695719,0.767747910698474));
#2717=DIRECTION('',(1.,0.,0.));
#2718=DIRECTION('center_axis',(0.997185133525116,0.,0.0749787268263277));
#2719=DIRECTION('ref_axis',(0.,1.,0.));
#2720=DIRECTION('',(-0.0749787268263278,0.,0.997185133525116));
#2721=DIRECTION('center_axis',(0.,0.,-1.));
#2722=DIRECTION('ref_axis',(1.,0.,0.));
#2723=DIRECTION('center_axis',(0.,0.939692620785908,-0.342020143325669));
#2724=DIRECTION('ref_axis',(1.16741043837989E-15,0.342020143325669,0.939692620785908));
#2725=DIRECTION('center_axis',(0.,0.089799658539303,0.995959849254088));
#2726=DIRECTION('ref_axis',(0.,-0.995959849254088,0.089799658539303));
#2727=DIRECTION('center_axis',(0.,-0.939692620785908,0.342020143325669));
#2728=DIRECTION('ref_axis',(0.,-0.342020143325669,-0.939692620785908));
#2729=CARTESIAN_POINT('',(0.,0.,0.));
#2730=CARTESIAN_POINT('Origin',(1.7,10.,1.89887405341005));
#2731=CARTESIAN_POINT('',(-5.82489755118725,0.83631191672403,2.29774810682009));
#2732=CARTESIAN_POINT('',(-10.1573716498826,10.,2.29774810682009));
#2733=CARTESIAN_POINT('Origin',(1.7,10.,2.29774810682009));
#2734=CARTESIAN_POINT('',(-9.41735463134359,10.,1.5));
#2735=CARTESIAN_POINT('',(-10.1573716498826,10.,2.29774810682009));
#2736=CARTESIAN_POINT('',(-5.27875957596208,1.3459553513993,1.5));
#2737=CARTESIAN_POINT('Origin',(1.7,10.,1.5));
#2738=CARTESIAN_POINT('',(-5.73686846050572,0.819571466059837,2.25175409662872));
#2739=CARTESIAN_POINT('Ctrl Pts',(-5.27875957596208,1.3459553513993,1.5));
#2740=CARTESIAN_POINT('Ctrl Pts',(-5.43132510176164,1.17066964738865,1.7503339287932));
#2741=CARTESIAN_POINT('Ctrl Pts',(-5.58434106233575,0.994847615372737,2.00143381335807));
#2742=CARTESIAN_POINT('Ctrl Pts',(-5.73686846050573,0.819571466059837,2.25175409662872));
#2743=CARTESIAN_POINT('Ctrl Pts',(-5.73686846050572,0.819571466059837,2.25175409662872));
#2744=CARTESIAN_POINT('Ctrl Pts',(-5.78083153781994,0.827892444310126,2.27461579647917));
#2745=CARTESIAN_POINT('Ctrl Pts',(-5.82489755118725,0.83631191672403,2.29774810682009));
#2746=CARTESIAN_POINT('Origin',(0.85,1.08276340872957,1.87587704831436));
#2747=CARTESIAN_POINT('',(131.036868460506,0.819571466059837,2.25175409662872));
#2748=CARTESIAN_POINT('',(0.85,0.819571466059837,2.25175409662872));
#2749=CARTESIAN_POINT('',(130.578759575962,1.34595535139931,1.5));
#2750=CARTESIAN_POINT('',(0.85,1.3459553513993,1.5));
#2751=CARTESIAN_POINT('Ctrl Pts',(130.578759575962,1.3459553513993,1.5));
#2752=CARTESIAN_POINT('Ctrl Pts',(130.731325101734,1.17066964742044,1.7503339287478));
#2753=CARTESIAN_POINT('Ctrl Pts',(130.88434106227,0.994847615448428,2.00143381324997));
#2754=CARTESIAN_POINT('Ctrl Pts',(131.036868460506,0.819571466059837,2.25175409662872));
#2755=CARTESIAN_POINT('Origin',(-9.78736314061311,38.,1.89887405341004));
#2756=CARTESIAN_POINT('',(-10.1573716498825,76.,2.29774810682009));
#2757=CARTESIAN_POINT('',(-9.41735463134365,76.,1.5));
#2758=CARTESIAN_POINT('',(-10.1573716498825,76.,2.29774810682009));
#2759=CARTESIAN_POINT('',(-9.41735463134365,38.,1.5));
#2760=CARTESIAN_POINT('',(-10.1573716498826,38.,2.29774810682009));
#2761=CARTESIAN_POINT('Origin',(1.7,76.,1.89887405341005));
#2762=CARTESIAN_POINT('',(1.7,87.8573716498826,2.29774810682009));
#2763=CARTESIAN_POINT('',(1.7,87.1173546313436,1.5));
#2764=CARTESIAN_POINT('',(1.7,87.8573716498826,2.29774810682009));
#2765=CARTESIAN_POINT('Origin',(1.7,76.,1.5));
#2766=CARTESIAN_POINT('Origin',(1.7,76.,2.29774810682009));
#2767=CARTESIAN_POINT('Origin',(0.85,87.4873631406131,1.89887405341004));
#2768=CARTESIAN_POINT('',(123.6,87.8573716498826,2.29774810682009));
#2769=CARTESIAN_POINT('',(123.6,87.1173546313436,1.5));
#2770=CARTESIAN_POINT('',(123.6,87.8573716498826,2.29774810682009));
#2771=CARTESIAN_POINT('',(0.85,87.1173546313436,1.5));
#2772=CARTESIAN_POINT('',(0.85,87.8573716498825,2.29774810682009));
#2773=CARTESIAN_POINT('Origin',(123.6,76.,1.89887405341005));
#2774=CARTESIAN_POINT('',(135.457371649883,76.,2.29774810682009));
#2775=CARTESIAN_POINT('',(134.717354631344,76.,1.5));
#2776=CARTESIAN_POINT('',(135.457371649883,76.,2.29774810682009));
#2777=CARTESIAN_POINT('Origin',(123.6,76.,1.5));
#2778=CARTESIAN_POINT('Origin',(123.6,76.,2.29774810682009));
#2779=CARTESIAN_POINT('Origin',(135.087363140613,38.,1.89887405341004));
#2780=CARTESIAN_POINT('',(135.457371649883,10.,2.29774810682009));
#2781=CARTESIAN_POINT('',(134.717354631344,10.,1.5));
#2782=CARTESIAN_POINT('',(135.457371649883,10.,2.29774810682009));
#2783=CARTESIAN_POINT('',(134.717354631344,38.,1.5));
#2784=CARTESIAN_POINT('',(135.457371649883,38.,2.29774810682009));
#2785=CARTESIAN_POINT('Origin',(123.6,10.,1.89887405341005));
#2786=CARTESIAN_POINT('Origin',(123.6,10.,1.5));
#2787=CARTESIAN_POINT('',(131.124897551187,0.836311916724026,2.29774810682009));
#2788=CARTESIAN_POINT('Origin',(123.6,10.,2.29774810682009));
#2789=CARTESIAN_POINT('Ctrl Pts',(131.124897551187,0.836311916724026,2.29774810682009));
#2790=CARTESIAN_POINT('Ctrl Pts',(131.080831537813,0.827892444308804,2.27461579647553));
#2791=CARTESIAN_POINT('Ctrl Pts',(131.036868460506,0.819571466059837,2.25175409662872));
#2792=CARTESIAN_POINT('Origin',(123.6,76.,14.25));
#2793=CARTESIAN_POINT('',(123.6,86.6010121667579,19.0067941518018));
#2794=CARTESIAN_POINT('',(123.6,86.9586773156718,14.25));
#2795=CARTESIAN_POINT('',(134.096229222342,76.,20.4003626857242));
#2796=CARTESIAN_POINT('Ctrl Pts',(134.096229222342,76.,20.4003626857243));
#2797=CARTESIAN_POINT('Ctrl Pts',(134.107928717922,77.2572114437171,20.2447643772884));
#2798=CARTESIAN_POINT('Ctrl Pts',(133.882855336464,78.588475398717,20.0764684033344));
#2799=CARTESIAN_POINT('Ctrl Pts',(132.911371215956,81.1478938437237,19.7458743806852));
#2800=CARTESIAN_POINT('Ctrl Pts',(132.129362845269,82.3632998195538,19.584844228779));
#2801=CARTESIAN_POINT('Ctrl Pts',(130.274730017363,84.317229851747,19.3221829750827));
#2802=CARTESIAN_POINT('Ctrl Pts',(129.073218399273,85.1759331838812,19.2043590844404));
#2803=CARTESIAN_POINT('Ctrl Pts',(126.419030604703,86.3178657485873,19.0465173249117));
#2804=CARTESIAN_POINT('Ctrl Pts',(124.966301282162,86.6010121667579,19.0067941518017));
#2805=CARTESIAN_POINT('Ctrl Pts',(123.6,86.6010121667579,19.0067941518017));
#2806=CARTESIAN_POINT('',(134.558677315672,76.,14.25));
#2807=CARTESIAN_POINT('Origin',(0.,86.,27.));
#2808=CARTESIAN_POINT('',(1.7,86.6010121667579,19.0067941518018));
#2809=CARTESIAN_POINT('',(1.7,86.9586773156718,14.25));
#2810=CARTESIAN_POINT('',(0.,86.6010121667579,19.0067941518018));
#2811=CARTESIAN_POINT('Origin',(1.7,76.,14.25));
#2812=CARTESIAN_POINT('',(-9.7662123651451,76.,7.5));
#2813=CARTESIAN_POINT('',(-9.25867731567179,76.,14.25));
#2814=CARTESIAN_POINT('',(-9.04588414243362,80.,7.5));
#2815=CARTESIAN_POINT('Origin',(1.7,76.,7.5));
#2816=CARTESIAN_POINT('',(-8.04532404492685,79.9999999999914,19.8941232491594));
#2817=CARTESIAN_POINT('Ctrl Pts',(-9.04588414243362,80.,7.5));
#2818=CARTESIAN_POINT('Ctrl Pts',(-8.52441274533837,79.9999999999914,13.9996564009489));
#2819=CARTESIAN_POINT('Ctrl Pts',(-8.04532404492685,79.9999999999914,19.8941232491594));
#2820=CARTESIAN_POINT('Ctrl Pts',(1.7,86.6010121667579,19.0067941518017));
#2821=CARTESIAN_POINT('Ctrl Pts',(0.333698717837942,86.6010121667579,19.0067941518017));
#2822=CARTESIAN_POINT('Ctrl Pts',(-1.1190306047032,86.3178657485873,19.0465173249117));
#2823=CARTESIAN_POINT('Ctrl Pts',(-3.77321839927269,85.1759331838812,19.2043590844404));
#2824=CARTESIAN_POINT('Ctrl Pts',(-4.97473001736318,84.317229851747,19.3221829750827));
#2825=CARTESIAN_POINT('Ctrl Pts',(-6.78911783976154,82.4056995461863,19.5791445541898));
#2826=CARTESIAN_POINT('Ctrl Pts',(-7.54366219402524,81.2543607703454,19.7317833498761));
#2827=CARTESIAN_POINT('Ctrl Pts',(-8.04532404492685,79.9999999999828,19.8941232491594));
#2828=CARTESIAN_POINT('Origin',(-8.30000000000005,0.,27.));
#2829=CARTESIAN_POINT('',(-8.59999999999999,10.,23.0101277693018));
#2830=CARTESIAN_POINT('',(-9.25867731567185,10.,14.25));
#2831=CARTESIAN_POINT('',(-8.59999999999999,25.0506672893855,23.0101277693017));
#2832=CARTESIAN_POINT('',(-8.59999999999999,12.7375992104781,23.0101277693018));
#2833=CARTESIAN_POINT('',(-8.42845647711182,25.8810492893508,25.2915835637277));
#2834=CARTESIAN_POINT('',(-7.77684606840733,29.0352666288823,33.9577244801429));
#2835=CARTESIAN_POINT('',(-8.71354707734867,64.758417545709,21.5));
#2836=CARTESIAN_POINT('',(-8.23935287984332,0.0932815288502283,27.8065808686173));
#2837=CARTESIAN_POINT('',(-8.71354707734867,39.4,21.5));
#2838=CARTESIAN_POINT('',(-8.71354707734868,29.85,21.5));
#2839=CARTESIAN_POINT('',(-9.76621236514516,39.4,7.5));
#2840=CARTESIAN_POINT('',(-8.59597330446539,39.4,23.0636811049516));
#2841=CARTESIAN_POINT('',(-9.76621236514516,29.85,7.5));
#2842=CARTESIAN_POINT('Origin',(1.7,10.,14.25));
#2843=CARTESIAN_POINT('',(-8.19349411074207,5.38152328925345,14.785613719493));
#2844=CARTESIAN_POINT('Origin',(1.69999999999999,7.84977098079797,21.5670685176326));
#2845=CARTESIAN_POINT('',(-8.59999999999999,6.77323434589328,16.4453251479464));
#2846=CARTESIAN_POINT('Ctrl Pts',(-8.19349411074207,5.38152328925347,14.785613719493));
#2847=CARTESIAN_POINT('Ctrl Pts',(-8.27944473593125,5.59116456361754,14.9291913489503));
#2848=CARTESIAN_POINT('Ctrl Pts',(-8.35256366645386,5.79201429659077,15.082537140795));
#2849=CARTESIAN_POINT('Ctrl Pts',(-8.48326473912111,6.19387595667594,15.4443332005781));
#2850=CARTESIAN_POINT('Ctrl Pts',(-8.54319813592106,6.41671106687259,15.6861982274599));
#2851=CARTESIAN_POINT('Ctrl Pts',(-8.58968042436823,6.6543169107895,16.0990764440972));
#2852=CARTESIAN_POINT('Ctrl Pts',(-8.59825682428725,6.71759628011036,16.2454984206939));
#2853=CARTESIAN_POINT('Ctrl Pts',(-8.59991878190039,6.76468528573092,16.4123365601118));
#2854=CARTESIAN_POINT('Ctrl Pts',(-8.6,6.76908104629263,16.4288119305604));
#2855=CARTESIAN_POINT('Ctrl Pts',(-8.6,6.7732343458933,16.4453251479464));
#2856=CARTESIAN_POINT('Ctrl Pts',(-8.59999999999999,6.77323434589328,16.4453251479464));
#2857=CARTESIAN_POINT('Ctrl Pts',(-8.6,8.42437182373131,23.0101277693017));
#2858=CARTESIAN_POINT('Ctrl Pts',(-8.59999999999999,10.,23.0101277693018));
#2859=CARTESIAN_POINT('Origin',(1.7,76.,1.5));
#2860=CARTESIAN_POINT('',(123.6,84.,1.5));
#2861=CARTESIAN_POINT('',(1.70000000000001,84.,1.5));
#2862=CARTESIAN_POINT('',(32.175,84.,1.5));
#2863=CARTESIAN_POINT('',(-6.3,76.,1.5));
#2864=CARTESIAN_POINT('Origin',(1.7,76.,1.5));
#2865=CARTESIAN_POINT('',(-6.3,58.1,1.5));
#2866=CARTESIAN_POINT('',(-6.3,59.5,1.5));
#2867=CARTESIAN_POINT('',(-4.8,58.1,1.5));
#2868=CARTESIAN_POINT('',(-5.55,58.1,1.5));
#2869=CARTESIAN_POINT('',(-4.8,54.8,1.5));
#2870=CARTESIAN_POINT('',(-4.8,56.45,1.5));
#2871=CARTESIAN_POINT('',(-6.3,54.8,1.5));
#2872=CARTESIAN_POINT('',(-5.55,54.8,1.5));
#2873=CARTESIAN_POINT('',(-6.3,10.,1.5));
#2874=CARTESIAN_POINT('',(-6.3,59.5,1.5));
#2875=CARTESIAN_POINT('',(1.70000000000001,1.99999999999999,1.5));
#2876=CARTESIAN_POINT('Origin',(1.7,10.,1.5));
#2877=CARTESIAN_POINT('',(123.6,1.99999999999999,1.5));
#2878=CARTESIAN_POINT('',(32.175,1.99999999999999,1.5));
#2879=CARTESIAN_POINT('',(131.6,10.,1.5));
#2880=CARTESIAN_POINT('Origin',(123.6,10.,1.5));
#2881=CARTESIAN_POINT('',(131.6,76.,1.5));
#2882=CARTESIAN_POINT('',(131.6,59.5,1.5));
#2883=CARTESIAN_POINT('Origin',(123.6,76.,1.5));
#2884=CARTESIAN_POINT('Origin',(-17.05,75.4,14.5));
#2885=CARTESIAN_POINT('',(-7.82633264389828,75.4,20.));
#2886=CARTESIAN_POINT('',(-8.65342679859551,75.4,9.));
#2887=CARTESIAN_POINT('',(-7.79470426945956,75.4,20.4206439095841));
#2888=CARTESIAN_POINT('',(-6.3,75.4,20.));
#2889=CARTESIAN_POINT('',(-17.05,75.4,20.));
#2890=CARTESIAN_POINT('',(-6.3,75.4,9.));
#2891=CARTESIAN_POINT('',(-6.3,75.4,12.375));
#2892=CARTESIAN_POINT('',(-17.05,75.4,9.));
#2893=CARTESIAN_POINT('Origin',(-17.05,76.5,9.));
#2894=CARTESIAN_POINT('',(-8.65342679859551,77.6,9.));
#2895=CARTESIAN_POINT('',(-8.65342679859551,38.25,9.));
#2896=CARTESIAN_POINT('',(-6.3,76.,9.));
#2897=CARTESIAN_POINT('',(-6.3,59.75,9.));
#2898=CARTESIAN_POINT('',(-6.13836717690616,77.6,9.));
#2899=CARTESIAN_POINT('Origin',(1.7,76.,9.));
#2900=CARTESIAN_POINT('',(-17.05,77.6,9.));
#2901=CARTESIAN_POINT('Origin',(-17.05,77.6,14.5));
#2902=CARTESIAN_POINT('',(-7.82633264389828,77.6,20.));
#2903=CARTESIAN_POINT('',(-7.79470426945956,77.6,20.4206439095841));
#2904=CARTESIAN_POINT('',(-6.13836717690616,77.6,20.));
#2905=CARTESIAN_POINT('',(-6.13836717690616,77.6,10.25));
#2906=CARTESIAN_POINT('',(-17.05,77.6,20.));
#2907=CARTESIAN_POINT('Origin',(-17.05,76.5,20.));
#2908=CARTESIAN_POINT('',(-7.82633264389828,38.25,20.));
#2909=CARTESIAN_POINT('',(-6.3,76.,20.));
#2910=CARTESIAN_POINT('Origin',(1.7,76.,20.));
#2911=CARTESIAN_POINT('',(-6.3,59.75,20.));
#2912=CARTESIAN_POINT('Origin',(-6.3,43.,10.25));
#2913=CARTESIAN_POINT('',(-6.3,76.,20.4016393442624));
#2914=CARTESIAN_POINT('',(-6.3,76.,10.25));
#2915=CARTESIAN_POINT('',(-6.3,25.7502989978907,24.9323500903542));
#2916=CARTESIAN_POINT('',(-6.3,34.5870209930023,24.1355964678441));
#2917=CARTESIAN_POINT('',(-6.3,19.308368909502,7.23329263480092));
#2918=CARTESIAN_POINT('',(-6.3,28.0139791691162,31.1517602456634));
#2919=CARTESIAN_POINT('',(-6.3,10.,10.6212618474286));
#2920=CARTESIAN_POINT('',(-6.3,11.8049233325265,9.96432347925638));
#2921=CARTESIAN_POINT('',(-6.3,10.,10.25));
#2922=CARTESIAN_POINT('',(-6.3,54.8,19.));
#2923=CARTESIAN_POINT('',(-6.3,54.8,10.25));
#2924=CARTESIAN_POINT('',(-6.3,58.1,19.));
#2925=CARTESIAN_POINT('',(-6.3,49.725,19.));
#2926=CARTESIAN_POINT('',(-6.3,58.1,10.25));
#2927=CARTESIAN_POINT('',(-6.3,76.,10.25));
#2928=CARTESIAN_POINT('',(-6.3,74.2,20.));
#2929=CARTESIAN_POINT('',(-6.3,74.2,9.));
#2930=CARTESIAN_POINT('',(-6.3,74.2,12.375));
#2931=CARTESIAN_POINT('',(-6.3,72.,9.));
#2932=CARTESIAN_POINT('',(-6.3,58.05,9.));
#2933=CARTESIAN_POINT('',(-6.3,72.,20.));
#2934=CARTESIAN_POINT('',(-6.3,72.,12.375));
#2935=CARTESIAN_POINT('',(-6.3,58.05,20.));
#2936=CARTESIAN_POINT('',(-6.3,43.6,20.));
#2937=CARTESIAN_POINT('',(-6.3,43.6,9.));
#2938=CARTESIAN_POINT('',(-6.3,43.6,12.375));
#2939=CARTESIAN_POINT('',(-6.3,41.4,9.));
#2940=CARTESIAN_POINT('',(-6.3,42.75,9.));
#2941=CARTESIAN_POINT('',(-6.3,41.4,20.));
#2942=CARTESIAN_POINT('',(-6.3,41.4,12.375));
#2943=CARTESIAN_POINT('',(-6.3,42.75,20.));
#2944=CARTESIAN_POINT('',(-6.3,47.,20.));
#2945=CARTESIAN_POINT('',(-6.3,47.,9.));
#2946=CARTESIAN_POINT('',(-6.3,47.,12.375));
#2947=CARTESIAN_POINT('',(-6.3,44.8,9.));
#2948=CARTESIAN_POINT('',(-6.3,44.45,9.));
#2949=CARTESIAN_POINT('',(-6.3,44.8,20.));
#2950=CARTESIAN_POINT('',(-6.3,44.8,12.375));
#2951=CARTESIAN_POINT('',(-6.3,44.45,20.));
#2952=CARTESIAN_POINT('',(-6.3,50.4,20.));
#2953=CARTESIAN_POINT('',(-6.3,50.4,9.));
#2954=CARTESIAN_POINT('',(-6.3,50.4,12.375));
#2955=CARTESIAN_POINT('',(-6.3,48.2,9.));
#2956=CARTESIAN_POINT('',(-6.3,46.15,9.));
#2957=CARTESIAN_POINT('',(-6.3,48.2,20.));
#2958=CARTESIAN_POINT('',(-6.3,48.2,12.375));
#2959=CARTESIAN_POINT('',(-6.3,46.15,20.));
#2960=CARTESIAN_POINT('',(-6.3,53.8,20.));
#2961=CARTESIAN_POINT('',(-6.3,53.8,9.));
#2962=CARTESIAN_POINT('',(-6.3,53.8,12.375));
#2963=CARTESIAN_POINT('',(-6.3,51.6,9.));
#2964=CARTESIAN_POINT('',(-6.3,47.85,9.));
#2965=CARTESIAN_POINT('',(-6.3,51.6,20.));
#2966=CARTESIAN_POINT('',(-6.3,51.6,12.375));
#2967=CARTESIAN_POINT('',(-6.3,47.85,20.));
#2968=CARTESIAN_POINT('',(-6.3,60.6,20.));
#2969=CARTESIAN_POINT('',(-6.3,60.6,9.));
#2970=CARTESIAN_POINT('',(-6.3,60.6,12.375));
#2971=CARTESIAN_POINT('',(-6.3,58.4,9.));
#2972=CARTESIAN_POINT('',(-6.3,51.25,9.));
#2973=CARTESIAN_POINT('',(-6.3,58.4,20.));
#2974=CARTESIAN_POINT('',(-6.3,58.4,12.375));
#2975=CARTESIAN_POINT('',(-6.3,51.25,20.));
#2976=CARTESIAN_POINT('',(-6.3,64.,20.));
#2977=CARTESIAN_POINT('',(-6.3,64.,9.));
#2978=CARTESIAN_POINT('',(-6.3,64.,12.375));
#2979=CARTESIAN_POINT('',(-6.3,61.8,9.));
#2980=CARTESIAN_POINT('',(-6.3,52.95,9.));
#2981=CARTESIAN_POINT('',(-6.3,61.8,20.));
#2982=CARTESIAN_POINT('',(-6.3,61.8,12.375));
#2983=CARTESIAN_POINT('',(-6.3,52.95,20.));
#2984=CARTESIAN_POINT('',(-6.3,67.4,20.));
#2985=CARTESIAN_POINT('',(-6.3,67.4,9.));
#2986=CARTESIAN_POINT('',(-6.3,67.4,12.375));
#2987=CARTESIAN_POINT('',(-6.3,65.2,9.));
#2988=CARTESIAN_POINT('',(-6.3,54.65,9.));
#2989=CARTESIAN_POINT('',(-6.3,65.2,20.));
#2990=CARTESIAN_POINT('',(-6.3,65.2,12.375));
#2991=CARTESIAN_POINT('',(-6.3,54.65,20.));
#2992=CARTESIAN_POINT('',(-6.3,70.8,20.));
#2993=CARTESIAN_POINT('',(-6.3,70.8,9.));
#2994=CARTESIAN_POINT('',(-6.3,70.8,12.375));
#2995=CARTESIAN_POINT('',(-6.3,68.6,9.));
#2996=CARTESIAN_POINT('',(-6.3,56.35,9.));
#2997=CARTESIAN_POINT('',(-6.3,68.6,20.));
#2998=CARTESIAN_POINT('',(-6.3,68.6,12.375));
#2999=CARTESIAN_POINT('',(-6.3,56.35,20.));
#3000=CARTESIAN_POINT('Origin',(-17.05,72.,14.5));
#3001=CARTESIAN_POINT('',(-7.82633264389828,72.,20.));
#3002=CARTESIAN_POINT('',(-8.65342679859551,72.,9.));
#3003=CARTESIAN_POINT('',(-7.79470426945956,72.,20.4206439095841));
#3004=CARTESIAN_POINT('',(-17.05,72.,20.));
#3005=CARTESIAN_POINT('',(-17.05,72.,9.));
#3006=CARTESIAN_POINT('Origin',(-17.05,73.1,9.));
#3007=CARTESIAN_POINT('',(-8.65342679859551,74.2,9.));
#3008=CARTESIAN_POINT('',(-8.65342679859551,36.55,9.));
#3009=CARTESIAN_POINT('',(-17.05,74.2,9.));
#3010=CARTESIAN_POINT('Origin',(-17.05,74.2,14.5));
#3011=CARTESIAN_POINT('',(-7.82633264389828,74.2,20.));
#3012=CARTESIAN_POINT('',(-7.79470426945956,74.2,20.4206439095841));
#3013=CARTESIAN_POINT('',(-17.05,74.2,20.));
#3014=CARTESIAN_POINT('Origin',(-17.05,73.1,20.));
#3015=CARTESIAN_POINT('',(-7.82633264389828,36.55,20.));
#3016=CARTESIAN_POINT('Origin',(-17.05,68.6,14.5));
#3017=CARTESIAN_POINT('',(-7.82633264389828,68.6,20.));
#3018=CARTESIAN_POINT('',(-8.65342679859551,68.6,9.));
#3019=CARTESIAN_POINT('',(-7.79470426945956,68.6,20.4206439095841));
#3020=CARTESIAN_POINT('',(-17.05,68.6,20.));
#3021=CARTESIAN_POINT('',(-17.05,68.6,9.));
#3022=CARTESIAN_POINT('Origin',(-17.05,69.7,9.));
#3023=CARTESIAN_POINT('',(-8.65342679859551,70.8,9.));
#3024=CARTESIAN_POINT('',(-8.65342679859551,34.85,9.));
#3025=CARTESIAN_POINT('',(-17.05,70.8,9.));
#3026=CARTESIAN_POINT('Origin',(-17.05,70.8,14.5));
#3027=CARTESIAN_POINT('',(-7.82633264389828,70.8,20.));
#3028=CARTESIAN_POINT('',(-7.79470426945956,70.8,20.4206439095841));
#3029=CARTESIAN_POINT('',(-17.05,70.8,20.));
#3030=CARTESIAN_POINT('Origin',(-17.05,69.7,20.));
#3031=CARTESIAN_POINT('',(-7.82633264389828,34.85,20.));
#3032=CARTESIAN_POINT('Origin',(-17.05,65.2,14.5));
#3033=CARTESIAN_POINT('',(-7.82633264389828,65.2,20.));
#3034=CARTESIAN_POINT('',(-8.65342679859551,65.2,9.));
#3035=CARTESIAN_POINT('',(-7.79470426945956,65.2,20.4206439095841));
#3036=CARTESIAN_POINT('',(-17.05,65.2,20.));
#3037=CARTESIAN_POINT('',(-17.05,65.2,9.));
#3038=CARTESIAN_POINT('Origin',(-17.05,66.3,9.));
#3039=CARTESIAN_POINT('',(-8.65342679859551,67.4,9.));
#3040=CARTESIAN_POINT('',(-8.65342679859551,33.15,9.));
#3041=CARTESIAN_POINT('',(-17.05,67.4,9.));
#3042=CARTESIAN_POINT('Origin',(-17.05,67.4,14.5));
#3043=CARTESIAN_POINT('',(-7.82633264389828,67.4,20.));
#3044=CARTESIAN_POINT('',(-7.79470426945956,67.4,20.4206439095841));
#3045=CARTESIAN_POINT('',(-17.05,67.4,20.));
#3046=CARTESIAN_POINT('Origin',(-17.05,66.3,20.));
#3047=CARTESIAN_POINT('',(-7.82633264389828,33.15,20.));
#3048=CARTESIAN_POINT('Origin',(-17.05,61.8,14.5));
#3049=CARTESIAN_POINT('',(-7.82633264389828,61.8,20.));
#3050=CARTESIAN_POINT('',(-8.65342679859551,61.8,9.));
#3051=CARTESIAN_POINT('',(-7.79470426945956,61.8,20.4206439095841));
#3052=CARTESIAN_POINT('',(-17.05,61.8,20.));
#3053=CARTESIAN_POINT('',(-17.05,61.8,9.));
#3054=CARTESIAN_POINT('Origin',(-17.05,62.9,9.));
#3055=CARTESIAN_POINT('',(-8.65342679859551,64.,9.));
#3056=CARTESIAN_POINT('',(-8.65342679859551,31.45,9.));
#3057=CARTESIAN_POINT('',(-17.05,64.,9.));
#3058=CARTESIAN_POINT('Origin',(-17.05,64.,14.5));
#3059=CARTESIAN_POINT('',(-7.82633264389828,64.,20.));
#3060=CARTESIAN_POINT('',(-7.79470426945956,64.,20.4206439095841));
#3061=CARTESIAN_POINT('',(-17.05,64.,20.));
#3062=CARTESIAN_POINT('Origin',(-17.05,62.9,20.));
#3063=CARTESIAN_POINT('',(-7.82633264389828,31.45,20.));
#3064=CARTESIAN_POINT('Origin',(-17.05,58.4,14.5));
#3065=CARTESIAN_POINT('',(-7.82633264389828,58.4,20.));
#3066=CARTESIAN_POINT('',(-8.65342679859551,58.4,9.));
#3067=CARTESIAN_POINT('',(-7.79470426945956,58.4,20.4206439095841));
#3068=CARTESIAN_POINT('',(-17.05,58.4,20.));
#3069=CARTESIAN_POINT('',(-17.05,58.4,9.));
#3070=CARTESIAN_POINT('Origin',(-17.05,59.5,9.));
#3071=CARTESIAN_POINT('',(-8.65342679859551,60.6,9.));
#3072=CARTESIAN_POINT('',(-8.65342679859551,29.75,9.));
#3073=CARTESIAN_POINT('',(-17.05,60.6,9.));
#3074=CARTESIAN_POINT('Origin',(-17.05,60.6,14.5));
#3075=CARTESIAN_POINT('',(-7.82633264389828,60.6,20.));
#3076=CARTESIAN_POINT('',(-7.79470426945956,60.6,20.4206439095841));
#3077=CARTESIAN_POINT('',(-17.05,60.6,20.));
#3078=CARTESIAN_POINT('Origin',(-17.05,59.5,20.));
#3079=CARTESIAN_POINT('',(-7.82633264389828,29.75,20.));
#3080=CARTESIAN_POINT('Origin',(-17.05,51.6,14.5));
#3081=CARTESIAN_POINT('',(-7.82633264389828,51.6,20.));
#3082=CARTESIAN_POINT('',(-8.65342679859551,51.6,9.));
#3083=CARTESIAN_POINT('',(-7.79470426945956,51.6,20.4206439095841));
#3084=CARTESIAN_POINT('',(-17.05,51.6,20.));
#3085=CARTESIAN_POINT('',(-17.05,51.6,9.));
#3086=CARTESIAN_POINT('Origin',(-17.05,52.7,9.));
#3087=CARTESIAN_POINT('',(-8.65342679859551,53.8,9.));
#3088=CARTESIAN_POINT('',(-8.65342679859551,26.35,9.));
#3089=CARTESIAN_POINT('',(-17.05,53.8,9.));
#3090=CARTESIAN_POINT('Origin',(-17.05,53.8,14.5));
#3091=CARTESIAN_POINT('',(-7.82633264389828,53.8,20.));
#3092=CARTESIAN_POINT('',(-7.79470426945956,53.8,20.4206439095841));
#3093=CARTESIAN_POINT('',(-17.05,53.8,20.));
#3094=CARTESIAN_POINT('Origin',(-17.05,52.7,20.));
#3095=CARTESIAN_POINT('',(-7.82633264389828,26.35,20.));
#3096=CARTESIAN_POINT('Origin',(-17.05,48.2,14.5));
#3097=CARTESIAN_POINT('',(-7.82633264389828,48.2,20.));
#3098=CARTESIAN_POINT('',(-8.65342679859551,48.2,9.));
#3099=CARTESIAN_POINT('',(-7.79470426945956,48.2,20.4206439095841));
#3100=CARTESIAN_POINT('',(-17.05,48.2,20.));
#3101=CARTESIAN_POINT('',(-17.05,48.2,9.));
#3102=CARTESIAN_POINT('Origin',(-17.05,49.3,9.));
#3103=CARTESIAN_POINT('',(-8.65342679859551,50.4,9.));
#3104=CARTESIAN_POINT('',(-8.65342679859551,24.65,9.));
#3105=CARTESIAN_POINT('',(-17.05,50.4,9.));
#3106=CARTESIAN_POINT('Origin',(-17.05,50.4,14.5));
#3107=CARTESIAN_POINT('',(-7.82633264389828,50.4,20.));
#3108=CARTESIAN_POINT('',(-7.79470426945956,50.4,20.4206439095841));
#3109=CARTESIAN_POINT('',(-17.05,50.4,20.));
#3110=CARTESIAN_POINT('Origin',(-17.05,49.3,20.));
#3111=CARTESIAN_POINT('',(-7.82633264389828,24.65,20.));
#3112=CARTESIAN_POINT('Origin',(-17.05,44.8,14.5));
#3113=CARTESIAN_POINT('',(-7.82633264389828,44.8,20.));
#3114=CARTESIAN_POINT('',(-8.65342679859551,44.8,9.));
#3115=CARTESIAN_POINT('',(-7.79470426945956,44.8,20.4206439095841));
#3116=CARTESIAN_POINT('',(-17.05,44.8,20.));
#3117=CARTESIAN_POINT('',(-17.05,44.8,9.));
#3118=CARTESIAN_POINT('Origin',(-17.05,45.9,9.));
#3119=CARTESIAN_POINT('',(-8.65342679859551,47.,9.));
#3120=CARTESIAN_POINT('',(-8.65342679859551,22.95,9.));
#3121=CARTESIAN_POINT('',(-17.05,47.,9.));
#3122=CARTESIAN_POINT('Origin',(-17.05,47.,14.5));
#3123=CARTESIAN_POINT('',(-7.82633264389828,47.,20.));
#3124=CARTESIAN_POINT('',(-7.79470426945956,47.,20.4206439095841));
#3125=CARTESIAN_POINT('',(-17.05,47.,20.));
#3126=CARTESIAN_POINT('Origin',(-17.05,45.9,20.));
#3127=CARTESIAN_POINT('',(-7.82633264389828,22.95,20.));
#3128=CARTESIAN_POINT('Origin',(-17.05,41.4,14.5));
#3129=CARTESIAN_POINT('',(-7.82633264389828,41.4,20.));
#3130=CARTESIAN_POINT('',(-8.65342679859551,41.4,9.));
#3131=CARTESIAN_POINT('',(-7.79470426945956,41.4,20.4206439095841));
#3132=CARTESIAN_POINT('',(-17.05,41.4,20.));
#3133=CARTESIAN_POINT('',(-17.05,41.4,9.));
#3134=CARTESIAN_POINT('Origin',(-17.05,42.5,9.));
#3135=CARTESIAN_POINT('',(-8.65342679859551,43.6,9.));
#3136=CARTESIAN_POINT('',(-8.65342679859551,21.25,9.));
#3137=CARTESIAN_POINT('',(-17.05,43.6,9.));
#3138=CARTESIAN_POINT('Origin',(-17.05,43.6,14.5));
#3139=CARTESIAN_POINT('',(-7.82633264389828,43.6,20.));
#3140=CARTESIAN_POINT('',(-7.79470426945956,43.6,20.4206439095841));
#3141=CARTESIAN_POINT('',(-17.05,43.6,20.));
#3142=CARTESIAN_POINT('Origin',(-17.05,42.5,20.));
#3143=CARTESIAN_POINT('',(-7.82633264389828,21.25,20.));
#3144=CARTESIAN_POINT('Origin',(52.65,39.4,14.5));
#3145=CARTESIAN_POINT('',(-7.71354707734865,39.4,21.5));
#3146=CARTESIAN_POINT('',(52.65,39.4,21.5));
#3147=CARTESIAN_POINT('',(-8.76621236514514,39.4,7.5));
#3148=CARTESIAN_POINT('',(-7.59878420920363,39.4,23.0262972690907));
#3149=CARTESIAN_POINT('',(52.65,39.4,7.5));
#3150=CARTESIAN_POINT('Origin',(52.65,59.7,7.5));
#3151=CARTESIAN_POINT('',(-8.76621236514514,80.,7.5));
#3152=CARTESIAN_POINT('',(-8.76621236514514,29.85,7.5));
#3153=CARTESIAN_POINT('',(52.65,80.,7.5));
#3154=CARTESIAN_POINT('Origin',(52.65,80.,14.5));
#3155=CARTESIAN_POINT('',(-7.81801087577103,80.,20.1106759718707));
#3156=CARTESIAN_POINT('',(-7.59878420920363,80.,23.0262972690907));
#3157=CARTESIAN_POINT('Ctrl Pts',(-8.04532404492685,79.9999999999914,19.8941232491594));
#3158=CARTESIAN_POINT('Ctrl Pts',(-7.93046988059112,79.9999999999999,20.0036773042743));
#3159=CARTESIAN_POINT('Ctrl Pts',(-7.81801087577103,80.,20.1106759718707));
#3160=CARTESIAN_POINT('Origin',(52.65,59.7,21.5));
#3161=CARTESIAN_POINT('',(-7.71786550337481,75.8462277909794,21.5));
#3162=CARTESIAN_POINT('',(-11.5716437853364,32.9309389730946,21.5));
#3163=CARTESIAN_POINT('',(-7.71354707734866,75.8930320806233,21.5));
#3164=CARTESIAN_POINT('Origin',(1.7,74.9866433432984,21.5));
#3165=CARTESIAN_POINT('',(-7.71354707734866,29.85,21.5));
#3166=CARTESIAN_POINT('Origin',(-7.30000000000004,0.,27.));
#3167=CARTESIAN_POINT('Ctrl Pts',(-7.81801087577103,80.,20.1106759718707));
#3168=CARTESIAN_POINT('Ctrl Pts',(-7.72888727621423,77.8750874597908,21.2959818884429));
#3169=CARTESIAN_POINT('Ctrl Pts',(-7.71354707734866,75.8930320806233,21.5));
#3170=CARTESIAN_POINT('Origin',(-4.405,56.45,2.2));
#3171=CARTESIAN_POINT('',(-4.8,58.1,2.2));
#3172=CARTESIAN_POINT('',(-4.8,54.8,2.2));
#3173=CARTESIAN_POINT('',(-4.8,56.45,2.2));
#3174=CARTESIAN_POINT('',(-4.,58.1,2.2));
#3175=CARTESIAN_POINT('',(-4.405,58.1,2.2));
#3176=CARTESIAN_POINT('',(-4.,54.8,2.2));
#3177=CARTESIAN_POINT('',(-4.,56.45,2.2));
#3178=CARTESIAN_POINT('',(-4.405,54.8,2.2));
#3179=CARTESIAN_POINT('Origin',(-4.,56.45,10.6));
#3180=CARTESIAN_POINT('',(-4.,58.1,19.));
#3181=CARTESIAN_POINT('',(-4.,58.1,10.6));
#3182=CARTESIAN_POINT('',(-4.,54.8,19.));
#3183=CARTESIAN_POINT('',(-4.,56.45,19.));
#3184=CARTESIAN_POINT('',(-4.,54.8,10.6));
#3185=CARTESIAN_POINT('Origin',(-5.55,54.8,10.25));
#3186=CARTESIAN_POINT('',(-5.55,54.8,19.));
#3187=CARTESIAN_POINT('',(-4.8,54.8,10.25));
#3188=CARTESIAN_POINT('Origin',(-5.55,56.45,19.));
#3189=CARTESIAN_POINT('',(-4.405,58.1,19.));
#3190=CARTESIAN_POINT('Origin',(-5.55,58.1,10.25));
#3191=CARTESIAN_POINT('',(-4.8,58.1,10.25));
#3192=CARTESIAN_POINT('Origin',(-4.8,56.45,10.25));
#3193=CARTESIAN_POINT('Origin',(35.,58.3,13.9487704918033));
#3194=CARTESIAN_POINT('',(33.8,58.3,21.9975409836066));
#3195=CARTESIAN_POINT('Origin',(35.,58.3,21.9975409836066));
#3196=CARTESIAN_POINT('',(33.8,58.3,5.4));
#3197=CARTESIAN_POINT('',(33.8,58.3,13.9487704918033));
#3198=CARTESIAN_POINT('Origin',(35.,58.3,5.4));
#3199=CARTESIAN_POINT('Origin',(35.,58.3,5.4));
#3200=CARTESIAN_POINT('Origin',(126.,79.,4.5));
#3201=CARTESIAN_POINT('',(124.,79.,2.));
#3202=CARTESIAN_POINT('Origin',(126.,79.,2.));
#3203=CARTESIAN_POINT('',(124.,79.,8.));
#3204=CARTESIAN_POINT('',(124.,79.,4.5));
#3205=CARTESIAN_POINT('Origin',(126.,79.,8.));
#3206=CARTESIAN_POINT('Origin',(126.,79.,8.));
#3207=CARTESIAN_POINT('Origin',(126.,79.,11.3155737704918));
#3208=CARTESIAN_POINT('',(122.5,79.,20.1311475409837));
#3209=CARTESIAN_POINT('Origin',(126.,79.,20.1311475409837));
#3210=CARTESIAN_POINT('',(122.5,79.,2.));
#3211=CARTESIAN_POINT('',(122.5,79.,11.3155737704918));
#3212=CARTESIAN_POINT('Origin',(126.,79.,2.));
#3213=CARTESIAN_POINT('Origin',(126.,79.,2.));
#3214=CARTESIAN_POINT('Origin',(50.,78.5,4.5));
#3215=CARTESIAN_POINT('',(48.,78.5,2.));
#3216=CARTESIAN_POINT('Origin',(50.,78.5,2.));
#3217=CARTESIAN_POINT('',(48.,78.5,8.));
#3218=CARTESIAN_POINT('',(48.,78.5,4.5));
#3219=CARTESIAN_POINT('Origin',(50.,78.5,8.));
#3220=CARTESIAN_POINT('Origin',(50.,78.5,8.));
#3221=CARTESIAN_POINT('Origin',(50.,78.5,11.3381147540984));
#3222=CARTESIAN_POINT('',(46.5,78.5,20.1762295081968));
#3223=CARTESIAN_POINT('Origin',(50.,78.5,20.1762295081968));
#3224=CARTESIAN_POINT('',(46.5,78.5,2.));
#3225=CARTESIAN_POINT('',(46.5,78.5,11.3381147540984));
#3226=CARTESIAN_POINT('Origin',(50.,78.5,2.));
#3227=CARTESIAN_POINT('Origin',(50.,78.5,2.));
#3228=CARTESIAN_POINT('Origin',(126.,30.,4.5));
#3229=CARTESIAN_POINT('',(124.,30.,2.));
#3230=CARTESIAN_POINT('Origin',(126.,30.,2.));
#3231=CARTESIAN_POINT('',(124.,30.,8.));
#3232=CARTESIAN_POINT('',(124.,30.,4.5));
#3233=CARTESIAN_POINT('Origin',(126.,30.,8.));
#3234=CARTESIAN_POINT('Origin',(126.,30.,8.));
#3235=CARTESIAN_POINT('Origin',(126.,30.,13.5245901639344));
#3236=CARTESIAN_POINT('',(122.5,30.,24.5491803278689));
#3237=CARTESIAN_POINT('Origin',(126.,30.,24.5491803278689));
#3238=CARTESIAN_POINT('',(122.5,30.,2.));
#3239=CARTESIAN_POINT('',(122.5,30.,13.5245901639344));
#3240=CARTESIAN_POINT('Origin',(126.,30.,2.));
#3241=CARTESIAN_POINT('Origin',(126.,30.,2.));
#3242=CARTESIAN_POINT('Origin',(68.,30.,4.5));
#3243=CARTESIAN_POINT('',(66.,30.,2.));
#3244=CARTESIAN_POINT('Origin',(68.,30.,2.));
#3245=CARTESIAN_POINT('',(66.,30.,8.));
#3246=CARTESIAN_POINT('',(66.,30.,4.5));
#3247=CARTESIAN_POINT('Origin',(68.,30.,8.));
#3248=CARTESIAN_POINT('Origin',(68.,30.,8.));
#3249=CARTESIAN_POINT('Origin',(68.,30.,13.5245901639344));
#3250=CARTESIAN_POINT('',(64.5,30.,24.5491803278689));
#3251=CARTESIAN_POINT('Origin',(68.,30.,24.5491803278689));
#3252=CARTESIAN_POINT('',(64.5,30.,2.));
#3253=CARTESIAN_POINT('',(64.5,30.,13.5245901639344));
#3254=CARTESIAN_POINT('Origin',(68.,30.,2.));
#3255=CARTESIAN_POINT('Origin',(68.,30.,2.));
#3256=CARTESIAN_POINT('Origin',(-3.3,13.2992813185625,14.0700383024718));
#3257=CARTESIAN_POINT('',(-8.59999999999999,20.802726895538,11.3390074580163));
#3258=CARTESIAN_POINT('Origin',(-3.3,20.802726895538,11.3390074580163));
#3259=CARTESIAN_POINT('',(-8.59999999999999,13.2992813185625,14.0700383024718));
#3260=CARTESIAN_POINT('',(-3.88918065290585,4.27627222614641,11.7489613807782));
#3261=CARTESIAN_POINT('Origin',(-3.3,6.07774352782277,16.6984631039295));
#3262=CARTESIAN_POINT('Ctrl Pts',(-6.3,10.,10.6212618474286));
#3263=CARTESIAN_POINT('Ctrl Pts',(-6.3,9.44386264850173,10.8236792895376));
#3264=CARTESIAN_POINT('Ctrl Pts',(-6.24102289926057,8.86215869916447,10.9901753766813));
#3265=CARTESIAN_POINT('Ctrl Pts',(-5.9850886457964,7.69914416653573,11.2429109749742));
#3266=CARTESIAN_POINT('Ctrl Pts',(-5.7878651165991,7.11811296536553,11.3301652064014));
#3267=CARTESIAN_POINT('Ctrl Pts',(-5.2633321334862,6.01436214971634,11.4736411271606));
#3268=CARTESIAN_POINT('Ctrl Pts',(-4.93523467439347,5.48985594615263,11.5315179069285));
#3269=CARTESIAN_POINT('Ctrl Pts',(-4.34831819485706,4.75305233252316,11.6471577353194));
#3270=CARTESIAN_POINT('Ctrl Pts',(-4.12417695330655,4.50574449100567,11.6934138850196));
#3271=CARTESIAN_POINT('Ctrl Pts',(-3.88918065290585,4.27627222614641,11.7489613807782));
#3272=CARTESIAN_POINT('Origin',(62.65,32.9786439979318,44.7920647579947));
#3273=CARTESIAN_POINT('',(131.6,19.308368909502,7.23329263480092));
#3274=CARTESIAN_POINT('',(131.6,25.7502989978907,24.9323500903542));
#3275=CARTESIAN_POINT('',(131.6,28.0139791691162,31.1517602456634));
#3276=CARTESIAN_POINT('',(133.9,20.802726895538,11.3390074580163));
#3277=CARTESIAN_POINT('Origin',(128.6,20.802726895538,11.3390074580163));
#3278=CARTESIAN_POINT('',(133.9,25.0506672893855,23.0101277693017));
#3279=CARTESIAN_POINT('',(133.9,32.9786439979318,44.7920647579947));
#3280=CARTESIAN_POINT('',(133.728456477112,25.8810492893508,25.2915835637278));
#3281=CARTESIAN_POINT('',(133.076846068407,29.0352666288823,33.9577244801429));
#3282=CARTESIAN_POINT('',(132.106060226119,26.455109701775,26.8688015842662));
#3283=CARTESIAN_POINT('',(112.973075225652,33.225027503023,45.468997874759));
#3284=CARTESIAN_POINT('',(-6.80606022611887,26.455109701775,26.8688015842662));
#3285=CARTESIAN_POINT('',(31.325,26.455109701775,26.8688015842662));
#3286=CARTESIAN_POINT('',(12.326924774348,33.225027503023,45.468997874759));
#3287=CARTESIAN_POINT('',(-8.59999999999999,32.9786439979318,44.7920647579947));
#3288=CARTESIAN_POINT('',(31.325,25.7502989978907,24.9323500903542));
#3289=CARTESIAN_POINT('Origin',(-8.59999999999999,25.4751984209563,47.5230956024501));
#3290=CARTESIAN_POINT('Origin',(128.6,13.2992813185625,14.0700383024718));
#3291=CARTESIAN_POINT('',(131.6,10.,10.6212618474286));
#3292=CARTESIAN_POINT('',(131.6,11.8049233325265,9.96432347925639));
#3293=CARTESIAN_POINT('',(129.189180652906,4.27627222614641,11.7489613807782));
#3294=CARTESIAN_POINT('Ctrl Pts',(129.189180652906,4.27627222614643,11.7489613807782));
#3295=CARTESIAN_POINT('Ctrl Pts',(129.424176953307,4.50574449100569,11.6934138850196));
#3296=CARTESIAN_POINT('Ctrl Pts',(129.648318194857,4.75305233252317,11.6471577353194));
#3297=CARTESIAN_POINT('Ctrl Pts',(130.235234674393,5.48985594615265,11.5315179069285));
#3298=CARTESIAN_POINT('Ctrl Pts',(130.563332133486,6.01436214971635,11.4736411271606));
#3299=CARTESIAN_POINT('Ctrl Pts',(131.087865116599,7.11811296536554,11.3301652064014));
#3300=CARTESIAN_POINT('Ctrl Pts',(131.285088645796,7.69914416653574,11.2429109749742));
#3301=CARTESIAN_POINT('Ctrl Pts',(131.541022899261,8.86215869916447,10.9901753766813));
#3302=CARTESIAN_POINT('Ctrl Pts',(131.6,9.44386264850173,10.8236792895376));
#3303=CARTESIAN_POINT('Ctrl Pts',(131.6,10.,10.6212618474286));
#3304=CARTESIAN_POINT('',(133.493494110742,5.38152328925342,14.7856137194929));
#3305=CARTESIAN_POINT('Origin',(128.6,6.07774352782277,16.6984631039295));
#3306=CARTESIAN_POINT('',(133.9,6.77323434589335,16.4453251479464));
#3307=CARTESIAN_POINT('Ctrl Pts',(133.9,6.77323434589325,16.4453251479464));
#3308=CARTESIAN_POINT('Ctrl Pts',(133.9,6.76908104629257,16.4288119305604));
#3309=CARTESIAN_POINT('Ctrl Pts',(133.8999187819,6.76468528573093,16.4123365601117));
#3310=CARTESIAN_POINT('Ctrl Pts',(133.898256824287,6.71759628011037,16.2454984206939));
#3311=CARTESIAN_POINT('Ctrl Pts',(133.889680424368,6.65431691078949,16.0990764440972));
#3312=CARTESIAN_POINT('Ctrl Pts',(133.843198135921,6.41671106687258,15.6861982274599));
#3313=CARTESIAN_POINT('Ctrl Pts',(133.783264739121,6.19387595667596,15.4443332005781));
#3314=CARTESIAN_POINT('Ctrl Pts',(133.652563666454,5.79201429659077,15.082537140795));
#3315=CARTESIAN_POINT('Ctrl Pts',(133.579444735931,5.5911645636175,14.9291913489502));
#3316=CARTESIAN_POINT('Ctrl Pts',(133.493494110742,5.38152328925339,14.785613719493));
#3317=CARTESIAN_POINT('',(133.9,13.2992813185625,14.0700383024718));
#3318=CARTESIAN_POINT('Origin',(133.9,25.4751984209563,47.5230956024501));
#3319=CARTESIAN_POINT('',(133.9,10.,23.0101277693018));
#3320=CARTESIAN_POINT('Ctrl Pts',(133.9,10.,23.0101277693018));
#3321=CARTESIAN_POINT('Ctrl Pts',(133.9,8.42437182373124,23.0101277693008));
#3322=CARTESIAN_POINT('Ctrl Pts',(133.9,6.77323434589335,16.4453251479464));
#3323=CARTESIAN_POINT('',(133.9,12.7375992104781,23.0101277693018));
#3324=CARTESIAN_POINT('Origin',(0.,25.,25.0000000000001));
#3325=CARTESIAN_POINT('',(1.70000000000001,84.,19.6803278688525));
#3326=CARTESIAN_POINT('Origin',(1.7,76.,20.4016393442624));
#3327=CARTESIAN_POINT('',(123.6,84.,19.6803278688525));
#3328=CARTESIAN_POINT('',(31.325,84.,19.6803278688525));
#3329=CARTESIAN_POINT('',(131.6,76.,20.4016393442624));
#3330=CARTESIAN_POINT('Origin',(123.6,76.,20.4016393442624));
#3331=CARTESIAN_POINT('',(131.6,34.5870209930023,24.1355964678441));
#3332=CARTESIAN_POINT('Origin',(1.7,10.,10.25));
#3333=CARTESIAN_POINT('',(1.70000000000001,1.99999999999999,5.49495483890923));
#3334=CARTESIAN_POINT('Origin',(1.7,10.,27.4747741945462));
#3335=CARTESIAN_POINT('',(1.70000000000001,1.99999999999999,10.25));
#3336=CARTESIAN_POINT('Origin',(62.65,1.99999999999999,10.25));
#3337=CARTESIAN_POINT('',(123.6,1.99999999999999,5.49495483890923));
#3338=CARTESIAN_POINT('',(31.325,1.99999999999999,5.49495483890923));
#3339=CARTESIAN_POINT('',(123.6,1.99999999999999,10.25));
#3340=CARTESIAN_POINT('Origin',(123.6,10.,10.25));
#3341=CARTESIAN_POINT('',(131.6,10.,10.25));
#3342=CARTESIAN_POINT('Origin',(123.6,10.,27.4747741945462));
#3343=CARTESIAN_POINT('Origin',(131.6,43.,10.25));
#3344=CARTESIAN_POINT('',(131.6,76.,10.25));
#3345=CARTESIAN_POINT('Origin',(123.6,76.,10.25));
#3346=CARTESIAN_POINT('',(123.6,84.,10.25));
#3347=CARTESIAN_POINT('Origin',(62.65,84.,10.25));
#3348=CARTESIAN_POINT('',(1.70000000000001,84.,10.25));
#3349=CARTESIAN_POINT('Origin',(1.7,76.,10.25));
#3350=CARTESIAN_POINT('Origin',(133.6,0.101003768647814,27.7449914634826));
#3351=CARTESIAN_POINT('',(134.094146066387,75.7495781639283,20.4280677727069));
#3352=CARTESIAN_POINT('',(133.539352879843,0.0932815288502316,27.8065808686174));
#3353=CARTESIAN_POINT('',(132.106060226119,75.9281075935313,22.4081214464849));
#3354=CARTESIAN_POINT('',(152.6,74.0877587997117,1.99698027866792));
#3355=CARTESIAN_POINT('',(132.106060226119,12.6175795251103,28.116447747736));
#3356=CARTESIAN_POINT('Origin',(-8.30000000000002,0.101003768647814,27.7449914634826));
#3357=CARTESIAN_POINT('',(-6.80606022611886,75.9281075935313,22.4081214464849));
#3358=CARTESIAN_POINT('',(-6.80606022611887,12.6175795251103,28.116447747736));
#3359=CARTESIAN_POINT('',(-27.3,74.0877587997117,1.9969802786679));
#3360=CARTESIAN_POINT('Origin',(1.7,74.0877587997117,1.99698027866789));
#3361=CARTESIAN_POINT('',(1.7,84.3998020540828,21.6442801426647));
#3362=CARTESIAN_POINT('Origin',(1.7,75.9281075935313,22.4081214464849));
#3363=CARTESIAN_POINT('',(1.7,102.97059442808,-0.607209818971898));
#3364=CARTESIAN_POINT('Origin',(123.6,74.0877587997117,1.99698027866789));
#3365=CARTESIAN_POINT('',(123.6,84.3998020540828,21.6442801426647));
#3366=CARTESIAN_POINT('',(123.6,102.97059442808,-0.607209818971898));
#3367=CARTESIAN_POINT('Origin',(123.6,75.9281075935313,22.4081214464849));
#3368=CARTESIAN_POINT('Ctrl Pts',(134.094146066387,75.7495781639283,20.4280677727069));
#3369=CARTESIAN_POINT('Ctrl Pts',(134.095065088615,75.8749038167651,20.4158451684843));
#3370=CARTESIAN_POINT('Ctrl Pts',(134.096229222342,76.,20.4003626857242));
#3371=CARTESIAN_POINT('Origin',(0.,85.7535508044994,20.0222208291025));
#3372=CARTESIAN_POINT('',(0.,84.3998020540828,21.6442801426647));
#3373=CARTESIAN_POINT('Origin',(133.6,0.,27.));
#3374=CARTESIAN_POINT('',(134.558677315672,10.,14.25));
#3375=CARTESIAN_POINT('Origin',(123.6,10.,14.25));
#3376=CARTESIAN_POINT('Origin',(123.6,7.84977098079797,21.5670685176326));
#3377=CARTESIAN_POINT('Origin',(0.,25.,27.));
#3378=CARTESIAN_POINT('Origin',(0.,0.,0.));
#3379=UNCERTAINTY_MEASURE_WITH_UNIT(LENGTH_MEASURE(0.01),#3383,
'DISTANCE_ACCURACY_VALUE',
'Maximum model space distance between geometric entities at asserted c
onnectivities');
#3380=UNCERTAINTY_MEASURE_WITH_UNIT(LENGTH_MEASURE(0.01),#3383,
'DISTANCE_ACCURACY_VALUE',
'Maximum model space distance between geometric entities at asserted c
onnectivities');
#3381=(
GEOMETRIC_REPRESENTATION_CONTEXT(3)
GLOBAL_UNCERTAINTY_ASSIGNED_CONTEXT((#3379))
GLOBAL_UNIT_ASSIGNED_CONTEXT((#3383,#3385,#3386))
REPRESENTATION_CONTEXT('','3D')
);
#3382=(
GEOMETRIC_REPRESENTATION_CONTEXT(3)
GLOBAL_UNCERTAINTY_ASSIGNED_CONTEXT((#3380))
GLOBAL_UNIT_ASSIGNED_CONTEXT((#3383,#3385,#3386))
REPRESENTATION_CONTEXT('','3D')
);
#3383=(
LENGTH_UNIT()
NAMED_UNIT(*)
SI_UNIT(.MILLI.,.METRE.)
);
#3384=(
LENGTH_UNIT()
NAMED_UNIT(*)
SI_UNIT($,.METRE.)
);
#3385=(
NAMED_UNIT(*)
PLANE_ANGLE_UNIT()
SI_UNIT($,.RADIAN.)
);
#3386=(
NAMED_UNIT(*)
SI_UNIT($,.STERADIAN.)
SOLID_ANGLE_UNIT()
);
#3387=SHAPE_DEFINITION_REPRESENTATION(#3388,#3389);
#3388=PRODUCT_DEFINITION_SHAPE('',$,#3391);
#3389=SHAPE_REPRESENTATION('',(#2049),#3381);
#3390=PRODUCT_DEFINITION_CONTEXT('part definition',#3395,'design');
#3391=PRODUCT_DEFINITION('_export_step_base-shell',
'_export_step_base-shell',#3392,#3390);
#3392=PRODUCT_DEFINITION_FORMATION('',$,#3397);
#3393=PRODUCT_RELATED_PRODUCT_CATEGORY('_export_step_base-shell',
'_export_step_base-shell',(#3397));
#3394=APPLICATION_PROTOCOL_DEFINITION('international standard',
'automotive_design',2009,#3395);
#3395=APPLICATION_CONTEXT(
'Core Data for Automotive Mechanical Design Process');
#3396=PRODUCT_CONTEXT('part definition',#3395,'mechanical');
#3397=PRODUCT('_export_step_base-shell','_export_step_base-shell',$,(#3396));
#3398=PRESENTATION_STYLE_ASSIGNMENT((#3399));
#3399=SURFACE_STYLE_USAGE(.BOTH.,#3400);
#3400=SURFACE_SIDE_STYLE('',(#3401));
#3401=SURFACE_STYLE_FILL_AREA(#3402);
#3402=FILL_AREA_STYLE('Steel - Satin',(#3403));
#3403=FILL_AREA_STYLE_COLOUR('Steel - Satin',#3404);
#3404=COLOUR_RGB('Steel - Satin',0.627450980392157,0.627450980392157,0.627450980392157);
ENDSEC;
END-ISO-10303-21;
