ISO-10303-21;
HEADER;
/* Generated by software containing ST-Developer
 * from STEP Tools, Inc. (www.steptools.com) 
 */

FILE_DESCRIPTION(
/* description */ (''),
/* implementation_level */ '2;1');

FILE_NAME(
/* name */ 'head-tray.step',
/* time_stamp */ '2026-09-10T22:13:15+01:00',
/* author */ (''),
/* organization */ (''),
/* preprocessor_version */ 'ST-DEVELOPER v20.2',
/* originating_system */ 'Autodesk Translation Framework v15.15.0.0',
/* authorisation */ '');

FILE_SCHEMA (('AUTOMOTIVE_DESIGN { 1 0 10303 214 3 1 1 }'));
ENDSEC;

DATA;
#10=MECHANICAL_DESIGN_GEOMETRIC_PRESENTATION_REPRESENTATION('',(#13),#3125);
#11=SHAPE_REPRESENTATION_RELATIONSHIP('SRR','None',#3132,#12);
#12=ADVANCED_BREP_SHAPE_REPRESENTATION('',(#14),#3124);
#13=STYLED_ITEM('',(#3141),#14);
#14=MANIFOLD_SOLID_BREP('Body1',#1901);
#15=FACE_BOUND('',#246,.T.);
#16=FACE_BOUND('',#247,.T.);
#17=FACE_BOUND('',#251,.T.);
#18=FACE_BOUND('',#261,.T.);
#19=FACE_BOUND('',#277,.T.);
#20=FACE_BOUND('',#278,.T.);
#21=FACE_BOUND('',#306,.T.);
#22=FACE_BOUND('',#312,.T.);
#23=FACE_BOUND('',#318,.T.);
#24=FACE_BOUND('',#324,.T.);
#25=FACE_BOUND('',#333,.T.);
#26=FACE_BOUND('',#342,.T.);
#27=FACE_BOUND('',#343,.T.);
#28=FACE_BOUND('',#346,.T.);
#29=FACE_BOUND('',#347,.T.);
#30=FACE_BOUND('',#348,.T.);
#31=FACE_BOUND('',#350,.T.);
#32=FACE_BOUND('',#351,.T.);
#33=FACE_BOUND('',#355,.T.);
#34=FACE_BOUND('',#357,.T.);
#35=FACE_BOUND('',#358,.T.);
#36=FACE_BOUND('',#359,.T.);
#37=FACE_BOUND('',#360,.T.);
#38=FACE_BOUND('',#361,.T.);
#39=FACE_BOUND('',#365,.T.);
#40=FACE_BOUND('',#367,.T.);
#41=FACE_BOUND('',#369,.T.);
#42=FACE_BOUND('',#370,.T.);
#43=FACE_BOUND('',#371,.T.);
#44=PLANE('',#1941);
#45=PLANE('',#1944);
#46=PLANE('',#1945);
#47=PLANE('',#1946);
#48=PLANE('',#1947);
#49=PLANE('',#1948);
#50=PLANE('',#1949);
#51=PLANE('',#1950);
#52=PLANE('',#1951);
#53=PLANE('',#1952);
#54=PLANE('',#1953);
#55=PLANE('',#1954);
#56=PLANE('',#1955);
#57=PLANE('',#1956);
#58=PLANE('',#1957);
#59=PLANE('',#1958);
#60=PLANE('',#1959);
#61=PLANE('',#1960);
#62=PLANE('',#1961);
#63=PLANE('',#1962);
#64=PLANE('',#1963);
#65=PLANE('',#1964);
#66=PLANE('',#1965);
#67=PLANE('',#1966);
#68=PLANE('',#1967);
#69=PLANE('',#1968);
#70=PLANE('',#1969);
#71=PLANE('',#1970);
#72=PLANE('',#1971);
#73=PLANE('',#1972);
#74=PLANE('',#1973);
#75=PLANE('',#1974);
#76=PLANE('',#1975);
#77=PLANE('',#1976);
#78=PLANE('',#1977);
#79=PLANE('',#1981);
#80=PLANE('',#1982);
#81=PLANE('',#1983);
#82=PLANE('',#1984);
#83=PLANE('',#1985);
#84=PLANE('',#1986);
#85=PLANE('',#1990);
#86=PLANE('',#1991);
#87=PLANE('',#1992);
#88=PLANE('',#1993);
#89=PLANE('',#1994);
#90=PLANE('',#1995);
#91=PLANE('',#1999);
#92=PLANE('',#2000);
#93=PLANE('',#2004);
#94=PLANE('',#2008);
#95=PLANE('',#2009);
#96=PLANE('',#2013);
#97=PLANE('',#2017);
#98=PLANE('',#2018);
#99=PLANE('',#2022);
#100=PLANE('',#2026);
#101=PLANE('',#2027);
#102=PLANE('',#2031);
#103=PLANE('',#2032);
#104=PLANE('',#2033);
#105=PLANE('',#2034);
#106=PLANE('',#2035);
#107=PLANE('',#2036);
#108=PLANE('',#2037);
#109=PLANE('',#2038);
#110=PLANE('',#2039);
#111=PLANE('',#2040);
#112=PLANE('',#2041);
#113=PLANE('',#2042);
#114=PLANE('',#2043);
#115=PLANE('',#2044);
#116=PLANE('',#2045);
#117=PLANE('',#2049);
#118=PLANE('',#2053);
#119=PLANE('',#2054);
#120=PLANE('',#2061);
#121=PLANE('',#2062);
#122=PLANE('',#2067);
#123=PLANE('',#2068);
#124=PLANE('',#2069);
#125=TOROIDAL_SURFACE('',#1918,3.8,1.2);
#126=TOROIDAL_SURFACE('',#1924,3.8,1.2);
#127=TOROIDAL_SURFACE('',#1930,3.8,1.2);
#128=TOROIDAL_SURFACE('',#1936,3.8,1.2);
#129=FACE_OUTER_BOUND('',#236,.T.);
#130=FACE_OUTER_BOUND('',#237,.T.);
#131=FACE_OUTER_BOUND('',#238,.T.);
#132=FACE_OUTER_BOUND('',#239,.T.);
#133=FACE_OUTER_BOUND('',#240,.T.);
#134=FACE_OUTER_BOUND('',#241,.T.);
#135=FACE_OUTER_BOUND('',#242,.T.);
#136=FACE_OUTER_BOUND('',#243,.T.);
#137=FACE_OUTER_BOUND('',#244,.T.);
#138=FACE_OUTER_BOUND('',#245,.T.);
#139=FACE_OUTER_BOUND('',#248,.T.);
#140=FACE_OUTER_BOUND('',#249,.T.);
#141=FACE_OUTER_BOUND('',#250,.T.);
#142=FACE_OUTER_BOUND('',#252,.T.);
#143=FACE_OUTER_BOUND('',#253,.T.);
#144=FACE_OUTER_BOUND('',#254,.T.);
#145=FACE_OUTER_BOUND('',#255,.T.);
#146=FACE_OUTER_BOUND('',#256,.T.);
#147=FACE_OUTER_BOUND('',#257,.T.);
#148=FACE_OUTER_BOUND('',#258,.T.);
#149=FACE_OUTER_BOUND('',#259,.T.);
#150=FACE_OUTER_BOUND('',#260,.T.);
#151=FACE_OUTER_BOUND('',#262,.T.);
#152=FACE_OUTER_BOUND('',#263,.T.);
#153=FACE_OUTER_BOUND('',#264,.T.);
#154=FACE_OUTER_BOUND('',#265,.T.);
#155=FACE_OUTER_BOUND('',#266,.T.);
#156=FACE_OUTER_BOUND('',#267,.T.);
#157=FACE_OUTER_BOUND('',#268,.T.);
#158=FACE_OUTER_BOUND('',#269,.T.);
#159=FACE_OUTER_BOUND('',#270,.T.);
#160=FACE_OUTER_BOUND('',#271,.T.);
#161=FACE_OUTER_BOUND('',#272,.T.);
#162=FACE_OUTER_BOUND('',#273,.T.);
#163=FACE_OUTER_BOUND('',#274,.T.);
#164=FACE_OUTER_BOUND('',#275,.T.);
#165=FACE_OUTER_BOUND('',#276,.T.);
#166=FACE_OUTER_BOUND('',#279,.T.);
#167=FACE_OUTER_BOUND('',#280,.T.);
#168=FACE_OUTER_BOUND('',#281,.T.);
#169=FACE_OUTER_BOUND('',#282,.T.);
#170=FACE_OUTER_BOUND('',#283,.T.);
#171=FACE_OUTER_BOUND('',#284,.T.);
#172=FACE_OUTER_BOUND('',#285,.T.);
#173=FACE_OUTER_BOUND('',#286,.T.);
#174=FACE_OUTER_BOUND('',#287,.T.);
#175=FACE_OUTER_BOUND('',#288,.T.);
#176=FACE_OUTER_BOUND('',#289,.T.);
#177=FACE_OUTER_BOUND('',#290,.T.);
#178=FACE_OUTER_BOUND('',#291,.T.);
#179=FACE_OUTER_BOUND('',#292,.T.);
#180=FACE_OUTER_BOUND('',#293,.T.);
#181=FACE_OUTER_BOUND('',#294,.T.);
#182=FACE_OUTER_BOUND('',#295,.T.);
#183=FACE_OUTER_BOUND('',#296,.T.);
#184=FACE_OUTER_BOUND('',#297,.T.);
#185=FACE_OUTER_BOUND('',#298,.T.);
#186=FACE_OUTER_BOUND('',#299,.T.);
#187=FACE_OUTER_BOUND('',#300,.T.);
#188=FACE_OUTER_BOUND('',#301,.T.);
#189=FACE_OUTER_BOUND('',#302,.T.);
#190=FACE_OUTER_BOUND('',#303,.T.);
#191=FACE_OUTER_BOUND('',#304,.T.);
#192=FACE_OUTER_BOUND('',#305,.T.);
#193=FACE_OUTER_BOUND('',#307,.T.);
#194=FACE_OUTER_BOUND('',#308,.T.);
#195=FACE_OUTER_BOUND('',#309,.T.);
#196=FACE_OUTER_BOUND('',#310,.T.);
#197=FACE_OUTER_BOUND('',#311,.T.);
#198=FACE_OUTER_BOUND('',#313,.T.);
#199=FACE_OUTER_BOUND('',#314,.T.);
#200=FACE_OUTER_BOUND('',#315,.T.);
#201=FACE_OUTER_BOUND('',#316,.T.);
#202=FACE_OUTER_BOUND('',#317,.T.);
#203=FACE_OUTER_BOUND('',#319,.T.);
#204=FACE_OUTER_BOUND('',#320,.T.);
#205=FACE_OUTER_BOUND('',#321,.T.);
#206=FACE_OUTER_BOUND('',#322,.T.);
#207=FACE_OUTER_BOUND('',#323,.T.);
#208=FACE_OUTER_BOUND('',#325,.T.);
#209=FACE_OUTER_BOUND('',#326,.T.);
#210=FACE_OUTER_BOUND('',#327,.T.);
#211=FACE_OUTER_BOUND('',#328,.T.);
#212=FACE_OUTER_BOUND('',#329,.T.);
#213=FACE_OUTER_BOUND('',#330,.T.);
#214=FACE_OUTER_BOUND('',#331,.T.);
#215=FACE_OUTER_BOUND('',#332,.T.);
#216=FACE_OUTER_BOUND('',#334,.T.);
#217=FACE_OUTER_BOUND('',#335,.T.);
#218=FACE_OUTER_BOUND('',#336,.T.);
#219=FACE_OUTER_BOUND('',#337,.T.);
#220=FACE_OUTER_BOUND('',#338,.T.);
#221=FACE_OUTER_BOUND('',#339,.T.);
#222=FACE_OUTER_BOUND('',#340,.T.);
#223=FACE_OUTER_BOUND('',#341,.T.);
#224=FACE_OUTER_BOUND('',#344,.T.);
#225=FACE_OUTER_BOUND('',#345,.T.);
#226=FACE_OUTER_BOUND('',#349,.T.);
#227=FACE_OUTER_BOUND('',#352,.T.);
#228=FACE_OUTER_BOUND('',#353,.T.);
#229=FACE_OUTER_BOUND('',#354,.T.);
#230=FACE_OUTER_BOUND('',#356,.T.);
#231=FACE_OUTER_BOUND('',#362,.T.);
#232=FACE_OUTER_BOUND('',#363,.T.);
#233=FACE_OUTER_BOUND('',#364,.T.);
#234=FACE_OUTER_BOUND('',#366,.T.);
#235=FACE_OUTER_BOUND('',#368,.T.);
#236=EDGE_LOOP('',(#1260,#1261,#1262,#1263));
#237=EDGE_LOOP('',(#1264,#1265,#1266,#1267));
#238=EDGE_LOOP('',(#1268,#1269,#1270,#1271));
#239=EDGE_LOOP('',(#1272,#1273,#1274,#1275));
#240=EDGE_LOOP('',(#1276,#1277,#1278,#1279));
#241=EDGE_LOOP('',(#1280,#1281,#1282,#1283));
#242=EDGE_LOOP('',(#1284,#1285,#1286,#1287));
#243=EDGE_LOOP('',(#1288,#1289,#1290,#1291));
#244=EDGE_LOOP('',(#1292,#1293,#1294,#1295));
#245=EDGE_LOOP('',(#1296,#1297,#1298,#1299));
#246=EDGE_LOOP('',(#1300,#1301,#1302,#1303,#1304,#1305));
#247=EDGE_LOOP('',(#1306,#1307,#1308,#1309));
#248=EDGE_LOOP('',(#1310,#1311,#1312,#1313));
#249=EDGE_LOOP('',(#1314,#1315,#1316,#1317));
#250=EDGE_LOOP('',(#1318,#1319,#1320,#1321,#1322,#1323,#1324,#1325));
#251=EDGE_LOOP('',(#1326,#1327,#1328,#1329));
#252=EDGE_LOOP('',(#1330,#1331,#1332,#1333));
#253=EDGE_LOOP('',(#1334,#1335,#1336,#1337));
#254=EDGE_LOOP('',(#1338,#1339,#1340,#1341));
#255=EDGE_LOOP('',(#1342,#1343,#1344,#1345));
#256=EDGE_LOOP('',(#1346,#1347,#1348,#1349));
#257=EDGE_LOOP('',(#1350,#1351,#1352,#1353));
#258=EDGE_LOOP('',(#1354,#1355,#1356,#1357));
#259=EDGE_LOOP('',(#1358,#1359,#1360,#1361));
#260=EDGE_LOOP('',(#1362,#1363,#1364,#1365));
#261=EDGE_LOOP('',(#1366,#1367,#1368,#1369));
#262=EDGE_LOOP('',(#1370,#1371,#1372,#1373));
#263=EDGE_LOOP('',(#1374,#1375,#1376,#1377));
#264=EDGE_LOOP('',(#1378,#1379,#1380,#1381));
#265=EDGE_LOOP('',(#1382,#1383,#1384,#1385));
#266=EDGE_LOOP('',(#1386,#1387,#1388,#1389));
#267=EDGE_LOOP('',(#1390,#1391,#1392,#1393));
#268=EDGE_LOOP('',(#1394,#1395,#1396,#1397));
#269=EDGE_LOOP('',(#1398,#1399,#1400,#1401));
#270=EDGE_LOOP('',(#1402,#1403,#1404,#1405));
#271=EDGE_LOOP('',(#1406,#1407,#1408,#1409));
#272=EDGE_LOOP('',(#1410,#1411,#1412,#1413));
#273=EDGE_LOOP('',(#1414,#1415,#1416,#1417));
#274=EDGE_LOOP('',(#1418,#1419,#1420,#1421));
#275=EDGE_LOOP('',(#1422,#1423,#1424,#1425));
#276=EDGE_LOOP('',(#1426,#1427,#1428,#1429,#1430,#1431));
#277=EDGE_LOOP('',(#1432,#1433,#1434,#1435));
#278=EDGE_LOOP('',(#1436,#1437,#1438,#1439));
#279=EDGE_LOOP('',(#1440,#1441,#1442,#1443));
#280=EDGE_LOOP('',(#1444,#1445,#1446,#1447));
#281=EDGE_LOOP('',(#1448,#1449,#1450,#1451));
#282=EDGE_LOOP('',(#1452,#1453,#1454,#1455));
#283=EDGE_LOOP('',(#1456,#1457,#1458,#1459));
#284=EDGE_LOOP('',(#1460,#1461,#1462,#1463));
#285=EDGE_LOOP('',(#1464,#1465,#1466,#1467));
#286=EDGE_LOOP('',(#1468,#1469,#1470,#1471));
#287=EDGE_LOOP('',(#1472,#1473,#1474,#1475));
#288=EDGE_LOOP('',(#1476));
#289=EDGE_LOOP('',(#1477,#1478,#1479,#1480));
#290=EDGE_LOOP('',(#1481,#1482,#1483,#1484));
#291=EDGE_LOOP('',(#1485,#1486,#1487,#1488));
#292=EDGE_LOOP('',(#1489,#1490,#1491,#1492));
#293=EDGE_LOOP('',(#1493,#1494,#1495,#1496));
#294=EDGE_LOOP('',(#1497,#1498,#1499,#1500));
#295=EDGE_LOOP('',(#1501));
#296=EDGE_LOOP('',(#1502,#1503,#1504,#1505));
#297=EDGE_LOOP('',(#1506,#1507,#1508,#1509));
#298=EDGE_LOOP('',(#1510,#1511,#1512,#1513));
#299=EDGE_LOOP('',(#1514,#1515,#1516,#1517));
#300=EDGE_LOOP('',(#1518,#1519,#1520,#1521));
#301=EDGE_LOOP('',(#1522,#1523,#1524,#1525));
#302=EDGE_LOOP('',(#1526));
#303=EDGE_LOOP('',(#1527,#1528));
#304=EDGE_LOOP('',(#1529,#1530,#1531,#1532));
#305=EDGE_LOOP('',(#1533,#1534));
#306=EDGE_LOOP('',(#1535));
#307=EDGE_LOOP('',(#1536,#1537,#1538,#1539));
#308=EDGE_LOOP('',(#1540));
#309=EDGE_LOOP('',(#1541,#1542));
#310=EDGE_LOOP('',(#1543,#1544,#1545,#1546));
#311=EDGE_LOOP('',(#1547,#1548));
#312=EDGE_LOOP('',(#1549));
#313=EDGE_LOOP('',(#1550,#1551,#1552,#1553));
#314=EDGE_LOOP('',(#1554));
#315=EDGE_LOOP('',(#1555,#1556));
#316=EDGE_LOOP('',(#1557,#1558,#1559,#1560));
#317=EDGE_LOOP('',(#1561,#1562));
#318=EDGE_LOOP('',(#1563));
#319=EDGE_LOOP('',(#1564,#1565,#1566,#1567));
#320=EDGE_LOOP('',(#1568));
#321=EDGE_LOOP('',(#1569,#1570));
#322=EDGE_LOOP('',(#1571,#1572,#1573,#1574));
#323=EDGE_LOOP('',(#1575,#1576));
#324=EDGE_LOOP('',(#1577));
#325=EDGE_LOOP('',(#1578,#1579,#1580,#1581));
#326=EDGE_LOOP('',(#1582,#1583,#1584,#1585));
#327=EDGE_LOOP('',(#1586,#1587,#1588,#1589));
#328=EDGE_LOOP('',(#1590,#1591,#1592,#1593));
#329=EDGE_LOOP('',(#1594,#1595,#1596,#1597));
#330=EDGE_LOOP('',(#1598,#1599,#1600,#1601));
#331=EDGE_LOOP('',(#1602,#1603,#1604,#1605));
#332=EDGE_LOOP('',(#1606,#1607,#1608,#1609));
#333=EDGE_LOOP('',(#1610,#1611,#1612,#1613));
#334=EDGE_LOOP('',(#1614,#1615,#1616,#1617));
#335=EDGE_LOOP('',(#1618,#1619,#1620,#1621));
#336=EDGE_LOOP('',(#1622,#1623,#1624,#1625));
#337=EDGE_LOOP('',(#1626,#1627,#1628,#1629));
#338=EDGE_LOOP('',(#1630,#1631,#1632,#1633));
#339=EDGE_LOOP('',(#1634,#1635,#1636,#1637));
#340=EDGE_LOOP('',(#1638,#1639,#1640,#1641));
#341=EDGE_LOOP('',(#1642,#1643,#1644,#1645));
#342=EDGE_LOOP('',(#1646,#1647,#1648,#1649));
#343=EDGE_LOOP('',(#1650,#1651,#1652,#1653));
#344=EDGE_LOOP('',(#1654,#1655,#1656,#1657));
#345=EDGE_LOOP('',(#1658,#1659,#1660,#1661));
#346=EDGE_LOOP('',(#1662,#1663,#1664,#1665));
#347=EDGE_LOOP('',(#1666,#1667,#1668,#1669));
#348=EDGE_LOOP('',(#1670,#1671,#1672,#1673));
#349=EDGE_LOOP('',(#1674,#1675,#1676,#1677,#1678,#1679,#1680,#1681));
#350=EDGE_LOOP('',(#1682,#1683,#1684,#1685));
#351=EDGE_LOOP('',(#1686,#1687,#1688,#1689));
#352=EDGE_LOOP('',(#1690,#1691,#1692,#1693));
#353=EDGE_LOOP('',(#1694,#1695,#1696,#1697));
#354=EDGE_LOOP('',(#1698,#1699,#1700,#1701));
#355=EDGE_LOOP('',(#1702,#1703,#1704,#1705));
#356=EDGE_LOOP('',(#1706,#1707,#1708,#1709));
#357=EDGE_LOOP('',(#1710,#1711,#1712,#1713));
#358=EDGE_LOOP('',(#1714,#1715,#1716,#1717));
#359=EDGE_LOOP('',(#1718,#1719,#1720,#1721));
#360=EDGE_LOOP('',(#1722,#1723,#1724,#1725));
#361=EDGE_LOOP('',(#1726,#1727,#1728,#1729));
#362=EDGE_LOOP('',(#1730,#1731,#1732,#1733));
#363=EDGE_LOOP('',(#1734,#1735,#1736,#1737));
#364=EDGE_LOOP('',(#1738,#1739,#1740,#1741,#1742,#1743,#1744,#1745));
#365=EDGE_LOOP('',(#1746,#1747,#1748,#1749,#1750,#1751,#1752,#1753));
#366=EDGE_LOOP('',(#1754,#1755,#1756,#1757));
#367=EDGE_LOOP('',(#1758,#1759,#1760,#1761));
#368=EDGE_LOOP('',(#1762,#1763,#1764,#1765));
#369=EDGE_LOOP('',(#1766,#1767,#1768,#1769));
#370=EDGE_LOOP('',(#1770));
#371=EDGE_LOOP('',(#1771));
#372=LINE('',#2596,#580);
#373=LINE('',#2599,#581);
#374=LINE('',#2610,#582);
#375=LINE('',#2611,#583);
#376=LINE('',#2622,#584);
#377=LINE('',#2623,#585);
#378=LINE('',#2634,#586);
#379=LINE('',#2635,#587);
#380=LINE('',#2641,#588);
#381=LINE('',#2644,#589);
#382=LINE('',#2647,#590);
#383=LINE('',#2648,#591);
#384=LINE('',#2651,#592);
#385=LINE('',#2653,#593);
#386=LINE('',#2655,#594);
#387=LINE('',#2657,#595);
#388=LINE('',#2659,#596);
#389=LINE('',#2660,#597);
#390=LINE('',#2663,#598);
#391=LINE('',#2665,#599);
#392=LINE('',#2667,#600);
#393=LINE('',#2668,#601);
#394=LINE('',#2671,#602);
#395=LINE('',#2675,#603);
#396=LINE('',#2676,#604);
#397=LINE('',#2680,#605);
#398=LINE('',#2682,#606);
#399=LINE('',#2684,#607);
#400=LINE('',#2685,#608);
#401=LINE('',#2689,#609);
#402=LINE('',#2691,#610);
#403=LINE('',#2693,#611);
#404=LINE('',#2694,#612);
#405=LINE('',#2697,#613);
#406=LINE('',#2699,#614);
#407=LINE('',#2700,#615);
#408=LINE('',#2703,#616);
#409=LINE('',#2705,#617);
#410=LINE('',#2706,#618);
#411=LINE('',#2708,#619);
#412=LINE('',#2709,#620);
#413=LINE('',#2712,#621);
#414=LINE('',#2714,#622);
#415=LINE('',#2715,#623);
#416=LINE('',#2718,#624);
#417=LINE('',#2719,#625);
#418=LINE('',#2722,#626);
#419=LINE('',#2723,#627);
#420=LINE('',#2725,#628);
#421=LINE('',#2729,#629);
#422=LINE('',#2731,#630);
#423=LINE('',#2733,#631);
#424=LINE('',#2734,#632);
#425=LINE('',#2738,#633);
#426=LINE('',#2739,#634);
#427=LINE('',#2740,#635);
#428=LINE('',#2743,#636);
#429=LINE('',#2744,#637);
#430=LINE('',#2747,#638);
#431=LINE('',#2748,#639);
#432=LINE('',#2750,#640);
#433=LINE('',#2753,#641);
#434=LINE('',#2755,#642);
#435=LINE('',#2756,#643);
#436=LINE('',#2759,#644);
#437=LINE('',#2760,#645);
#438=LINE('',#2763,#646);
#439=LINE('',#2764,#647);
#440=LINE('',#2768,#648);
#441=LINE('',#2770,#649);
#442=LINE('',#2772,#650);
#443=LINE('',#2773,#651);
#444=LINE('',#2776,#652);
#445=LINE('',#2778,#653);
#446=LINE('',#2779,#654);
#447=LINE('',#2782,#655);
#448=LINE('',#2784,#656);
#449=LINE('',#2785,#657);
#450=LINE('',#2787,#658);
#451=LINE('',#2788,#659);
#452=LINE('',#2791,#660);
#453=LINE('',#2792,#661);
#454=LINE('',#2795,#662);
#455=LINE('',#2796,#663);
#456=LINE('',#2798,#664);
#457=LINE('',#2802,#665);
#458=LINE('',#2804,#666);
#459=LINE('',#2806,#667);
#460=LINE('',#2807,#668);
#461=LINE('',#2811,#669);
#462=LINE('',#2812,#670);
#463=LINE('',#2813,#671);
#464=LINE('',#2816,#672);
#465=LINE('',#2817,#673);
#466=LINE('',#2820,#674);
#467=LINE('',#2821,#675);
#468=LINE('',#2823,#676);
#469=LINE('',#2827,#677);
#470=LINE('',#2829,#678);
#471=LINE('',#2831,#679);
#472=LINE('',#2832,#680);
#473=LINE('',#2835,#681);
#474=LINE('',#2837,#682);
#475=LINE('',#2838,#683);
#476=LINE('',#2841,#684);
#477=LINE('',#2843,#685);
#478=LINE('',#2844,#686);
#479=LINE('',#2846,#687);
#480=LINE('',#2847,#688);
#481=LINE('',#2852,#689);
#482=LINE('',#2858,#690);
#483=LINE('',#2860,#691);
#484=LINE('',#2862,#692);
#485=LINE('',#2863,#693);
#486=LINE('',#2867,#694);
#487=LINE('',#2869,#695);
#488=LINE('',#2871,#696);
#489=LINE('',#2872,#697);
#490=LINE('',#2874,#698);
#491=LINE('',#2875,#699);
#492=LINE('',#2877,#700);
#493=LINE('',#2879,#701);
#494=LINE('',#2884,#702);
#495=LINE('',#2890,#703);
#496=LINE('',#2892,#704);
#497=LINE('',#2894,#705);
#498=LINE('',#2895,#706);
#499=LINE('',#2899,#707);
#500=LINE('',#2901,#708);
#501=LINE('',#2903,#709);
#502=LINE('',#2904,#710);
#503=LINE('',#2906,#711);
#504=LINE('',#2907,#712);
#505=LINE('',#2909,#713);
#506=LINE('',#2911,#714);
#507=LINE('',#2916,#715);
#508=LINE('',#2922,#716);
#509=LINE('',#2926,#717);
#510=LINE('',#2928,#718);
#511=LINE('',#2931,#719);
#512=LINE('',#2936,#720);
#513=LINE('',#2942,#721);
#514=LINE('',#2946,#722);
#515=LINE('',#2948,#723);
#516=LINE('',#2951,#724);
#517=LINE('',#2956,#725);
#518=LINE('',#2962,#726);
#519=LINE('',#2966,#727);
#520=LINE('',#2968,#728);
#521=LINE('',#2971,#729);
#522=LINE('',#2976,#730);
#523=LINE('',#2982,#731);
#524=LINE('',#2986,#732);
#525=LINE('',#2988,#733);
#526=LINE('',#2991,#734);
#527=LINE('',#2995,#735);
#528=LINE('',#2997,#736);
#529=LINE('',#2999,#737);
#530=LINE('',#3000,#738);
#531=LINE('',#3003,#739);
#532=LINE('',#3005,#740);
#533=LINE('',#3006,#741);
#534=LINE('',#3009,#742);
#535=LINE('',#3010,#743);
#536=LINE('',#3013,#744);
#537=LINE('',#3014,#745);
#538=LINE('',#3016,#746);
#539=LINE('',#3019,#747);
#540=LINE('',#3021,#748);
#541=LINE('',#3022,#749);
#542=LINE('',#3025,#750);
#543=LINE('',#3026,#751);
#544=LINE('',#3029,#752);
#545=LINE('',#3030,#753);
#546=LINE('',#3033,#754);
#547=LINE('',#3035,#755);
#548=LINE('',#3037,#756);
#549=LINE('',#3038,#757);
#550=LINE('',#3040,#758);
#551=LINE('',#3044,#759);
#552=LINE('',#3046,#760);
#553=LINE('',#3047,#761);
#554=LINE('',#3050,#762);
#555=LINE('',#3051,#763);
#556=LINE('',#3054,#764);
#557=LINE('',#3055,#765);
#558=LINE('',#3057,#766);
#559=LINE('',#3063,#767);
#560=LINE('',#3066,#768);
#561=LINE('',#3069,#769);
#562=LINE('',#3071,#770);
#563=LINE('',#3072,#771);
#564=LINE('',#3078,#772);
#565=LINE('',#3081,#773);
#566=LINE('',#3083,#774);
#567=LINE('',#3084,#775);
#568=LINE('',#3087,#776);
#569=LINE('',#3091,#777);
#570=LINE('',#3097,#778);
#571=LINE('',#3098,#779);
#572=LINE('',#3102,#780);
#573=LINE('',#3104,#781);
#574=LINE('',#3106,#782);
#575=LINE('',#3109,#783);
#576=LINE('',#3113,#784);
#577=LINE('',#3116,#785);
#578=LINE('',#3118,#786);
#579=LINE('',#3119,#787);
#580=VECTOR('',#2076,10.);
#581=VECTOR('',#2079,10.);
#582=VECTOR('',#2092,10.);
#583=VECTOR('',#2093,10.);
#584=VECTOR('',#2106,10.);
#585=VECTOR('',#2107,10.);
#586=VECTOR('',#2120,10.);
#587=VECTOR('',#2121,10.);
#588=VECTOR('',#2130,10.);
#589=VECTOR('',#2133,10.);
#590=VECTOR('',#2136,10.);
#591=VECTOR('',#2137,10.);
#592=VECTOR('',#2138,10.);
#593=VECTOR('',#2139,10.);
#594=VECTOR('',#2140,10.);
#595=VECTOR('',#2141,10.);
#596=VECTOR('',#2142,10.);
#597=VECTOR('',#2143,10.);
#598=VECTOR('',#2144,10.);
#599=VECTOR('',#2145,10.);
#600=VECTOR('',#2146,10.);
#601=VECTOR('',#2147,10.);
#602=VECTOR('',#2150,10.);
#603=VECTOR('',#2155,10.);
#604=VECTOR('',#2156,10.);
#605=VECTOR('',#2159,10.);
#606=VECTOR('',#2160,10.);
#607=VECTOR('',#2161,10.);
#608=VECTOR('',#2162,10.);
#609=VECTOR('',#2165,10.);
#610=VECTOR('',#2166,10.);
#611=VECTOR('',#2167,10.);
#612=VECTOR('',#2168,10.);
#613=VECTOR('',#2171,10.);
#614=VECTOR('',#2172,10.);
#615=VECTOR('',#2173,10.);
#616=VECTOR('',#2176,10.);
#617=VECTOR('',#2177,10.);
#618=VECTOR('',#2178,10.);
#619=VECTOR('',#2181,10.);
#620=VECTOR('',#2182,10.);
#621=VECTOR('',#2185,10.);
#622=VECTOR('',#2186,10.);
#623=VECTOR('',#2187,10.);
#624=VECTOR('',#2190,10.);
#625=VECTOR('',#2191,10.);
#626=VECTOR('',#2194,10.);
#627=VECTOR('',#2195,10.);
#628=VECTOR('',#2198,10.);
#629=VECTOR('',#2201,10.);
#630=VECTOR('',#2202,10.);
#631=VECTOR('',#2203,10.);
#632=VECTOR('',#2204,10.);
#633=VECTOR('',#2207,10.);
#634=VECTOR('',#2208,10.);
#635=VECTOR('',#2209,10.);
#636=VECTOR('',#2212,10.);
#637=VECTOR('',#2213,10.);
#638=VECTOR('',#2216,10.);
#639=VECTOR('',#2217,10.);
#640=VECTOR('',#2220,10.);
#641=VECTOR('',#2223,10.);
#642=VECTOR('',#2224,10.);
#643=VECTOR('',#2225,10.);
#644=VECTOR('',#2228,10.);
#645=VECTOR('',#2229,10.);
#646=VECTOR('',#2232,10.);
#647=VECTOR('',#2233,10.);
#648=VECTOR('',#2236,10.);
#649=VECTOR('',#2237,10.);
#650=VECTOR('',#2238,10.);
#651=VECTOR('',#2239,10.);
#652=VECTOR('',#2242,10.);
#653=VECTOR('',#2243,10.);
#654=VECTOR('',#2244,10.);
#655=VECTOR('',#2247,10.);
#656=VECTOR('',#2248,10.);
#657=VECTOR('',#2249,10.);
#658=VECTOR('',#2252,10.);
#659=VECTOR('',#2253,10.);
#660=VECTOR('',#2256,10.);
#661=VECTOR('',#2257,10.);
#662=VECTOR('',#2260,10.);
#663=VECTOR('',#2261,10.);
#664=VECTOR('',#2264,10.);
#665=VECTOR('',#2267,10.);
#666=VECTOR('',#2268,10.);
#667=VECTOR('',#2269,10.);
#668=VECTOR('',#2270,10.);
#669=VECTOR('',#2273,10.);
#670=VECTOR('',#2274,10.);
#671=VECTOR('',#2275,10.);
#672=VECTOR('',#2278,10.);
#673=VECTOR('',#2279,10.);
#674=VECTOR('',#2282,10.);
#675=VECTOR('',#2283,10.);
#676=VECTOR('',#2286,10.);
#677=VECTOR('',#2289,10.);
#678=VECTOR('',#2290,10.);
#679=VECTOR('',#2291,10.);
#680=VECTOR('',#2292,10.);
#681=VECTOR('',#2295,10.);
#682=VECTOR('',#2296,10.);
#683=VECTOR('',#2297,10.);
#684=VECTOR('',#2300,10.);
#685=VECTOR('',#2301,10.);
#686=VECTOR('',#2302,10.);
#687=VECTOR('',#2305,10.);
#688=VECTOR('',#2306,10.);
#689=VECTOR('',#2311,2.);
#690=VECTOR('',#2318,10.);
#691=VECTOR('',#2319,10.);
#692=VECTOR('',#2320,10.);
#693=VECTOR('',#2321,10.);
#694=VECTOR('',#2324,10.);
#695=VECTOR('',#2325,10.);
#696=VECTOR('',#2326,10.);
#697=VECTOR('',#2327,10.);
#698=VECTOR('',#2330,10.);
#699=VECTOR('',#2331,10.);
#700=VECTOR('',#2334,10.);
#701=VECTOR('',#2337,10.);
#702=VECTOR('',#2342,2.);
#703=VECTOR('',#2349,10.);
#704=VECTOR('',#2350,10.);
#705=VECTOR('',#2351,10.);
#706=VECTOR('',#2352,10.);
#707=VECTOR('',#2355,10.);
#708=VECTOR('',#2356,10.);
#709=VECTOR('',#2357,10.);
#710=VECTOR('',#2358,10.);
#711=VECTOR('',#2361,10.);
#712=VECTOR('',#2362,10.);
#713=VECTOR('',#2365,10.);
#714=VECTOR('',#2368,10.);
#715=VECTOR('',#2373,1.05);
#716=VECTOR('',#2380,10.);
#717=VECTOR('',#2385,10.);
#718=VECTOR('',#2386,10.);
#719=VECTOR('',#2391,10.);
#720=VECTOR('',#2396,1.05);
#721=VECTOR('',#2403,10.);
#722=VECTOR('',#2408,10.);
#723=VECTOR('',#2409,10.);
#724=VECTOR('',#2414,10.);
#725=VECTOR('',#2419,1.05);
#726=VECTOR('',#2426,10.);
#727=VECTOR('',#2431,10.);
#728=VECTOR('',#2432,10.);
#729=VECTOR('',#2437,10.);
#730=VECTOR('',#2442,1.05);
#731=VECTOR('',#2449,10.);
#732=VECTOR('',#2454,10.);
#733=VECTOR('',#2455,10.);
#734=VECTOR('',#2460,10.);
#735=VECTOR('',#2463,10.);
#736=VECTOR('',#2464,10.);
#737=VECTOR('',#2465,10.);
#738=VECTOR('',#2466,10.);
#739=VECTOR('',#2469,10.);
#740=VECTOR('',#2470,10.);
#741=VECTOR('',#2471,10.);
#742=VECTOR('',#2474,10.);
#743=VECTOR('',#2475,10.);
#744=VECTOR('',#2478,10.);
#745=VECTOR('',#2479,10.);
#746=VECTOR('',#2482,10.);
#747=VECTOR('',#2485,10.);
#748=VECTOR('',#2486,10.);
#749=VECTOR('',#2487,10.);
#750=VECTOR('',#2490,10.);
#751=VECTOR('',#2491,10.);
#752=VECTOR('',#2494,10.);
#753=VECTOR('',#2495,10.);
#754=VECTOR('',#2496,10.);
#755=VECTOR('',#2497,10.);
#756=VECTOR('',#2498,10.);
#757=VECTOR('',#2499,10.);
#758=VECTOR('',#2502,10.);
#759=VECTOR('',#2507,10.);
#760=VECTOR('',#2508,10.);
#761=VECTOR('',#2509,10.);
#762=VECTOR('',#2512,10.);
#763=VECTOR('',#2513,10.);
#764=VECTOR('',#2516,10.);
#765=VECTOR('',#2517,10.);
#766=VECTOR('',#2520,10.);
#767=VECTOR('',#2525,10.);
#768=VECTOR('',#2528,10.);
#769=VECTOR('',#2531,10.);
#770=VECTOR('',#2532,10.);
#771=VECTOR('',#2533,10.);
#772=VECTOR('',#2540,10.);
#773=VECTOR('',#2543,10.);
#774=VECTOR('',#2544,10.);
#775=VECTOR('',#2545,10.);
#776=VECTOR('',#2548,10.);
#777=VECTOR('',#2551,10.);
#778=VECTOR('',#2558,10.);
#779=VECTOR('',#2559,10.);
#780=VECTOR('',#2564,10.);
#781=VECTOR('',#2567,10.);
#782=VECTOR('',#2570,10.);
#783=VECTOR('',#2573,10.);
#784=VECTOR('',#2578,10.);
#785=VECTOR('',#2581,10.);
#786=VECTOR('',#2584,10.);
#787=VECTOR('',#2585,10.);
#788=CIRCLE('',#1916,1.2);
#789=CIRCLE('',#1917,1.2);
#790=CIRCLE('',#1919,1.2);
#791=CIRCLE('',#1920,3.8);
#792=CIRCLE('',#1921,5.);
#793=CIRCLE('',#1923,1.2);
#794=CIRCLE('',#1925,1.2);
#795=CIRCLE('',#1926,3.8);
#796=CIRCLE('',#1927,5.);
#797=CIRCLE('',#1929,1.2);
#798=CIRCLE('',#1931,1.20000000000001);
#799=CIRCLE('',#1932,3.8);
#800=CIRCLE('',#1933,5.);
#801=CIRCLE('',#1935,1.19999999999999);
#802=CIRCLE('',#1937,3.8);
#803=CIRCLE('',#1938,5.);
#804=CIRCLE('',#1940,5.);
#805=CIRCLE('',#1943,5.);
#806=CIRCLE('',#1979,2.);
#807=CIRCLE('',#1980,2.);
#808=CIRCLE('',#1988,2.);
#809=CIRCLE('',#1989,2.);
#810=CIRCLE('',#1997,1.05);
#811=CIRCLE('',#1998,1.05);
#812=CIRCLE('',#2001,3.5);
#813=CIRCLE('',#2003,3.5);
#814=CIRCLE('',#2006,1.05);
#815=CIRCLE('',#2007,1.05);
#816=CIRCLE('',#2010,3.5);
#817=CIRCLE('',#2012,3.5);
#818=CIRCLE('',#2015,1.05);
#819=CIRCLE('',#2016,1.05);
#820=CIRCLE('',#2019,3.5);
#821=CIRCLE('',#2021,3.5);
#822=CIRCLE('',#2024,1.05);
#823=CIRCLE('',#2025,1.05);
#824=CIRCLE('',#2028,3.5);
#825=CIRCLE('',#2030,3.5);
#826=CIRCLE('',#2047,3.);
#827=CIRCLE('',#2048,3.);
#828=CIRCLE('',#2051,3.);
#829=CIRCLE('',#2052,3.);
#830=CIRCLE('',#2055,3.);
#831=CIRCLE('',#2056,3.);
#832=CIRCLE('',#2058,3.);
#833=CIRCLE('',#2060,3.);
#834=CIRCLE('',#2064,5.);
#835=CIRCLE('',#2066,5.);
#836=VERTEX_POINT('',#2592);
#837=VERTEX_POINT('',#2593);
#838=VERTEX_POINT('',#2595);
#839=VERTEX_POINT('',#2597);
#840=VERTEX_POINT('',#2601);
#841=VERTEX_POINT('',#2602);
#842=VERTEX_POINT('',#2607);
#843=VERTEX_POINT('',#2608);
#844=VERTEX_POINT('',#2613);
#845=VERTEX_POINT('',#2614);
#846=VERTEX_POINT('',#2619);
#847=VERTEX_POINT('',#2620);
#848=VERTEX_POINT('',#2625);
#849=VERTEX_POINT('',#2626);
#850=VERTEX_POINT('',#2631);
#851=VERTEX_POINT('',#2632);
#852=VERTEX_POINT('',#2640);
#853=VERTEX_POINT('',#2642);
#854=VERTEX_POINT('',#2646);
#855=VERTEX_POINT('',#2649);
#856=VERTEX_POINT('',#2650);
#857=VERTEX_POINT('',#2652);
#858=VERTEX_POINT('',#2654);
#859=VERTEX_POINT('',#2656);
#860=VERTEX_POINT('',#2658);
#861=VERTEX_POINT('',#2661);
#862=VERTEX_POINT('',#2662);
#863=VERTEX_POINT('',#2664);
#864=VERTEX_POINT('',#2666);
#865=VERTEX_POINT('',#2670);
#866=VERTEX_POINT('',#2674);
#867=VERTEX_POINT('',#2678);
#868=VERTEX_POINT('',#2679);
#869=VERTEX_POINT('',#2681);
#870=VERTEX_POINT('',#2683);
#871=VERTEX_POINT('',#2687);
#872=VERTEX_POINT('',#2688);
#873=VERTEX_POINT('',#2690);
#874=VERTEX_POINT('',#2692);
#875=VERTEX_POINT('',#2696);
#876=VERTEX_POINT('',#2698);
#877=VERTEX_POINT('',#2702);
#878=VERTEX_POINT('',#2704);
#879=VERTEX_POINT('',#2711);
#880=VERTEX_POINT('',#2713);
#881=VERTEX_POINT('',#2717);
#882=VERTEX_POINT('',#2721);
#883=VERTEX_POINT('',#2727);
#884=VERTEX_POINT('',#2728);
#885=VERTEX_POINT('',#2730);
#886=VERTEX_POINT('',#2732);
#887=VERTEX_POINT('',#2736);
#888=VERTEX_POINT('',#2737);
#889=VERTEX_POINT('',#2742);
#890=VERTEX_POINT('',#2746);
#891=VERTEX_POINT('',#2752);
#892=VERTEX_POINT('',#2754);
#893=VERTEX_POINT('',#2758);
#894=VERTEX_POINT('',#2762);
#895=VERTEX_POINT('',#2766);
#896=VERTEX_POINT('',#2767);
#897=VERTEX_POINT('',#2769);
#898=VERTEX_POINT('',#2771);
#899=VERTEX_POINT('',#2775);
#900=VERTEX_POINT('',#2777);
#901=VERTEX_POINT('',#2781);
#902=VERTEX_POINT('',#2783);
#903=VERTEX_POINT('',#2790);
#904=VERTEX_POINT('',#2794);
#905=VERTEX_POINT('',#2800);
#906=VERTEX_POINT('',#2801);
#907=VERTEX_POINT('',#2803);
#908=VERTEX_POINT('',#2805);
#909=VERTEX_POINT('',#2809);
#910=VERTEX_POINT('',#2810);
#911=VERTEX_POINT('',#2815);
#912=VERTEX_POINT('',#2819);
#913=VERTEX_POINT('',#2825);
#914=VERTEX_POINT('',#2826);
#915=VERTEX_POINT('',#2828);
#916=VERTEX_POINT('',#2830);
#917=VERTEX_POINT('',#2834);
#918=VERTEX_POINT('',#2836);
#919=VERTEX_POINT('',#2840);
#920=VERTEX_POINT('',#2842);
#921=VERTEX_POINT('',#2849);
#922=VERTEX_POINT('',#2851);
#923=VERTEX_POINT('',#2856);
#924=VERTEX_POINT('',#2857);
#925=VERTEX_POINT('',#2859);
#926=VERTEX_POINT('',#2861);
#927=VERTEX_POINT('',#2865);
#928=VERTEX_POINT('',#2866);
#929=VERTEX_POINT('',#2868);
#930=VERTEX_POINT('',#2870);
#931=VERTEX_POINT('',#2881);
#932=VERTEX_POINT('',#2883);
#933=VERTEX_POINT('',#2888);
#934=VERTEX_POINT('',#2889);
#935=VERTEX_POINT('',#2891);
#936=VERTEX_POINT('',#2893);
#937=VERTEX_POINT('',#2897);
#938=VERTEX_POINT('',#2898);
#939=VERTEX_POINT('',#2900);
#940=VERTEX_POINT('',#2902);
#941=VERTEX_POINT('',#2913);
#942=VERTEX_POINT('',#2915);
#943=VERTEX_POINT('',#2920);
#944=VERTEX_POINT('',#2921);
#945=VERTEX_POINT('',#2925);
#946=VERTEX_POINT('',#2927);
#947=VERTEX_POINT('',#2933);
#948=VERTEX_POINT('',#2935);
#949=VERTEX_POINT('',#2940);
#950=VERTEX_POINT('',#2941);
#951=VERTEX_POINT('',#2945);
#952=VERTEX_POINT('',#2947);
#953=VERTEX_POINT('',#2953);
#954=VERTEX_POINT('',#2955);
#955=VERTEX_POINT('',#2960);
#956=VERTEX_POINT('',#2961);
#957=VERTEX_POINT('',#2965);
#958=VERTEX_POINT('',#2967);
#959=VERTEX_POINT('',#2973);
#960=VERTEX_POINT('',#2975);
#961=VERTEX_POINT('',#2980);
#962=VERTEX_POINT('',#2981);
#963=VERTEX_POINT('',#2985);
#964=VERTEX_POINT('',#2987);
#965=VERTEX_POINT('',#2993);
#966=VERTEX_POINT('',#2994);
#967=VERTEX_POINT('',#2996);
#968=VERTEX_POINT('',#2998);
#969=VERTEX_POINT('',#3002);
#970=VERTEX_POINT('',#3004);
#971=VERTEX_POINT('',#3008);
#972=VERTEX_POINT('',#3012);
#973=VERTEX_POINT('',#3018);
#974=VERTEX_POINT('',#3020);
#975=VERTEX_POINT('',#3024);
#976=VERTEX_POINT('',#3028);
#977=VERTEX_POINT('',#3031);
#978=VERTEX_POINT('',#3032);
#979=VERTEX_POINT('',#3034);
#980=VERTEX_POINT('',#3036);
#981=VERTEX_POINT('',#3043);
#982=VERTEX_POINT('',#3045);
#983=VERTEX_POINT('',#3049);
#984=VERTEX_POINT('',#3053);
#985=VERTEX_POINT('',#3059);
#986=VERTEX_POINT('',#3060);
#987=VERTEX_POINT('',#3062);
#988=VERTEX_POINT('',#3064);
#989=VERTEX_POINT('',#3068);
#990=VERTEX_POINT('',#3070);
#991=VERTEX_POINT('',#3074);
#992=VERTEX_POINT('',#3076);
#993=VERTEX_POINT('',#3080);
#994=VERTEX_POINT('',#3082);
#995=VERTEX_POINT('',#3086);
#996=VERTEX_POINT('',#3088);
#997=VERTEX_POINT('',#3090);
#998=VERTEX_POINT('',#3094);
#999=VERTEX_POINT('',#3095);
#1000=VERTEX_POINT('',#3100);
#1001=VERTEX_POINT('',#3108);
#1002=VERTEX_POINT('',#3112);
#1003=VERTEX_POINT('',#3114);
#1004=EDGE_CURVE('',#836,#837,#788,.T.);
#1005=EDGE_CURVE('',#837,#838,#372,.T.);
#1006=EDGE_CURVE('',#838,#839,#789,.T.);
#1007=EDGE_CURVE('',#839,#836,#373,.T.);
#1008=EDGE_CURVE('',#840,#841,#790,.T.);
#1009=EDGE_CURVE('',#841,#839,#791,.T.);
#1010=EDGE_CURVE('',#838,#840,#792,.T.);
#1011=EDGE_CURVE('',#842,#843,#793,.T.);
#1012=EDGE_CURVE('',#843,#841,#374,.T.);
#1013=EDGE_CURVE('',#840,#842,#375,.T.);
#1014=EDGE_CURVE('',#844,#845,#794,.T.);
#1015=EDGE_CURVE('',#845,#843,#795,.T.);
#1016=EDGE_CURVE('',#842,#844,#796,.T.);
#1017=EDGE_CURVE('',#846,#847,#797,.T.);
#1018=EDGE_CURVE('',#847,#845,#376,.T.);
#1019=EDGE_CURVE('',#844,#846,#377,.T.);
#1020=EDGE_CURVE('',#848,#849,#798,.T.);
#1021=EDGE_CURVE('',#849,#847,#799,.T.);
#1022=EDGE_CURVE('',#846,#848,#800,.T.);
#1023=EDGE_CURVE('',#850,#851,#801,.T.);
#1024=EDGE_CURVE('',#851,#849,#378,.T.);
#1025=EDGE_CURVE('',#848,#850,#379,.T.);
#1026=EDGE_CURVE('',#836,#851,#802,.T.);
#1027=EDGE_CURVE('',#850,#837,#803,.T.);
#1028=EDGE_CURVE('',#842,#852,#380,.T.);
#1029=EDGE_CURVE('',#853,#852,#804,.T.);
#1030=EDGE_CURVE('',#844,#853,#381,.T.);
#1031=EDGE_CURVE('',#840,#854,#382,.T.);
#1032=EDGE_CURVE('',#852,#854,#383,.T.);
#1033=EDGE_CURVE('',#855,#856,#384,.T.);
#1034=EDGE_CURVE('',#856,#857,#385,.T.);
#1035=EDGE_CURVE('',#857,#858,#386,.T.);
#1036=EDGE_CURVE('',#858,#859,#387,.T.);
#1037=EDGE_CURVE('',#859,#860,#388,.T.);
#1038=EDGE_CURVE('',#860,#855,#389,.T.);
#1039=EDGE_CURVE('',#861,#862,#390,.T.);
#1040=EDGE_CURVE('',#862,#863,#391,.T.);
#1041=EDGE_CURVE('',#863,#864,#392,.T.);
#1042=EDGE_CURVE('',#864,#861,#393,.T.);
#1043=EDGE_CURVE('',#838,#865,#394,.T.);
#1044=EDGE_CURVE('',#854,#865,#805,.T.);
#1045=EDGE_CURVE('',#837,#866,#395,.T.);
#1046=EDGE_CURVE('',#865,#866,#396,.T.);
#1047=EDGE_CURVE('',#867,#868,#397,.T.);
#1048=EDGE_CURVE('',#868,#869,#398,.T.);
#1049=EDGE_CURVE('',#869,#870,#399,.T.);
#1050=EDGE_CURVE('',#870,#867,#400,.T.);
#1051=EDGE_CURVE('',#871,#872,#401,.T.);
#1052=EDGE_CURVE('',#873,#871,#402,.T.);
#1053=EDGE_CURVE('',#874,#873,#403,.T.);
#1054=EDGE_CURVE('',#872,#874,#404,.T.);
#1055=EDGE_CURVE('',#872,#875,#405,.T.);
#1056=EDGE_CURVE('',#876,#874,#406,.T.);
#1057=EDGE_CURVE('',#876,#875,#407,.T.);
#1058=EDGE_CURVE('',#875,#877,#408,.T.);
#1059=EDGE_CURVE('',#878,#876,#409,.T.);
#1060=EDGE_CURVE('',#877,#878,#410,.T.);
#1061=EDGE_CURVE('',#877,#871,#411,.T.);
#1062=EDGE_CURVE('',#873,#878,#412,.T.);
#1063=EDGE_CURVE('',#879,#863,#413,.T.);
#1064=EDGE_CURVE('',#880,#879,#414,.T.);
#1065=EDGE_CURVE('',#864,#880,#415,.T.);
#1066=EDGE_CURVE('',#880,#881,#416,.T.);
#1067=EDGE_CURVE('',#881,#861,#417,.T.);
#1068=EDGE_CURVE('',#882,#881,#418,.T.);
#1069=EDGE_CURVE('',#862,#882,#419,.T.);
#1070=EDGE_CURVE('',#879,#882,#420,.T.);
#1071=EDGE_CURVE('',#883,#884,#421,.T.);
#1072=EDGE_CURVE('',#884,#885,#422,.T.);
#1073=EDGE_CURVE('',#885,#886,#423,.T.);
#1074=EDGE_CURVE('',#883,#886,#424,.T.);
#1075=EDGE_CURVE('',#887,#888,#425,.T.);
#1076=EDGE_CURVE('',#884,#887,#426,.T.);
#1077=EDGE_CURVE('',#888,#883,#427,.T.);
#1078=EDGE_CURVE('',#888,#889,#428,.T.);
#1079=EDGE_CURVE('',#886,#889,#429,.T.);
#1080=EDGE_CURVE('',#889,#890,#430,.T.);
#1081=EDGE_CURVE('',#890,#885,#431,.T.);
#1082=EDGE_CURVE('',#890,#887,#432,.T.);
#1083=EDGE_CURVE('',#891,#855,#433,.T.);
#1084=EDGE_CURVE('',#892,#891,#434,.T.);
#1085=EDGE_CURVE('',#856,#892,#435,.T.);
#1086=EDGE_CURVE('',#860,#893,#436,.T.);
#1087=EDGE_CURVE('',#893,#891,#437,.T.);
#1088=EDGE_CURVE('',#892,#894,#438,.T.);
#1089=EDGE_CURVE('',#894,#857,#439,.T.);
#1090=EDGE_CURVE('',#895,#896,#440,.T.);
#1091=EDGE_CURVE('',#897,#895,#441,.T.);
#1092=EDGE_CURVE('',#898,#897,#442,.T.);
#1093=EDGE_CURVE('',#896,#898,#443,.T.);
#1094=EDGE_CURVE('',#896,#899,#444,.T.);
#1095=EDGE_CURVE('',#898,#900,#445,.T.);
#1096=EDGE_CURVE('',#900,#899,#446,.T.);
#1097=EDGE_CURVE('',#899,#901,#447,.T.);
#1098=EDGE_CURVE('',#902,#900,#448,.T.);
#1099=EDGE_CURVE('',#901,#902,#449,.T.);
#1100=EDGE_CURVE('',#901,#895,#450,.T.);
#1101=EDGE_CURVE('',#897,#902,#451,.T.);
#1102=EDGE_CURVE('',#903,#859,#452,.T.);
#1103=EDGE_CURVE('',#893,#903,#453,.T.);
#1104=EDGE_CURVE('',#904,#894,#454,.T.);
#1105=EDGE_CURVE('',#858,#904,#455,.T.);
#1106=EDGE_CURVE('',#903,#904,#456,.T.);
#1107=EDGE_CURVE('',#905,#906,#457,.T.);
#1108=EDGE_CURVE('',#906,#907,#458,.T.);
#1109=EDGE_CURVE('',#908,#907,#459,.T.);
#1110=EDGE_CURVE('',#908,#905,#460,.T.);
#1111=EDGE_CURVE('',#909,#910,#461,.T.);
#1112=EDGE_CURVE('',#905,#909,#462,.T.);
#1113=EDGE_CURVE('',#910,#908,#463,.T.);
#1114=EDGE_CURVE('',#910,#911,#464,.T.);
#1115=EDGE_CURVE('',#907,#911,#465,.T.);
#1116=EDGE_CURVE('',#911,#912,#466,.T.);
#1117=EDGE_CURVE('',#912,#906,#467,.T.);
#1118=EDGE_CURVE('',#912,#909,#468,.T.);
#1119=EDGE_CURVE('',#913,#914,#469,.T.);
#1120=EDGE_CURVE('',#915,#913,#470,.T.);
#1121=EDGE_CURVE('',#916,#915,#471,.T.);
#1122=EDGE_CURVE('',#914,#916,#472,.T.);
#1123=EDGE_CURVE('',#914,#917,#473,.T.);
#1124=EDGE_CURVE('',#918,#916,#474,.T.);
#1125=EDGE_CURVE('',#918,#917,#475,.T.);
#1126=EDGE_CURVE('',#917,#919,#476,.T.);
#1127=EDGE_CURVE('',#920,#918,#477,.T.);
#1128=EDGE_CURVE('',#919,#920,#478,.T.);
#1129=EDGE_CURVE('',#919,#913,#479,.T.);
#1130=EDGE_CURVE('',#915,#920,#480,.T.);
#1131=EDGE_CURVE('',#921,#921,#806,.T.);
#1132=EDGE_CURVE('',#921,#922,#481,.T.);
#1133=EDGE_CURVE('',#922,#922,#807,.T.);
#1134=EDGE_CURVE('',#923,#924,#482,.T.);
#1135=EDGE_CURVE('',#924,#925,#483,.T.);
#1136=EDGE_CURVE('',#925,#926,#484,.T.);
#1137=EDGE_CURVE('',#923,#926,#485,.T.);
#1138=EDGE_CURVE('',#927,#928,#486,.T.);
#1139=EDGE_CURVE('',#929,#928,#487,.T.);
#1140=EDGE_CURVE('',#929,#930,#488,.T.);
#1141=EDGE_CURVE('',#930,#927,#489,.T.);
#1142=EDGE_CURVE('',#925,#930,#490,.T.);
#1143=EDGE_CURVE('',#926,#929,#491,.T.);
#1144=EDGE_CURVE('',#924,#927,#492,.T.);
#1145=EDGE_CURVE('',#928,#923,#493,.T.);
#1146=EDGE_CURVE('',#931,#931,#808,.T.);
#1147=EDGE_CURVE('',#931,#932,#494,.T.);
#1148=EDGE_CURVE('',#932,#932,#809,.T.);
#1149=EDGE_CURVE('',#933,#934,#495,.T.);
#1150=EDGE_CURVE('',#934,#935,#496,.T.);
#1151=EDGE_CURVE('',#935,#936,#497,.T.);
#1152=EDGE_CURVE('',#933,#936,#498,.T.);
#1153=EDGE_CURVE('',#937,#938,#499,.T.);
#1154=EDGE_CURVE('',#939,#938,#500,.T.);
#1155=EDGE_CURVE('',#939,#940,#501,.T.);
#1156=EDGE_CURVE('',#940,#937,#502,.T.);
#1157=EDGE_CURVE('',#935,#940,#503,.T.);
#1158=EDGE_CURVE('',#936,#939,#504,.T.);
#1159=EDGE_CURVE('',#934,#937,#505,.T.);
#1160=EDGE_CURVE('',#938,#933,#506,.T.);
#1161=EDGE_CURVE('',#941,#941,#810,.T.);
#1162=EDGE_CURVE('',#941,#942,#507,.T.);
#1163=EDGE_CURVE('',#942,#942,#811,.T.);
#1164=EDGE_CURVE('',#943,#944,#508,.T.);
#1165=EDGE_CURVE('',#943,#944,#812,.T.);
#1166=EDGE_CURVE('',#944,#945,#509,.T.);
#1167=EDGE_CURVE('',#946,#943,#510,.T.);
#1168=EDGE_CURVE('',#945,#946,#813,.T.);
#1169=EDGE_CURVE('',#945,#946,#511,.T.);
#1170=EDGE_CURVE('',#947,#947,#814,.T.);
#1171=EDGE_CURVE('',#947,#948,#512,.T.);
#1172=EDGE_CURVE('',#948,#948,#815,.T.);
#1173=EDGE_CURVE('',#949,#950,#513,.T.);
#1174=EDGE_CURVE('',#949,#950,#816,.T.);
#1175=EDGE_CURVE('',#950,#951,#514,.T.);
#1176=EDGE_CURVE('',#952,#949,#515,.T.);
#1177=EDGE_CURVE('',#951,#952,#817,.T.);
#1178=EDGE_CURVE('',#951,#952,#516,.T.);
#1179=EDGE_CURVE('',#953,#953,#818,.T.);
#1180=EDGE_CURVE('',#953,#954,#517,.T.);
#1181=EDGE_CURVE('',#954,#954,#819,.T.);
#1182=EDGE_CURVE('',#955,#956,#518,.T.);
#1183=EDGE_CURVE('',#955,#956,#820,.T.);
#1184=EDGE_CURVE('',#956,#957,#519,.T.);
#1185=EDGE_CURVE('',#958,#955,#520,.T.);
#1186=EDGE_CURVE('',#957,#958,#821,.T.);
#1187=EDGE_CURVE('',#957,#958,#521,.T.);
#1188=EDGE_CURVE('',#959,#959,#822,.T.);
#1189=EDGE_CURVE('',#959,#960,#522,.T.);
#1190=EDGE_CURVE('',#960,#960,#823,.T.);
#1191=EDGE_CURVE('',#961,#962,#523,.T.);
#1192=EDGE_CURVE('',#961,#962,#824,.T.);
#1193=EDGE_CURVE('',#962,#963,#524,.T.);
#1194=EDGE_CURVE('',#964,#961,#525,.T.);
#1195=EDGE_CURVE('',#963,#964,#825,.T.);
#1196=EDGE_CURVE('',#963,#964,#526,.T.);
#1197=EDGE_CURVE('',#965,#966,#527,.T.);
#1198=EDGE_CURVE('',#967,#965,#528,.T.);
#1199=EDGE_CURVE('',#967,#968,#529,.T.);
#1200=EDGE_CURVE('',#968,#966,#530,.T.);
#1201=EDGE_CURVE('',#966,#969,#531,.T.);
#1202=EDGE_CURVE('',#968,#970,#532,.T.);
#1203=EDGE_CURVE('',#970,#969,#533,.T.);
#1204=EDGE_CURVE('',#971,#967,#534,.T.);
#1205=EDGE_CURVE('',#970,#971,#535,.T.);
#1206=EDGE_CURVE('',#969,#972,#536,.T.);
#1207=EDGE_CURVE('',#971,#972,#537,.T.);
#1208=EDGE_CURVE('',#972,#965,#538,.T.);
#1209=EDGE_CURVE('',#869,#973,#539,.T.);
#1210=EDGE_CURVE('',#973,#974,#540,.T.);
#1211=EDGE_CURVE('',#870,#974,#541,.T.);
#1212=EDGE_CURVE('',#974,#975,#542,.T.);
#1213=EDGE_CURVE('',#867,#975,#543,.T.);
#1214=EDGE_CURVE('',#976,#973,#544,.T.);
#1215=EDGE_CURVE('',#975,#976,#545,.T.);
#1216=EDGE_CURVE('',#977,#978,#546,.T.);
#1217=EDGE_CURVE('',#979,#977,#547,.T.);
#1218=EDGE_CURVE('',#980,#979,#548,.T.);
#1219=EDGE_CURVE('',#978,#980,#549,.T.);
#1220=EDGE_CURVE('',#868,#976,#550,.T.);
#1221=EDGE_CURVE('',#979,#981,#551,.T.);
#1222=EDGE_CURVE('',#982,#981,#552,.T.);
#1223=EDGE_CURVE('',#980,#982,#553,.T.);
#1224=EDGE_CURVE('',#977,#983,#554,.T.);
#1225=EDGE_CURVE('',#981,#983,#555,.T.);
#1226=EDGE_CURVE('',#978,#984,#556,.T.);
#1227=EDGE_CURVE('',#983,#984,#557,.T.);
#1228=EDGE_CURVE('',#984,#982,#558,.T.);
#1229=EDGE_CURVE('',#985,#986,#826,.T.);
#1230=EDGE_CURVE('',#987,#985,#559,.T.);
#1231=EDGE_CURVE('',#987,#988,#827,.T.);
#1232=EDGE_CURVE('',#988,#986,#560,.T.);
#1233=EDGE_CURVE('',#986,#989,#561,.T.);
#1234=EDGE_CURVE('',#988,#990,#562,.T.);
#1235=EDGE_CURVE('',#990,#989,#563,.T.);
#1236=EDGE_CURVE('',#989,#991,#828,.T.);
#1237=EDGE_CURVE('',#990,#992,#829,.T.);
#1238=EDGE_CURVE('',#992,#991,#564,.T.);
#1239=EDGE_CURVE('',#991,#993,#565,.T.);
#1240=EDGE_CURVE('',#992,#994,#566,.T.);
#1241=EDGE_CURVE('',#994,#993,#567,.T.);
#1242=EDGE_CURVE('',#995,#987,#568,.T.);
#1243=EDGE_CURVE('',#996,#995,#830,.T.);
#1244=EDGE_CURVE('',#997,#996,#569,.T.);
#1245=EDGE_CURVE('',#994,#997,#831,.T.);
#1246=EDGE_CURVE('',#998,#999,#832,.T.);
#1247=EDGE_CURVE('',#996,#998,#570,.T.);
#1248=EDGE_CURVE('',#995,#999,#571,.T.);
#1249=EDGE_CURVE('',#993,#1000,#833,.T.);
#1250=EDGE_CURVE('',#997,#1000,#572,.T.);
#1251=EDGE_CURVE('',#999,#985,#573,.T.);
#1252=EDGE_CURVE('',#1000,#998,#574,.T.);
#1253=EDGE_CURVE('',#850,#1001,#575,.T.);
#1254=EDGE_CURVE('',#866,#1001,#834,.T.);
#1255=EDGE_CURVE('',#846,#1002,#576,.T.);
#1256=EDGE_CURVE('',#1003,#1002,#835,.T.);
#1257=EDGE_CURVE('',#848,#1003,#577,.T.);
#1258=EDGE_CURVE('',#1001,#1003,#578,.T.);
#1259=EDGE_CURVE('',#1002,#853,#579,.T.);
#1260=ORIENTED_EDGE('',*,*,#1004,.T.);
#1261=ORIENTED_EDGE('',*,*,#1005,.T.);
#1262=ORIENTED_EDGE('',*,*,#1006,.T.);
#1263=ORIENTED_EDGE('',*,*,#1007,.T.);
#1264=ORIENTED_EDGE('',*,*,#1008,.T.);
#1265=ORIENTED_EDGE('',*,*,#1009,.T.);
#1266=ORIENTED_EDGE('',*,*,#1006,.F.);
#1267=ORIENTED_EDGE('',*,*,#1010,.T.);
#1268=ORIENTED_EDGE('',*,*,#1011,.T.);
#1269=ORIENTED_EDGE('',*,*,#1012,.T.);
#1270=ORIENTED_EDGE('',*,*,#1008,.F.);
#1271=ORIENTED_EDGE('',*,*,#1013,.T.);
#1272=ORIENTED_EDGE('',*,*,#1014,.T.);
#1273=ORIENTED_EDGE('',*,*,#1015,.T.);
#1274=ORIENTED_EDGE('',*,*,#1011,.F.);
#1275=ORIENTED_EDGE('',*,*,#1016,.T.);
#1276=ORIENTED_EDGE('',*,*,#1017,.T.);
#1277=ORIENTED_EDGE('',*,*,#1018,.T.);
#1278=ORIENTED_EDGE('',*,*,#1014,.F.);
#1279=ORIENTED_EDGE('',*,*,#1019,.T.);
#1280=ORIENTED_EDGE('',*,*,#1020,.T.);
#1281=ORIENTED_EDGE('',*,*,#1021,.T.);
#1282=ORIENTED_EDGE('',*,*,#1017,.F.);
#1283=ORIENTED_EDGE('',*,*,#1022,.T.);
#1284=ORIENTED_EDGE('',*,*,#1023,.T.);
#1285=ORIENTED_EDGE('',*,*,#1024,.T.);
#1286=ORIENTED_EDGE('',*,*,#1020,.F.);
#1287=ORIENTED_EDGE('',*,*,#1025,.T.);
#1288=ORIENTED_EDGE('',*,*,#1004,.F.);
#1289=ORIENTED_EDGE('',*,*,#1026,.T.);
#1290=ORIENTED_EDGE('',*,*,#1023,.F.);
#1291=ORIENTED_EDGE('',*,*,#1027,.T.);
#1292=ORIENTED_EDGE('',*,*,#1016,.F.);
#1293=ORIENTED_EDGE('',*,*,#1028,.T.);
#1294=ORIENTED_EDGE('',*,*,#1029,.F.);
#1295=ORIENTED_EDGE('',*,*,#1030,.F.);
#1296=ORIENTED_EDGE('',*,*,#1013,.F.);
#1297=ORIENTED_EDGE('',*,*,#1031,.T.);
#1298=ORIENTED_EDGE('',*,*,#1032,.F.);
#1299=ORIENTED_EDGE('',*,*,#1028,.F.);
#1300=ORIENTED_EDGE('',*,*,#1033,.T.);
#1301=ORIENTED_EDGE('',*,*,#1034,.T.);
#1302=ORIENTED_EDGE('',*,*,#1035,.T.);
#1303=ORIENTED_EDGE('',*,*,#1036,.T.);
#1304=ORIENTED_EDGE('',*,*,#1037,.T.);
#1305=ORIENTED_EDGE('',*,*,#1038,.T.);
#1306=ORIENTED_EDGE('',*,*,#1039,.T.);
#1307=ORIENTED_EDGE('',*,*,#1040,.T.);
#1308=ORIENTED_EDGE('',*,*,#1041,.T.);
#1309=ORIENTED_EDGE('',*,*,#1042,.T.);
#1310=ORIENTED_EDGE('',*,*,#1010,.F.);
#1311=ORIENTED_EDGE('',*,*,#1043,.T.);
#1312=ORIENTED_EDGE('',*,*,#1044,.F.);
#1313=ORIENTED_EDGE('',*,*,#1031,.F.);
#1314=ORIENTED_EDGE('',*,*,#1005,.F.);
#1315=ORIENTED_EDGE('',*,*,#1045,.T.);
#1316=ORIENTED_EDGE('',*,*,#1046,.F.);
#1317=ORIENTED_EDGE('',*,*,#1043,.F.);
#1318=ORIENTED_EDGE('',*,*,#1007,.F.);
#1319=ORIENTED_EDGE('',*,*,#1009,.F.);
#1320=ORIENTED_EDGE('',*,*,#1012,.F.);
#1321=ORIENTED_EDGE('',*,*,#1015,.F.);
#1322=ORIENTED_EDGE('',*,*,#1018,.F.);
#1323=ORIENTED_EDGE('',*,*,#1021,.F.);
#1324=ORIENTED_EDGE('',*,*,#1024,.F.);
#1325=ORIENTED_EDGE('',*,*,#1026,.F.);
#1326=ORIENTED_EDGE('',*,*,#1047,.T.);
#1327=ORIENTED_EDGE('',*,*,#1048,.T.);
#1328=ORIENTED_EDGE('',*,*,#1049,.T.);
#1329=ORIENTED_EDGE('',*,*,#1050,.T.);
#1330=ORIENTED_EDGE('',*,*,#1051,.F.);
#1331=ORIENTED_EDGE('',*,*,#1052,.F.);
#1332=ORIENTED_EDGE('',*,*,#1053,.F.);
#1333=ORIENTED_EDGE('',*,*,#1054,.F.);
#1334=ORIENTED_EDGE('',*,*,#1055,.F.);
#1335=ORIENTED_EDGE('',*,*,#1054,.T.);
#1336=ORIENTED_EDGE('',*,*,#1056,.F.);
#1337=ORIENTED_EDGE('',*,*,#1057,.T.);
#1338=ORIENTED_EDGE('',*,*,#1058,.F.);
#1339=ORIENTED_EDGE('',*,*,#1057,.F.);
#1340=ORIENTED_EDGE('',*,*,#1059,.F.);
#1341=ORIENTED_EDGE('',*,*,#1060,.F.);
#1342=ORIENTED_EDGE('',*,*,#1061,.F.);
#1343=ORIENTED_EDGE('',*,*,#1060,.T.);
#1344=ORIENTED_EDGE('',*,*,#1062,.F.);
#1345=ORIENTED_EDGE('',*,*,#1052,.T.);
#1346=ORIENTED_EDGE('',*,*,#1041,.F.);
#1347=ORIENTED_EDGE('',*,*,#1063,.F.);
#1348=ORIENTED_EDGE('',*,*,#1064,.F.);
#1349=ORIENTED_EDGE('',*,*,#1065,.F.);
#1350=ORIENTED_EDGE('',*,*,#1042,.F.);
#1351=ORIENTED_EDGE('',*,*,#1065,.T.);
#1352=ORIENTED_EDGE('',*,*,#1066,.T.);
#1353=ORIENTED_EDGE('',*,*,#1067,.T.);
#1354=ORIENTED_EDGE('',*,*,#1039,.F.);
#1355=ORIENTED_EDGE('',*,*,#1067,.F.);
#1356=ORIENTED_EDGE('',*,*,#1068,.F.);
#1357=ORIENTED_EDGE('',*,*,#1069,.F.);
#1358=ORIENTED_EDGE('',*,*,#1040,.F.);
#1359=ORIENTED_EDGE('',*,*,#1069,.T.);
#1360=ORIENTED_EDGE('',*,*,#1070,.F.);
#1361=ORIENTED_EDGE('',*,*,#1063,.T.);
#1362=ORIENTED_EDGE('',*,*,#1066,.F.);
#1363=ORIENTED_EDGE('',*,*,#1064,.T.);
#1364=ORIENTED_EDGE('',*,*,#1070,.T.);
#1365=ORIENTED_EDGE('',*,*,#1068,.T.);
#1366=ORIENTED_EDGE('',*,*,#1071,.T.);
#1367=ORIENTED_EDGE('',*,*,#1072,.T.);
#1368=ORIENTED_EDGE('',*,*,#1073,.T.);
#1369=ORIENTED_EDGE('',*,*,#1074,.F.);
#1370=ORIENTED_EDGE('',*,*,#1075,.F.);
#1371=ORIENTED_EDGE('',*,*,#1076,.F.);
#1372=ORIENTED_EDGE('',*,*,#1071,.F.);
#1373=ORIENTED_EDGE('',*,*,#1077,.F.);
#1374=ORIENTED_EDGE('',*,*,#1078,.F.);
#1375=ORIENTED_EDGE('',*,*,#1077,.T.);
#1376=ORIENTED_EDGE('',*,*,#1074,.T.);
#1377=ORIENTED_EDGE('',*,*,#1079,.T.);
#1378=ORIENTED_EDGE('',*,*,#1080,.F.);
#1379=ORIENTED_EDGE('',*,*,#1079,.F.);
#1380=ORIENTED_EDGE('',*,*,#1073,.F.);
#1381=ORIENTED_EDGE('',*,*,#1081,.F.);
#1382=ORIENTED_EDGE('',*,*,#1082,.F.);
#1383=ORIENTED_EDGE('',*,*,#1081,.T.);
#1384=ORIENTED_EDGE('',*,*,#1072,.F.);
#1385=ORIENTED_EDGE('',*,*,#1076,.T.);
#1386=ORIENTED_EDGE('',*,*,#1033,.F.);
#1387=ORIENTED_EDGE('',*,*,#1083,.F.);
#1388=ORIENTED_EDGE('',*,*,#1084,.F.);
#1389=ORIENTED_EDGE('',*,*,#1085,.F.);
#1390=ORIENTED_EDGE('',*,*,#1038,.F.);
#1391=ORIENTED_EDGE('',*,*,#1086,.T.);
#1392=ORIENTED_EDGE('',*,*,#1087,.T.);
#1393=ORIENTED_EDGE('',*,*,#1083,.T.);
#1394=ORIENTED_EDGE('',*,*,#1085,.T.);
#1395=ORIENTED_EDGE('',*,*,#1088,.T.);
#1396=ORIENTED_EDGE('',*,*,#1089,.T.);
#1397=ORIENTED_EDGE('',*,*,#1034,.F.);
#1398=ORIENTED_EDGE('',*,*,#1090,.F.);
#1399=ORIENTED_EDGE('',*,*,#1091,.F.);
#1400=ORIENTED_EDGE('',*,*,#1092,.F.);
#1401=ORIENTED_EDGE('',*,*,#1093,.F.);
#1402=ORIENTED_EDGE('',*,*,#1094,.F.);
#1403=ORIENTED_EDGE('',*,*,#1093,.T.);
#1404=ORIENTED_EDGE('',*,*,#1095,.T.);
#1405=ORIENTED_EDGE('',*,*,#1096,.T.);
#1406=ORIENTED_EDGE('',*,*,#1097,.F.);
#1407=ORIENTED_EDGE('',*,*,#1096,.F.);
#1408=ORIENTED_EDGE('',*,*,#1098,.F.);
#1409=ORIENTED_EDGE('',*,*,#1099,.F.);
#1410=ORIENTED_EDGE('',*,*,#1100,.F.);
#1411=ORIENTED_EDGE('',*,*,#1099,.T.);
#1412=ORIENTED_EDGE('',*,*,#1101,.F.);
#1413=ORIENTED_EDGE('',*,*,#1091,.T.);
#1414=ORIENTED_EDGE('',*,*,#1037,.F.);
#1415=ORIENTED_EDGE('',*,*,#1102,.F.);
#1416=ORIENTED_EDGE('',*,*,#1103,.F.);
#1417=ORIENTED_EDGE('',*,*,#1086,.F.);
#1418=ORIENTED_EDGE('',*,*,#1035,.F.);
#1419=ORIENTED_EDGE('',*,*,#1089,.F.);
#1420=ORIENTED_EDGE('',*,*,#1104,.F.);
#1421=ORIENTED_EDGE('',*,*,#1105,.F.);
#1422=ORIENTED_EDGE('',*,*,#1036,.F.);
#1423=ORIENTED_EDGE('',*,*,#1105,.T.);
#1424=ORIENTED_EDGE('',*,*,#1106,.F.);
#1425=ORIENTED_EDGE('',*,*,#1102,.T.);
#1426=ORIENTED_EDGE('',*,*,#1084,.T.);
#1427=ORIENTED_EDGE('',*,*,#1087,.F.);
#1428=ORIENTED_EDGE('',*,*,#1103,.T.);
#1429=ORIENTED_EDGE('',*,*,#1106,.T.);
#1430=ORIENTED_EDGE('',*,*,#1104,.T.);
#1431=ORIENTED_EDGE('',*,*,#1088,.F.);
#1432=ORIENTED_EDGE('',*,*,#1095,.F.);
#1433=ORIENTED_EDGE('',*,*,#1092,.T.);
#1434=ORIENTED_EDGE('',*,*,#1101,.T.);
#1435=ORIENTED_EDGE('',*,*,#1098,.T.);
#1436=ORIENTED_EDGE('',*,*,#1107,.T.);
#1437=ORIENTED_EDGE('',*,*,#1108,.T.);
#1438=ORIENTED_EDGE('',*,*,#1109,.F.);
#1439=ORIENTED_EDGE('',*,*,#1110,.T.);
#1440=ORIENTED_EDGE('',*,*,#1111,.F.);
#1441=ORIENTED_EDGE('',*,*,#1112,.F.);
#1442=ORIENTED_EDGE('',*,*,#1110,.F.);
#1443=ORIENTED_EDGE('',*,*,#1113,.F.);
#1444=ORIENTED_EDGE('',*,*,#1114,.F.);
#1445=ORIENTED_EDGE('',*,*,#1113,.T.);
#1446=ORIENTED_EDGE('',*,*,#1109,.T.);
#1447=ORIENTED_EDGE('',*,*,#1115,.T.);
#1448=ORIENTED_EDGE('',*,*,#1116,.F.);
#1449=ORIENTED_EDGE('',*,*,#1115,.F.);
#1450=ORIENTED_EDGE('',*,*,#1108,.F.);
#1451=ORIENTED_EDGE('',*,*,#1117,.F.);
#1452=ORIENTED_EDGE('',*,*,#1118,.F.);
#1453=ORIENTED_EDGE('',*,*,#1117,.T.);
#1454=ORIENTED_EDGE('',*,*,#1107,.F.);
#1455=ORIENTED_EDGE('',*,*,#1112,.T.);
#1456=ORIENTED_EDGE('',*,*,#1119,.F.);
#1457=ORIENTED_EDGE('',*,*,#1120,.F.);
#1458=ORIENTED_EDGE('',*,*,#1121,.F.);
#1459=ORIENTED_EDGE('',*,*,#1122,.F.);
#1460=ORIENTED_EDGE('',*,*,#1123,.F.);
#1461=ORIENTED_EDGE('',*,*,#1122,.T.);
#1462=ORIENTED_EDGE('',*,*,#1124,.F.);
#1463=ORIENTED_EDGE('',*,*,#1125,.T.);
#1464=ORIENTED_EDGE('',*,*,#1126,.F.);
#1465=ORIENTED_EDGE('',*,*,#1125,.F.);
#1466=ORIENTED_EDGE('',*,*,#1127,.F.);
#1467=ORIENTED_EDGE('',*,*,#1128,.F.);
#1468=ORIENTED_EDGE('',*,*,#1129,.F.);
#1469=ORIENTED_EDGE('',*,*,#1128,.T.);
#1470=ORIENTED_EDGE('',*,*,#1130,.F.);
#1471=ORIENTED_EDGE('',*,*,#1120,.T.);
#1472=ORIENTED_EDGE('',*,*,#1131,.F.);
#1473=ORIENTED_EDGE('',*,*,#1132,.T.);
#1474=ORIENTED_EDGE('',*,*,#1133,.T.);
#1475=ORIENTED_EDGE('',*,*,#1132,.F.);
#1476=ORIENTED_EDGE('',*,*,#1133,.F.);
#1477=ORIENTED_EDGE('',*,*,#1134,.T.);
#1478=ORIENTED_EDGE('',*,*,#1135,.T.);
#1479=ORIENTED_EDGE('',*,*,#1136,.T.);
#1480=ORIENTED_EDGE('',*,*,#1137,.F.);
#1481=ORIENTED_EDGE('',*,*,#1138,.T.);
#1482=ORIENTED_EDGE('',*,*,#1139,.F.);
#1483=ORIENTED_EDGE('',*,*,#1140,.T.);
#1484=ORIENTED_EDGE('',*,*,#1141,.T.);
#1485=ORIENTED_EDGE('',*,*,#1142,.T.);
#1486=ORIENTED_EDGE('',*,*,#1140,.F.);
#1487=ORIENTED_EDGE('',*,*,#1143,.F.);
#1488=ORIENTED_EDGE('',*,*,#1136,.F.);
#1489=ORIENTED_EDGE('',*,*,#1144,.T.);
#1490=ORIENTED_EDGE('',*,*,#1141,.F.);
#1491=ORIENTED_EDGE('',*,*,#1142,.F.);
#1492=ORIENTED_EDGE('',*,*,#1135,.F.);
#1493=ORIENTED_EDGE('',*,*,#1145,.F.);
#1494=ORIENTED_EDGE('',*,*,#1138,.F.);
#1495=ORIENTED_EDGE('',*,*,#1144,.F.);
#1496=ORIENTED_EDGE('',*,*,#1134,.F.);
#1497=ORIENTED_EDGE('',*,*,#1146,.F.);
#1498=ORIENTED_EDGE('',*,*,#1147,.T.);
#1499=ORIENTED_EDGE('',*,*,#1148,.T.);
#1500=ORIENTED_EDGE('',*,*,#1147,.F.);
#1501=ORIENTED_EDGE('',*,*,#1148,.F.);
#1502=ORIENTED_EDGE('',*,*,#1149,.T.);
#1503=ORIENTED_EDGE('',*,*,#1150,.T.);
#1504=ORIENTED_EDGE('',*,*,#1151,.T.);
#1505=ORIENTED_EDGE('',*,*,#1152,.F.);
#1506=ORIENTED_EDGE('',*,*,#1153,.T.);
#1507=ORIENTED_EDGE('',*,*,#1154,.F.);
#1508=ORIENTED_EDGE('',*,*,#1155,.T.);
#1509=ORIENTED_EDGE('',*,*,#1156,.T.);
#1510=ORIENTED_EDGE('',*,*,#1157,.T.);
#1511=ORIENTED_EDGE('',*,*,#1155,.F.);
#1512=ORIENTED_EDGE('',*,*,#1158,.F.);
#1513=ORIENTED_EDGE('',*,*,#1151,.F.);
#1514=ORIENTED_EDGE('',*,*,#1159,.T.);
#1515=ORIENTED_EDGE('',*,*,#1156,.F.);
#1516=ORIENTED_EDGE('',*,*,#1157,.F.);
#1517=ORIENTED_EDGE('',*,*,#1150,.F.);
#1518=ORIENTED_EDGE('',*,*,#1160,.F.);
#1519=ORIENTED_EDGE('',*,*,#1153,.F.);
#1520=ORIENTED_EDGE('',*,*,#1159,.F.);
#1521=ORIENTED_EDGE('',*,*,#1149,.F.);
#1522=ORIENTED_EDGE('',*,*,#1161,.F.);
#1523=ORIENTED_EDGE('',*,*,#1162,.T.);
#1524=ORIENTED_EDGE('',*,*,#1163,.T.);
#1525=ORIENTED_EDGE('',*,*,#1162,.F.);
#1526=ORIENTED_EDGE('',*,*,#1163,.F.);
#1527=ORIENTED_EDGE('',*,*,#1164,.F.);
#1528=ORIENTED_EDGE('',*,*,#1165,.T.);
#1529=ORIENTED_EDGE('',*,*,#1166,.F.);
#1530=ORIENTED_EDGE('',*,*,#1165,.F.);
#1531=ORIENTED_EDGE('',*,*,#1167,.F.);
#1532=ORIENTED_EDGE('',*,*,#1168,.F.);
#1533=ORIENTED_EDGE('',*,*,#1169,.F.);
#1534=ORIENTED_EDGE('',*,*,#1168,.T.);
#1535=ORIENTED_EDGE('',*,*,#1161,.T.);
#1536=ORIENTED_EDGE('',*,*,#1170,.F.);
#1537=ORIENTED_EDGE('',*,*,#1171,.T.);
#1538=ORIENTED_EDGE('',*,*,#1172,.T.);
#1539=ORIENTED_EDGE('',*,*,#1171,.F.);
#1540=ORIENTED_EDGE('',*,*,#1172,.F.);
#1541=ORIENTED_EDGE('',*,*,#1173,.F.);
#1542=ORIENTED_EDGE('',*,*,#1174,.T.);
#1543=ORIENTED_EDGE('',*,*,#1175,.F.);
#1544=ORIENTED_EDGE('',*,*,#1174,.F.);
#1545=ORIENTED_EDGE('',*,*,#1176,.F.);
#1546=ORIENTED_EDGE('',*,*,#1177,.F.);
#1547=ORIENTED_EDGE('',*,*,#1178,.F.);
#1548=ORIENTED_EDGE('',*,*,#1177,.T.);
#1549=ORIENTED_EDGE('',*,*,#1170,.T.);
#1550=ORIENTED_EDGE('',*,*,#1179,.F.);
#1551=ORIENTED_EDGE('',*,*,#1180,.T.);
#1552=ORIENTED_EDGE('',*,*,#1181,.T.);
#1553=ORIENTED_EDGE('',*,*,#1180,.F.);
#1554=ORIENTED_EDGE('',*,*,#1181,.F.);
#1555=ORIENTED_EDGE('',*,*,#1182,.F.);
#1556=ORIENTED_EDGE('',*,*,#1183,.T.);
#1557=ORIENTED_EDGE('',*,*,#1184,.F.);
#1558=ORIENTED_EDGE('',*,*,#1183,.F.);
#1559=ORIENTED_EDGE('',*,*,#1185,.F.);
#1560=ORIENTED_EDGE('',*,*,#1186,.F.);
#1561=ORIENTED_EDGE('',*,*,#1187,.F.);
#1562=ORIENTED_EDGE('',*,*,#1186,.T.);
#1563=ORIENTED_EDGE('',*,*,#1179,.T.);
#1564=ORIENTED_EDGE('',*,*,#1188,.F.);
#1565=ORIENTED_EDGE('',*,*,#1189,.T.);
#1566=ORIENTED_EDGE('',*,*,#1190,.T.);
#1567=ORIENTED_EDGE('',*,*,#1189,.F.);
#1568=ORIENTED_EDGE('',*,*,#1190,.F.);
#1569=ORIENTED_EDGE('',*,*,#1191,.F.);
#1570=ORIENTED_EDGE('',*,*,#1192,.T.);
#1571=ORIENTED_EDGE('',*,*,#1193,.F.);
#1572=ORIENTED_EDGE('',*,*,#1192,.F.);
#1573=ORIENTED_EDGE('',*,*,#1194,.F.);
#1574=ORIENTED_EDGE('',*,*,#1195,.F.);
#1575=ORIENTED_EDGE('',*,*,#1196,.F.);
#1576=ORIENTED_EDGE('',*,*,#1195,.T.);
#1577=ORIENTED_EDGE('',*,*,#1188,.T.);
#1578=ORIENTED_EDGE('',*,*,#1197,.F.);
#1579=ORIENTED_EDGE('',*,*,#1198,.F.);
#1580=ORIENTED_EDGE('',*,*,#1199,.T.);
#1581=ORIENTED_EDGE('',*,*,#1200,.T.);
#1582=ORIENTED_EDGE('',*,*,#1201,.F.);
#1583=ORIENTED_EDGE('',*,*,#1200,.F.);
#1584=ORIENTED_EDGE('',*,*,#1202,.T.);
#1585=ORIENTED_EDGE('',*,*,#1203,.T.);
#1586=ORIENTED_EDGE('',*,*,#1204,.F.);
#1587=ORIENTED_EDGE('',*,*,#1205,.F.);
#1588=ORIENTED_EDGE('',*,*,#1202,.F.);
#1589=ORIENTED_EDGE('',*,*,#1199,.F.);
#1590=ORIENTED_EDGE('',*,*,#1206,.F.);
#1591=ORIENTED_EDGE('',*,*,#1203,.F.);
#1592=ORIENTED_EDGE('',*,*,#1205,.T.);
#1593=ORIENTED_EDGE('',*,*,#1207,.T.);
#1594=ORIENTED_EDGE('',*,*,#1208,.F.);
#1595=ORIENTED_EDGE('',*,*,#1207,.F.);
#1596=ORIENTED_EDGE('',*,*,#1204,.T.);
#1597=ORIENTED_EDGE('',*,*,#1198,.T.);
#1598=ORIENTED_EDGE('',*,*,#1049,.F.);
#1599=ORIENTED_EDGE('',*,*,#1209,.T.);
#1600=ORIENTED_EDGE('',*,*,#1210,.T.);
#1601=ORIENTED_EDGE('',*,*,#1211,.F.);
#1602=ORIENTED_EDGE('',*,*,#1050,.F.);
#1603=ORIENTED_EDGE('',*,*,#1211,.T.);
#1604=ORIENTED_EDGE('',*,*,#1212,.T.);
#1605=ORIENTED_EDGE('',*,*,#1213,.F.);
#1606=ORIENTED_EDGE('',*,*,#1212,.F.);
#1607=ORIENTED_EDGE('',*,*,#1210,.F.);
#1608=ORIENTED_EDGE('',*,*,#1214,.F.);
#1609=ORIENTED_EDGE('',*,*,#1215,.F.);
#1610=ORIENTED_EDGE('',*,*,#1216,.F.);
#1611=ORIENTED_EDGE('',*,*,#1217,.F.);
#1612=ORIENTED_EDGE('',*,*,#1218,.F.);
#1613=ORIENTED_EDGE('',*,*,#1219,.F.);
#1614=ORIENTED_EDGE('',*,*,#1047,.F.);
#1615=ORIENTED_EDGE('',*,*,#1213,.T.);
#1616=ORIENTED_EDGE('',*,*,#1215,.T.);
#1617=ORIENTED_EDGE('',*,*,#1220,.F.);
#1618=ORIENTED_EDGE('',*,*,#1048,.F.);
#1619=ORIENTED_EDGE('',*,*,#1220,.T.);
#1620=ORIENTED_EDGE('',*,*,#1214,.T.);
#1621=ORIENTED_EDGE('',*,*,#1209,.F.);
#1622=ORIENTED_EDGE('',*,*,#1218,.T.);
#1623=ORIENTED_EDGE('',*,*,#1221,.T.);
#1624=ORIENTED_EDGE('',*,*,#1222,.F.);
#1625=ORIENTED_EDGE('',*,*,#1223,.F.);
#1626=ORIENTED_EDGE('',*,*,#1217,.T.);
#1627=ORIENTED_EDGE('',*,*,#1224,.T.);
#1628=ORIENTED_EDGE('',*,*,#1225,.F.);
#1629=ORIENTED_EDGE('',*,*,#1221,.F.);
#1630=ORIENTED_EDGE('',*,*,#1216,.T.);
#1631=ORIENTED_EDGE('',*,*,#1226,.T.);
#1632=ORIENTED_EDGE('',*,*,#1227,.F.);
#1633=ORIENTED_EDGE('',*,*,#1224,.F.);
#1634=ORIENTED_EDGE('',*,*,#1219,.T.);
#1635=ORIENTED_EDGE('',*,*,#1223,.T.);
#1636=ORIENTED_EDGE('',*,*,#1228,.F.);
#1637=ORIENTED_EDGE('',*,*,#1226,.F.);
#1638=ORIENTED_EDGE('',*,*,#1229,.F.);
#1639=ORIENTED_EDGE('',*,*,#1230,.F.);
#1640=ORIENTED_EDGE('',*,*,#1231,.T.);
#1641=ORIENTED_EDGE('',*,*,#1232,.T.);
#1642=ORIENTED_EDGE('',*,*,#1233,.F.);
#1643=ORIENTED_EDGE('',*,*,#1232,.F.);
#1644=ORIENTED_EDGE('',*,*,#1234,.T.);
#1645=ORIENTED_EDGE('',*,*,#1235,.T.);
#1646=ORIENTED_EDGE('',*,*,#1167,.T.);
#1647=ORIENTED_EDGE('',*,*,#1164,.T.);
#1648=ORIENTED_EDGE('',*,*,#1166,.T.);
#1649=ORIENTED_EDGE('',*,*,#1169,.T.);
#1650=ORIENTED_EDGE('',*,*,#1176,.T.);
#1651=ORIENTED_EDGE('',*,*,#1173,.T.);
#1652=ORIENTED_EDGE('',*,*,#1175,.T.);
#1653=ORIENTED_EDGE('',*,*,#1178,.T.);
#1654=ORIENTED_EDGE('',*,*,#1236,.F.);
#1655=ORIENTED_EDGE('',*,*,#1235,.F.);
#1656=ORIENTED_EDGE('',*,*,#1237,.T.);
#1657=ORIENTED_EDGE('',*,*,#1238,.T.);
#1658=ORIENTED_EDGE('',*,*,#1239,.F.);
#1659=ORIENTED_EDGE('',*,*,#1238,.F.);
#1660=ORIENTED_EDGE('',*,*,#1240,.T.);
#1661=ORIENTED_EDGE('',*,*,#1241,.T.);
#1662=ORIENTED_EDGE('',*,*,#1080,.T.);
#1663=ORIENTED_EDGE('',*,*,#1082,.T.);
#1664=ORIENTED_EDGE('',*,*,#1075,.T.);
#1665=ORIENTED_EDGE('',*,*,#1078,.T.);
#1666=ORIENTED_EDGE('',*,*,#1097,.T.);
#1667=ORIENTED_EDGE('',*,*,#1100,.T.);
#1668=ORIENTED_EDGE('',*,*,#1090,.T.);
#1669=ORIENTED_EDGE('',*,*,#1094,.T.);
#1670=ORIENTED_EDGE('',*,*,#1116,.T.);
#1671=ORIENTED_EDGE('',*,*,#1118,.T.);
#1672=ORIENTED_EDGE('',*,*,#1111,.T.);
#1673=ORIENTED_EDGE('',*,*,#1114,.T.);
#1674=ORIENTED_EDGE('',*,*,#1234,.F.);
#1675=ORIENTED_EDGE('',*,*,#1231,.F.);
#1676=ORIENTED_EDGE('',*,*,#1242,.F.);
#1677=ORIENTED_EDGE('',*,*,#1243,.F.);
#1678=ORIENTED_EDGE('',*,*,#1244,.F.);
#1679=ORIENTED_EDGE('',*,*,#1245,.F.);
#1680=ORIENTED_EDGE('',*,*,#1240,.F.);
#1681=ORIENTED_EDGE('',*,*,#1237,.F.);
#1682=ORIENTED_EDGE('',*,*,#1206,.T.);
#1683=ORIENTED_EDGE('',*,*,#1208,.T.);
#1684=ORIENTED_EDGE('',*,*,#1197,.T.);
#1685=ORIENTED_EDGE('',*,*,#1201,.T.);
#1686=ORIENTED_EDGE('',*,*,#1222,.T.);
#1687=ORIENTED_EDGE('',*,*,#1225,.T.);
#1688=ORIENTED_EDGE('',*,*,#1227,.T.);
#1689=ORIENTED_EDGE('',*,*,#1228,.T.);
#1690=ORIENTED_EDGE('',*,*,#1246,.F.);
#1691=ORIENTED_EDGE('',*,*,#1247,.F.);
#1692=ORIENTED_EDGE('',*,*,#1243,.T.);
#1693=ORIENTED_EDGE('',*,*,#1248,.T.);
#1694=ORIENTED_EDGE('',*,*,#1249,.F.);
#1695=ORIENTED_EDGE('',*,*,#1241,.F.);
#1696=ORIENTED_EDGE('',*,*,#1245,.T.);
#1697=ORIENTED_EDGE('',*,*,#1250,.T.);
#1698=ORIENTED_EDGE('',*,*,#1251,.F.);
#1699=ORIENTED_EDGE('',*,*,#1248,.F.);
#1700=ORIENTED_EDGE('',*,*,#1242,.T.);
#1701=ORIENTED_EDGE('',*,*,#1230,.T.);
#1702=ORIENTED_EDGE('',*,*,#1058,.T.);
#1703=ORIENTED_EDGE('',*,*,#1061,.T.);
#1704=ORIENTED_EDGE('',*,*,#1051,.T.);
#1705=ORIENTED_EDGE('',*,*,#1055,.T.);
#1706=ORIENTED_EDGE('',*,*,#1252,.F.);
#1707=ORIENTED_EDGE('',*,*,#1250,.F.);
#1708=ORIENTED_EDGE('',*,*,#1244,.T.);
#1709=ORIENTED_EDGE('',*,*,#1247,.T.);
#1710=ORIENTED_EDGE('',*,*,#1126,.T.);
#1711=ORIENTED_EDGE('',*,*,#1129,.T.);
#1712=ORIENTED_EDGE('',*,*,#1119,.T.);
#1713=ORIENTED_EDGE('',*,*,#1123,.T.);
#1714=ORIENTED_EDGE('',*,*,#1139,.T.);
#1715=ORIENTED_EDGE('',*,*,#1145,.T.);
#1716=ORIENTED_EDGE('',*,*,#1137,.T.);
#1717=ORIENTED_EDGE('',*,*,#1143,.T.);
#1718=ORIENTED_EDGE('',*,*,#1154,.T.);
#1719=ORIENTED_EDGE('',*,*,#1160,.T.);
#1720=ORIENTED_EDGE('',*,*,#1152,.T.);
#1721=ORIENTED_EDGE('',*,*,#1158,.T.);
#1722=ORIENTED_EDGE('',*,*,#1185,.T.);
#1723=ORIENTED_EDGE('',*,*,#1182,.T.);
#1724=ORIENTED_EDGE('',*,*,#1184,.T.);
#1725=ORIENTED_EDGE('',*,*,#1187,.T.);
#1726=ORIENTED_EDGE('',*,*,#1194,.T.);
#1727=ORIENTED_EDGE('',*,*,#1191,.T.);
#1728=ORIENTED_EDGE('',*,*,#1193,.T.);
#1729=ORIENTED_EDGE('',*,*,#1196,.T.);
#1730=ORIENTED_EDGE('',*,*,#1027,.F.);
#1731=ORIENTED_EDGE('',*,*,#1253,.T.);
#1732=ORIENTED_EDGE('',*,*,#1254,.F.);
#1733=ORIENTED_EDGE('',*,*,#1045,.F.);
#1734=ORIENTED_EDGE('',*,*,#1022,.F.);
#1735=ORIENTED_EDGE('',*,*,#1255,.T.);
#1736=ORIENTED_EDGE('',*,*,#1256,.F.);
#1737=ORIENTED_EDGE('',*,*,#1257,.F.);
#1738=ORIENTED_EDGE('',*,*,#1258,.T.);
#1739=ORIENTED_EDGE('',*,*,#1256,.T.);
#1740=ORIENTED_EDGE('',*,*,#1259,.T.);
#1741=ORIENTED_EDGE('',*,*,#1029,.T.);
#1742=ORIENTED_EDGE('',*,*,#1032,.T.);
#1743=ORIENTED_EDGE('',*,*,#1044,.T.);
#1744=ORIENTED_EDGE('',*,*,#1046,.T.);
#1745=ORIENTED_EDGE('',*,*,#1254,.T.);
#1746=ORIENTED_EDGE('',*,*,#1249,.T.);
#1747=ORIENTED_EDGE('',*,*,#1252,.T.);
#1748=ORIENTED_EDGE('',*,*,#1246,.T.);
#1749=ORIENTED_EDGE('',*,*,#1251,.T.);
#1750=ORIENTED_EDGE('',*,*,#1229,.T.);
#1751=ORIENTED_EDGE('',*,*,#1233,.T.);
#1752=ORIENTED_EDGE('',*,*,#1236,.T.);
#1753=ORIENTED_EDGE('',*,*,#1239,.T.);
#1754=ORIENTED_EDGE('',*,*,#1025,.F.);
#1755=ORIENTED_EDGE('',*,*,#1257,.T.);
#1756=ORIENTED_EDGE('',*,*,#1258,.F.);
#1757=ORIENTED_EDGE('',*,*,#1253,.F.);
#1758=ORIENTED_EDGE('',*,*,#1059,.T.);
#1759=ORIENTED_EDGE('',*,*,#1056,.T.);
#1760=ORIENTED_EDGE('',*,*,#1053,.T.);
#1761=ORIENTED_EDGE('',*,*,#1062,.T.);
#1762=ORIENTED_EDGE('',*,*,#1019,.F.);
#1763=ORIENTED_EDGE('',*,*,#1030,.T.);
#1764=ORIENTED_EDGE('',*,*,#1259,.F.);
#1765=ORIENTED_EDGE('',*,*,#1255,.F.);
#1766=ORIENTED_EDGE('',*,*,#1127,.T.);
#1767=ORIENTED_EDGE('',*,*,#1124,.T.);
#1768=ORIENTED_EDGE('',*,*,#1121,.T.);
#1769=ORIENTED_EDGE('',*,*,#1130,.T.);
#1770=ORIENTED_EDGE('',*,*,#1131,.T.);
#1771=ORIENTED_EDGE('',*,*,#1146,.T.);
#1772=CYLINDRICAL_SURFACE('',#1915,1.2);
#1773=CYLINDRICAL_SURFACE('',#1922,1.2);
#1774=CYLINDRICAL_SURFACE('',#1928,1.2);
#1775=CYLINDRICAL_SURFACE('',#1934,1.2);
#1776=CYLINDRICAL_SURFACE('',#1939,5.);
#1777=CYLINDRICAL_SURFACE('',#1942,5.);
#1778=CYLINDRICAL_SURFACE('',#1978,2.);
#1779=CYLINDRICAL_SURFACE('',#1987,2.);
#1780=CYLINDRICAL_SURFACE('',#1996,1.05);
#1781=CYLINDRICAL_SURFACE('',#2002,3.5);
#1782=CYLINDRICAL_SURFACE('',#2005,1.05);
#1783=CYLINDRICAL_SURFACE('',#2011,3.5);
#1784=CYLINDRICAL_SURFACE('',#2014,1.05);
#1785=CYLINDRICAL_SURFACE('',#2020,3.5);
#1786=CYLINDRICAL_SURFACE('',#2023,1.05);
#1787=CYLINDRICAL_SURFACE('',#2029,3.5);
#1788=CYLINDRICAL_SURFACE('',#2046,3.);
#1789=CYLINDRICAL_SURFACE('',#2050,3.);
#1790=CYLINDRICAL_SURFACE('',#2057,3.);
#1791=CYLINDRICAL_SURFACE('',#2059,3.);
#1792=CYLINDRICAL_SURFACE('',#2063,5.);
#1793=CYLINDRICAL_SURFACE('',#2065,5.);
#1794=ADVANCED_FACE('',(#129),#1772,.T.);
#1795=ADVANCED_FACE('',(#130),#125,.T.);
#1796=ADVANCED_FACE('',(#131),#1773,.T.);
#1797=ADVANCED_FACE('',(#132),#126,.T.);
#1798=ADVANCED_FACE('',(#133),#1774,.T.);
#1799=ADVANCED_FACE('',(#134),#127,.T.);
#1800=ADVANCED_FACE('',(#135),#1775,.T.);
#1801=ADVANCED_FACE('',(#136),#128,.T.);
#1802=ADVANCED_FACE('',(#137),#1776,.T.);
#1803=ADVANCED_FACE('',(#138,#15,#16),#44,.F.);
#1804=ADVANCED_FACE('',(#139),#1777,.T.);
#1805=ADVANCED_FACE('',(#140),#45,.F.);
#1806=ADVANCED_FACE('',(#141,#17),#46,.T.);
#1807=ADVANCED_FACE('',(#142),#47,.F.);
#1808=ADVANCED_FACE('',(#143),#48,.T.);
#1809=ADVANCED_FACE('',(#144),#49,.T.);
#1810=ADVANCED_FACE('',(#145),#50,.T.);
#1811=ADVANCED_FACE('',(#146),#51,.F.);
#1812=ADVANCED_FACE('',(#147),#52,.T.);
#1813=ADVANCED_FACE('',(#148),#53,.T.);
#1814=ADVANCED_FACE('',(#149),#54,.T.);
#1815=ADVANCED_FACE('',(#150,#18),#55,.T.);
#1816=ADVANCED_FACE('',(#151),#56,.F.);
#1817=ADVANCED_FACE('',(#152),#57,.T.);
#1818=ADVANCED_FACE('',(#153),#58,.T.);
#1819=ADVANCED_FACE('',(#154),#59,.T.);
#1820=ADVANCED_FACE('',(#155),#60,.T.);
#1821=ADVANCED_FACE('',(#156),#61,.T.);
#1822=ADVANCED_FACE('',(#157),#62,.T.);
#1823=ADVANCED_FACE('',(#158),#63,.F.);
#1824=ADVANCED_FACE('',(#159),#64,.T.);
#1825=ADVANCED_FACE('',(#160),#65,.T.);
#1826=ADVANCED_FACE('',(#161),#66,.T.);
#1827=ADVANCED_FACE('',(#162),#67,.F.);
#1828=ADVANCED_FACE('',(#163),#68,.T.);
#1829=ADVANCED_FACE('',(#164),#69,.T.);
#1830=ADVANCED_FACE('',(#165,#19,#20),#70,.T.);
#1831=ADVANCED_FACE('',(#166),#71,.F.);
#1832=ADVANCED_FACE('',(#167),#72,.T.);
#1833=ADVANCED_FACE('',(#168),#73,.T.);
#1834=ADVANCED_FACE('',(#169),#74,.T.);
#1835=ADVANCED_FACE('',(#170),#75,.F.);
#1836=ADVANCED_FACE('',(#171),#76,.T.);
#1837=ADVANCED_FACE('',(#172),#77,.T.);
#1838=ADVANCED_FACE('',(#173),#78,.T.);
#1839=ADVANCED_FACE('',(#174),#1778,.F.);
#1840=ADVANCED_FACE('',(#175),#79,.F.);
#1841=ADVANCED_FACE('',(#176),#80,.T.);
#1842=ADVANCED_FACE('',(#177),#81,.F.);
#1843=ADVANCED_FACE('',(#178),#82,.F.);
#1844=ADVANCED_FACE('',(#179),#83,.F.);
#1845=ADVANCED_FACE('',(#180),#84,.F.);
#1846=ADVANCED_FACE('',(#181),#1779,.F.);
#1847=ADVANCED_FACE('',(#182),#85,.F.);
#1848=ADVANCED_FACE('',(#183),#86,.T.);
#1849=ADVANCED_FACE('',(#184),#87,.F.);
#1850=ADVANCED_FACE('',(#185),#88,.F.);
#1851=ADVANCED_FACE('',(#186),#89,.F.);
#1852=ADVANCED_FACE('',(#187),#90,.F.);
#1853=ADVANCED_FACE('',(#188),#1780,.F.);
#1854=ADVANCED_FACE('',(#189),#91,.F.);
#1855=ADVANCED_FACE('',(#190),#92,.T.);
#1856=ADVANCED_FACE('',(#191),#1781,.T.);
#1857=ADVANCED_FACE('',(#192,#21),#93,.T.);
#1858=ADVANCED_FACE('',(#193),#1782,.F.);
#1859=ADVANCED_FACE('',(#194),#94,.F.);
#1860=ADVANCED_FACE('',(#195),#95,.T.);
#1861=ADVANCED_FACE('',(#196),#1783,.T.);
#1862=ADVANCED_FACE('',(#197,#22),#96,.T.);
#1863=ADVANCED_FACE('',(#198),#1784,.F.);
#1864=ADVANCED_FACE('',(#199),#97,.F.);
#1865=ADVANCED_FACE('',(#200),#98,.T.);
#1866=ADVANCED_FACE('',(#201),#1785,.T.);
#1867=ADVANCED_FACE('',(#202,#23),#99,.T.);
#1868=ADVANCED_FACE('',(#203),#1786,.F.);
#1869=ADVANCED_FACE('',(#204),#100,.F.);
#1870=ADVANCED_FACE('',(#205),#101,.T.);
#1871=ADVANCED_FACE('',(#206),#1787,.T.);
#1872=ADVANCED_FACE('',(#207,#24),#102,.T.);
#1873=ADVANCED_FACE('',(#208),#103,.T.);
#1874=ADVANCED_FACE('',(#209),#104,.T.);
#1875=ADVANCED_FACE('',(#210),#105,.F.);
#1876=ADVANCED_FACE('',(#211),#106,.T.);
#1877=ADVANCED_FACE('',(#212),#107,.T.);
#1878=ADVANCED_FACE('',(#213),#108,.T.);
#1879=ADVANCED_FACE('',(#214),#109,.T.);
#1880=ADVANCED_FACE('',(#215,#25),#110,.T.);
#1881=ADVANCED_FACE('',(#216),#111,.T.);
#1882=ADVANCED_FACE('',(#217),#112,.T.);
#1883=ADVANCED_FACE('',(#218),#113,.T.);
#1884=ADVANCED_FACE('',(#219),#114,.T.);
#1885=ADVANCED_FACE('',(#220),#115,.T.);
#1886=ADVANCED_FACE('',(#221),#116,.T.);
#1887=ADVANCED_FACE('',(#222),#1788,.F.);
#1888=ADVANCED_FACE('',(#223,#26,#27),#117,.T.);
#1889=ADVANCED_FACE('',(#224),#1789,.F.);
#1890=ADVANCED_FACE('',(#225,#28,#29,#30),#118,.T.);
#1891=ADVANCED_FACE('',(#226,#31,#32),#119,.F.);
#1892=ADVANCED_FACE('',(#227),#1790,.F.);
#1893=ADVANCED_FACE('',(#228),#1791,.F.);
#1894=ADVANCED_FACE('',(#229,#33),#120,.T.);
#1895=ADVANCED_FACE('',(#230,#34,#35,#36,#37,#38),#121,.T.);
#1896=ADVANCED_FACE('',(#231),#1792,.T.);
#1897=ADVANCED_FACE('',(#232),#1793,.T.);
#1898=ADVANCED_FACE('',(#233,#39),#122,.F.);
#1899=ADVANCED_FACE('',(#234,#40),#123,.F.);
#1900=ADVANCED_FACE('',(#235,#41,#42,#43),#124,.F.);
#1901=CLOSED_SHELL('',(#1794,#1795,#1796,#1797,#1798,#1799,#1800,#1801,
#1802,#1803,#1804,#1805,#1806,#1807,#1808,#1809,#1810,#1811,#1812,#1813,
#1814,#1815,#1816,#1817,#1818,#1819,#1820,#1821,#1822,#1823,#1824,#1825,
#1826,#1827,#1828,#1829,#1830,#1831,#1832,#1833,#1834,#1835,#1836,#1837,
#1838,#1839,#1840,#1841,#1842,#1843,#1844,#1845,#1846,#1847,#1848,#1849,
#1850,#1851,#1852,#1853,#1854,#1855,#1856,#1857,#1858,#1859,#1860,#1861,
#1862,#1863,#1864,#1865,#1866,#1867,#1868,#1869,#1870,#1871,#1872,#1873,
#1874,#1875,#1876,#1877,#1878,#1879,#1880,#1881,#1882,#1883,#1884,#1885,
#1886,#1887,#1888,#1889,#1890,#1891,#1892,#1893,#1894,#1895,#1896,#1897,
#1898,#1899,#1900));
#1902=DERIVED_UNIT_ELEMENT(#1904,1.);
#1903=DERIVED_UNIT_ELEMENT(#3127,-3.);
#1904=(
MASS_UNIT()
NAMED_UNIT(*)
SI_UNIT(.KILO.,.GRAM.)
);
#1905=DERIVED_UNIT((#1902,#1903));
#1906=MEASURE_REPRESENTATION_ITEM('density measure',
POSITIVE_RATIO_MEASURE(7850.),#1905);
#1907=PROPERTY_DEFINITION_REPRESENTATION(#1912,#1909);
#1908=PROPERTY_DEFINITION_REPRESENTATION(#1913,#1910);
#1909=REPRESENTATION('material name',(#1911),#3124);
#1910=REPRESENTATION('density',(#1906),#3124);
#1911=DESCRIPTIVE_REPRESENTATION_ITEM('Steel','Steel');
#1912=PROPERTY_DEFINITION('material property','material name',#3134);
#1913=PROPERTY_DEFINITION('material property','density of part',#3134);
#1914=AXIS2_PLACEMENT_3D('',#2590,#2070,#2071);
#1915=AXIS2_PLACEMENT_3D('',#2591,#2072,#2073);
#1916=AXIS2_PLACEMENT_3D('',#2594,#2074,#2075);
#1917=AXIS2_PLACEMENT_3D('',#2598,#2077,#2078);
#1918=AXIS2_PLACEMENT_3D('',#2600,#2080,#2081);
#1919=AXIS2_PLACEMENT_3D('',#2603,#2082,#2083);
#1920=AXIS2_PLACEMENT_3D('',#2604,#2084,#2085);
#1921=AXIS2_PLACEMENT_3D('',#2605,#2086,#2087);
#1922=AXIS2_PLACEMENT_3D('',#2606,#2088,#2089);
#1923=AXIS2_PLACEMENT_3D('',#2609,#2090,#2091);
#1924=AXIS2_PLACEMENT_3D('',#2612,#2094,#2095);
#1925=AXIS2_PLACEMENT_3D('',#2615,#2096,#2097);
#1926=AXIS2_PLACEMENT_3D('',#2616,#2098,#2099);
#1927=AXIS2_PLACEMENT_3D('',#2617,#2100,#2101);
#1928=AXIS2_PLACEMENT_3D('',#2618,#2102,#2103);
#1929=AXIS2_PLACEMENT_3D('',#2621,#2104,#2105);
#1930=AXIS2_PLACEMENT_3D('',#2624,#2108,#2109);
#1931=AXIS2_PLACEMENT_3D('',#2627,#2110,#2111);
#1932=AXIS2_PLACEMENT_3D('',#2628,#2112,#2113);
#1933=AXIS2_PLACEMENT_3D('',#2629,#2114,#2115);
#1934=AXIS2_PLACEMENT_3D('',#2630,#2116,#2117);
#1935=AXIS2_PLACEMENT_3D('',#2633,#2118,#2119);
#1936=AXIS2_PLACEMENT_3D('',#2636,#2122,#2123);
#1937=AXIS2_PLACEMENT_3D('',#2637,#2124,#2125);
#1938=AXIS2_PLACEMENT_3D('',#2638,#2126,#2127);
#1939=AXIS2_PLACEMENT_3D('',#2639,#2128,#2129);
#1940=AXIS2_PLACEMENT_3D('',#2643,#2131,#2132);
#1941=AXIS2_PLACEMENT_3D('',#2645,#2134,#2135);
#1942=AXIS2_PLACEMENT_3D('',#2669,#2148,#2149);
#1943=AXIS2_PLACEMENT_3D('',#2672,#2151,#2152);
#1944=AXIS2_PLACEMENT_3D('',#2673,#2153,#2154);
#1945=AXIS2_PLACEMENT_3D('',#2677,#2157,#2158);
#1946=AXIS2_PLACEMENT_3D('',#2686,#2163,#2164);
#1947=AXIS2_PLACEMENT_3D('',#2695,#2169,#2170);
#1948=AXIS2_PLACEMENT_3D('',#2701,#2174,#2175);
#1949=AXIS2_PLACEMENT_3D('',#2707,#2179,#2180);
#1950=AXIS2_PLACEMENT_3D('',#2710,#2183,#2184);
#1951=AXIS2_PLACEMENT_3D('',#2716,#2188,#2189);
#1952=AXIS2_PLACEMENT_3D('',#2720,#2192,#2193);
#1953=AXIS2_PLACEMENT_3D('',#2724,#2196,#2197);
#1954=AXIS2_PLACEMENT_3D('',#2726,#2199,#2200);
#1955=AXIS2_PLACEMENT_3D('',#2735,#2205,#2206);
#1956=AXIS2_PLACEMENT_3D('',#2741,#2210,#2211);
#1957=AXIS2_PLACEMENT_3D('',#2745,#2214,#2215);
#1958=AXIS2_PLACEMENT_3D('',#2749,#2218,#2219);
#1959=AXIS2_PLACEMENT_3D('',#2751,#2221,#2222);
#1960=AXIS2_PLACEMENT_3D('',#2757,#2226,#2227);
#1961=AXIS2_PLACEMENT_3D('',#2761,#2230,#2231);
#1962=AXIS2_PLACEMENT_3D('',#2765,#2234,#2235);
#1963=AXIS2_PLACEMENT_3D('',#2774,#2240,#2241);
#1964=AXIS2_PLACEMENT_3D('',#2780,#2245,#2246);
#1965=AXIS2_PLACEMENT_3D('',#2786,#2250,#2251);
#1966=AXIS2_PLACEMENT_3D('',#2789,#2254,#2255);
#1967=AXIS2_PLACEMENT_3D('',#2793,#2258,#2259);
#1968=AXIS2_PLACEMENT_3D('',#2797,#2262,#2263);
#1969=AXIS2_PLACEMENT_3D('',#2799,#2265,#2266);
#1970=AXIS2_PLACEMENT_3D('',#2808,#2271,#2272);
#1971=AXIS2_PLACEMENT_3D('',#2814,#2276,#2277);
#1972=AXIS2_PLACEMENT_3D('',#2818,#2280,#2281);
#1973=AXIS2_PLACEMENT_3D('',#2822,#2284,#2285);
#1974=AXIS2_PLACEMENT_3D('',#2824,#2287,#2288);
#1975=AXIS2_PLACEMENT_3D('',#2833,#2293,#2294);
#1976=AXIS2_PLACEMENT_3D('',#2839,#2298,#2299);
#1977=AXIS2_PLACEMENT_3D('',#2845,#2303,#2304);
#1978=AXIS2_PLACEMENT_3D('',#2848,#2307,#2308);
#1979=AXIS2_PLACEMENT_3D('',#2850,#2309,#2310);
#1980=AXIS2_PLACEMENT_3D('',#2853,#2312,#2313);
#1981=AXIS2_PLACEMENT_3D('',#2854,#2314,#2315);
#1982=AXIS2_PLACEMENT_3D('',#2855,#2316,#2317);
#1983=AXIS2_PLACEMENT_3D('',#2864,#2322,#2323);
#1984=AXIS2_PLACEMENT_3D('',#2873,#2328,#2329);
#1985=AXIS2_PLACEMENT_3D('',#2876,#2332,#2333);
#1986=AXIS2_PLACEMENT_3D('',#2878,#2335,#2336);
#1987=AXIS2_PLACEMENT_3D('',#2880,#2338,#2339);
#1988=AXIS2_PLACEMENT_3D('',#2882,#2340,#2341);
#1989=AXIS2_PLACEMENT_3D('',#2885,#2343,#2344);
#1990=AXIS2_PLACEMENT_3D('',#2886,#2345,#2346);
#1991=AXIS2_PLACEMENT_3D('',#2887,#2347,#2348);
#1992=AXIS2_PLACEMENT_3D('',#2896,#2353,#2354);
#1993=AXIS2_PLACEMENT_3D('',#2905,#2359,#2360);
#1994=AXIS2_PLACEMENT_3D('',#2908,#2363,#2364);
#1995=AXIS2_PLACEMENT_3D('',#2910,#2366,#2367);
#1996=AXIS2_PLACEMENT_3D('',#2912,#2369,#2370);
#1997=AXIS2_PLACEMENT_3D('',#2914,#2371,#2372);
#1998=AXIS2_PLACEMENT_3D('',#2917,#2374,#2375);
#1999=AXIS2_PLACEMENT_3D('',#2918,#2376,#2377);
#2000=AXIS2_PLACEMENT_3D('',#2919,#2378,#2379);
#2001=AXIS2_PLACEMENT_3D('',#2923,#2381,#2382);
#2002=AXIS2_PLACEMENT_3D('',#2924,#2383,#2384);
#2003=AXIS2_PLACEMENT_3D('',#2929,#2387,#2388);
#2004=AXIS2_PLACEMENT_3D('',#2930,#2389,#2390);
#2005=AXIS2_PLACEMENT_3D('',#2932,#2392,#2393);
#2006=AXIS2_PLACEMENT_3D('',#2934,#2394,#2395);
#2007=AXIS2_PLACEMENT_3D('',#2937,#2397,#2398);
#2008=AXIS2_PLACEMENT_3D('',#2938,#2399,#2400);
#2009=AXIS2_PLACEMENT_3D('',#2939,#2401,#2402);
#2010=AXIS2_PLACEMENT_3D('',#2943,#2404,#2405);
#2011=AXIS2_PLACEMENT_3D('',#2944,#2406,#2407);
#2012=AXIS2_PLACEMENT_3D('',#2949,#2410,#2411);
#2013=AXIS2_PLACEMENT_3D('',#2950,#2412,#2413);
#2014=AXIS2_PLACEMENT_3D('',#2952,#2415,#2416);
#2015=AXIS2_PLACEMENT_3D('',#2954,#2417,#2418);
#2016=AXIS2_PLACEMENT_3D('',#2957,#2420,#2421);
#2017=AXIS2_PLACEMENT_3D('',#2958,#2422,#2423);
#2018=AXIS2_PLACEMENT_3D('',#2959,#2424,#2425);
#2019=AXIS2_PLACEMENT_3D('',#2963,#2427,#2428);
#2020=AXIS2_PLACEMENT_3D('',#2964,#2429,#2430);
#2021=AXIS2_PLACEMENT_3D('',#2969,#2433,#2434);
#2022=AXIS2_PLACEMENT_3D('',#2970,#2435,#2436);
#2023=AXIS2_PLACEMENT_3D('',#2972,#2438,#2439);
#2024=AXIS2_PLACEMENT_3D('',#2974,#2440,#2441);
#2025=AXIS2_PLACEMENT_3D('',#2977,#2443,#2444);
#2026=AXIS2_PLACEMENT_3D('',#2978,#2445,#2446);
#2027=AXIS2_PLACEMENT_3D('',#2979,#2447,#2448);
#2028=AXIS2_PLACEMENT_3D('',#2983,#2450,#2451);
#2029=AXIS2_PLACEMENT_3D('',#2984,#2452,#2453);
#2030=AXIS2_PLACEMENT_3D('',#2989,#2456,#2457);
#2031=AXIS2_PLACEMENT_3D('',#2990,#2458,#2459);
#2032=AXIS2_PLACEMENT_3D('',#2992,#2461,#2462);
#2033=AXIS2_PLACEMENT_3D('',#3001,#2467,#2468);
#2034=AXIS2_PLACEMENT_3D('',#3007,#2472,#2473);
#2035=AXIS2_PLACEMENT_3D('',#3011,#2476,#2477);
#2036=AXIS2_PLACEMENT_3D('',#3015,#2480,#2481);
#2037=AXIS2_PLACEMENT_3D('',#3017,#2483,#2484);
#2038=AXIS2_PLACEMENT_3D('',#3023,#2488,#2489);
#2039=AXIS2_PLACEMENT_3D('',#3027,#2492,#2493);
#2040=AXIS2_PLACEMENT_3D('',#3039,#2500,#2501);
#2041=AXIS2_PLACEMENT_3D('',#3041,#2503,#2504);
#2042=AXIS2_PLACEMENT_3D('',#3042,#2505,#2506);
#2043=AXIS2_PLACEMENT_3D('',#3048,#2510,#2511);
#2044=AXIS2_PLACEMENT_3D('',#3052,#2514,#2515);
#2045=AXIS2_PLACEMENT_3D('',#3056,#2518,#2519);
#2046=AXIS2_PLACEMENT_3D('',#3058,#2521,#2522);
#2047=AXIS2_PLACEMENT_3D('',#3061,#2523,#2524);
#2048=AXIS2_PLACEMENT_3D('',#3065,#2526,#2527);
#2049=AXIS2_PLACEMENT_3D('',#3067,#2529,#2530);
#2050=AXIS2_PLACEMENT_3D('',#3073,#2534,#2535);
#2051=AXIS2_PLACEMENT_3D('',#3075,#2536,#2537);
#2052=AXIS2_PLACEMENT_3D('',#3077,#2538,#2539);
#2053=AXIS2_PLACEMENT_3D('',#3079,#2541,#2542);
#2054=AXIS2_PLACEMENT_3D('',#3085,#2546,#2547);
#2055=AXIS2_PLACEMENT_3D('',#3089,#2549,#2550);
#2056=AXIS2_PLACEMENT_3D('',#3092,#2552,#2553);
#2057=AXIS2_PLACEMENT_3D('',#3093,#2554,#2555);
#2058=AXIS2_PLACEMENT_3D('',#3096,#2556,#2557);
#2059=AXIS2_PLACEMENT_3D('',#3099,#2560,#2561);
#2060=AXIS2_PLACEMENT_3D('',#3101,#2562,#2563);
#2061=AXIS2_PLACEMENT_3D('',#3103,#2565,#2566);
#2062=AXIS2_PLACEMENT_3D('',#3105,#2568,#2569);
#2063=AXIS2_PLACEMENT_3D('',#3107,#2571,#2572);
#2064=AXIS2_PLACEMENT_3D('',#3110,#2574,#2575);
#2065=AXIS2_PLACEMENT_3D('',#3111,#2576,#2577);
#2066=AXIS2_PLACEMENT_3D('',#3115,#2579,#2580);
#2067=AXIS2_PLACEMENT_3D('',#3117,#2582,#2583);
#2068=AXIS2_PLACEMENT_3D('',#3120,#2586,#2587);
#2069=AXIS2_PLACEMENT_3D('',#3121,#2588,#2589);
#2070=DIRECTION('axis',(0.,0.,1.));
#2071=DIRECTION('refdir',(1.,0.,0.));
#2072=DIRECTION('center_axis',(-1.,0.,0.));
#2073=DIRECTION('ref_axis',(0.,-0.70710678118655,0.707106781186545));
#2074=DIRECTION('center_axis',(-1.,0.,0.));
#2075=DIRECTION('ref_axis',(0.,-1.,0.));
#2076=DIRECTION('',(-1.,0.,0.));
#2077=DIRECTION('center_axis',(1.,0.,0.));
#2078=DIRECTION('ref_axis',(0.,0.,1.));
#2079=DIRECTION('',(1.,0.,0.));
#2080=DIRECTION('center_axis',(0.,-1.,0.));
#2081=DIRECTION('ref_axis',(0.,0.,-1.));
#2082=DIRECTION('center_axis',(0.,0.,1.));
#2083=DIRECTION('ref_axis',(-1.,0.,0.));
#2084=DIRECTION('center_axis',(0.,1.,0.));
#2085=DIRECTION('ref_axis',(-0.707106781186547,0.,0.707106781186548));
#2086=DIRECTION('center_axis',(0.,-1.,0.));
#2087=DIRECTION('ref_axis',(-0.707106781186547,0.,0.707106781186548));
#2088=DIRECTION('center_axis',(0.,0.,-1.));
#2089=DIRECTION('ref_axis',(-0.707106781186548,-0.707106781186547,0.));
#2090=DIRECTION('center_axis',(0.,0.,1.));
#2091=DIRECTION('ref_axis',(-1.,0.,0.));
#2092=DIRECTION('',(0.,0.,1.));
#2093=DIRECTION('',(0.,0.,-1.));
#2094=DIRECTION('center_axis',(0.,-1.,0.));
#2095=DIRECTION('ref_axis',(0.,0.,-1.));
#2096=DIRECTION('center_axis',(-1.,0.,9.25185853854295E-16));
#2097=DIRECTION('ref_axis',(-9.25185853854295E-16,0.,-1.));
#2098=DIRECTION('center_axis',(0.,1.,0.));
#2099=DIRECTION('ref_axis',(-0.707106781186548,0.,-0.707106781186547));
#2100=DIRECTION('center_axis',(0.,-1.,0.));
#2101=DIRECTION('ref_axis',(-0.707106781186548,0.,-0.707106781186547));
#2102=DIRECTION('center_axis',(1.,0.,0.));
#2103=DIRECTION('ref_axis',(0.,-0.707106781186547,-0.707106781186548));
#2104=DIRECTION('center_axis',(-1.,0.,0.));
#2105=DIRECTION('ref_axis',(0.,0.,-1.));
#2106=DIRECTION('',(-1.,0.,0.));
#2107=DIRECTION('',(1.,0.,0.));
#2108=DIRECTION('center_axis',(0.,-1.,0.));
#2109=DIRECTION('ref_axis',(0.,0.,-1.));
#2110=DIRECTION('center_axis',(-4.62592926927145E-16,0.,-1.));
#2111=DIRECTION('ref_axis',(1.,0.,-4.62592926927145E-16));
#2112=DIRECTION('center_axis',(0.,1.,0.));
#2113=DIRECTION('ref_axis',(0.707106781186549,0.,-0.707106781186546));
#2114=DIRECTION('center_axis',(0.,-1.,0.));
#2115=DIRECTION('ref_axis',(0.707106781186549,0.,-0.707106781186546));
#2116=DIRECTION('center_axis',(0.,0.,1.));
#2117=DIRECTION('ref_axis',(0.70710678118654,-0.707106781186555,0.));
#2118=DIRECTION('center_axis',(0.,0.,-1.));
#2119=DIRECTION('ref_axis',(1.,0.,0.));
#2120=DIRECTION('',(0.,0.,-1.));
#2121=DIRECTION('',(0.,0.,1.));
#2122=DIRECTION('center_axis',(0.,-1.,0.));
#2123=DIRECTION('ref_axis',(0.,0.,-1.));
#2124=DIRECTION('center_axis',(0.,1.,0.));
#2125=DIRECTION('ref_axis',(0.707106781186549,0.,0.707106781186546));
#2126=DIRECTION('center_axis',(0.,-1.,0.));
#2127=DIRECTION('ref_axis',(0.707106781186549,0.,0.707106781186546));
#2128=DIRECTION('center_axis',(0.,-1.,0.));
#2129=DIRECTION('ref_axis',(1.,0.,0.));
#2130=DIRECTION('',(0.,1.,0.));
#2131=DIRECTION('center_axis',(0.,1.,0.));
#2132=DIRECTION('ref_axis',(1.,0.,0.));
#2133=DIRECTION('',(0.,1.,0.));
#2134=DIRECTION('center_axis',(1.,0.,0.));
#2135=DIRECTION('ref_axis',(0.,1.,0.));
#2136=DIRECTION('',(0.,1.,0.));
#2137=DIRECTION('',(0.,0.,1.));
#2138=DIRECTION('',(0.,0.,1.));
#2139=DIRECTION('',(0.,1.,0.));
#2140=DIRECTION('',(0.,0.,1.));
#2141=DIRECTION('',(0.,-1.,0.));
#2142=DIRECTION('',(0.,0.,-1.));
#2143=DIRECTION('',(0.,1.,0.));
#2144=DIRECTION('',(0.,0.,1.));
#2145=DIRECTION('',(0.,-1.,0.));
#2146=DIRECTION('',(0.,0.,-1.));
#2147=DIRECTION('',(0.,1.,0.));
#2148=DIRECTION('center_axis',(0.,-1.,0.));
#2149=DIRECTION('ref_axis',(1.,0.,0.));
#2150=DIRECTION('',(0.,1.,0.));
#2151=DIRECTION('center_axis',(0.,1.,0.));
#2152=DIRECTION('ref_axis',(1.,0.,0.));
#2153=DIRECTION('center_axis',(0.,0.,-1.));
#2154=DIRECTION('ref_axis',(0.,1.,0.));
#2155=DIRECTION('',(0.,1.,0.));
#2156=DIRECTION('',(1.,0.,0.));
#2157=DIRECTION('center_axis',(0.,-1.,0.));
#2158=DIRECTION('ref_axis',(1.,0.,0.));
#2159=DIRECTION('',(-1.,0.,0.));
#2160=DIRECTION('',(0.,0.,1.));
#2161=DIRECTION('',(1.,0.,0.));
#2162=DIRECTION('',(0.,0.,-1.));
#2163=DIRECTION('center_axis',(0.,-1.,0.));
#2164=DIRECTION('ref_axis',(1.,0.,0.));
#2165=DIRECTION('',(0.,0.,-1.));
#2166=DIRECTION('',(-1.,0.,0.));
#2167=DIRECTION('',(0.,0.,1.));
#2168=DIRECTION('',(1.,0.,0.));
#2169=DIRECTION('center_axis',(0.,0.,1.));
#2170=DIRECTION('ref_axis',(0.,-1.,0.));
#2171=DIRECTION('',(0.,1.,0.));
#2172=DIRECTION('',(0.,-1.,0.));
#2173=DIRECTION('',(-1.,0.,0.));
#2174=DIRECTION('center_axis',(0.,-1.,0.));
#2175=DIRECTION('ref_axis',(1.,0.,0.));
#2176=DIRECTION('',(0.,0.,1.));
#2177=DIRECTION('',(0.,0.,-1.));
#2178=DIRECTION('',(1.,0.,0.));
#2179=DIRECTION('center_axis',(0.,0.,-1.));
#2180=DIRECTION('ref_axis',(0.,1.,0.));
#2181=DIRECTION('',(0.,-1.,0.));
#2182=DIRECTION('',(0.,1.,0.));
#2183=DIRECTION('center_axis',(0.,-1.,0.));
#2184=DIRECTION('ref_axis',(1.,0.,0.));
#2185=DIRECTION('',(-1.,0.,0.));
#2186=DIRECTION('',(0.,0.,1.));
#2187=DIRECTION('',(1.,0.,0.));
#2188=DIRECTION('center_axis',(0.,0.,1.));
#2189=DIRECTION('ref_axis',(0.,-1.,0.));
#2190=DIRECTION('',(0.,1.,0.));
#2191=DIRECTION('',(-1.,0.,0.));
#2192=DIRECTION('center_axis',(0.,-1.,0.));
#2193=DIRECTION('ref_axis',(1.,0.,0.));
#2194=DIRECTION('',(0.,0.,-1.));
#2195=DIRECTION('',(1.,0.,0.));
#2196=DIRECTION('center_axis',(0.,0.,-1.));
#2197=DIRECTION('ref_axis',(0.,1.,0.));
#2198=DIRECTION('',(0.,1.,0.));
#2199=DIRECTION('center_axis',(-1.,0.,0.));
#2200=DIRECTION('ref_axis',(0.,-1.,0.));
#2201=DIRECTION('',(0.,0.,-1.));
#2202=DIRECTION('',(0.,1.,0.));
#2203=DIRECTION('',(0.,0.,1.));
#2204=DIRECTION('',(0.,1.,0.));
#2205=DIRECTION('center_axis',(0.,-1.,0.));
#2206=DIRECTION('ref_axis',(1.,0.,0.));
#2207=DIRECTION('',(0.,0.,1.));
#2208=DIRECTION('',(1.,0.,0.));
#2209=DIRECTION('',(-1.,0.,0.));
#2210=DIRECTION('center_axis',(0.,0.,-1.));
#2211=DIRECTION('ref_axis',(0.,1.,0.));
#2212=DIRECTION('',(0.,1.,0.));
#2213=DIRECTION('',(1.,0.,0.));
#2214=DIRECTION('center_axis',(0.,-1.,0.));
#2215=DIRECTION('ref_axis',(1.,0.,0.));
#2216=DIRECTION('',(0.,0.,-1.));
#2217=DIRECTION('',(-1.,0.,0.));
#2218=DIRECTION('center_axis',(0.,0.,1.));
#2219=DIRECTION('ref_axis',(0.,-1.,0.));
#2220=DIRECTION('',(0.,-1.,0.));
#2221=DIRECTION('center_axis',(0.,-1.,0.));
#2222=DIRECTION('ref_axis',(1.,0.,0.));
#2223=DIRECTION('',(-1.,0.,0.));
#2224=DIRECTION('',(0.,0.,-1.));
#2225=DIRECTION('',(1.,0.,0.));
#2226=DIRECTION('center_axis',(0.,0.,1.));
#2227=DIRECTION('ref_axis',(0.,-1.,0.));
#2228=DIRECTION('',(1.,0.,0.));
#2229=DIRECTION('',(0.,1.,0.));
#2230=DIRECTION('center_axis',(0.,0.,1.));
#2231=DIRECTION('ref_axis',(0.,-1.,0.));
#2232=DIRECTION('',(0.,1.,0.));
#2233=DIRECTION('',(-1.,0.,0.));
#2234=DIRECTION('center_axis',(0.,-1.,0.));
#2235=DIRECTION('ref_axis',(1.,0.,0.));
#2236=DIRECTION('',(0.,0.,1.));
#2237=DIRECTION('',(1.,0.,0.));
#2238=DIRECTION('',(0.,0.,-1.));
#2239=DIRECTION('',(-1.,0.,0.));
#2240=DIRECTION('center_axis',(0.,0.,-1.));
#2241=DIRECTION('ref_axis',(0.,1.,0.));
#2242=DIRECTION('',(0.,1.,0.));
#2243=DIRECTION('',(0.,1.,0.));
#2244=DIRECTION('',(1.,0.,0.));
#2245=DIRECTION('center_axis',(0.,-1.,0.));
#2246=DIRECTION('ref_axis',(1.,0.,0.));
#2247=DIRECTION('',(0.,0.,-1.));
#2248=DIRECTION('',(0.,0.,1.));
#2249=DIRECTION('',(-1.,0.,0.));
#2250=DIRECTION('center_axis',(0.,0.,1.));
#2251=DIRECTION('ref_axis',(0.,-1.,0.));
#2252=DIRECTION('',(0.,-1.,0.));
#2253=DIRECTION('',(0.,1.,0.));
#2254=DIRECTION('center_axis',(0.,-1.,0.));
#2255=DIRECTION('ref_axis',(1.,0.,0.));
#2256=DIRECTION('',(-1.,0.,0.));
#2257=DIRECTION('',(0.,0.,1.));
#2258=DIRECTION('center_axis',(0.,-1.,0.));
#2259=DIRECTION('ref_axis',(1.,0.,0.));
#2260=DIRECTION('',(0.,0.,-1.));
#2261=DIRECTION('',(1.,0.,0.));
#2262=DIRECTION('center_axis',(0.,0.,-1.));
#2263=DIRECTION('ref_axis',(0.,1.,0.));
#2264=DIRECTION('',(0.,1.,0.));
#2265=DIRECTION('center_axis',(-1.,0.,0.));
#2266=DIRECTION('ref_axis',(0.,-1.,0.));
#2267=DIRECTION('',(0.,1.,0.));
#2268=DIRECTION('',(0.,0.,1.));
#2269=DIRECTION('',(0.,1.,0.));
#2270=DIRECTION('',(0.,0.,-1.));
#2271=DIRECTION('center_axis',(0.,-1.,0.));
#2272=DIRECTION('ref_axis',(1.,0.,0.));
#2273=DIRECTION('',(0.,0.,1.));
#2274=DIRECTION('',(1.,0.,0.));
#2275=DIRECTION('',(-1.,0.,0.));
#2276=DIRECTION('center_axis',(0.,0.,-1.));
#2277=DIRECTION('ref_axis',(0.,1.,0.));
#2278=DIRECTION('',(0.,1.,0.));
#2279=DIRECTION('',(1.,0.,0.));
#2280=DIRECTION('center_axis',(0.,-1.,0.));
#2281=DIRECTION('ref_axis',(1.,0.,0.));
#2282=DIRECTION('',(0.,0.,-1.));
#2283=DIRECTION('',(-1.,0.,0.));
#2284=DIRECTION('center_axis',(0.,0.,1.));
#2285=DIRECTION('ref_axis',(0.,-1.,0.));
#2286=DIRECTION('',(0.,-1.,0.));
#2287=DIRECTION('center_axis',(0.,-1.,0.));
#2288=DIRECTION('ref_axis',(1.,0.,0.));
#2289=DIRECTION('',(-1.,0.,0.));
#2290=DIRECTION('',(0.,0.,1.));
#2291=DIRECTION('',(1.,0.,0.));
#2292=DIRECTION('',(0.,0.,-1.));
#2293=DIRECTION('center_axis',(1.,0.,0.));
#2294=DIRECTION('ref_axis',(0.,1.,0.));
#2295=DIRECTION('',(0.,1.,0.));
#2296=DIRECTION('',(0.,-1.,0.));
#2297=DIRECTION('',(0.,0.,1.));
#2298=DIRECTION('center_axis',(0.,-1.,0.));
#2299=DIRECTION('ref_axis',(1.,0.,0.));
#2300=DIRECTION('',(1.,0.,0.));
#2301=DIRECTION('',(-1.,0.,0.));
#2302=DIRECTION('',(0.,0.,-1.));
#2303=DIRECTION('center_axis',(-1.,0.,0.));
#2304=DIRECTION('ref_axis',(0.,-1.,0.));
#2305=DIRECTION('',(0.,-1.,0.));
#2306=DIRECTION('',(0.,1.,0.));
#2307=DIRECTION('center_axis',(0.,0.,1.));
#2308=DIRECTION('ref_axis',(1.,0.,0.));
#2309=DIRECTION('center_axis',(0.,0.,1.));
#2310=DIRECTION('ref_axis',(1.,0.,0.));
#2311=DIRECTION('',(0.,0.,1.));
#2312=DIRECTION('center_axis',(0.,0.,1.));
#2313=DIRECTION('ref_axis',(1.,0.,0.));
#2314=DIRECTION('center_axis',(0.,0.,1.));
#2315=DIRECTION('ref_axis',(1.,0.,0.));
#2316=DIRECTION('center_axis',(0.,-1.,0.));
#2317=DIRECTION('ref_axis',(1.,0.,0.));
#2318=DIRECTION('',(0.,0.,1.));
#2319=DIRECTION('',(-1.,0.,0.));
#2320=DIRECTION('',(0.,0.,-1.));
#2321=DIRECTION('',(-1.,0.,0.));
#2322=DIRECTION('center_axis',(0.,-1.,0.));
#2323=DIRECTION('ref_axis',(1.,0.,0.));
#2324=DIRECTION('',(0.,0.,-1.));
#2325=DIRECTION('',(1.,0.,0.));
#2326=DIRECTION('',(0.,0.,1.));
#2327=DIRECTION('',(1.,0.,0.));
#2328=DIRECTION('center_axis',(1.,0.,0.));
#2329=DIRECTION('ref_axis',(0.,1.,0.));
#2330=DIRECTION('',(0.,1.,0.));
#2331=DIRECTION('',(0.,1.,0.));
#2332=DIRECTION('center_axis',(0.,0.,-1.));
#2333=DIRECTION('ref_axis',(0.,1.,0.));
#2334=DIRECTION('',(0.,1.,0.));
#2335=DIRECTION('center_axis',(-1.,0.,0.));
#2336=DIRECTION('ref_axis',(0.,-1.,0.));
#2337=DIRECTION('',(0.,-1.,0.));
#2338=DIRECTION('center_axis',(0.,0.,1.));
#2339=DIRECTION('ref_axis',(1.,0.,0.));
#2340=DIRECTION('center_axis',(0.,0.,1.));
#2341=DIRECTION('ref_axis',(1.,0.,0.));
#2342=DIRECTION('',(0.,0.,1.));
#2343=DIRECTION('center_axis',(0.,0.,1.));
#2344=DIRECTION('ref_axis',(1.,0.,0.));
#2345=DIRECTION('center_axis',(0.,0.,1.));
#2346=DIRECTION('ref_axis',(1.,0.,0.));
#2347=DIRECTION('center_axis',(0.,-1.,0.));
#2348=DIRECTION('ref_axis',(1.,0.,0.));
#2349=DIRECTION('',(0.,0.,1.));
#2350=DIRECTION('',(-1.,0.,0.));
#2351=DIRECTION('',(0.,0.,-1.));
#2352=DIRECTION('',(-1.,0.,0.));
#2353=DIRECTION('center_axis',(0.,-1.,0.));
#2354=DIRECTION('ref_axis',(1.,0.,0.));
#2355=DIRECTION('',(0.,0.,-1.));
#2356=DIRECTION('',(1.,0.,0.));
#2357=DIRECTION('',(0.,0.,1.));
#2358=DIRECTION('',(1.,0.,0.));
#2359=DIRECTION('center_axis',(1.,0.,0.));
#2360=DIRECTION('ref_axis',(0.,1.,0.));
#2361=DIRECTION('',(0.,1.,0.));
#2362=DIRECTION('',(0.,1.,0.));
#2363=DIRECTION('center_axis',(0.,0.,-1.));
#2364=DIRECTION('ref_axis',(0.,1.,0.));
#2365=DIRECTION('',(0.,1.,0.));
#2366=DIRECTION('center_axis',(-1.,0.,0.));
#2367=DIRECTION('ref_axis',(0.,-1.,0.));
#2368=DIRECTION('',(0.,-1.,0.));
#2369=DIRECTION('center_axis',(0.,-1.,0.));
#2370=DIRECTION('ref_axis',(1.,0.,0.));
#2371=DIRECTION('center_axis',(0.,-1.,0.));
#2372=DIRECTION('ref_axis',(1.,0.,0.));
#2373=DIRECTION('',(0.,-1.,0.));
#2374=DIRECTION('center_axis',(0.,-1.,0.));
#2375=DIRECTION('ref_axis',(1.,0.,0.));
#2376=DIRECTION('center_axis',(0.,-1.,0.));
#2377=DIRECTION('ref_axis',(1.,0.,0.));
#2378=DIRECTION('center_axis',(0.,-1.,0.));
#2379=DIRECTION('ref_axis',(-1.,0.,0.));
#2380=DIRECTION('',(1.,0.,0.));
#2381=DIRECTION('center_axis',(0.,-1.,0.));
#2382=DIRECTION('ref_axis',(1.,0.,0.));
#2383=DIRECTION('center_axis',(0.,1.,0.));
#2384=DIRECTION('ref_axis',(6.12323399573677E-17,0.,-1.));
#2385=DIRECTION('',(0.,1.,0.));
#2386=DIRECTION('',(0.,-1.,0.));
#2387=DIRECTION('center_axis',(0.,1.,0.));
#2388=DIRECTION('ref_axis',(1.,0.,0.));
#2389=DIRECTION('center_axis',(0.,1.,0.));
#2390=DIRECTION('ref_axis',(1.,0.,0.));
#2391=DIRECTION('',(-1.,0.,0.));
#2392=DIRECTION('center_axis',(0.,-1.,0.));
#2393=DIRECTION('ref_axis',(1.,0.,0.));
#2394=DIRECTION('center_axis',(0.,-1.,0.));
#2395=DIRECTION('ref_axis',(1.,0.,0.));
#2396=DIRECTION('',(0.,-1.,0.));
#2397=DIRECTION('center_axis',(0.,-1.,0.));
#2398=DIRECTION('ref_axis',(1.,0.,0.));
#2399=DIRECTION('center_axis',(0.,-1.,0.));
#2400=DIRECTION('ref_axis',(1.,0.,0.));
#2401=DIRECTION('center_axis',(0.,-1.,0.));
#2402=DIRECTION('ref_axis',(-1.,0.,0.));
#2403=DIRECTION('',(1.,0.,0.));
#2404=DIRECTION('center_axis',(0.,-1.,0.));
#2405=DIRECTION('ref_axis',(1.,0.,0.));
#2406=DIRECTION('center_axis',(0.,1.,0.));
#2407=DIRECTION('ref_axis',(6.12323399573677E-17,0.,-1.));
#2408=DIRECTION('',(0.,1.,0.));
#2409=DIRECTION('',(0.,-1.,0.));
#2410=DIRECTION('center_axis',(0.,1.,0.));
#2411=DIRECTION('ref_axis',(1.,0.,0.));
#2412=DIRECTION('center_axis',(0.,1.,0.));
#2413=DIRECTION('ref_axis',(1.,0.,0.));
#2414=DIRECTION('',(-1.,0.,0.));
#2415=DIRECTION('center_axis',(0.,-1.,0.));
#2416=DIRECTION('ref_axis',(1.,0.,0.));
#2417=DIRECTION('center_axis',(0.,-1.,0.));
#2418=DIRECTION('ref_axis',(1.,0.,0.));
#2419=DIRECTION('',(0.,-1.,0.));
#2420=DIRECTION('center_axis',(0.,-1.,0.));
#2421=DIRECTION('ref_axis',(1.,0.,0.));
#2422=DIRECTION('center_axis',(0.,-1.,0.));
#2423=DIRECTION('ref_axis',(1.,0.,0.));
#2424=DIRECTION('center_axis',(0.,-1.,0.));
#2425=DIRECTION('ref_axis',(-1.,0.,0.));
#2426=DIRECTION('',(-1.,0.,0.));
#2427=DIRECTION('center_axis',(0.,-1.,0.));
#2428=DIRECTION('ref_axis',(1.,0.,0.));
#2429=DIRECTION('center_axis',(0.,1.,0.));
#2430=DIRECTION('ref_axis',(-1.83697019872103E-16,0.,1.));
#2431=DIRECTION('',(0.,1.,0.));
#2432=DIRECTION('',(0.,-1.,0.));
#2433=DIRECTION('center_axis',(0.,1.,0.));
#2434=DIRECTION('ref_axis',(1.,0.,0.));
#2435=DIRECTION('center_axis',(0.,1.,0.));
#2436=DIRECTION('ref_axis',(1.,0.,0.));
#2437=DIRECTION('',(1.,0.,0.));
#2438=DIRECTION('center_axis',(0.,-1.,0.));
#2439=DIRECTION('ref_axis',(1.,0.,0.));
#2440=DIRECTION('center_axis',(0.,-1.,0.));
#2441=DIRECTION('ref_axis',(1.,0.,0.));
#2442=DIRECTION('',(0.,-1.,0.));
#2443=DIRECTION('center_axis',(0.,-1.,0.));
#2444=DIRECTION('ref_axis',(1.,0.,0.));
#2445=DIRECTION('center_axis',(0.,-1.,0.));
#2446=DIRECTION('ref_axis',(1.,0.,0.));
#2447=DIRECTION('center_axis',(0.,-1.,0.));
#2448=DIRECTION('ref_axis',(-1.,0.,0.));
#2449=DIRECTION('',(-1.,0.,0.));
#2450=DIRECTION('center_axis',(0.,-1.,0.));
#2451=DIRECTION('ref_axis',(1.,0.,0.));
#2452=DIRECTION('center_axis',(0.,1.,0.));
#2453=DIRECTION('ref_axis',(-1.83697019872103E-16,0.,1.));
#2454=DIRECTION('',(0.,1.,0.));
#2455=DIRECTION('',(0.,-1.,0.));
#2456=DIRECTION('center_axis',(0.,1.,0.));
#2457=DIRECTION('ref_axis',(1.,0.,0.));
#2458=DIRECTION('center_axis',(0.,1.,0.));
#2459=DIRECTION('ref_axis',(1.,0.,0.));
#2460=DIRECTION('',(1.,0.,0.));
#2461=DIRECTION('center_axis',(0.,0.,-1.));
#2462=DIRECTION('ref_axis',(0.,1.,0.));
#2463=DIRECTION('',(-1.,0.,0.));
#2464=DIRECTION('',(0.,1.,0.));
#2465=DIRECTION('',(-1.,0.,0.));
#2466=DIRECTION('',(0.,1.,0.));
#2467=DIRECTION('center_axis',(1.,0.,0.));
#2468=DIRECTION('ref_axis',(0.,1.,0.));
#2469=DIRECTION('',(0.,0.,-1.));
#2470=DIRECTION('',(0.,0.,-1.));
#2471=DIRECTION('',(0.,1.,0.));
#2472=DIRECTION('center_axis',(0.,-1.,0.));
#2473=DIRECTION('ref_axis',(1.,0.,0.));
#2474=DIRECTION('',(0.,0.,1.));
#2475=DIRECTION('',(1.,0.,0.));
#2476=DIRECTION('center_axis',(0.,0.,1.));
#2477=DIRECTION('ref_axis',(0.,-1.,0.));
#2478=DIRECTION('',(1.,0.,0.));
#2479=DIRECTION('',(0.,1.,0.));
#2480=DIRECTION('center_axis',(-1.,0.,0.));
#2481=DIRECTION('ref_axis',(0.,-1.,0.));
#2482=DIRECTION('',(0.,0.,1.));
#2483=DIRECTION('center_axis',(0.,0.,-1.));
#2484=DIRECTION('ref_axis',(0.,1.,0.));
#2485=DIRECTION('',(0.,1.,0.));
#2486=DIRECTION('',(1.,0.,0.));
#2487=DIRECTION('',(0.,1.,0.));
#2488=DIRECTION('center_axis',(-1.,0.,0.));
#2489=DIRECTION('ref_axis',(0.,-1.,0.));
#2490=DIRECTION('',(0.,0.,-1.));
#2491=DIRECTION('',(0.,1.,0.));
#2492=DIRECTION('center_axis',(0.,-1.,0.));
#2493=DIRECTION('ref_axis',(1.,0.,0.));
#2494=DIRECTION('',(0.,0.,1.));
#2495=DIRECTION('',(-1.,0.,0.));
#2496=DIRECTION('',(-1.,0.,0.));
#2497=DIRECTION('',(0.,0.,1.));
#2498=DIRECTION('',(1.,0.,0.));
#2499=DIRECTION('',(0.,0.,-1.));
#2500=DIRECTION('center_axis',(0.,0.,1.));
#2501=DIRECTION('ref_axis',(0.,-1.,0.));
#2502=DIRECTION('',(0.,1.,0.));
#2503=DIRECTION('center_axis',(1.,0.,0.));
#2504=DIRECTION('ref_axis',(0.,1.,0.));
#2505=DIRECTION('center_axis',(0.,0.,1.));
#2506=DIRECTION('ref_axis',(0.,-1.,0.));
#2507=DIRECTION('',(0.,1.,0.));
#2508=DIRECTION('',(1.,0.,0.));
#2509=DIRECTION('',(0.,1.,0.));
#2510=DIRECTION('center_axis',(-1.,0.,0.));
#2511=DIRECTION('ref_axis',(0.,-1.,0.));
#2512=DIRECTION('',(0.,1.,0.));
#2513=DIRECTION('',(0.,0.,1.));
#2514=DIRECTION('center_axis',(0.,0.,-1.));
#2515=DIRECTION('ref_axis',(0.,1.,0.));
#2516=DIRECTION('',(0.,1.,0.));
#2517=DIRECTION('',(-1.,0.,0.));
#2518=DIRECTION('center_axis',(1.,0.,0.));
#2519=DIRECTION('ref_axis',(0.,1.,0.));
#2520=DIRECTION('',(0.,0.,-1.));
#2521=DIRECTION('center_axis',(0.,-1.,0.));
#2522=DIRECTION('ref_axis',(1.,0.,0.));
#2523=DIRECTION('center_axis',(0.,-1.,0.));
#2524=DIRECTION('ref_axis',(1.,0.,0.));
#2525=DIRECTION('',(0.,1.,0.));
#2526=DIRECTION('center_axis',(0.,-1.,0.));
#2527=DIRECTION('ref_axis',(1.,0.,0.));
#2528=DIRECTION('',(0.,1.,0.));
#2529=DIRECTION('center_axis',(0.,0.,-1.));
#2530=DIRECTION('ref_axis',(0.,1.,0.));
#2531=DIRECTION('',(-1.,0.,0.));
#2532=DIRECTION('',(-1.,0.,0.));
#2533=DIRECTION('',(0.,1.,0.));
#2534=DIRECTION('center_axis',(0.,-1.,0.));
#2535=DIRECTION('ref_axis',(1.,0.,0.));
#2536=DIRECTION('center_axis',(0.,-1.,0.));
#2537=DIRECTION('ref_axis',(1.,0.,0.));
#2538=DIRECTION('center_axis',(0.,-1.,0.));
#2539=DIRECTION('ref_axis',(1.,0.,0.));
#2540=DIRECTION('',(0.,1.,0.));
#2541=DIRECTION('center_axis',(1.,0.,0.));
#2542=DIRECTION('ref_axis',(0.,1.,0.));
#2543=DIRECTION('',(0.,0.,-1.));
#2544=DIRECTION('',(0.,0.,-1.));
#2545=DIRECTION('',(0.,1.,0.));
#2546=DIRECTION('center_axis',(0.,-1.,0.));
#2547=DIRECTION('ref_axis',(1.,0.,0.));
#2548=DIRECTION('',(0.,0.,1.));
#2549=DIRECTION('center_axis',(0.,-1.,0.));
#2550=DIRECTION('ref_axis',(1.,0.,0.));
#2551=DIRECTION('',(1.,0.,0.));
#2552=DIRECTION('center_axis',(0.,-1.,0.));
#2553=DIRECTION('ref_axis',(1.,0.,0.));
#2554=DIRECTION('center_axis',(0.,-1.,0.));
#2555=DIRECTION('ref_axis',(1.,0.,0.));
#2556=DIRECTION('center_axis',(0.,-1.,0.));
#2557=DIRECTION('ref_axis',(1.,0.,0.));
#2558=DIRECTION('',(0.,1.,0.));
#2559=DIRECTION('',(0.,1.,0.));
#2560=DIRECTION('center_axis',(0.,-1.,0.));
#2561=DIRECTION('ref_axis',(1.,0.,0.));
#2562=DIRECTION('center_axis',(0.,-1.,0.));
#2563=DIRECTION('ref_axis',(1.,0.,0.));
#2564=DIRECTION('',(0.,1.,0.));
#2565=DIRECTION('center_axis',(-1.,0.,0.));
#2566=DIRECTION('ref_axis',(0.,-1.,0.));
#2567=DIRECTION('',(0.,0.,1.));
#2568=DIRECTION('center_axis',(0.,0.,1.));
#2569=DIRECTION('ref_axis',(0.,-1.,0.));
#2570=DIRECTION('',(1.,0.,0.));
#2571=DIRECTION('center_axis',(0.,-1.,0.));
#2572=DIRECTION('ref_axis',(1.,0.,0.));
#2573=DIRECTION('',(0.,1.,0.));
#2574=DIRECTION('center_axis',(0.,1.,0.));
#2575=DIRECTION('ref_axis',(1.,0.,0.));
#2576=DIRECTION('center_axis',(0.,-1.,0.));
#2577=DIRECTION('ref_axis',(1.,0.,0.));
#2578=DIRECTION('',(0.,1.,0.));
#2579=DIRECTION('center_axis',(0.,1.,0.));
#2580=DIRECTION('ref_axis',(1.,0.,0.));
#2581=DIRECTION('',(0.,1.,0.));
#2582=DIRECTION('center_axis',(0.,-1.,0.));
#2583=DIRECTION('ref_axis',(1.,0.,0.));
#2584=DIRECTION('',(0.,0.,-1.));
#2585=DIRECTION('',(-1.,0.,0.));
#2586=DIRECTION('center_axis',(-1.,0.,0.));
#2587=DIRECTION('ref_axis',(0.,-1.,0.));
#2588=DIRECTION('center_axis',(0.,0.,1.));
#2589=DIRECTION('ref_axis',(0.,-1.,0.));
#2590=CARTESIAN_POINT('',(0.,0.,0.));
#2591=CARTESIAN_POINT('Origin',(62.65,-1.2,77.));
#2592=CARTESIAN_POINT('',(128.6,-2.4,77.));
#2593=CARTESIAN_POINT('',(128.6,-1.2,78.2));
#2594=CARTESIAN_POINT('Origin',(128.6,-1.2,77.));
#2595=CARTESIAN_POINT('',(-3.3,-1.2,78.2));
#2596=CARTESIAN_POINT('',(62.65,-1.2,78.2));
#2597=CARTESIAN_POINT('',(-3.3,-2.4,77.));
#2598=CARTESIAN_POINT('Origin',(-3.3,-1.2,77.));
#2599=CARTESIAN_POINT('',(62.65,-2.4,77.));
#2600=CARTESIAN_POINT('Origin',(-3.3,-1.2,73.2));
#2601=CARTESIAN_POINT('',(-8.3,-1.2,73.2));
#2602=CARTESIAN_POINT('',(-7.1,-2.4,73.2));
#2603=CARTESIAN_POINT('Origin',(-7.1,-1.2,73.2));
#2604=CARTESIAN_POINT('Origin',(-3.3,-2.4,73.2));
#2605=CARTESIAN_POINT('Origin',(-3.3,-1.2,73.2));
#2606=CARTESIAN_POINT('Origin',(-7.1,-1.2,37.6));
#2607=CARTESIAN_POINT('',(-8.3,-1.2,2.));
#2608=CARTESIAN_POINT('',(-7.1,-2.4,2.));
#2609=CARTESIAN_POINT('Origin',(-7.1,-1.2,2.));
#2610=CARTESIAN_POINT('',(-7.1,-2.4,37.6));
#2611=CARTESIAN_POINT('',(-8.3,-1.2,37.6));
#2612=CARTESIAN_POINT('Origin',(-3.3,-1.2,2.));
#2613=CARTESIAN_POINT('',(-3.3,-1.2,-3.));
#2614=CARTESIAN_POINT('',(-3.3,-2.4,-1.8));
#2615=CARTESIAN_POINT('Origin',(-3.3,-1.2,-1.8));
#2616=CARTESIAN_POINT('Origin',(-3.3,-2.4,2.));
#2617=CARTESIAN_POINT('Origin',(-3.3,-1.2,2.));
#2618=CARTESIAN_POINT('Origin',(62.65,-1.2,-1.8));
#2619=CARTESIAN_POINT('',(128.6,-1.2,-3.));
#2620=CARTESIAN_POINT('',(128.6,-2.4,-1.8));
#2621=CARTESIAN_POINT('Origin',(128.6,-1.2,-1.8));
#2622=CARTESIAN_POINT('',(62.65,-2.4,-1.8));
#2623=CARTESIAN_POINT('',(62.65,-1.2,-3.));
#2624=CARTESIAN_POINT('Origin',(128.6,-1.2,2.));
#2625=CARTESIAN_POINT('',(133.6,-1.2,2.));
#2626=CARTESIAN_POINT('',(132.4,-2.4,2.));
#2627=CARTESIAN_POINT('Origin',(132.4,-1.2,2.));
#2628=CARTESIAN_POINT('Origin',(128.6,-2.4,2.));
#2629=CARTESIAN_POINT('Origin',(128.6,-1.2,2.));
#2630=CARTESIAN_POINT('Origin',(132.4,-1.2,37.6));
#2631=CARTESIAN_POINT('',(133.6,-1.2,73.2));
#2632=CARTESIAN_POINT('',(132.4,-2.4,73.2));
#2633=CARTESIAN_POINT('Origin',(132.4,-1.2,73.2));
#2634=CARTESIAN_POINT('',(132.4,-2.4,37.6));
#2635=CARTESIAN_POINT('',(133.6,-1.2,37.6));
#2636=CARTESIAN_POINT('Origin',(128.6,-1.2,73.2));
#2637=CARTESIAN_POINT('Origin',(128.6,-2.4,73.2));
#2638=CARTESIAN_POINT('Origin',(128.6,-1.2,73.2));
#2639=CARTESIAN_POINT('Origin',(-3.3,4.635,2.));
#2640=CARTESIAN_POINT('',(-8.3,11.67,2.));
#2641=CARTESIAN_POINT('',(-8.3,4.635,2.));
#2642=CARTESIAN_POINT('',(-3.3,11.67,-3.));
#2643=CARTESIAN_POINT('Origin',(-3.3,11.67,2.));
#2644=CARTESIAN_POINT('',(-3.3,4.635,-3.));
#2645=CARTESIAN_POINT('Origin',(-8.3,4.635,37.6));
#2646=CARTESIAN_POINT('',(-8.3,11.67,73.2));
#2647=CARTESIAN_POINT('',(-8.3,4.635,73.2));
#2648=CARTESIAN_POINT('',(-8.3,11.67,37.6));
#2649=CARTESIAN_POINT('',(-8.3,7.5,43.7));
#2650=CARTESIAN_POINT('',(-8.3,7.5,53.2));
#2651=CARTESIAN_POINT('',(-8.3,7.5,43.4));
#2652=CARTESIAN_POINT('',(-8.3,8.,53.2));
#2653=CARTESIAN_POINT('',(-8.3,4.2175,53.2));
#2654=CARTESIAN_POINT('',(-8.3,8.,67.2));
#2655=CARTESIAN_POINT('',(-8.3,8.,48.9));
#2656=CARTESIAN_POINT('',(-8.3,-0.4,67.2));
#2657=CARTESIAN_POINT('',(-8.3,4.2175,67.2));
#2658=CARTESIAN_POINT('',(-8.3,-0.4,43.7));
#2659=CARTESIAN_POINT('',(-8.3,-0.4,48.9));
#2660=CARTESIAN_POINT('',(-8.3,4.0925,43.7));
#2661=CARTESIAN_POINT('',(-8.3,8.,20.7));
#2662=CARTESIAN_POINT('',(-8.3,8.,41.7));
#2663=CARTESIAN_POINT('',(-8.3,8.,34.4));
#2664=CARTESIAN_POINT('',(-8.3,-0.4,41.7));
#2665=CARTESIAN_POINT('',(-8.3,4.2175,41.7));
#2666=CARTESIAN_POINT('',(-8.3,-0.4,20.7));
#2667=CARTESIAN_POINT('',(-8.3,-0.4,34.4));
#2668=CARTESIAN_POINT('',(-8.3,4.2175,20.7));
#2669=CARTESIAN_POINT('Origin',(-3.3,4.635,73.2));
#2670=CARTESIAN_POINT('',(-3.3,11.67,78.2));
#2671=CARTESIAN_POINT('',(-3.3,4.635,78.2));
#2672=CARTESIAN_POINT('Origin',(-3.3,11.67,73.2));
#2673=CARTESIAN_POINT('Origin',(62.65,4.635,78.2));
#2674=CARTESIAN_POINT('',(128.6,11.67,78.2));
#2675=CARTESIAN_POINT('',(128.6,4.635,78.2));
#2676=CARTESIAN_POINT('',(62.65,11.67,78.2));
#2677=CARTESIAN_POINT('Origin',(62.65,-2.4,37.6));
#2678=CARTESIAN_POINT('',(121.71,-2.4,3.59));
#2679=CARTESIAN_POINT('',(3.55,-2.4,3.59));
#2680=CARTESIAN_POINT('',(62.64,-2.4,3.59));
#2681=CARTESIAN_POINT('',(3.55,-2.4,71.64));
#2682=CARTESIAN_POINT('',(3.55,-2.4,37.6075));
#2683=CARTESIAN_POINT('',(121.71,-2.4,71.64));
#2684=CARTESIAN_POINT('',(62.64,-2.4,71.64));
#2685=CARTESIAN_POINT('',(121.71,-2.4,37.6075));
#2686=CARTESIAN_POINT('Origin',(132.85,1.,49.2));
#2687=CARTESIAN_POINT('',(131.6,1.,53.2));
#2688=CARTESIAN_POINT('',(131.6,1.,45.2));
#2689=CARTESIAN_POINT('',(131.6,1.,43.4));
#2690=CARTESIAN_POINT('',(133.6,1.,53.2));
#2691=CARTESIAN_POINT('',(132.85,1.,53.2));
#2692=CARTESIAN_POINT('',(133.6,1.,45.2));
#2693=CARTESIAN_POINT('',(133.6,1.,43.4));
#2694=CARTESIAN_POINT('',(132.85,1.,45.2));
#2695=CARTESIAN_POINT('Origin',(132.85,3.1,45.2));
#2696=CARTESIAN_POINT('',(131.6,5.2,45.2));
#2697=CARTESIAN_POINT('',(131.6,4.7175,45.2));
#2698=CARTESIAN_POINT('',(133.6,5.2,45.2));
#2699=CARTESIAN_POINT('',(133.6,3.8675,45.2));
#2700=CARTESIAN_POINT('',(132.85,5.2,45.2));
#2701=CARTESIAN_POINT('Origin',(132.85,5.2,49.2));
#2702=CARTESIAN_POINT('',(131.6,5.2,53.2));
#2703=CARTESIAN_POINT('',(131.6,5.2,43.4));
#2704=CARTESIAN_POINT('',(133.6,5.2,53.2));
#2705=CARTESIAN_POINT('',(133.6,5.2,43.4));
#2706=CARTESIAN_POINT('',(132.85,5.2,53.2));
#2707=CARTESIAN_POINT('Origin',(132.85,3.1,53.2));
#2708=CARTESIAN_POINT('',(131.6,4.7175,53.2));
#2709=CARTESIAN_POINT('',(133.6,3.8675,53.2));
#2710=CARTESIAN_POINT('Origin',(-6.15,-0.4,31.2));
#2711=CARTESIAN_POINT('',(-3.,-0.4,41.7));
#2712=CARTESIAN_POINT('',(-6.15,-0.4,41.7));
#2713=CARTESIAN_POINT('',(-3.,-0.4,20.7));
#2714=CARTESIAN_POINT('',(-3.,-0.4,31.2));
#2715=CARTESIAN_POINT('',(-6.15,-0.4,20.7));
#2716=CARTESIAN_POINT('Origin',(-6.15,3.8,20.7));
#2717=CARTESIAN_POINT('',(-3.,8.,20.7));
#2718=CARTESIAN_POINT('',(-3.,3.8,20.7));
#2719=CARTESIAN_POINT('',(-6.15,8.,20.7));
#2720=CARTESIAN_POINT('Origin',(-6.15,8.,31.2));
#2721=CARTESIAN_POINT('',(-3.,8.,41.7));
#2722=CARTESIAN_POINT('',(-3.,8.,31.2));
#2723=CARTESIAN_POINT('',(-6.15,8.,41.7));
#2724=CARTESIAN_POINT('Origin',(-6.15,3.8,41.7));
#2725=CARTESIAN_POINT('',(-3.,3.8,41.7));
#2726=CARTESIAN_POINT('Origin',(-3.,3.8,31.2));
#2727=CARTESIAN_POINT('',(-3.,1.2,39.7));
#2728=CARTESIAN_POINT('',(-3.,1.2,22.7));
#2729=CARTESIAN_POINT('',(-3.,1.2,31.2));
#2730=CARTESIAN_POINT('',(-3.,5.,22.7));
#2731=CARTESIAN_POINT('',(-3.,3.1,22.7));
#2732=CARTESIAN_POINT('',(-3.,5.,39.7));
#2733=CARTESIAN_POINT('',(-3.,5.,31.2));
#2734=CARTESIAN_POINT('',(-3.,3.1,39.7));
#2735=CARTESIAN_POINT('Origin',(-1.75,1.2,31.2));
#2736=CARTESIAN_POINT('',(-0.999999999999996,1.2,22.7));
#2737=CARTESIAN_POINT('',(-0.999999999999996,1.2,39.7));
#2738=CARTESIAN_POINT('',(-0.999999999999996,1.2,34.4));
#2739=CARTESIAN_POINT('',(-1.75,1.2,22.7));
#2740=CARTESIAN_POINT('',(-1.75,1.2,39.7));
#2741=CARTESIAN_POINT('Origin',(-1.75,3.1,39.7));
#2742=CARTESIAN_POINT('',(-0.999999999999996,5.,39.7));
#2743=CARTESIAN_POINT('',(-0.999999999999996,4.7175,39.7));
#2744=CARTESIAN_POINT('',(-1.75,5.,39.7));
#2745=CARTESIAN_POINT('Origin',(-1.75,5.,31.2));
#2746=CARTESIAN_POINT('',(-0.999999999999996,5.,22.7));
#2747=CARTESIAN_POINT('',(-0.999999999999996,5.,34.4));
#2748=CARTESIAN_POINT('',(-1.75,5.,22.7));
#2749=CARTESIAN_POINT('Origin',(-1.75,3.1,22.7));
#2750=CARTESIAN_POINT('',(-0.999999999999996,4.7175,22.7));
#2751=CARTESIAN_POINT('Origin',(-6.15,7.5,49.2));
#2752=CARTESIAN_POINT('',(-3.,7.5,43.7));
#2753=CARTESIAN_POINT('',(-6.15,7.5,43.7));
#2754=CARTESIAN_POINT('',(-3.,7.5,53.2));
#2755=CARTESIAN_POINT('',(-3.,7.5,49.2));
#2756=CARTESIAN_POINT('',(-6.15,7.5,53.2));
#2757=CARTESIAN_POINT('Origin',(-6.15,3.55,43.7));
#2758=CARTESIAN_POINT('',(-3.,-0.4,43.7));
#2759=CARTESIAN_POINT('',(-6.15,-0.4,43.7));
#2760=CARTESIAN_POINT('',(-3.,3.55,43.7));
#2761=CARTESIAN_POINT('Origin',(-6.15,3.8,53.2));
#2762=CARTESIAN_POINT('',(-3.,8.,53.2));
#2763=CARTESIAN_POINT('',(-3.,3.8,53.2));
#2764=CARTESIAN_POINT('',(-6.15,8.,53.2));
#2765=CARTESIAN_POINT('Origin',(-1.75,0.8,49.2));
#2766=CARTESIAN_POINT('',(-0.999999999999996,0.8,45.2));
#2767=CARTESIAN_POINT('',(-0.999999999999996,0.8,53.2));
#2768=CARTESIAN_POINT('',(-0.999999999999996,0.8,43.4));
#2769=CARTESIAN_POINT('',(-3.,0.8,45.2));
#2770=CARTESIAN_POINT('',(-1.75,0.8,45.2));
#2771=CARTESIAN_POINT('',(-3.,0.8,53.2));
#2772=CARTESIAN_POINT('',(-3.,0.8,49.2));
#2773=CARTESIAN_POINT('',(-1.75,0.8,53.2));
#2774=CARTESIAN_POINT('Origin',(-1.75,3.15,53.2));
#2775=CARTESIAN_POINT('',(-0.999999999999996,5.5,53.2));
#2776=CARTESIAN_POINT('',(-0.999999999999996,4.7425,53.2));
#2777=CARTESIAN_POINT('',(-3.,5.5,53.2));
#2778=CARTESIAN_POINT('',(-3.,3.8,53.2));
#2779=CARTESIAN_POINT('',(-1.75,5.5,53.2));
#2780=CARTESIAN_POINT('Origin',(-1.75,5.5,49.2));
#2781=CARTESIAN_POINT('',(-0.999999999999996,5.5,45.2));
#2782=CARTESIAN_POINT('',(-0.999999999999996,5.5,43.4));
#2783=CARTESIAN_POINT('',(-3.,5.5,45.2));
#2784=CARTESIAN_POINT('',(-3.,5.5,49.2));
#2785=CARTESIAN_POINT('',(-1.75,5.5,45.2));
#2786=CARTESIAN_POINT('Origin',(-1.75,3.15,45.2));
#2787=CARTESIAN_POINT('',(-0.999999999999996,4.7425,45.2));
#2788=CARTESIAN_POINT('',(-3.,3.15,45.2));
#2789=CARTESIAN_POINT('Origin',(-6.15,-0.4,60.2));
#2790=CARTESIAN_POINT('',(-3.,-0.4,67.2));
#2791=CARTESIAN_POINT('',(-6.15,-0.4,67.2));
#2792=CARTESIAN_POINT('',(-3.,-0.4,60.2));
#2793=CARTESIAN_POINT('Origin',(-6.15,8.,60.2));
#2794=CARTESIAN_POINT('',(-3.,8.,67.2));
#2795=CARTESIAN_POINT('',(-3.,8.,60.2));
#2796=CARTESIAN_POINT('',(-6.15,8.,67.2));
#2797=CARTESIAN_POINT('Origin',(-6.15,3.8,67.2));
#2798=CARTESIAN_POINT('',(-3.,3.8,67.2));
#2799=CARTESIAN_POINT('Origin',(-3.,3.8,60.2));
#2800=CARTESIAN_POINT('',(-3.,0.599999999999999,54.7));
#2801=CARTESIAN_POINT('',(-3.,6.6,54.7));
#2802=CARTESIAN_POINT('',(-3.,3.6,54.7));
#2803=CARTESIAN_POINT('',(-3.,6.6,65.7));
#2804=CARTESIAN_POINT('',(-3.,6.6,60.2));
#2805=CARTESIAN_POINT('',(-3.,0.599999999999999,65.7));
#2806=CARTESIAN_POINT('',(-3.,3.6,65.7));
#2807=CARTESIAN_POINT('',(-3.,0.599999999999999,60.2));
#2808=CARTESIAN_POINT('Origin',(-1.75,0.599999999999999,60.2));
#2809=CARTESIAN_POINT('',(-0.999999999999996,0.599999999999999,54.7));
#2810=CARTESIAN_POINT('',(-0.999999999999996,0.599999999999999,65.7));
#2811=CARTESIAN_POINT('',(-0.999999999999996,0.599999999999999,48.9));
#2812=CARTESIAN_POINT('',(-1.75,0.599999999999999,54.7));
#2813=CARTESIAN_POINT('',(-1.75,0.599999999999999,65.7));
#2814=CARTESIAN_POINT('Origin',(-1.75,3.6,65.7));
#2815=CARTESIAN_POINT('',(-0.999999999999996,6.6,65.7));
#2816=CARTESIAN_POINT('',(-0.999999999999996,4.9675,65.7));
#2817=CARTESIAN_POINT('',(-1.75,6.6,65.7));
#2818=CARTESIAN_POINT('Origin',(-1.75,6.6,60.2));
#2819=CARTESIAN_POINT('',(-0.999999999999996,6.6,54.7));
#2820=CARTESIAN_POINT('',(-0.999999999999996,6.6,48.9));
#2821=CARTESIAN_POINT('',(-1.75,6.6,54.7));
#2822=CARTESIAN_POINT('Origin',(-1.75,3.6,54.7));
#2823=CARTESIAN_POINT('',(-0.999999999999996,4.9675,54.7));
#2824=CARTESIAN_POINT('Origin',(38.,3.5,-2.25));
#2825=CARTESIAN_POINT('',(45.,3.5,-1.));
#2826=CARTESIAN_POINT('',(31.,3.5,-1.));
#2827=CARTESIAN_POINT('',(51.65,3.5,-1.));
#2828=CARTESIAN_POINT('',(45.,3.5,-3.));
#2829=CARTESIAN_POINT('',(45.,3.5,-2.25));
#2830=CARTESIAN_POINT('',(31.,3.5,-3.));
#2831=CARTESIAN_POINT('',(50.325,3.5,-3.));
#2832=CARTESIAN_POINT('',(31.,3.5,-2.25));
#2833=CARTESIAN_POINT('Origin',(31.,6.35,-2.25));
#2834=CARTESIAN_POINT('',(31.,9.2,-1.));
#2835=CARTESIAN_POINT('',(31.,6.3425,-1.));
#2836=CARTESIAN_POINT('',(31.,9.2,-3.));
#2837=CARTESIAN_POINT('',(31.,5.4925,-3.));
#2838=CARTESIAN_POINT('',(31.,9.2,-2.25));
#2839=CARTESIAN_POINT('Origin',(38.,9.2,-2.25));
#2840=CARTESIAN_POINT('',(45.,9.2,-1.));
#2841=CARTESIAN_POINT('',(51.65,9.2,-1.));
#2842=CARTESIAN_POINT('',(45.,9.2,-3.));
#2843=CARTESIAN_POINT('',(50.325,9.2,-3.));
#2844=CARTESIAN_POINT('',(45.,9.2,-2.25));
#2845=CARTESIAN_POINT('Origin',(45.,6.35,-2.25));
#2846=CARTESIAN_POINT('',(45.,6.3425,-1.));
#2847=CARTESIAN_POINT('',(45.,5.4925,-3.));
#2848=CARTESIAN_POINT('Origin',(110.,6.13,0.25));
#2849=CARTESIAN_POINT('',(108.,6.13,-3.));
#2850=CARTESIAN_POINT('Origin',(110.,6.13,-3.));
#2851=CARTESIAN_POINT('',(108.,6.13,4.5));
#2852=CARTESIAN_POINT('',(108.,6.13,0.25));
#2853=CARTESIAN_POINT('Origin',(110.,6.13,4.5));
#2854=CARTESIAN_POINT('Origin',(110.,6.13,4.5));
#2855=CARTESIAN_POINT('Origin',(110.,2.6,3.));
#2856=CARTESIAN_POINT('',(113.5,2.6,-1.));
#2857=CARTESIAN_POINT('',(113.5,2.6,7.));
#2858=CARTESIAN_POINT('',(113.5,2.6,3.));
#2859=CARTESIAN_POINT('',(106.5,2.6,7.));
#2860=CARTESIAN_POINT('',(110.,2.6,7.));
#2861=CARTESIAN_POINT('',(106.5,2.6,-1.));
#2862=CARTESIAN_POINT('',(106.5,2.6,3.));
#2863=CARTESIAN_POINT('',(87.65,2.6,-1.));
#2864=CARTESIAN_POINT('Origin',(110.,9.66,3.));
#2865=CARTESIAN_POINT('',(113.5,9.66,7.));
#2866=CARTESIAN_POINT('',(113.5,9.66,-1.));
#2867=CARTESIAN_POINT('',(113.5,9.66,3.));
#2868=CARTESIAN_POINT('',(106.5,9.66,-1.));
#2869=CARTESIAN_POINT('',(87.65,9.66,-1.));
#2870=CARTESIAN_POINT('',(106.5,9.66,7.));
#2871=CARTESIAN_POINT('',(106.5,9.66,3.));
#2872=CARTESIAN_POINT('',(110.,9.66,7.));
#2873=CARTESIAN_POINT('Origin',(106.5,6.13,3.));
#2874=CARTESIAN_POINT('',(106.5,6.13,7.));
#2875=CARTESIAN_POINT('',(106.5,6.2325,-1.));
#2876=CARTESIAN_POINT('Origin',(110.,6.13,7.));
#2877=CARTESIAN_POINT('',(113.5,6.13,7.));
#2878=CARTESIAN_POINT('Origin',(113.5,6.13,3.));
#2879=CARTESIAN_POINT('',(113.5,6.2325,-1.));
#2880=CARTESIAN_POINT('Origin',(10.,6.13,0.25));
#2881=CARTESIAN_POINT('',(8.,6.13,-3.));
#2882=CARTESIAN_POINT('Origin',(10.,6.13,-3.));
#2883=CARTESIAN_POINT('',(8.,6.13,4.5));
#2884=CARTESIAN_POINT('',(8.,6.13,0.25));
#2885=CARTESIAN_POINT('Origin',(10.,6.13,4.5));
#2886=CARTESIAN_POINT('Origin',(10.,6.13,4.5));
#2887=CARTESIAN_POINT('Origin',(10.,2.6,3.));
#2888=CARTESIAN_POINT('',(13.5,2.6,-1.));
#2889=CARTESIAN_POINT('',(13.5,2.6,7.));
#2890=CARTESIAN_POINT('',(13.5,2.6,3.));
#2891=CARTESIAN_POINT('',(6.5,2.6,7.));
#2892=CARTESIAN_POINT('',(10.,2.6,7.));
#2893=CARTESIAN_POINT('',(6.5,2.6,-1.));
#2894=CARTESIAN_POINT('',(6.5,2.6,3.));
#2895=CARTESIAN_POINT('',(37.65,2.6,-1.));
#2896=CARTESIAN_POINT('Origin',(10.,9.66,3.));
#2897=CARTESIAN_POINT('',(13.5,9.66,7.));
#2898=CARTESIAN_POINT('',(13.5,9.66,-1.));
#2899=CARTESIAN_POINT('',(13.5,9.66,3.));
#2900=CARTESIAN_POINT('',(6.5,9.66,-1.));
#2901=CARTESIAN_POINT('',(37.65,9.66,-1.));
#2902=CARTESIAN_POINT('',(6.5,9.66,7.));
#2903=CARTESIAN_POINT('',(6.5,9.66,3.));
#2904=CARTESIAN_POINT('',(10.,9.66,7.));
#2905=CARTESIAN_POINT('Origin',(6.5,6.13,3.));
#2906=CARTESIAN_POINT('',(6.5,6.13,7.));
#2907=CARTESIAN_POINT('',(6.49999999999999,6.2325,-1.));
#2908=CARTESIAN_POINT('Origin',(10.,6.13,7.));
#2909=CARTESIAN_POINT('',(13.5,6.13,7.));
#2910=CARTESIAN_POINT('Origin',(13.5,6.13,3.));
#2911=CARTESIAN_POINT('',(13.5,6.2325,-1.));
#2912=CARTESIAN_POINT('Origin',(119.,8.635,73.2));
#2913=CARTESIAN_POINT('',(117.95,9.66,73.2));
#2914=CARTESIAN_POINT('Origin',(119.,9.66,73.2));
#2915=CARTESIAN_POINT('',(117.95,4.6,73.2));
#2916=CARTESIAN_POINT('',(117.95,8.635,73.2));
#2917=CARTESIAN_POINT('Origin',(119.,4.6,73.2));
#2918=CARTESIAN_POINT('Origin',(119.,4.6,73.2));
#2919=CARTESIAN_POINT('Origin',(119.,4.,73.2));
#2920=CARTESIAN_POINT('',(117.197224362268,4.,76.2));
#2921=CARTESIAN_POINT('',(120.802775637732,4.,76.2));
#2922=CARTESIAN_POINT('',(92.15,4.,76.2));
#2923=CARTESIAN_POINT('Origin',(119.,4.,73.2));
#2924=CARTESIAN_POINT('Origin',(119.,6.83,73.2));
#2925=CARTESIAN_POINT('',(120.802775637732,9.66,76.2));
#2926=CARTESIAN_POINT('',(120.802775637732,6.83,76.2));
#2927=CARTESIAN_POINT('',(117.197224362268,9.66,76.2));
#2928=CARTESIAN_POINT('',(117.197224362268,6.83,76.2));
#2929=CARTESIAN_POINT('Origin',(119.,9.66,73.2));
#2930=CARTESIAN_POINT('Origin',(119.,9.66,73.2));
#2931=CARTESIAN_POINT('',(92.15,9.66,76.2));
#2932=CARTESIAN_POINT('Origin',(12.,8.635,73.2));
#2933=CARTESIAN_POINT('',(10.95,9.66,73.2));
#2934=CARTESIAN_POINT('Origin',(12.,9.66,73.2));
#2935=CARTESIAN_POINT('',(10.95,4.6,73.2));
#2936=CARTESIAN_POINT('',(10.95,8.635,73.2));
#2937=CARTESIAN_POINT('Origin',(12.,4.6,73.2));
#2938=CARTESIAN_POINT('Origin',(12.,4.6,73.2));
#2939=CARTESIAN_POINT('Origin',(12.,4.,73.2));
#2940=CARTESIAN_POINT('',(10.197224362268,4.,76.2));
#2941=CARTESIAN_POINT('',(13.802775637732,4.,76.2));
#2942=CARTESIAN_POINT('',(38.65,4.,76.2));
#2943=CARTESIAN_POINT('Origin',(12.,4.,73.2));
#2944=CARTESIAN_POINT('Origin',(12.,6.83,73.2));
#2945=CARTESIAN_POINT('',(13.802775637732,9.66,76.2));
#2946=CARTESIAN_POINT('',(13.802775637732,6.83,76.2));
#2947=CARTESIAN_POINT('',(10.197224362268,9.66,76.2));
#2948=CARTESIAN_POINT('',(10.197224362268,6.83,76.2));
#2949=CARTESIAN_POINT('Origin',(12.,9.66,73.2));
#2950=CARTESIAN_POINT('Origin',(12.,9.66,73.2));
#2951=CARTESIAN_POINT('',(38.65,9.66,76.2));
#2952=CARTESIAN_POINT('Origin',(118.,8.635,2.));
#2953=CARTESIAN_POINT('',(116.95,9.66,2.));
#2954=CARTESIAN_POINT('Origin',(118.,9.66,2.));
#2955=CARTESIAN_POINT('',(116.95,4.6,2.));
#2956=CARTESIAN_POINT('',(116.95,8.635,2.));
#2957=CARTESIAN_POINT('Origin',(118.,4.6,2.));
#2958=CARTESIAN_POINT('Origin',(118.,4.6,2.));
#2959=CARTESIAN_POINT('Origin',(118.,4.,2.));
#2960=CARTESIAN_POINT('',(119.802775637732,4.,-1.));
#2961=CARTESIAN_POINT('',(116.197224362268,4.,-1.));
#2962=CARTESIAN_POINT('',(91.65,4.,-1.));
#2963=CARTESIAN_POINT('Origin',(118.,4.,2.));
#2964=CARTESIAN_POINT('Origin',(118.,6.83,2.));
#2965=CARTESIAN_POINT('',(116.197224362268,9.66,-1.));
#2966=CARTESIAN_POINT('',(116.197224362268,6.83,-1.));
#2967=CARTESIAN_POINT('',(119.802775637732,9.66,-1.));
#2968=CARTESIAN_POINT('',(119.802775637732,6.83,-1.));
#2969=CARTESIAN_POINT('Origin',(118.,9.66,2.));
#2970=CARTESIAN_POINT('Origin',(118.,9.66,2.));
#2971=CARTESIAN_POINT('',(91.65,9.66,-1.));
#2972=CARTESIAN_POINT('Origin',(24.,8.635,2.));
#2973=CARTESIAN_POINT('',(22.95,9.66,2.));
#2974=CARTESIAN_POINT('Origin',(24.,9.66,2.));
#2975=CARTESIAN_POINT('',(22.95,4.6,2.));
#2976=CARTESIAN_POINT('',(22.95,8.635,2.));
#2977=CARTESIAN_POINT('Origin',(24.,4.6,2.));
#2978=CARTESIAN_POINT('Origin',(24.,4.6,2.));
#2979=CARTESIAN_POINT('Origin',(24.,4.,2.));
#2980=CARTESIAN_POINT('',(25.802775637732,4.,-1.));
#2981=CARTESIAN_POINT('',(22.197224362268,4.,-1.));
#2982=CARTESIAN_POINT('',(44.65,4.,-1.));
#2983=CARTESIAN_POINT('Origin',(24.,4.,2.));
#2984=CARTESIAN_POINT('Origin',(24.,6.83,2.));
#2985=CARTESIAN_POINT('',(22.197224362268,9.66,-1.));
#2986=CARTESIAN_POINT('',(22.197224362268,6.83,-1.));
#2987=CARTESIAN_POINT('',(25.802775637732,9.66,-1.));
#2988=CARTESIAN_POINT('',(25.802775637732,6.83,-1.));
#2989=CARTESIAN_POINT('Origin',(24.,9.66,2.));
#2990=CARTESIAN_POINT('Origin',(24.,9.66,2.));
#2991=CARTESIAN_POINT('',(44.65,9.66,-1.));
#2992=CARTESIAN_POINT('Origin',(96.,-0.5,74.9));
#2993=CARTESIAN_POINT('',(104.,0.,74.9));
#2994=CARTESIAN_POINT('',(88.,0.,74.9));
#2995=CARTESIAN_POINT('',(80.65,0.,74.9));
#2996=CARTESIAN_POINT('',(104.,-1.5,74.9));
#2997=CARTESIAN_POINT('',(104.,-0.5,74.9));
#2998=CARTESIAN_POINT('',(88.,-1.5,74.9));
#2999=CARTESIAN_POINT('',(96.,-1.5,74.9));
#3000=CARTESIAN_POINT('',(88.,-0.5,74.9));
#3001=CARTESIAN_POINT('Origin',(88.,-0.5,73.45));
#3002=CARTESIAN_POINT('',(88.,0.,72.));
#3003=CARTESIAN_POINT('',(88.,0.,55.525));
#3004=CARTESIAN_POINT('',(88.,-1.5,72.));
#3005=CARTESIAN_POINT('',(88.,-1.5,73.45));
#3006=CARTESIAN_POINT('',(88.,-0.5,72.));
#3007=CARTESIAN_POINT('Origin',(96.,-1.5,73.45));
#3008=CARTESIAN_POINT('',(104.,-1.5,72.));
#3009=CARTESIAN_POINT('',(104.,-1.5,73.45));
#3010=CARTESIAN_POINT('',(96.,-1.5,72.));
#3011=CARTESIAN_POINT('Origin',(96.,-0.5,72.));
#3012=CARTESIAN_POINT('',(104.,0.,72.));
#3013=CARTESIAN_POINT('',(80.65,0.,72.));
#3014=CARTESIAN_POINT('',(104.,-0.5,72.));
#3015=CARTESIAN_POINT('Origin',(104.,-0.5,73.45));
#3016=CARTESIAN_POINT('',(104.,0.,55.525));
#3017=CARTESIAN_POINT('Origin',(62.63,-2.4,71.64));
#3018=CARTESIAN_POINT('',(3.55,-1.4,71.64));
#3019=CARTESIAN_POINT('',(3.55,-2.4,71.64));
#3020=CARTESIAN_POINT('',(121.71,-1.4,71.64));
#3021=CARTESIAN_POINT('',(62.63,-1.4,71.64));
#3022=CARTESIAN_POINT('',(121.71,-2.4,71.64));
#3023=CARTESIAN_POINT('Origin',(121.71,-2.4,37.615));
#3024=CARTESIAN_POINT('',(121.71,-1.4,3.59));
#3025=CARTESIAN_POINT('',(121.71,-1.4,37.615));
#3026=CARTESIAN_POINT('',(121.71,-2.4,3.59));
#3027=CARTESIAN_POINT('Origin',(62.63,-1.4,37.615));
#3028=CARTESIAN_POINT('',(3.55,-1.4,3.59));
#3029=CARTESIAN_POINT('',(3.55,-1.4,37.615));
#3030=CARTESIAN_POINT('',(62.63,-1.4,3.59));
#3031=CARTESIAN_POINT('',(120.71,-1.4,70.64));
#3032=CARTESIAN_POINT('',(4.55,-1.4,70.64));
#3033=CARTESIAN_POINT('',(62.63,-1.4,70.64));
#3034=CARTESIAN_POINT('',(120.71,-1.4,4.59));
#3035=CARTESIAN_POINT('',(120.71,-1.4,37.615));
#3036=CARTESIAN_POINT('',(4.55,-1.4,4.59));
#3037=CARTESIAN_POINT('',(62.63,-1.4,4.59));
#3038=CARTESIAN_POINT('',(4.55,-1.4,37.615));
#3039=CARTESIAN_POINT('Origin',(62.63,-2.4,3.59));
#3040=CARTESIAN_POINT('',(3.55,-2.4,3.59));
#3041=CARTESIAN_POINT('Origin',(3.55,-2.4,37.615));
#3042=CARTESIAN_POINT('Origin',(62.63,-1.2,4.59));
#3043=CARTESIAN_POINT('',(120.71,0.,4.59));
#3044=CARTESIAN_POINT('',(120.71,-1.2,4.59));
#3045=CARTESIAN_POINT('',(4.55,0.,4.59));
#3046=CARTESIAN_POINT('',(63.965,0.,4.59));
#3047=CARTESIAN_POINT('',(4.55,-1.2,4.59));
#3048=CARTESIAN_POINT('Origin',(120.71,-1.2,37.615));
#3049=CARTESIAN_POINT('',(120.71,0.,70.64));
#3050=CARTESIAN_POINT('',(120.71,-1.2,70.64));
#3051=CARTESIAN_POINT('',(120.71,0.,37.6075));
#3052=CARTESIAN_POINT('Origin',(62.63,-1.2,70.64));
#3053=CARTESIAN_POINT('',(4.55,0.,70.64));
#3054=CARTESIAN_POINT('',(4.55,-1.2,70.64));
#3055=CARTESIAN_POINT('',(63.965,0.,70.64));
#3056=CARTESIAN_POINT('Origin',(4.55,-1.2,37.615));
#3057=CARTESIAN_POINT('',(4.55,0.,37.6075));
#3058=CARTESIAN_POINT('Origin',(128.6,6.335,73.2));
#3059=CARTESIAN_POINT('',(131.6,11.67,73.2));
#3060=CARTESIAN_POINT('',(128.6,11.67,76.2));
#3061=CARTESIAN_POINT('Origin',(128.6,11.67,73.2));
#3062=CARTESIAN_POINT('',(131.6,0.,73.2));
#3063=CARTESIAN_POINT('',(131.6,6.335,73.2));
#3064=CARTESIAN_POINT('',(128.6,0.,76.2));
#3065=CARTESIAN_POINT('Origin',(128.6,0.,73.2));
#3066=CARTESIAN_POINT('',(128.6,6.335,76.2));
#3067=CARTESIAN_POINT('Origin',(65.3,6.335,76.2));
#3068=CARTESIAN_POINT('',(2.,11.67,76.2));
#3069=CARTESIAN_POINT('',(63.975,11.67,76.2));
#3070=CARTESIAN_POINT('',(2.,0.,76.2));
#3071=CARTESIAN_POINT('',(65.3,0.,76.2));
#3072=CARTESIAN_POINT('',(2.,6.335,76.2));
#3073=CARTESIAN_POINT('Origin',(2.,6.335,73.2));
#3074=CARTESIAN_POINT('',(-0.999999999999996,11.67,73.2));
#3075=CARTESIAN_POINT('Origin',(2.,11.67,73.2));
#3076=CARTESIAN_POINT('',(-0.999999999999996,0.,73.2));
#3077=CARTESIAN_POINT('Origin',(2.,0.,73.2));
#3078=CARTESIAN_POINT('',(-0.999999999999996,6.335,73.2));
#3079=CARTESIAN_POINT('Origin',(-0.999999999999996,6.335,37.6));
#3080=CARTESIAN_POINT('',(-0.999999999999996,11.67,2.));
#3081=CARTESIAN_POINT('',(-0.999999999999996,11.67,37.6));
#3082=CARTESIAN_POINT('',(-0.999999999999996,0.,2.));
#3083=CARTESIAN_POINT('',(-0.999999999999996,0.,37.6));
#3084=CARTESIAN_POINT('',(-0.999999999999996,6.335,2.));
#3085=CARTESIAN_POINT('Origin',(65.3,0.,37.6));
#3086=CARTESIAN_POINT('',(131.6,0.,2.));
#3087=CARTESIAN_POINT('',(131.6,0.,37.6));
#3088=CARTESIAN_POINT('',(128.6,0.,-1.));
#3089=CARTESIAN_POINT('Origin',(128.6,0.,2.));
#3090=CARTESIAN_POINT('',(2.,0.,-1.));
#3091=CARTESIAN_POINT('',(65.3,0.,-1.));
#3092=CARTESIAN_POINT('Origin',(2.,0.,2.));
#3093=CARTESIAN_POINT('Origin',(128.6,6.335,2.));
#3094=CARTESIAN_POINT('',(128.6,11.67,-1.));
#3095=CARTESIAN_POINT('',(131.6,11.67,2.));
#3096=CARTESIAN_POINT('Origin',(128.6,11.67,2.));
#3097=CARTESIAN_POINT('',(128.6,6.335,-1.));
#3098=CARTESIAN_POINT('',(131.6,6.335,2.));
#3099=CARTESIAN_POINT('Origin',(2.,6.335,2.));
#3100=CARTESIAN_POINT('',(2.,11.67,-1.));
#3101=CARTESIAN_POINT('Origin',(2.,11.67,2.));
#3102=CARTESIAN_POINT('',(2.,6.335,-1.));
#3103=CARTESIAN_POINT('Origin',(131.6,6.335,37.6));
#3104=CARTESIAN_POINT('',(131.6,11.67,37.6));
#3105=CARTESIAN_POINT('Origin',(65.3,6.335,-1.));
#3106=CARTESIAN_POINT('',(63.975,11.67,-1.));
#3107=CARTESIAN_POINT('Origin',(128.6,4.635,73.2));
#3108=CARTESIAN_POINT('',(133.6,11.67,73.2));
#3109=CARTESIAN_POINT('',(133.6,4.635,73.2));
#3110=CARTESIAN_POINT('Origin',(128.6,11.67,73.2));
#3111=CARTESIAN_POINT('Origin',(128.6,4.635,2.));
#3112=CARTESIAN_POINT('',(128.6,11.67,-3.));
#3113=CARTESIAN_POINT('',(128.6,4.635,-3.));
#3114=CARTESIAN_POINT('',(133.6,11.67,2.));
#3115=CARTESIAN_POINT('Origin',(128.6,11.67,2.));
#3116=CARTESIAN_POINT('',(133.6,4.635,2.));
#3117=CARTESIAN_POINT('Origin',(62.65,11.67,37.6));
#3118=CARTESIAN_POINT('',(133.6,11.67,37.6));
#3119=CARTESIAN_POINT('',(62.65,11.67,-3.));
#3120=CARTESIAN_POINT('Origin',(133.6,4.635,37.6));
#3121=CARTESIAN_POINT('Origin',(62.65,4.635,-3.));
#3122=UNCERTAINTY_MEASURE_WITH_UNIT(LENGTH_MEASURE(0.01),#3126,
'DISTANCE_ACCURACY_VALUE',
'Maximum model space distance between geometric entities at asserted c
onnectivities');
#3123=UNCERTAINTY_MEASURE_WITH_UNIT(LENGTH_MEASURE(0.01),#3126,
'DISTANCE_ACCURACY_VALUE',
'Maximum model space distance between geometric entities at asserted c
onnectivities');
#3124=(
GEOMETRIC_REPRESENTATION_CONTEXT(3)
GLOBAL_UNCERTAINTY_ASSIGNED_CONTEXT((#3122))
GLOBAL_UNIT_ASSIGNED_CONTEXT((#3126,#3128,#3129))
REPRESENTATION_CONTEXT('','3D')
);
#3125=(
GEOMETRIC_REPRESENTATION_CONTEXT(3)
GLOBAL_UNCERTAINTY_ASSIGNED_CONTEXT((#3123))
GLOBAL_UNIT_ASSIGNED_CONTEXT((#3126,#3128,#3129))
REPRESENTATION_CONTEXT('','3D')
);
#3126=(
LENGTH_UNIT()
NAMED_UNIT(*)
SI_UNIT(.MILLI.,.METRE.)
);
#3127=(
LENGTH_UNIT()
NAMED_UNIT(*)
SI_UNIT($,.METRE.)
);
#3128=(
NAMED_UNIT(*)
PLANE_ANGLE_UNIT()
SI_UNIT($,.RADIAN.)
);
#3129=(
NAMED_UNIT(*)
SI_UNIT($,.STERADIAN.)
SOLID_ANGLE_UNIT()
);
#3130=SHAPE_DEFINITION_REPRESENTATION(#3131,#3132);
#3131=PRODUCT_DEFINITION_SHAPE('',$,#3134);
#3132=SHAPE_REPRESENTATION('',(#1914),#3124);
#3133=PRODUCT_DEFINITION_CONTEXT('part definition',#3138,'design');
#3134=PRODUCT_DEFINITION('_export_step_head-tray',
'_export_step_head-tray',#3135,#3133);
#3135=PRODUCT_DEFINITION_FORMATION('',$,#3140);
#3136=PRODUCT_RELATED_PRODUCT_CATEGORY('_export_step_head-tray',
'_export_step_head-tray',(#3140));
#3137=APPLICATION_PROTOCOL_DEFINITION('international standard',
'automotive_design',2009,#3138);
#3138=APPLICATION_CONTEXT(
'Core Data for Automotive Mechanical Design Process');
#3139=PRODUCT_CONTEXT('part definition',#3138,'mechanical');
#3140=PRODUCT('_export_step_head-tray','_export_step_head-tray',$,(#3139));
#3141=PRESENTATION_STYLE_ASSIGNMENT((#3142));
#3142=SURFACE_STYLE_USAGE(.BOTH.,#3143);
#3143=SURFACE_SIDE_STYLE('',(#3144));
#3144=SURFACE_STYLE_FILL_AREA(#3145);
#3145=FILL_AREA_STYLE('Steel - Satin',(#3146));
#3146=FILL_AREA_STYLE_COLOUR('Steel - Satin',#3147);
#3147=COLOUR_RGB('Steel - Satin',0.627450980392157,0.627450980392157,0.627450980392157);
ENDSEC;
END-ISO-10303-21;
