ISO-10303-21;
HEADER;
/* Generated by software containing ST-Developer
 * from STEP Tools, Inc. (www.steptools.com) 
 */

FILE_DESCRIPTION(
/* description */ (''),
/* implementation_level */ '2;1');

FILE_NAME(
/* name */ 'base-shell.step',
/* time_stamp */ '2026-09-16T14:18:47+01:00',
/* author */ (''),
/* organization */ (''),
/* preprocessor_version */ 'ST-DEVELOPER v20.2',
/* originating_system */ 'Autodesk Translation Framework v15.15.0.0',
/* authorisation */ '');

FILE_SCHEMA (('AUTOMOTIVE_DESIGN { 1 0 10303 214 3 1 1 }'));
ENDSEC;

DATA;
#10=MECHANICAL_DESIGN_GEOMETRIC_PRESENTATION_REPRESENTATION('',(#13),#3538);
#11=SHAPE_REPRESENTATION_RELATIONSHIP('SRR','None',#3545,#12);
#12=ADVANCED_BREP_SHAPE_REPRESENTATION('',(#14),#3537);
#13=STYLED_ITEM('',(#3554),#14);
#14=MANIFOLD_SOLID_BREP('Base shell',#2142);
#15=CYLINDRICAL_SURFACE('',#2241,2.);
#16=CYLINDRICAL_SURFACE('',#2244,5.5);
#17=CYLINDRICAL_SURFACE('',#2253,5.5);
#18=CYLINDRICAL_SURFACE('',#2258,8.);
#19=CYLINDRICAL_SURFACE('',#2261,3.5);
#20=CYLINDRICAL_SURFACE('',#2276,2.);
#21=CYLINDRICAL_SURFACE('',#2280,3.5);
#22=CYLINDRICAL_SURFACE('',#2283,2.);
#23=CYLINDRICAL_SURFACE('',#2287,3.5);
#24=CYLINDRICAL_SURFACE('',#2290,2.);
#25=CYLINDRICAL_SURFACE('',#2295,2.);
#26=CYLINDRICAL_SURFACE('',#2299,3.5);
#27=CYLINDRICAL_SURFACE('',#2304,8.);
#28=CYLINDRICAL_SURFACE('',#2306,8.);
#29=CYLINDRICAL_SURFACE('',#2307,8.);
#30=FACE_BOUND('',#279,.T.);
#31=FACE_BOUND('',#285,.T.);
#32=FACE_BOUND('',#286,.T.);
#33=FACE_BOUND('',#287,.T.);
#34=FACE_BOUND('',#288,.T.);
#35=FACE_BOUND('',#289,.T.);
#36=FACE_BOUND('',#290,.T.);
#37=FACE_BOUND('',#291,.T.);
#38=FACE_BOUND('',#292,.T.);
#39=FACE_BOUND('',#293,.T.);
#40=FACE_BOUND('',#335,.T.);
#41=FACE_BOUND('',#336,.T.);
#42=FACE_BOUND('',#337,.T.);
#43=FACE_BOUND('',#338,.T.);
#44=FACE_BOUND('',#339,.T.);
#45=FACE_BOUND('',#340,.T.);
#46=FACE_BOUND('',#341,.T.);
#47=FACE_BOUND('',#342,.T.);
#48=FACE_BOUND('',#343,.T.);
#49=FACE_BOUND('',#344,.T.);
#50=FACE_BOUND('',#364,.T.);
#51=FACE_BOUND('',#365,.T.);
#52=FACE_BOUND('',#366,.T.);
#53=FACE_BOUND('',#374,.T.);
#54=FACE_BOUND('',#379,.T.);
#55=FACE_BOUND('',#383,.T.);
#56=FACE_BOUND('',#388,.T.);
#57=ELLIPSE('',#2178,31.23617862371,10.4529495201846);
#58=ELLIPSE('',#2239,3.18515147031373,3.16947357843218);
#59=ELLIPSE('',#2251,10.2333154005708,3.5);
#60=ELLIPSE('',#2252,10.2333154005708,3.5);
#61=ELLIPSE('',#2259,23.3904352013047,8.);
#62=ELLIPSE('',#2262,3.51419788922343,3.5);
#63=ELLIPSE('',#2264,3.51419788922343,3.5);
#64=ELLIPSE('',#2266,3.51419788922343,3.5);
#65=ELLIPSE('',#2267,3.51419788922343,3.5);
#66=ELLIPSE('',#2268,8.03245231822498,8.);
#67=ELLIPSE('',#2269,8.03245231822498,8.);
#68=ELLIPSE('',#2270,3.51419788922343,3.5);
#69=ELLIPSE('',#2271,3.51419788922343,3.5);
#70=ELLIPSE('',#2273,31.23617862371,10.4529495201846);
#71=ELLIPSE('',#2303,23.3904352013047,8.);
#72=PLANE('',#2159);
#73=PLANE('',#2160);
#74=PLANE('',#2164);
#75=PLANE('',#2168);
#76=PLANE('',#2172);
#77=PLANE('',#2176);
#78=PLANE('',#2179);
#79=PLANE('',#2184);
#80=PLANE('',#2185);
#81=PLANE('',#2187);
#82=PLANE('',#2188);
#83=PLANE('',#2190);
#84=PLANE('',#2191);
#85=PLANE('',#2192);
#86=PLANE('',#2193);
#87=PLANE('',#2194);
#88=PLANE('',#2195);
#89=PLANE('',#2196);
#90=PLANE('',#2197);
#91=PLANE('',#2198);
#92=PLANE('',#2199);
#93=PLANE('',#2200);
#94=PLANE('',#2201);
#95=PLANE('',#2202);
#96=PLANE('',#2203);
#97=PLANE('',#2204);
#98=PLANE('',#2205);
#99=PLANE('',#2206);
#100=PLANE('',#2207);
#101=PLANE('',#2208);
#102=PLANE('',#2209);
#103=PLANE('',#2210);
#104=PLANE('',#2211);
#105=PLANE('',#2212);
#106=PLANE('',#2213);
#107=PLANE('',#2214);
#108=PLANE('',#2215);
#109=PLANE('',#2216);
#110=PLANE('',#2217);
#111=PLANE('',#2218);
#112=PLANE('',#2219);
#113=PLANE('',#2220);
#114=PLANE('',#2221);
#115=PLANE('',#2222);
#116=PLANE('',#2223);
#117=PLANE('',#2224);
#118=PLANE('',#2225);
#119=PLANE('',#2226);
#120=PLANE('',#2227);
#121=PLANE('',#2228);
#122=PLANE('',#2229);
#123=PLANE('',#2230);
#124=PLANE('',#2231);
#125=PLANE('',#2232);
#126=PLANE('',#2233);
#127=PLANE('',#2234);
#128=PLANE('',#2235);
#129=PLANE('',#2236);
#130=PLANE('',#2237);
#131=PLANE('',#2243);
#132=PLANE('',#2248);
#133=PLANE('',#2249);
#134=PLANE('',#2256);
#135=PLANE('',#2257);
#136=PLANE('',#2260);
#137=PLANE('',#2265);
#138=PLANE('',#2272);
#139=PLANE('',#2274);
#140=PLANE('',#2275);
#141=PLANE('',#2279);
#142=PLANE('',#2282);
#143=PLANE('',#2286);
#144=PLANE('',#2289);
#145=PLANE('',#2293);
#146=PLANE('',#2294);
#147=PLANE('',#2298);
#148=PLANE('',#2301);
#149=PLANE('',#2302);
#150=PLANE('',#2305);
#151=PLANE('',#2308);
#152=PLANE('',#2311);
#153=PLANE('',#2314);
#154=PLANE('',#2316);
#155=PLANE('',#2317);
#156=FACE_OUTER_BOUND('',#266,.T.);
#157=FACE_OUTER_BOUND('',#267,.T.);
#158=FACE_OUTER_BOUND('',#268,.T.);
#159=FACE_OUTER_BOUND('',#269,.T.);
#160=FACE_OUTER_BOUND('',#270,.T.);
#161=FACE_OUTER_BOUND('',#271,.T.);
#162=FACE_OUTER_BOUND('',#272,.T.);
#163=FACE_OUTER_BOUND('',#273,.T.);
#164=FACE_OUTER_BOUND('',#274,.T.);
#165=FACE_OUTER_BOUND('',#275,.T.);
#166=FACE_OUTER_BOUND('',#276,.T.);
#167=FACE_OUTER_BOUND('',#277,.T.);
#168=FACE_OUTER_BOUND('',#278,.T.);
#169=FACE_OUTER_BOUND('',#280,.T.);
#170=FACE_OUTER_BOUND('',#281,.T.);
#171=FACE_OUTER_BOUND('',#282,.T.);
#172=FACE_OUTER_BOUND('',#283,.T.);
#173=FACE_OUTER_BOUND('',#284,.T.);
#174=FACE_OUTER_BOUND('',#294,.T.);
#175=FACE_OUTER_BOUND('',#295,.T.);
#176=FACE_OUTER_BOUND('',#296,.T.);
#177=FACE_OUTER_BOUND('',#297,.T.);
#178=FACE_OUTER_BOUND('',#298,.T.);
#179=FACE_OUTER_BOUND('',#299,.T.);
#180=FACE_OUTER_BOUND('',#300,.T.);
#181=FACE_OUTER_BOUND('',#301,.T.);
#182=FACE_OUTER_BOUND('',#302,.T.);
#183=FACE_OUTER_BOUND('',#303,.T.);
#184=FACE_OUTER_BOUND('',#304,.T.);
#185=FACE_OUTER_BOUND('',#305,.T.);
#186=FACE_OUTER_BOUND('',#306,.T.);
#187=FACE_OUTER_BOUND('',#307,.T.);
#188=FACE_OUTER_BOUND('',#308,.T.);
#189=FACE_OUTER_BOUND('',#309,.T.);
#190=FACE_OUTER_BOUND('',#310,.T.);
#191=FACE_OUTER_BOUND('',#311,.T.);
#192=FACE_OUTER_BOUND('',#312,.T.);
#193=FACE_OUTER_BOUND('',#313,.T.);
#194=FACE_OUTER_BOUND('',#314,.T.);
#195=FACE_OUTER_BOUND('',#315,.T.);
#196=FACE_OUTER_BOUND('',#316,.T.);
#197=FACE_OUTER_BOUND('',#317,.T.);
#198=FACE_OUTER_BOUND('',#318,.T.);
#199=FACE_OUTER_BOUND('',#319,.T.);
#200=FACE_OUTER_BOUND('',#320,.T.);
#201=FACE_OUTER_BOUND('',#321,.T.);
#202=FACE_OUTER_BOUND('',#322,.T.);
#203=FACE_OUTER_BOUND('',#323,.T.);
#204=FACE_OUTER_BOUND('',#324,.T.);
#205=FACE_OUTER_BOUND('',#325,.T.);
#206=FACE_OUTER_BOUND('',#326,.T.);
#207=FACE_OUTER_BOUND('',#327,.T.);
#208=FACE_OUTER_BOUND('',#328,.T.);
#209=FACE_OUTER_BOUND('',#329,.T.);
#210=FACE_OUTER_BOUND('',#330,.T.);
#211=FACE_OUTER_BOUND('',#331,.T.);
#212=FACE_OUTER_BOUND('',#332,.T.);
#213=FACE_OUTER_BOUND('',#333,.T.);
#214=FACE_OUTER_BOUND('',#334,.T.);
#215=FACE_OUTER_BOUND('',#345,.T.);
#216=FACE_OUTER_BOUND('',#346,.T.);
#217=FACE_OUTER_BOUND('',#347,.T.);
#218=FACE_OUTER_BOUND('',#348,.T.);
#219=FACE_OUTER_BOUND('',#349,.T.);
#220=FACE_OUTER_BOUND('',#350,.T.);
#221=FACE_OUTER_BOUND('',#351,.T.);
#222=FACE_OUTER_BOUND('',#352,.T.);
#223=FACE_OUTER_BOUND('',#353,.T.);
#224=FACE_OUTER_BOUND('',#354,.T.);
#225=FACE_OUTER_BOUND('',#355,.T.);
#226=FACE_OUTER_BOUND('',#356,.T.);
#227=FACE_OUTER_BOUND('',#357,.T.);
#228=FACE_OUTER_BOUND('',#358,.T.);
#229=FACE_OUTER_BOUND('',#359,.T.);
#230=FACE_OUTER_BOUND('',#360,.T.);
#231=FACE_OUTER_BOUND('',#361,.T.);
#232=FACE_OUTER_BOUND('',#362,.T.);
#233=FACE_OUTER_BOUND('',#363,.T.);
#234=FACE_OUTER_BOUND('',#367,.T.);
#235=FACE_OUTER_BOUND('',#368,.T.);
#236=FACE_OUTER_BOUND('',#369,.T.);
#237=FACE_OUTER_BOUND('',#370,.T.);
#238=FACE_OUTER_BOUND('',#371,.T.);
#239=FACE_OUTER_BOUND('',#372,.T.);
#240=FACE_OUTER_BOUND('',#373,.T.);
#241=FACE_OUTER_BOUND('',#375,.T.);
#242=FACE_OUTER_BOUND('',#376,.T.);
#243=FACE_OUTER_BOUND('',#377,.T.);
#244=FACE_OUTER_BOUND('',#378,.T.);
#245=FACE_OUTER_BOUND('',#380,.T.);
#246=FACE_OUTER_BOUND('',#381,.T.);
#247=FACE_OUTER_BOUND('',#382,.T.);
#248=FACE_OUTER_BOUND('',#384,.T.);
#249=FACE_OUTER_BOUND('',#385,.T.);
#250=FACE_OUTER_BOUND('',#386,.T.);
#251=FACE_OUTER_BOUND('',#387,.T.);
#252=FACE_OUTER_BOUND('',#389,.T.);
#253=FACE_OUTER_BOUND('',#390,.T.);
#254=FACE_OUTER_BOUND('',#391,.T.);
#255=FACE_OUTER_BOUND('',#392,.T.);
#256=FACE_OUTER_BOUND('',#393,.T.);
#257=FACE_OUTER_BOUND('',#394,.T.);
#258=FACE_OUTER_BOUND('',#395,.T.);
#259=FACE_OUTER_BOUND('',#396,.T.);
#260=FACE_OUTER_BOUND('',#397,.T.);
#261=FACE_OUTER_BOUND('',#398,.T.);
#262=FACE_OUTER_BOUND('',#399,.T.);
#263=FACE_OUTER_BOUND('',#400,.T.);
#264=FACE_OUTER_BOUND('',#401,.T.);
#265=FACE_OUTER_BOUND('',#402,.T.);
#266=EDGE_LOOP('',(#1421,#1422,#1423,#1424,#1425));
#267=EDGE_LOOP('',(#1426,#1427,#1428,#1429));
#268=EDGE_LOOP('',(#1430,#1431,#1432,#1433));
#269=EDGE_LOOP('',(#1434,#1435,#1436,#1437));
#270=EDGE_LOOP('',(#1438,#1439,#1440,#1441));
#271=EDGE_LOOP('',(#1442,#1443,#1444,#1445));
#272=EDGE_LOOP('',(#1446,#1447,#1448,#1449));
#273=EDGE_LOOP('',(#1450,#1451,#1452,#1453,#1454));
#274=EDGE_LOOP('',(#1455,#1456,#1457,#1458));
#275=EDGE_LOOP('',(#1459,#1460,#1461,#1462,#1463,#1464,#1465,#1466));
#276=EDGE_LOOP('',(#1467,#1468,#1469,#1470,#1471,#1472,#1473,#1474,#1475,
#1476));
#277=EDGE_LOOP('',(#1477,#1478,#1479));
#278=EDGE_LOOP('',(#1480,#1481,#1482,#1483,#1484,#1485,#1486,#1487));
#279=EDGE_LOOP('',(#1488,#1489,#1490,#1491,#1492,#1493,#1494,#1495,#1496,
#1497,#1498,#1499));
#280=EDGE_LOOP('',(#1500,#1501,#1502,#1503));
#281=EDGE_LOOP('',(#1504,#1505,#1506,#1507,#1508));
#282=EDGE_LOOP('',(#1509,#1510,#1511,#1512));
#283=EDGE_LOOP('',(#1513,#1514,#1515,#1516,#1517));
#284=EDGE_LOOP('',(#1518,#1519,#1520,#1521,#1522,#1523,#1524,#1525,#1526,
#1527,#1528,#1529,#1530,#1531));
#285=EDGE_LOOP('',(#1532,#1533,#1534,#1535));
#286=EDGE_LOOP('',(#1536,#1537,#1538,#1539));
#287=EDGE_LOOP('',(#1540,#1541,#1542,#1543));
#288=EDGE_LOOP('',(#1544,#1545,#1546,#1547));
#289=EDGE_LOOP('',(#1548,#1549,#1550,#1551));
#290=EDGE_LOOP('',(#1552,#1553,#1554,#1555));
#291=EDGE_LOOP('',(#1556,#1557,#1558,#1559));
#292=EDGE_LOOP('',(#1560,#1561,#1562,#1563));
#293=EDGE_LOOP('',(#1564,#1565,#1566,#1567));
#294=EDGE_LOOP('',(#1568,#1569,#1570,#1571));
#295=EDGE_LOOP('',(#1572,#1573,#1574,#1575));
#296=EDGE_LOOP('',(#1576,#1577,#1578,#1579));
#297=EDGE_LOOP('',(#1580,#1581,#1582,#1583));
#298=EDGE_LOOP('',(#1584,#1585,#1586,#1587));
#299=EDGE_LOOP('',(#1588,#1589,#1590,#1591));
#300=EDGE_LOOP('',(#1592,#1593,#1594,#1595));
#301=EDGE_LOOP('',(#1596,#1597,#1598,#1599));
#302=EDGE_LOOP('',(#1600,#1601,#1602,#1603));
#303=EDGE_LOOP('',(#1604,#1605,#1606,#1607));
#304=EDGE_LOOP('',(#1608,#1609,#1610,#1611));
#305=EDGE_LOOP('',(#1612,#1613,#1614,#1615));
#306=EDGE_LOOP('',(#1616,#1617,#1618,#1619));
#307=EDGE_LOOP('',(#1620,#1621,#1622,#1623));
#308=EDGE_LOOP('',(#1624,#1625,#1626,#1627));
#309=EDGE_LOOP('',(#1628,#1629,#1630,#1631));
#310=EDGE_LOOP('',(#1632,#1633,#1634,#1635));
#311=EDGE_LOOP('',(#1636,#1637,#1638,#1639));
#312=EDGE_LOOP('',(#1640,#1641,#1642,#1643));
#313=EDGE_LOOP('',(#1644,#1645,#1646,#1647));
#314=EDGE_LOOP('',(#1648,#1649,#1650,#1651));
#315=EDGE_LOOP('',(#1652,#1653,#1654,#1655));
#316=EDGE_LOOP('',(#1656,#1657,#1658,#1659));
#317=EDGE_LOOP('',(#1660,#1661,#1662,#1663));
#318=EDGE_LOOP('',(#1664,#1665,#1666,#1667));
#319=EDGE_LOOP('',(#1668,#1669,#1670,#1671));
#320=EDGE_LOOP('',(#1672,#1673,#1674,#1675));
#321=EDGE_LOOP('',(#1676,#1677,#1678,#1679));
#322=EDGE_LOOP('',(#1680,#1681,#1682,#1683));
#323=EDGE_LOOP('',(#1684,#1685,#1686,#1687));
#324=EDGE_LOOP('',(#1688,#1689,#1690,#1691));
#325=EDGE_LOOP('',(#1692,#1693,#1694,#1695));
#326=EDGE_LOOP('',(#1696,#1697,#1698,#1699));
#327=EDGE_LOOP('',(#1700,#1701,#1702,#1703));
#328=EDGE_LOOP('',(#1704,#1705,#1706,#1707));
#329=EDGE_LOOP('',(#1708,#1709,#1710,#1711));
#330=EDGE_LOOP('',(#1712,#1713,#1714,#1715));
#331=EDGE_LOOP('',(#1716,#1717,#1718,#1719,#1720));
#332=EDGE_LOOP('',(#1721,#1722,#1723,#1724));
#333=EDGE_LOOP('',(#1725,#1726,#1727,#1728,#1729));
#334=EDGE_LOOP('',(#1730,#1731,#1732,#1733));
#335=EDGE_LOOP('',(#1734,#1735,#1736,#1737));
#336=EDGE_LOOP('',(#1738,#1739,#1740,#1741));
#337=EDGE_LOOP('',(#1742,#1743,#1744,#1745));
#338=EDGE_LOOP('',(#1746,#1747,#1748,#1749));
#339=EDGE_LOOP('',(#1750,#1751,#1752,#1753));
#340=EDGE_LOOP('',(#1754,#1755,#1756,#1757));
#341=EDGE_LOOP('',(#1758,#1759,#1760,#1761));
#342=EDGE_LOOP('',(#1762,#1763,#1764,#1765));
#343=EDGE_LOOP('',(#1766,#1767,#1768,#1769));
#344=EDGE_LOOP('',(#1770,#1771,#1772,#1773));
#345=EDGE_LOOP('',(#1774,#1775,#1776,#1777));
#346=EDGE_LOOP('',(#1778,#1779,#1780,#1781));
#347=EDGE_LOOP('',(#1782,#1783,#1784,#1785,#1786,#1787));
#348=EDGE_LOOP('',(#1788,#1789,#1790,#1791));
#349=EDGE_LOOP('',(#1792,#1793,#1794,#1795,#1796,#1797));
#350=EDGE_LOOP('',(#1798,#1799,#1800,#1801));
#351=EDGE_LOOP('',(#1802,#1803,#1804,#1805));
#352=EDGE_LOOP('',(#1806,#1807,#1808,#1809));
#353=EDGE_LOOP('',(#1810));
#354=EDGE_LOOP('',(#1811,#1812,#1813,#1814,#1815,#1816,#1817));
#355=EDGE_LOOP('',(#1818,#1819,#1820,#1821,#1822));
#356=EDGE_LOOP('',(#1823,#1824,#1825,#1826,#1827,#1828,#1829,#1830,#1831,
#1832,#1833,#1834,#1835,#1836));
#357=EDGE_LOOP('',(#1837,#1838,#1839,#1840,#1841,#1842,#1843));
#358=EDGE_LOOP('',(#1844,#1845,#1846,#1847,#1848));
#359=EDGE_LOOP('',(#1849,#1850,#1851,#1852));
#360=EDGE_LOOP('',(#1853,#1854,#1855,#1856));
#361=EDGE_LOOP('',(#1857,#1858,#1859,#1860,#1861,#1862));
#362=EDGE_LOOP('',(#1863,#1864,#1865,#1866,#1867,#1868));
#363=EDGE_LOOP('',(#1869,#1870,#1871,#1872,#1873,#1874,#1875,#1876,#1877,
#1878,#1879,#1880));
#364=EDGE_LOOP('',(#1881));
#365=EDGE_LOOP('',(#1882));
#366=EDGE_LOOP('',(#1883));
#367=EDGE_LOOP('',(#1884,#1885,#1886,#1887,#1888,#1889,#1890,#1891,#1892,
#1893,#1894,#1895,#1896,#1897,#1898,#1899));
#368=EDGE_LOOP('',(#1900,#1901,#1902));
#369=EDGE_LOOP('',(#1903,#1904,#1905,#1906,#1907,#1908,#1909));
#370=EDGE_LOOP('',(#1910,#1911,#1912,#1913));
#371=EDGE_LOOP('',(#1914));
#372=EDGE_LOOP('',(#1915,#1916,#1917,#1918));
#373=EDGE_LOOP('',(#1919));
#374=EDGE_LOOP('',(#1920));
#375=EDGE_LOOP('',(#1921,#1922,#1923,#1924));
#376=EDGE_LOOP('',(#1925));
#377=EDGE_LOOP('',(#1926,#1927,#1928,#1929));
#378=EDGE_LOOP('',(#1930));
#379=EDGE_LOOP('',(#1931));
#380=EDGE_LOOP('',(#1932,#1933,#1934,#1935));
#381=EDGE_LOOP('',(#1936));
#382=EDGE_LOOP('',(#1937));
#383=EDGE_LOOP('',(#1938));
#384=EDGE_LOOP('',(#1939,#1940,#1941,#1942));
#385=EDGE_LOOP('',(#1943));
#386=EDGE_LOOP('',(#1944,#1945,#1946,#1947,#1948,#1949));
#387=EDGE_LOOP('',(#1950));
#388=EDGE_LOOP('',(#1951));
#389=EDGE_LOOP('',(#1952,#1953,#1954,#1955,#1956,#1957));
#390=EDGE_LOOP('',(#1958,#1959,#1960,#1961));
#391=EDGE_LOOP('',(#1962,#1963,#1964,#1965));
#392=EDGE_LOOP('',(#1966,#1967,#1968,#1969,#1970,#1971,#1972,#1973));
#393=EDGE_LOOP('',(#1974,#1975,#1976,#1977));
#394=EDGE_LOOP('',(#1978,#1979,#1980,#1981,#1982,#1983,#1984));
#395=EDGE_LOOP('',(#1985,#1986,#1987,#1988,#1989));
#396=EDGE_LOOP('',(#1990,#1991,#1992,#1993));
#397=EDGE_LOOP('',(#1994,#1995,#1996,#1997,#1998));
#398=EDGE_LOOP('',(#1999,#2000,#2001));
#399=EDGE_LOOP('',(#2002,#2003,#2004,#2005));
#400=EDGE_LOOP('',(#2006,#2007,#2008,#2009,#2010,#2011));
#401=EDGE_LOOP('',(#2012,#2013,#2014,#2015,#2016,#2017));
#402=EDGE_LOOP('',(#2018,#2019,#2020));
#403=(
BOUNDED_CURVE()
B_SPLINE_CURVE(2,(#2897,#2898,#2899),.UNSPECIFIED.,.F.,.F.)
B_SPLINE_CURVE_WITH_KNOTS((3,3),(0.30637646234419,0.323433600473455),
 .UNSPECIFIED.)
CURVE()
GEOMETRIC_REPRESENTATION_ITEM()
RATIONAL_B_SPLINE_CURVE((1.02586072085321,1.0265274473628,1.02718825512164))
REPRESENTATION_ITEM('')
);
#404=(
BOUNDED_CURVE()
B_SPLINE_CURVE(2,(#2943,#2944,#2945),.UNSPECIFIED.,.F.,.F.)
B_SPLINE_CURVE_WITH_KNOTS((3,3),(4.1321728755925,4.14923001372177),
 .UNSPECIFIED.)
CURVE()
GEOMETRIC_REPRESENTATION_ITEM()
RATIONAL_B_SPLINE_CURVE((1.02718825512164,1.02652744736279,1.0258607208532))
REPRESENTATION_ITEM('')
);
#405=(
BOUNDED_CURVE()
B_SPLINE_CURVE(2,(#2958,#2959,#2960),.UNSPECIFIED.,.F.,.F.)
B_SPLINE_CURVE_WITH_KNOTS((3,3),(0.,1.40453014467711),.UNSPECIFIED.)
CURVE()
GEOMETRIC_REPRESENTATION_ITEM()
RATIONAL_B_SPLINE_CURVE((1.,1.00126773967073,1.))
REPRESENTATION_ITEM('')
);
#406=(
BOUNDED_CURVE()
B_SPLINE_CURVE(2,(#2982,#2983,#2984),.UNSPECIFIED.,.F.,.F.)
B_SPLINE_CURVE_WITH_KNOTS((3,3),(4.14839334166376,4.2212721189913),
 .UNSPECIFIED.)
CURVE()
GEOMETRIC_REPRESENTATION_ITEM()
RATIONAL_B_SPLINE_CURVE((2.30688589090078,2.30738046302032,2.30748906432283))
REPRESENTATION_ITEM('')
);
#407=(
BOUNDED_CURVE()
B_SPLINE_CURVE(2,(#3515,#3516,#3517),.UNSPECIFIED.,.F.,.F.)
B_SPLINE_CURVE_WITH_KNOTS((3,3),(4.262284184121,4.33516296144855),
 .UNSPECIFIED.)
CURVE()
GEOMETRIC_REPRESENTATION_ITEM()
RATIONAL_B_SPLINE_CURVE((2.30748906432283,2.30738046302032,2.30688589090078))
REPRESENTATION_ITEM('')
);
#408=B_SPLINE_CURVE_WITH_KNOTS('',3,(#2893,#2894,#2895,#2896),
 .UNSPECIFIED.,.F.,.F.,(4,4),(0.,0.102451167988262),.UNSPECIFIED.);
#409=B_SPLINE_CURVE_WITH_KNOTS('',3,(#2905,#2906,#2907,#2908),
 .UNSPECIFIED.,.F.,.F.,(4,4),(0.,0.102451169138505),.UNSPECIFIED.);
#410=B_SPLINE_CURVE_WITH_KNOTS('',3,(#2965,#2966,#2967,#2968,#2969,#2970,
#2971,#2972,#2973,#2974),.UNSPECIFIED.,.F.,.F.,(4,2,2,2,4),(1.62405009628662,
2.03394048093524,2.44383086558385,2.84596552907855,3.22299268626187),
 .UNSPECIFIED.);
#411=B_SPLINE_CURVE_WITH_KNOTS('',3,(#3342,#3343,#3344,#3345,#3346,#3347),
 .UNSPECIFIED.,.F.,.F.,(4,2,4),(-0.297944283705617,-0.182384901586468,0.),
 .UNSPECIFIED.);
#412=B_SPLINE_CURVE_WITH_KNOTS('',3,(#3383,#3384,#3385,#3386,#3387,#3388),
 .UNSPECIFIED.,.F.,.F.,(4,2,4),(3.56795769842926,3.75034260001573,3.86590198213488),
 .UNSPECIFIED.);
#413=B_SPLINE_CURVE_WITH_KNOTS('',3,(#3518,#3519,#3520,#3521,#3522,#3523,
#3524,#3525,#3526,#3527),.UNSPECIFIED.,.F.,.F.,(4,2,2,2,4),(0.0251075063113725,
0.402134663494693,0.804269326989387,1.21415971163801,1.62405009628662),
 .UNSPECIFIED.);
#414=LINE('',#2889,#650);
#415=LINE('',#2902,#651);
#416=LINE('',#2904,#652);
#417=LINE('',#2912,#653);
#418=LINE('',#2913,#654);
#419=LINE('',#2914,#655);
#420=LINE('',#2918,#656);
#421=LINE('',#2924,#657);
#422=LINE('',#2925,#658);
#423=LINE('',#2926,#659);
#424=LINE('',#2930,#660);
#425=LINE('',#2936,#661);
#426=LINE('',#2937,#662);
#427=LINE('',#2938,#663);
#428=LINE('',#2948,#664);
#429=LINE('',#2950,#665);
#430=LINE('',#2951,#666);
#431=LINE('',#2954,#667);
#432=LINE('',#2964,#668);
#433=LINE('',#2977,#669);
#434=LINE('',#2979,#670);
#435=LINE('',#2981,#671);
#436=LINE('',#2986,#672);
#437=LINE('',#2988,#673);
#438=LINE('',#2989,#674);
#439=LINE('',#2995,#675);
#440=LINE('',#2999,#676);
#441=LINE('',#3001,#677);
#442=LINE('',#3003,#678);
#443=LINE('',#3005,#679);
#444=LINE('',#3007,#680);
#445=LINE('',#3011,#681);
#446=LINE('',#3015,#682);
#447=LINE('',#3020,#683);
#448=LINE('',#3022,#684);
#449=LINE('',#3024,#685);
#450=LINE('',#3025,#686);
#451=LINE('',#3028,#687);
#452=LINE('',#3030,#688);
#453=LINE('',#3033,#689);
#454=LINE('',#3036,#690);
#455=LINE('',#3038,#691);
#456=LINE('',#3039,#692);
#457=LINE('',#3041,#693);
#458=LINE('',#3044,#694);
#459=LINE('',#3047,#695);
#460=LINE('',#3049,#696);
#461=LINE('',#3051,#697);
#462=LINE('',#3053,#698);
#463=LINE('',#3054,#699);
#464=LINE('',#3056,#700);
#465=LINE('',#3058,#701);
#466=LINE('',#3059,#702);
#467=LINE('',#3060,#703);
#468=LINE('',#3063,#704);
#469=LINE('',#3065,#705);
#470=LINE('',#3067,#706);
#471=LINE('',#3068,#707);
#472=LINE('',#3071,#708);
#473=LINE('',#3073,#709);
#474=LINE('',#3075,#710);
#475=LINE('',#3076,#711);
#476=LINE('',#3079,#712);
#477=LINE('',#3081,#713);
#478=LINE('',#3083,#714);
#479=LINE('',#3084,#715);
#480=LINE('',#3087,#716);
#481=LINE('',#3089,#717);
#482=LINE('',#3091,#718);
#483=LINE('',#3092,#719);
#484=LINE('',#3095,#720);
#485=LINE('',#3097,#721);
#486=LINE('',#3099,#722);
#487=LINE('',#3100,#723);
#488=LINE('',#3103,#724);
#489=LINE('',#3105,#725);
#490=LINE('',#3107,#726);
#491=LINE('',#3108,#727);
#492=LINE('',#3111,#728);
#493=LINE('',#3113,#729);
#494=LINE('',#3115,#730);
#495=LINE('',#3116,#731);
#496=LINE('',#3119,#732);
#497=LINE('',#3121,#733);
#498=LINE('',#3123,#734);
#499=LINE('',#3124,#735);
#500=LINE('',#3127,#736);
#501=LINE('',#3129,#737);
#502=LINE('',#3131,#738);
#503=LINE('',#3132,#739);
#504=LINE('',#3136,#740);
#505=LINE('',#3137,#741);
#506=LINE('',#3138,#742);
#507=LINE('',#3141,#743);
#508=LINE('',#3142,#744);
#509=LINE('',#3145,#745);
#510=LINE('',#3146,#746);
#511=LINE('',#3148,#747);
#512=LINE('',#3152,#748);
#513=LINE('',#3153,#749);
#514=LINE('',#3154,#750);
#515=LINE('',#3157,#751);
#516=LINE('',#3158,#752);
#517=LINE('',#3161,#753);
#518=LINE('',#3162,#754);
#519=LINE('',#3164,#755);
#520=LINE('',#3168,#756);
#521=LINE('',#3169,#757);
#522=LINE('',#3170,#758);
#523=LINE('',#3173,#759);
#524=LINE('',#3174,#760);
#525=LINE('',#3177,#761);
#526=LINE('',#3178,#762);
#527=LINE('',#3180,#763);
#528=LINE('',#3184,#764);
#529=LINE('',#3185,#765);
#530=LINE('',#3186,#766);
#531=LINE('',#3189,#767);
#532=LINE('',#3190,#768);
#533=LINE('',#3193,#769);
#534=LINE('',#3194,#770);
#535=LINE('',#3196,#771);
#536=LINE('',#3200,#772);
#537=LINE('',#3201,#773);
#538=LINE('',#3202,#774);
#539=LINE('',#3205,#775);
#540=LINE('',#3206,#776);
#541=LINE('',#3209,#777);
#542=LINE('',#3210,#778);
#543=LINE('',#3212,#779);
#544=LINE('',#3216,#780);
#545=LINE('',#3217,#781);
#546=LINE('',#3218,#782);
#547=LINE('',#3221,#783);
#548=LINE('',#3222,#784);
#549=LINE('',#3225,#785);
#550=LINE('',#3226,#786);
#551=LINE('',#3228,#787);
#552=LINE('',#3232,#788);
#553=LINE('',#3233,#789);
#554=LINE('',#3234,#790);
#555=LINE('',#3237,#791);
#556=LINE('',#3238,#792);
#557=LINE('',#3241,#793);
#558=LINE('',#3242,#794);
#559=LINE('',#3244,#795);
#560=LINE('',#3248,#796);
#561=LINE('',#3249,#797);
#562=LINE('',#3250,#798);
#563=LINE('',#3253,#799);
#564=LINE('',#3254,#800);
#565=LINE('',#3257,#801);
#566=LINE('',#3258,#802);
#567=LINE('',#3260,#803);
#568=LINE('',#3264,#804);
#569=LINE('',#3265,#805);
#570=LINE('',#3266,#806);
#571=LINE('',#3269,#807);
#572=LINE('',#3270,#808);
#573=LINE('',#3273,#809);
#574=LINE('',#3274,#810);
#575=LINE('',#3276,#811);
#576=LINE('',#3279,#812);
#577=LINE('',#3281,#813);
#578=LINE('',#3282,#814);
#579=LINE('',#3285,#815);
#580=LINE('',#3286,#816);
#581=LINE('',#3289,#817);
#582=LINE('',#3290,#818);
#583=LINE('',#3292,#819);
#584=LINE('',#3297,#820);
#585=LINE('',#3299,#821);
#586=LINE('',#3301,#822);
#587=LINE('',#3302,#823);
#588=LINE('',#3305,#824);
#589=LINE('',#3307,#825);
#590=LINE('',#3308,#826);
#591=LINE('',#3310,#827);
#592=LINE('',#3311,#828);
#593=LINE('',#3313,#829);
#594=LINE('',#3315,#830);
#595=LINE('',#3321,#831);
#596=LINE('',#3325,#832);
#597=LINE('',#3333,#833);
#598=LINE('',#3337,#834);
#599=LINE('',#3341,#835);
#600=LINE('',#3351,#836);
#601=LINE('',#3353,#837);
#602=LINE('',#3355,#838);
#603=LINE('',#3357,#839);
#604=LINE('',#3358,#840);
#605=LINE('',#3361,#841);
#606=LINE('',#3363,#842);
#607=LINE('',#3365,#843);
#608=LINE('',#3367,#844);
#609=LINE('',#3368,#845);
#610=LINE('',#3371,#846);
#611=LINE('',#3375,#847);
#612=LINE('',#3378,#848);
#613=LINE('',#3391,#849);
#614=LINE('',#3394,#850);
#615=LINE('',#3396,#851);
#616=LINE('',#3397,#852);
#617=LINE('',#3399,#853);
#618=LINE('',#3400,#854);
#619=LINE('',#3402,#855);
#620=LINE('',#3406,#856);
#621=LINE('',#3407,#857);
#622=LINE('',#3412,#858);
#623=LINE('',#3422,#859);
#624=LINE('',#3432,#860);
#625=LINE('',#3434,#861);
#626=LINE('',#3435,#862);
#627=LINE('',#3437,#863);
#628=LINE('',#3438,#864);
#629=LINE('',#3440,#865);
#630=LINE('',#3443,#866);
#631=LINE('',#3444,#867);
#632=LINE('',#3449,#868);
#633=LINE('',#3454,#869);
#634=LINE('',#3461,#870);
#635=LINE('',#3466,#871);
#636=LINE('',#3473,#872);
#637=LINE('',#3481,#873);
#638=LINE('',#3486,#874);
#639=LINE('',#3492,#875);
#640=LINE('',#3494,#876);
#641=LINE('',#3498,#877);
#642=LINE('',#3500,#878);
#643=LINE('',#3502,#879);
#644=LINE('',#3503,#880);
#645=LINE('',#3507,#881);
#646=LINE('',#3510,#882);
#647=LINE('',#3511,#883);
#648=LINE('',#3530,#884);
#649=LINE('',#3533,#885);
#650=VECTOR('',#2325,10.);
#651=VECTOR('',#2330,10.);
#652=VECTOR('',#2331,10.);
#653=VECTOR('',#2334,10.);
#654=VECTOR('',#2335,10.);
#655=VECTOR('',#2336,10.);
#656=VECTOR('',#2339,10.);
#657=VECTOR('',#2346,10.);
#658=VECTOR('',#2347,10.);
#659=VECTOR('',#2348,10.);
#660=VECTOR('',#2351,10.);
#661=VECTOR('',#2358,10.);
#662=VECTOR('',#2359,10.);
#663=VECTOR('',#2360,10.);
#664=VECTOR('',#2369,10.);
#665=VECTOR('',#2370,10.);
#666=VECTOR('',#2371,10.);
#667=VECTOR('',#2374,10.);
#668=VECTOR('',#2379,10.);
#669=VECTOR('',#2382,10.);
#670=VECTOR('',#2383,10.);
#671=VECTOR('',#2384,10.);
#672=VECTOR('',#2385,10.);
#673=VECTOR('',#2386,10.);
#674=VECTOR('',#2387,10.);
#675=VECTOR('',#2394,10.);
#676=VECTOR('',#2397,10.);
#677=VECTOR('',#2398,10.);
#678=VECTOR('',#2399,10.);
#679=VECTOR('',#2400,10.);
#680=VECTOR('',#2401,10.);
#681=VECTOR('',#2404,10.);
#682=VECTOR('',#2407,10.);
#683=VECTOR('',#2412,10.);
#684=VECTOR('',#2413,10.);
#685=VECTOR('',#2414,10.);
#686=VECTOR('',#2415,10.);
#687=VECTOR('',#2418,10.);
#688=VECTOR('',#2419,10.);
#689=VECTOR('',#2422,10.);
#690=VECTOR('',#2425,10.);
#691=VECTOR('',#2426,10.);
#692=VECTOR('',#2427,10.);
#693=VECTOR('',#2430,10.);
#694=VECTOR('',#2433,10.);
#695=VECTOR('',#2436,10.);
#696=VECTOR('',#2437,10.);
#697=VECTOR('',#2438,10.);
#698=VECTOR('',#2439,10.);
#699=VECTOR('',#2440,10.);
#700=VECTOR('',#2441,10.);
#701=VECTOR('',#2442,10.);
#702=VECTOR('',#2443,10.);
#703=VECTOR('',#2444,10.);
#704=VECTOR('',#2445,10.);
#705=VECTOR('',#2446,10.);
#706=VECTOR('',#2447,10.);
#707=VECTOR('',#2448,10.);
#708=VECTOR('',#2449,10.);
#709=VECTOR('',#2450,10.);
#710=VECTOR('',#2451,10.);
#711=VECTOR('',#2452,10.);
#712=VECTOR('',#2453,10.);
#713=VECTOR('',#2454,10.);
#714=VECTOR('',#2455,10.);
#715=VECTOR('',#2456,10.);
#716=VECTOR('',#2457,10.);
#717=VECTOR('',#2458,10.);
#718=VECTOR('',#2459,10.);
#719=VECTOR('',#2460,10.);
#720=VECTOR('',#2461,10.);
#721=VECTOR('',#2462,10.);
#722=VECTOR('',#2463,10.);
#723=VECTOR('',#2464,10.);
#724=VECTOR('',#2465,10.);
#725=VECTOR('',#2466,10.);
#726=VECTOR('',#2467,10.);
#727=VECTOR('',#2468,10.);
#728=VECTOR('',#2469,10.);
#729=VECTOR('',#2470,10.);
#730=VECTOR('',#2471,10.);
#731=VECTOR('',#2472,10.);
#732=VECTOR('',#2473,10.);
#733=VECTOR('',#2474,10.);
#734=VECTOR('',#2475,10.);
#735=VECTOR('',#2476,10.);
#736=VECTOR('',#2477,10.);
#737=VECTOR('',#2478,10.);
#738=VECTOR('',#2479,10.);
#739=VECTOR('',#2480,10.);
#740=VECTOR('',#2483,10.);
#741=VECTOR('',#2484,10.);
#742=VECTOR('',#2485,10.);
#743=VECTOR('',#2488,10.);
#744=VECTOR('',#2489,10.);
#745=VECTOR('',#2492,10.);
#746=VECTOR('',#2493,10.);
#747=VECTOR('',#2496,10.);
#748=VECTOR('',#2499,10.);
#749=VECTOR('',#2500,10.);
#750=VECTOR('',#2501,10.);
#751=VECTOR('',#2504,10.);
#752=VECTOR('',#2505,10.);
#753=VECTOR('',#2508,10.);
#754=VECTOR('',#2509,10.);
#755=VECTOR('',#2512,10.);
#756=VECTOR('',#2515,10.);
#757=VECTOR('',#2516,10.);
#758=VECTOR('',#2517,10.);
#759=VECTOR('',#2520,10.);
#760=VECTOR('',#2521,10.);
#761=VECTOR('',#2524,10.);
#762=VECTOR('',#2525,10.);
#763=VECTOR('',#2528,10.);
#764=VECTOR('',#2531,10.);
#765=VECTOR('',#2532,10.);
#766=VECTOR('',#2533,10.);
#767=VECTOR('',#2536,10.);
#768=VECTOR('',#2537,10.);
#769=VECTOR('',#2540,10.);
#770=VECTOR('',#2541,10.);
#771=VECTOR('',#2544,10.);
#772=VECTOR('',#2547,10.);
#773=VECTOR('',#2548,10.);
#774=VECTOR('',#2549,10.);
#775=VECTOR('',#2552,10.);
#776=VECTOR('',#2553,10.);
#777=VECTOR('',#2556,10.);
#778=VECTOR('',#2557,10.);
#779=VECTOR('',#2560,10.);
#780=VECTOR('',#2563,10.);
#781=VECTOR('',#2564,10.);
#782=VECTOR('',#2565,10.);
#783=VECTOR('',#2568,10.);
#784=VECTOR('',#2569,10.);
#785=VECTOR('',#2572,10.);
#786=VECTOR('',#2573,10.);
#787=VECTOR('',#2576,10.);
#788=VECTOR('',#2579,10.);
#789=VECTOR('',#2580,10.);
#790=VECTOR('',#2581,10.);
#791=VECTOR('',#2584,10.);
#792=VECTOR('',#2585,10.);
#793=VECTOR('',#2588,10.);
#794=VECTOR('',#2589,10.);
#795=VECTOR('',#2592,10.);
#796=VECTOR('',#2595,10.);
#797=VECTOR('',#2596,10.);
#798=VECTOR('',#2597,10.);
#799=VECTOR('',#2600,10.);
#800=VECTOR('',#2601,10.);
#801=VECTOR('',#2604,10.);
#802=VECTOR('',#2605,10.);
#803=VECTOR('',#2608,10.);
#804=VECTOR('',#2611,10.);
#805=VECTOR('',#2612,10.);
#806=VECTOR('',#2613,10.);
#807=VECTOR('',#2616,10.);
#808=VECTOR('',#2617,10.);
#809=VECTOR('',#2620,10.);
#810=VECTOR('',#2621,10.);
#811=VECTOR('',#2624,10.);
#812=VECTOR('',#2627,10.);
#813=VECTOR('',#2628,10.);
#814=VECTOR('',#2629,10.);
#815=VECTOR('',#2632,10.);
#816=VECTOR('',#2633,10.);
#817=VECTOR('',#2636,10.);
#818=VECTOR('',#2637,10.);
#819=VECTOR('',#2640,10.);
#820=VECTOR('',#2645,10.);
#821=VECTOR('',#2646,10.);
#822=VECTOR('',#2647,10.);
#823=VECTOR('',#2648,10.);
#824=VECTOR('',#2651,10.);
#825=VECTOR('',#2652,10.);
#826=VECTOR('',#2653,10.);
#827=VECTOR('',#2656,10.);
#828=VECTOR('',#2657,10.);
#829=VECTOR('',#2660,10.);
#830=VECTOR('',#2663,10.);
#831=VECTOR('',#2670,2.7);
#832=VECTOR('',#2675,2.);
#833=VECTOR('',#2684,10.);
#834=VECTOR('',#2687,10.);
#835=VECTOR('',#2690,10.);
#836=VECTOR('',#2693,10.);
#837=VECTOR('',#2694,10.);
#838=VECTOR('',#2695,10.);
#839=VECTOR('',#2696,10.);
#840=VECTOR('',#2697,10.);
#841=VECTOR('',#2700,10.);
#842=VECTOR('',#2701,10.);
#843=VECTOR('',#2702,10.);
#844=VECTOR('',#2703,10.);
#845=VECTOR('',#2704,10.);
#846=VECTOR('',#2707,10.);
#847=VECTOR('',#2710,10.);
#848=VECTOR('',#2713,10.);
#849=VECTOR('',#2720,10.);
#850=VECTOR('',#2723,10.);
#851=VECTOR('',#2724,10.);
#852=VECTOR('',#2725,10.);
#853=VECTOR('',#2728,10.);
#854=VECTOR('',#2729,10.);
#855=VECTOR('',#2732,10.);
#856=VECTOR('',#2737,10.);
#857=VECTOR('',#2738,10.);
#858=VECTOR('',#2743,3.5);
#859=VECTOR('',#2756,10.);
#860=VECTOR('',#2767,10.);
#861=VECTOR('',#2768,10.);
#862=VECTOR('',#2769,10.);
#863=VECTOR('',#2770,10.);
#864=VECTOR('',#2771,10.);
#865=VECTOR('',#2774,10.);
#866=VECTOR('',#2777,10.);
#867=VECTOR('',#2778,10.);
#868=VECTOR('',#2783,2.);
#869=VECTOR('',#2790,3.5);
#870=VECTOR('',#2799,2.);
#871=VECTOR('',#2806,3.5);
#872=VECTOR('',#2815,2.);
#873=VECTOR('',#2826,2.);
#874=VECTOR('',#2833,3.5);
#875=VECTOR('',#2844,10.);
#876=VECTOR('',#2847,10.);
#877=VECTOR('',#2854,10.);
#878=VECTOR('',#2855,10.);
#879=VECTOR('',#2856,10.);
#880=VECTOR('',#2857,10.);
#881=VECTOR('',#2862,10.);
#882=VECTOR('',#2865,10.);
#883=VECTOR('',#2866,10.);
#884=VECTOR('',#2875,10.);
#885=VECTOR('',#2880,10.);
#886=CIRCLE('',#2157,12.1205379718316);
#887=CIRCLE('',#2158,11.3805209532927);
#888=CIRCLE('',#2162,11.3805209532927);
#889=CIRCLE('',#2163,12.1205379718316);
#890=CIRCLE('',#2166,11.3805209532927);
#891=CIRCLE('',#2167,12.1205379718316);
#892=CIRCLE('',#2170,11.3805209532927);
#893=CIRCLE('',#2171,12.1205379718316);
#894=CIRCLE('',#2174,11.7293786870942);
#895=CIRCLE('',#2175,10.6767133992977);
#896=CIRCLE('',#2180,8.);
#897=CIRCLE('',#2181,8.);
#898=CIRCLE('',#2182,8.);
#899=CIRCLE('',#2183,8.);
#900=CIRCLE('',#2186,8.);
#901=CIRCLE('',#2189,8.);
#902=CIRCLE('',#2240,2.);
#903=CIRCLE('',#2242,2.);
#904=CIRCLE('',#2245,5.5);
#905=CIRCLE('',#2246,5.5);
#906=CIRCLE('',#2247,5.5);
#907=CIRCLE('',#2250,5.5);
#908=CIRCLE('',#2254,5.5);
#909=CIRCLE('',#2255,5.5);
#910=CIRCLE('',#2263,3.5);
#911=CIRCLE('',#2277,2.);
#912=CIRCLE('',#2278,2.);
#913=CIRCLE('',#2281,3.5);
#914=CIRCLE('',#2284,2.);
#915=CIRCLE('',#2285,2.);
#916=CIRCLE('',#2288,3.5);
#917=CIRCLE('',#2291,2.);
#918=CIRCLE('',#2292,2.);
#919=CIRCLE('',#2296,2.);
#920=CIRCLE('',#2297,2.);
#921=CIRCLE('',#2300,3.5);
#922=CIRCLE('',#2310,8.50606022611883);
#923=CIRCLE('',#2313,8.50606022611883);
#924=VERTEX_POINT('',#2885);
#925=VERTEX_POINT('',#2886);
#926=VERTEX_POINT('',#2888);
#927=VERTEX_POINT('',#2890);
#928=VERTEX_POINT('',#2892);
#929=VERTEX_POINT('',#2901);
#930=VERTEX_POINT('',#2903);
#931=VERTEX_POINT('',#2910);
#932=VERTEX_POINT('',#2911);
#933=VERTEX_POINT('',#2916);
#934=VERTEX_POINT('',#2917);
#935=VERTEX_POINT('',#2922);
#936=VERTEX_POINT('',#2923);
#937=VERTEX_POINT('',#2928);
#938=VERTEX_POINT('',#2929);
#939=VERTEX_POINT('',#2934);
#940=VERTEX_POINT('',#2935);
#941=VERTEX_POINT('',#2941);
#942=VERTEX_POINT('',#2947);
#943=VERTEX_POINT('',#2949);
#944=VERTEX_POINT('',#2953);
#945=VERTEX_POINT('',#2955);
#946=VERTEX_POINT('',#2957);
#947=VERTEX_POINT('',#2961);
#948=VERTEX_POINT('',#2963);
#949=VERTEX_POINT('',#2976);
#950=VERTEX_POINT('',#2978);
#951=VERTEX_POINT('',#2980);
#952=VERTEX_POINT('',#2985);
#953=VERTEX_POINT('',#2987);
#954=VERTEX_POINT('',#2993);
#955=VERTEX_POINT('',#2994);
#956=VERTEX_POINT('',#2996);
#957=VERTEX_POINT('',#2998);
#958=VERTEX_POINT('',#3000);
#959=VERTEX_POINT('',#3002);
#960=VERTEX_POINT('',#3004);
#961=VERTEX_POINT('',#3006);
#962=VERTEX_POINT('',#3008);
#963=VERTEX_POINT('',#3010);
#964=VERTEX_POINT('',#3012);
#965=VERTEX_POINT('',#3014);
#966=VERTEX_POINT('',#3018);
#967=VERTEX_POINT('',#3019);
#968=VERTEX_POINT('',#3021);
#969=VERTEX_POINT('',#3023);
#970=VERTEX_POINT('',#3027);
#971=VERTEX_POINT('',#3029);
#972=VERTEX_POINT('',#3031);
#973=VERTEX_POINT('',#3035);
#974=VERTEX_POINT('',#3037);
#975=VERTEX_POINT('',#3042);
#976=VERTEX_POINT('',#3046);
#977=VERTEX_POINT('',#3048);
#978=VERTEX_POINT('',#3050);
#979=VERTEX_POINT('',#3052);
#980=VERTEX_POINT('',#3055);
#981=VERTEX_POINT('',#3057);
#982=VERTEX_POINT('',#3061);
#983=VERTEX_POINT('',#3062);
#984=VERTEX_POINT('',#3064);
#985=VERTEX_POINT('',#3066);
#986=VERTEX_POINT('',#3069);
#987=VERTEX_POINT('',#3070);
#988=VERTEX_POINT('',#3072);
#989=VERTEX_POINT('',#3074);
#990=VERTEX_POINT('',#3077);
#991=VERTEX_POINT('',#3078);
#992=VERTEX_POINT('',#3080);
#993=VERTEX_POINT('',#3082);
#994=VERTEX_POINT('',#3085);
#995=VERTEX_POINT('',#3086);
#996=VERTEX_POINT('',#3088);
#997=VERTEX_POINT('',#3090);
#998=VERTEX_POINT('',#3093);
#999=VERTEX_POINT('',#3094);
#1000=VERTEX_POINT('',#3096);
#1001=VERTEX_POINT('',#3098);
#1002=VERTEX_POINT('',#3101);
#1003=VERTEX_POINT('',#3102);
#1004=VERTEX_POINT('',#3104);
#1005=VERTEX_POINT('',#3106);
#1006=VERTEX_POINT('',#3109);
#1007=VERTEX_POINT('',#3110);
#1008=VERTEX_POINT('',#3112);
#1009=VERTEX_POINT('',#3114);
#1010=VERTEX_POINT('',#3117);
#1011=VERTEX_POINT('',#3118);
#1012=VERTEX_POINT('',#3120);
#1013=VERTEX_POINT('',#3122);
#1014=VERTEX_POINT('',#3125);
#1015=VERTEX_POINT('',#3126);
#1016=VERTEX_POINT('',#3128);
#1017=VERTEX_POINT('',#3130);
#1018=VERTEX_POINT('',#3134);
#1019=VERTEX_POINT('',#3135);
#1020=VERTEX_POINT('',#3140);
#1021=VERTEX_POINT('',#3144);
#1022=VERTEX_POINT('',#3150);
#1023=VERTEX_POINT('',#3151);
#1024=VERTEX_POINT('',#3156);
#1025=VERTEX_POINT('',#3160);
#1026=VERTEX_POINT('',#3166);
#1027=VERTEX_POINT('',#3167);
#1028=VERTEX_POINT('',#3172);
#1029=VERTEX_POINT('',#3176);
#1030=VERTEX_POINT('',#3182);
#1031=VERTEX_POINT('',#3183);
#1032=VERTEX_POINT('',#3188);
#1033=VERTEX_POINT('',#3192);
#1034=VERTEX_POINT('',#3198);
#1035=VERTEX_POINT('',#3199);
#1036=VERTEX_POINT('',#3204);
#1037=VERTEX_POINT('',#3208);
#1038=VERTEX_POINT('',#3214);
#1039=VERTEX_POINT('',#3215);
#1040=VERTEX_POINT('',#3220);
#1041=VERTEX_POINT('',#3224);
#1042=VERTEX_POINT('',#3230);
#1043=VERTEX_POINT('',#3231);
#1044=VERTEX_POINT('',#3236);
#1045=VERTEX_POINT('',#3240);
#1046=VERTEX_POINT('',#3246);
#1047=VERTEX_POINT('',#3247);
#1048=VERTEX_POINT('',#3252);
#1049=VERTEX_POINT('',#3256);
#1050=VERTEX_POINT('',#3262);
#1051=VERTEX_POINT('',#3263);
#1052=VERTEX_POINT('',#3268);
#1053=VERTEX_POINT('',#3272);
#1054=VERTEX_POINT('',#3278);
#1055=VERTEX_POINT('',#3280);
#1056=VERTEX_POINT('',#3284);
#1057=VERTEX_POINT('',#3288);
#1058=VERTEX_POINT('',#3295);
#1059=VERTEX_POINT('',#3296);
#1060=VERTEX_POINT('',#3298);
#1061=VERTEX_POINT('',#3300);
#1062=VERTEX_POINT('',#3304);
#1063=VERTEX_POINT('',#3306);
#1064=VERTEX_POINT('',#3318);
#1065=VERTEX_POINT('',#3320);
#1066=VERTEX_POINT('',#3324);
#1067=VERTEX_POINT('',#3329);
#1068=VERTEX_POINT('',#3330);
#1069=VERTEX_POINT('',#3332);
#1070=VERTEX_POINT('',#3334);
#1071=VERTEX_POINT('',#3336);
#1072=VERTEX_POINT('',#3338);
#1073=VERTEX_POINT('',#3340);
#1074=VERTEX_POINT('',#3349);
#1075=VERTEX_POINT('',#3350);
#1076=VERTEX_POINT('',#3352);
#1077=VERTEX_POINT('',#3354);
#1078=VERTEX_POINT('',#3356);
#1079=VERTEX_POINT('',#3360);
#1080=VERTEX_POINT('',#3362);
#1081=VERTEX_POINT('',#3364);
#1082=VERTEX_POINT('',#3366);
#1083=VERTEX_POINT('',#3370);
#1084=VERTEX_POINT('',#3372);
#1085=VERTEX_POINT('',#3374);
#1086=VERTEX_POINT('',#3376);
#1087=VERTEX_POINT('',#3380);
#1088=VERTEX_POINT('',#3381);
#1089=VERTEX_POINT('',#3389);
#1090=VERTEX_POINT('',#3393);
#1091=VERTEX_POINT('',#3395);
#1092=VERTEX_POINT('',#3405);
#1093=VERTEX_POINT('',#3409);
#1094=VERTEX_POINT('',#3411);
#1095=VERTEX_POINT('',#3416);
#1096=VERTEX_POINT('',#3419);
#1097=VERTEX_POINT('',#3421);
#1098=VERTEX_POINT('',#3424);
#1099=VERTEX_POINT('',#3426);
#1100=VERTEX_POINT('',#3429);
#1101=VERTEX_POINT('',#3431);
#1102=VERTEX_POINT('',#3433);
#1103=VERTEX_POINT('',#3436);
#1104=VERTEX_POINT('',#3442);
#1105=VERTEX_POINT('',#3446);
#1106=VERTEX_POINT('',#3448);
#1107=VERTEX_POINT('',#3453);
#1108=VERTEX_POINT('',#3458);
#1109=VERTEX_POINT('',#3460);
#1110=VERTEX_POINT('',#3465);
#1111=VERTEX_POINT('',#3470);
#1112=VERTEX_POINT('',#3472);
#1113=VERTEX_POINT('',#3478);
#1114=VERTEX_POINT('',#3480);
#1115=VERTEX_POINT('',#3485);
#1116=VERTEX_POINT('',#3499);
#1117=VERTEX_POINT('',#3501);
#1118=VERTEX_POINT('',#3505);
#1119=VERTEX_POINT('',#3509);
#1120=VERTEX_POINT('',#3514);
#1121=EDGE_CURVE('',#924,#925,#886,.T.);
#1122=EDGE_CURVE('',#925,#926,#414,.T.);
#1123=EDGE_CURVE('',#926,#927,#887,.T.);
#1124=EDGE_CURVE('',#927,#928,#408,.T.);
#1125=EDGE_CURVE('',#928,#924,#403,.T.);
#1126=EDGE_CURVE('',#929,#928,#415,.T.);
#1127=EDGE_CURVE('',#927,#930,#416,.T.);
#1128=EDGE_CURVE('',#930,#929,#409,.T.);
#1129=EDGE_CURVE('',#931,#932,#417,.T.);
#1130=EDGE_CURVE('',#932,#926,#418,.T.);
#1131=EDGE_CURVE('',#925,#931,#419,.T.);
#1132=EDGE_CURVE('',#933,#934,#420,.T.);
#1133=EDGE_CURVE('',#934,#932,#888,.T.);
#1134=EDGE_CURVE('',#931,#933,#889,.T.);
#1135=EDGE_CURVE('',#935,#936,#421,.T.);
#1136=EDGE_CURVE('',#936,#934,#422,.T.);
#1137=EDGE_CURVE('',#933,#935,#423,.T.);
#1138=EDGE_CURVE('',#937,#938,#424,.T.);
#1139=EDGE_CURVE('',#938,#936,#890,.T.);
#1140=EDGE_CURVE('',#935,#937,#891,.T.);
#1141=EDGE_CURVE('',#939,#940,#425,.T.);
#1142=EDGE_CURVE('',#940,#938,#426,.T.);
#1143=EDGE_CURVE('',#937,#939,#427,.T.);
#1144=EDGE_CURVE('',#930,#940,#892,.T.);
#1145=EDGE_CURVE('',#939,#941,#893,.T.);
#1146=EDGE_CURVE('',#941,#929,#404,.T.);
#1147=EDGE_CURVE('',#933,#942,#428,.T.);
#1148=EDGE_CURVE('',#943,#942,#429,.T.);
#1149=EDGE_CURVE('',#935,#943,#430,.T.);
#1150=EDGE_CURVE('',#931,#944,#431,.T.);
#1151=EDGE_CURVE('',#944,#945,#894,.T.);
#1152=EDGE_CURVE('',#945,#946,#405,.T.);
#1153=EDGE_CURVE('',#946,#947,#895,.T.);
#1154=EDGE_CURVE('',#947,#948,#432,.T.);
#1155=EDGE_CURVE('',#942,#948,#410,.T.);
#1156=EDGE_CURVE('',#925,#949,#433,.T.);
#1157=EDGE_CURVE('',#949,#950,#434,.T.);
#1158=EDGE_CURVE('',#951,#950,#435,.T.);
#1159=EDGE_CURVE('',#948,#951,#406,.T.);
#1160=EDGE_CURVE('',#947,#952,#436,.T.);
#1161=EDGE_CURVE('',#952,#953,#437,.T.);
#1162=EDGE_CURVE('',#953,#944,#438,.T.);
#1163=EDGE_CURVE('',#924,#949,#57,.T.);
#1164=EDGE_CURVE('',#954,#955,#439,.T.);
#1165=EDGE_CURVE('',#955,#956,#896,.T.);
#1166=EDGE_CURVE('',#956,#957,#440,.T.);
#1167=EDGE_CURVE('',#958,#957,#441,.T.);
#1168=EDGE_CURVE('',#959,#958,#442,.T.);
#1169=EDGE_CURVE('',#960,#959,#443,.T.);
#1170=EDGE_CURVE('',#960,#961,#444,.T.);
#1171=EDGE_CURVE('',#961,#962,#897,.T.);
#1172=EDGE_CURVE('',#962,#963,#445,.T.);
#1173=EDGE_CURVE('',#963,#964,#898,.T.);
#1174=EDGE_CURVE('',#964,#965,#446,.T.);
#1175=EDGE_CURVE('',#965,#954,#899,.T.);
#1176=EDGE_CURVE('',#966,#967,#447,.T.);
#1177=EDGE_CURVE('',#968,#966,#448,.T.);
#1178=EDGE_CURVE('',#969,#968,#449,.T.);
#1179=EDGE_CURVE('',#967,#969,#450,.T.);
#1180=EDGE_CURVE('',#967,#970,#451,.T.);
#1181=EDGE_CURVE('',#971,#969,#452,.T.);
#1182=EDGE_CURVE('',#972,#971,#900,.T.);
#1183=EDGE_CURVE('',#972,#970,#453,.T.);
#1184=EDGE_CURVE('',#970,#973,#454,.T.);
#1185=EDGE_CURVE('',#974,#972,#455,.T.);
#1186=EDGE_CURVE('',#973,#974,#456,.T.);
#1187=EDGE_CURVE('',#973,#966,#457,.T.);
#1188=EDGE_CURVE('',#975,#974,#901,.T.);
#1189=EDGE_CURVE('',#968,#975,#458,.T.);
#1190=EDGE_CURVE('',#975,#976,#459,.T.);
#1191=EDGE_CURVE('',#977,#976,#460,.T.);
#1192=EDGE_CURVE('',#977,#978,#461,.T.);
#1193=EDGE_CURVE('',#978,#979,#462,.T.);
#1194=EDGE_CURVE('',#979,#961,#463,.T.);
#1195=EDGE_CURVE('',#960,#980,#464,.T.);
#1196=EDGE_CURVE('',#980,#981,#465,.T.);
#1197=EDGE_CURVE('',#981,#957,#466,.T.);
#1198=EDGE_CURVE('',#956,#971,#467,.T.);
#1199=EDGE_CURVE('',#982,#983,#468,.T.);
#1200=EDGE_CURVE('',#983,#984,#469,.T.);
#1201=EDGE_CURVE('',#984,#985,#470,.T.);
#1202=EDGE_CURVE('',#985,#982,#471,.T.);
#1203=EDGE_CURVE('',#986,#987,#472,.T.);
#1204=EDGE_CURVE('',#987,#988,#473,.T.);
#1205=EDGE_CURVE('',#988,#989,#474,.T.);
#1206=EDGE_CURVE('',#989,#986,#475,.T.);
#1207=EDGE_CURVE('',#990,#991,#476,.T.);
#1208=EDGE_CURVE('',#991,#992,#477,.T.);
#1209=EDGE_CURVE('',#992,#993,#478,.T.);
#1210=EDGE_CURVE('',#993,#990,#479,.T.);
#1211=EDGE_CURVE('',#994,#995,#480,.T.);
#1212=EDGE_CURVE('',#995,#996,#481,.T.);
#1213=EDGE_CURVE('',#996,#997,#482,.T.);
#1214=EDGE_CURVE('',#997,#994,#483,.T.);
#1215=EDGE_CURVE('',#998,#999,#484,.T.);
#1216=EDGE_CURVE('',#999,#1000,#485,.T.);
#1217=EDGE_CURVE('',#1000,#1001,#486,.T.);
#1218=EDGE_CURVE('',#1001,#998,#487,.T.);
#1219=EDGE_CURVE('',#1002,#1003,#488,.T.);
#1220=EDGE_CURVE('',#1003,#1004,#489,.T.);
#1221=EDGE_CURVE('',#1004,#1005,#490,.T.);
#1222=EDGE_CURVE('',#1005,#1002,#491,.T.);
#1223=EDGE_CURVE('',#1006,#1007,#492,.T.);
#1224=EDGE_CURVE('',#1007,#1008,#493,.T.);
#1225=EDGE_CURVE('',#1008,#1009,#494,.T.);
#1226=EDGE_CURVE('',#1009,#1006,#495,.T.);
#1227=EDGE_CURVE('',#1010,#1011,#496,.T.);
#1228=EDGE_CURVE('',#1011,#1012,#497,.T.);
#1229=EDGE_CURVE('',#1012,#1013,#498,.T.);
#1230=EDGE_CURVE('',#1013,#1010,#499,.T.);
#1231=EDGE_CURVE('',#1014,#1015,#500,.T.);
#1232=EDGE_CURVE('',#1015,#1016,#501,.T.);
#1233=EDGE_CURVE('',#1016,#1017,#502,.T.);
#1234=EDGE_CURVE('',#1017,#1014,#503,.T.);
#1235=EDGE_CURVE('',#1018,#1019,#504,.T.);
#1236=EDGE_CURVE('',#985,#1018,#505,.T.);
#1237=EDGE_CURVE('',#1019,#984,#506,.T.);
#1238=EDGE_CURVE('',#1019,#1020,#507,.T.);
#1239=EDGE_CURVE('',#983,#1020,#508,.T.);
#1240=EDGE_CURVE('',#1020,#1021,#509,.T.);
#1241=EDGE_CURVE('',#1021,#982,#510,.T.);
#1242=EDGE_CURVE('',#1021,#1018,#511,.T.);
#1243=EDGE_CURVE('',#1022,#1023,#512,.T.);
#1244=EDGE_CURVE('',#1017,#1022,#513,.T.);
#1245=EDGE_CURVE('',#1023,#1016,#514,.T.);
#1246=EDGE_CURVE('',#1023,#1024,#515,.T.);
#1247=EDGE_CURVE('',#1015,#1024,#516,.T.);
#1248=EDGE_CURVE('',#1024,#1025,#517,.T.);
#1249=EDGE_CURVE('',#1025,#1014,#518,.T.);
#1250=EDGE_CURVE('',#1025,#1022,#519,.T.);
#1251=EDGE_CURVE('',#1026,#1027,#520,.T.);
#1252=EDGE_CURVE('',#1013,#1026,#521,.T.);
#1253=EDGE_CURVE('',#1027,#1012,#522,.T.);
#1254=EDGE_CURVE('',#1027,#1028,#523,.T.);
#1255=EDGE_CURVE('',#1011,#1028,#524,.T.);
#1256=EDGE_CURVE('',#1028,#1029,#525,.T.);
#1257=EDGE_CURVE('',#1029,#1010,#526,.T.);
#1258=EDGE_CURVE('',#1029,#1026,#527,.T.);
#1259=EDGE_CURVE('',#1030,#1031,#528,.T.);
#1260=EDGE_CURVE('',#1009,#1030,#529,.T.);
#1261=EDGE_CURVE('',#1031,#1008,#530,.T.);
#1262=EDGE_CURVE('',#1031,#1032,#531,.T.);
#1263=EDGE_CURVE('',#1007,#1032,#532,.T.);
#1264=EDGE_CURVE('',#1032,#1033,#533,.T.);
#1265=EDGE_CURVE('',#1033,#1006,#534,.T.);
#1266=EDGE_CURVE('',#1033,#1030,#535,.T.);
#1267=EDGE_CURVE('',#1034,#1035,#536,.T.);
#1268=EDGE_CURVE('',#1005,#1034,#537,.T.);
#1269=EDGE_CURVE('',#1035,#1004,#538,.T.);
#1270=EDGE_CURVE('',#1035,#1036,#539,.T.);
#1271=EDGE_CURVE('',#1003,#1036,#540,.T.);
#1272=EDGE_CURVE('',#1036,#1037,#541,.T.);
#1273=EDGE_CURVE('',#1037,#1002,#542,.T.);
#1274=EDGE_CURVE('',#1037,#1034,#543,.T.);
#1275=EDGE_CURVE('',#1038,#1039,#544,.T.);
#1276=EDGE_CURVE('',#1001,#1038,#545,.T.);
#1277=EDGE_CURVE('',#1039,#1000,#546,.T.);
#1278=EDGE_CURVE('',#1039,#1040,#547,.T.);
#1279=EDGE_CURVE('',#999,#1040,#548,.T.);
#1280=EDGE_CURVE('',#1040,#1041,#549,.T.);
#1281=EDGE_CURVE('',#1041,#998,#550,.T.);
#1282=EDGE_CURVE('',#1041,#1038,#551,.T.);
#1283=EDGE_CURVE('',#1042,#1043,#552,.T.);
#1284=EDGE_CURVE('',#997,#1042,#553,.T.);
#1285=EDGE_CURVE('',#1043,#996,#554,.T.);
#1286=EDGE_CURVE('',#1043,#1044,#555,.T.);
#1287=EDGE_CURVE('',#995,#1044,#556,.T.);
#1288=EDGE_CURVE('',#1044,#1045,#557,.T.);
#1289=EDGE_CURVE('',#1045,#994,#558,.T.);
#1290=EDGE_CURVE('',#1045,#1042,#559,.T.);
#1291=EDGE_CURVE('',#1046,#1047,#560,.T.);
#1292=EDGE_CURVE('',#993,#1046,#561,.T.);
#1293=EDGE_CURVE('',#1047,#992,#562,.T.);
#1294=EDGE_CURVE('',#1047,#1048,#563,.T.);
#1295=EDGE_CURVE('',#991,#1048,#564,.T.);
#1296=EDGE_CURVE('',#1048,#1049,#565,.T.);
#1297=EDGE_CURVE('',#1049,#990,#566,.T.);
#1298=EDGE_CURVE('',#1049,#1046,#567,.T.);
#1299=EDGE_CURVE('',#1050,#1051,#568,.T.);
#1300=EDGE_CURVE('',#989,#1050,#569,.T.);
#1301=EDGE_CURVE('',#1051,#988,#570,.T.);
#1302=EDGE_CURVE('',#1051,#1052,#571,.T.);
#1303=EDGE_CURVE('',#987,#1052,#572,.T.);
#1304=EDGE_CURVE('',#1052,#1053,#573,.T.);
#1305=EDGE_CURVE('',#1053,#986,#574,.T.);
#1306=EDGE_CURVE('',#1053,#1050,#575,.T.);
#1307=EDGE_CURVE('',#1054,#945,#576,.T.);
#1308=EDGE_CURVE('',#1055,#1054,#577,.T.);
#1309=EDGE_CURVE('',#946,#1055,#578,.T.);
#1310=EDGE_CURVE('',#1056,#1055,#579,.T.);
#1311=EDGE_CURVE('',#1056,#952,#580,.T.);
#1312=EDGE_CURVE('',#1057,#1056,#581,.T.);
#1313=EDGE_CURVE('',#953,#1057,#582,.T.);
#1314=EDGE_CURVE('',#1054,#1057,#583,.T.);
#1315=EDGE_CURVE('',#1058,#1059,#584,.T.);
#1316=EDGE_CURVE('',#1060,#1058,#585,.T.);
#1317=EDGE_CURVE('',#1061,#1060,#586,.T.);
#1318=EDGE_CURVE('',#1059,#1061,#587,.T.);
#1319=EDGE_CURVE('',#1062,#1060,#588,.T.);
#1320=EDGE_CURVE('',#1063,#1062,#589,.T.);
#1321=EDGE_CURVE('',#1061,#1063,#590,.T.);
#1322=EDGE_CURVE('',#1063,#980,#591,.T.);
#1323=EDGE_CURVE('',#959,#1059,#592,.T.);
#1324=EDGE_CURVE('',#981,#1062,#593,.T.);
#1325=EDGE_CURVE('',#1058,#958,#594,.T.);
#1326=EDGE_CURVE('',#1064,#1064,#58,.T.);
#1327=EDGE_CURVE('',#1064,#1065,#595,.T.);
#1328=EDGE_CURVE('',#1065,#1065,#902,.T.);
#1329=EDGE_CURVE('',#1065,#1066,#596,.T.);
#1330=EDGE_CURVE('',#1066,#1066,#903,.T.);
#1331=EDGE_CURVE('',#1067,#1068,#904,.T.);
#1332=EDGE_CURVE('',#1069,#1067,#597,.T.);
#1333=EDGE_CURVE('',#1070,#1069,#905,.T.);
#1334=EDGE_CURVE('',#1070,#1071,#598,.T.);
#1335=EDGE_CURVE('',#1071,#1072,#906,.T.);
#1336=EDGE_CURVE('',#1073,#1072,#599,.T.);
#1337=EDGE_CURVE('',#1068,#1073,#411,.T.);
#1338=EDGE_CURVE('',#1074,#1075,#600,.T.);
#1339=EDGE_CURVE('',#1074,#1076,#601,.T.);
#1340=EDGE_CURVE('',#1076,#1077,#602,.T.);
#1341=EDGE_CURVE('',#1078,#1077,#603,.T.);
#1342=EDGE_CURVE('',#1075,#1078,#604,.T.);
#1343=EDGE_CURVE('',#1072,#1079,#605,.T.);
#1344=EDGE_CURVE('',#1080,#1071,#606,.T.);
#1345=EDGE_CURVE('',#1081,#1080,#607,.T.);
#1346=EDGE_CURVE('',#1082,#1081,#608,.T.);
#1347=EDGE_CURVE('',#1077,#1082,#609,.T.);
#1348=EDGE_CURVE('',#978,#1076,#907,.T.);
#1349=EDGE_CURVE('',#1083,#977,#610,.T.);
#1350=EDGE_CURVE('',#1084,#1083,#59,.T.);
#1351=EDGE_CURVE('',#1085,#1084,#611,.T.);
#1352=EDGE_CURVE('',#1086,#1085,#60,.T.);
#1353=EDGE_CURVE('',#1079,#1086,#612,.T.);
#1354=EDGE_CURVE('',#1087,#1088,#908,.T.);
#1355=EDGE_CURVE('',#979,#1087,#412,.T.);
#1356=EDGE_CURVE('',#1089,#1074,#909,.T.);
#1357=EDGE_CURVE('',#1089,#1088,#613,.T.);
#1358=EDGE_CURVE('',#1090,#1070,#614,.T.);
#1359=EDGE_CURVE('',#1091,#1090,#615,.T.);
#1360=EDGE_CURVE('',#1080,#1091,#616,.T.);
#1361=EDGE_CURVE('',#1088,#1067,#617,.T.);
#1362=EDGE_CURVE('',#1069,#1089,#618,.T.);
#1363=EDGE_CURVE('',#964,#1073,#619,.T.);
#1364=EDGE_CURVE('',#1068,#963,#61,.T.);
#1365=EDGE_CURVE('',#1092,#1079,#620,.T.);
#1366=EDGE_CURVE('',#1092,#965,#621,.T.);
#1367=EDGE_CURVE('',#1093,#1085,#62,.T.);
#1368=EDGE_CURVE('',#1093,#1094,#622,.T.);
#1369=EDGE_CURVE('',#1094,#1094,#910,.T.);
#1370=EDGE_CURVE('',#1086,#1093,#63,.T.);
#1371=EDGE_CURVE('',#1084,#1095,#64,.T.);
#1372=EDGE_CURVE('',#1095,#1083,#65,.T.);
#1373=EDGE_CURVE('',#976,#1096,#66,.T.);
#1374=EDGE_CURVE('',#1096,#1097,#623,.T.);
#1375=EDGE_CURVE('',#1097,#1092,#67,.T.);
#1376=EDGE_CURVE('',#1098,#1098,#68,.T.);
#1377=EDGE_CURVE('',#1099,#1099,#69,.T.);
#1378=EDGE_CURVE('',#1100,#941,#70,.T.);
#1379=EDGE_CURVE('',#1101,#1100,#624,.T.);
#1380=EDGE_CURVE('',#1102,#1101,#625,.T.);
#1381=EDGE_CURVE('',#1090,#1102,#626,.T.);
#1382=EDGE_CURVE('',#1103,#1075,#627,.T.);
#1383=EDGE_CURVE('',#950,#1103,#628,.T.);
#1384=EDGE_CURVE('',#1103,#1078,#629,.T.);
#1385=EDGE_CURVE('',#1082,#1104,#630,.T.);
#1386=EDGE_CURVE('',#951,#1104,#631,.T.);
#1387=EDGE_CURVE('',#1105,#1105,#911,.T.);
#1388=EDGE_CURVE('',#1105,#1106,#632,.T.);
#1389=EDGE_CURVE('',#1106,#1106,#912,.T.);
#1390=EDGE_CURVE('',#1099,#1107,#633,.T.);
#1391=EDGE_CURVE('',#1107,#1107,#913,.T.);
#1392=EDGE_CURVE('',#1108,#1108,#914,.T.);
#1393=EDGE_CURVE('',#1108,#1109,#634,.T.);
#1394=EDGE_CURVE('',#1109,#1109,#915,.T.);
#1395=EDGE_CURVE('',#1098,#1110,#635,.T.);
#1396=EDGE_CURVE('',#1110,#1110,#916,.T.);
#1397=EDGE_CURVE('',#1111,#1111,#917,.T.);
#1398=EDGE_CURVE('',#1111,#1112,#636,.T.);
#1399=EDGE_CURVE('',#1112,#1112,#918,.T.);
#1400=EDGE_CURVE('',#1113,#1113,#919,.T.);
#1401=EDGE_CURVE('',#1113,#1114,#637,.T.);
#1402=EDGE_CURVE('',#1114,#1114,#920,.T.);
#1403=EDGE_CURVE('',#1095,#1115,#638,.T.);
#1404=EDGE_CURVE('',#1115,#1115,#921,.T.);
#1405=EDGE_CURVE('',#962,#1087,#71,.T.);
#1406=EDGE_CURVE('',#1097,#954,#639,.T.);
#1407=EDGE_CURVE('',#955,#1096,#640,.T.);
#1408=EDGE_CURVE('',#1091,#1102,#641,.T.);
#1409=EDGE_CURVE('',#1101,#1116,#642,.T.);
#1410=EDGE_CURVE('',#1116,#1117,#643,.T.);
#1411=EDGE_CURVE('',#1117,#1081,#644,.T.);
#1412=EDGE_CURVE('',#1104,#1118,#922,.T.);
#1413=EDGE_CURVE('',#942,#1118,#645,.T.);
#1414=EDGE_CURVE('',#1118,#1119,#646,.T.);
#1415=EDGE_CURVE('',#943,#1119,#647,.T.);
#1416=EDGE_CURVE('',#1119,#1117,#923,.T.);
#1417=EDGE_CURVE('',#1116,#1120,#407,.T.);
#1418=EDGE_CURVE('',#1120,#943,#413,.T.);
#1419=EDGE_CURVE('',#937,#1120,#648,.T.);
#1420=EDGE_CURVE('',#939,#1100,#649,.T.);
#1421=ORIENTED_EDGE('',*,*,#1121,.T.);
#1422=ORIENTED_EDGE('',*,*,#1122,.T.);
#1423=ORIENTED_EDGE('',*,*,#1123,.T.);
#1424=ORIENTED_EDGE('',*,*,#1124,.T.);
#1425=ORIENTED_EDGE('',*,*,#1125,.T.);
#1426=ORIENTED_EDGE('',*,*,#1126,.T.);
#1427=ORIENTED_EDGE('',*,*,#1124,.F.);
#1428=ORIENTED_EDGE('',*,*,#1127,.T.);
#1429=ORIENTED_EDGE('',*,*,#1128,.T.);
#1430=ORIENTED_EDGE('',*,*,#1129,.T.);
#1431=ORIENTED_EDGE('',*,*,#1130,.T.);
#1432=ORIENTED_EDGE('',*,*,#1122,.F.);
#1433=ORIENTED_EDGE('',*,*,#1131,.T.);
#1434=ORIENTED_EDGE('',*,*,#1132,.T.);
#1435=ORIENTED_EDGE('',*,*,#1133,.T.);
#1436=ORIENTED_EDGE('',*,*,#1129,.F.);
#1437=ORIENTED_EDGE('',*,*,#1134,.T.);
#1438=ORIENTED_EDGE('',*,*,#1135,.T.);
#1439=ORIENTED_EDGE('',*,*,#1136,.T.);
#1440=ORIENTED_EDGE('',*,*,#1132,.F.);
#1441=ORIENTED_EDGE('',*,*,#1137,.T.);
#1442=ORIENTED_EDGE('',*,*,#1138,.T.);
#1443=ORIENTED_EDGE('',*,*,#1139,.T.);
#1444=ORIENTED_EDGE('',*,*,#1135,.F.);
#1445=ORIENTED_EDGE('',*,*,#1140,.T.);
#1446=ORIENTED_EDGE('',*,*,#1141,.T.);
#1447=ORIENTED_EDGE('',*,*,#1142,.T.);
#1448=ORIENTED_EDGE('',*,*,#1138,.F.);
#1449=ORIENTED_EDGE('',*,*,#1143,.T.);
#1450=ORIENTED_EDGE('',*,*,#1144,.T.);
#1451=ORIENTED_EDGE('',*,*,#1141,.F.);
#1452=ORIENTED_EDGE('',*,*,#1145,.T.);
#1453=ORIENTED_EDGE('',*,*,#1146,.T.);
#1454=ORIENTED_EDGE('',*,*,#1128,.F.);
#1455=ORIENTED_EDGE('',*,*,#1137,.F.);
#1456=ORIENTED_EDGE('',*,*,#1147,.T.);
#1457=ORIENTED_EDGE('',*,*,#1148,.F.);
#1458=ORIENTED_EDGE('',*,*,#1149,.F.);
#1459=ORIENTED_EDGE('',*,*,#1134,.F.);
#1460=ORIENTED_EDGE('',*,*,#1150,.T.);
#1461=ORIENTED_EDGE('',*,*,#1151,.T.);
#1462=ORIENTED_EDGE('',*,*,#1152,.T.);
#1463=ORIENTED_EDGE('',*,*,#1153,.T.);
#1464=ORIENTED_EDGE('',*,*,#1154,.T.);
#1465=ORIENTED_EDGE('',*,*,#1155,.F.);
#1466=ORIENTED_EDGE('',*,*,#1147,.F.);
#1467=ORIENTED_EDGE('',*,*,#1131,.F.);
#1468=ORIENTED_EDGE('',*,*,#1156,.T.);
#1469=ORIENTED_EDGE('',*,*,#1157,.T.);
#1470=ORIENTED_EDGE('',*,*,#1158,.F.);
#1471=ORIENTED_EDGE('',*,*,#1159,.F.);
#1472=ORIENTED_EDGE('',*,*,#1154,.F.);
#1473=ORIENTED_EDGE('',*,*,#1160,.T.);
#1474=ORIENTED_EDGE('',*,*,#1161,.T.);
#1475=ORIENTED_EDGE('',*,*,#1162,.T.);
#1476=ORIENTED_EDGE('',*,*,#1150,.F.);
#1477=ORIENTED_EDGE('',*,*,#1121,.F.);
#1478=ORIENTED_EDGE('',*,*,#1163,.T.);
#1479=ORIENTED_EDGE('',*,*,#1156,.F.);
#1480=ORIENTED_EDGE('',*,*,#1123,.F.);
#1481=ORIENTED_EDGE('',*,*,#1130,.F.);
#1482=ORIENTED_EDGE('',*,*,#1133,.F.);
#1483=ORIENTED_EDGE('',*,*,#1136,.F.);
#1484=ORIENTED_EDGE('',*,*,#1139,.F.);
#1485=ORIENTED_EDGE('',*,*,#1142,.F.);
#1486=ORIENTED_EDGE('',*,*,#1144,.F.);
#1487=ORIENTED_EDGE('',*,*,#1127,.F.);
#1488=ORIENTED_EDGE('',*,*,#1164,.T.);
#1489=ORIENTED_EDGE('',*,*,#1165,.T.);
#1490=ORIENTED_EDGE('',*,*,#1166,.T.);
#1491=ORIENTED_EDGE('',*,*,#1167,.F.);
#1492=ORIENTED_EDGE('',*,*,#1168,.F.);
#1493=ORIENTED_EDGE('',*,*,#1169,.F.);
#1494=ORIENTED_EDGE('',*,*,#1170,.T.);
#1495=ORIENTED_EDGE('',*,*,#1171,.T.);
#1496=ORIENTED_EDGE('',*,*,#1172,.T.);
#1497=ORIENTED_EDGE('',*,*,#1173,.T.);
#1498=ORIENTED_EDGE('',*,*,#1174,.T.);
#1499=ORIENTED_EDGE('',*,*,#1175,.T.);
#1500=ORIENTED_EDGE('',*,*,#1176,.F.);
#1501=ORIENTED_EDGE('',*,*,#1177,.F.);
#1502=ORIENTED_EDGE('',*,*,#1178,.F.);
#1503=ORIENTED_EDGE('',*,*,#1179,.F.);
#1504=ORIENTED_EDGE('',*,*,#1180,.F.);
#1505=ORIENTED_EDGE('',*,*,#1179,.T.);
#1506=ORIENTED_EDGE('',*,*,#1181,.F.);
#1507=ORIENTED_EDGE('',*,*,#1182,.F.);
#1508=ORIENTED_EDGE('',*,*,#1183,.T.);
#1509=ORIENTED_EDGE('',*,*,#1184,.F.);
#1510=ORIENTED_EDGE('',*,*,#1183,.F.);
#1511=ORIENTED_EDGE('',*,*,#1185,.F.);
#1512=ORIENTED_EDGE('',*,*,#1186,.F.);
#1513=ORIENTED_EDGE('',*,*,#1187,.F.);
#1514=ORIENTED_EDGE('',*,*,#1186,.T.);
#1515=ORIENTED_EDGE('',*,*,#1188,.F.);
#1516=ORIENTED_EDGE('',*,*,#1189,.F.);
#1517=ORIENTED_EDGE('',*,*,#1177,.T.);
#1518=ORIENTED_EDGE('',*,*,#1181,.T.);
#1519=ORIENTED_EDGE('',*,*,#1178,.T.);
#1520=ORIENTED_EDGE('',*,*,#1189,.T.);
#1521=ORIENTED_EDGE('',*,*,#1190,.T.);
#1522=ORIENTED_EDGE('',*,*,#1191,.F.);
#1523=ORIENTED_EDGE('',*,*,#1192,.T.);
#1524=ORIENTED_EDGE('',*,*,#1193,.T.);
#1525=ORIENTED_EDGE('',*,*,#1194,.T.);
#1526=ORIENTED_EDGE('',*,*,#1170,.F.);
#1527=ORIENTED_EDGE('',*,*,#1195,.T.);
#1528=ORIENTED_EDGE('',*,*,#1196,.T.);
#1529=ORIENTED_EDGE('',*,*,#1197,.T.);
#1530=ORIENTED_EDGE('',*,*,#1166,.F.);
#1531=ORIENTED_EDGE('',*,*,#1198,.T.);
#1532=ORIENTED_EDGE('',*,*,#1199,.T.);
#1533=ORIENTED_EDGE('',*,*,#1200,.T.);
#1534=ORIENTED_EDGE('',*,*,#1201,.T.);
#1535=ORIENTED_EDGE('',*,*,#1202,.T.);
#1536=ORIENTED_EDGE('',*,*,#1203,.T.);
#1537=ORIENTED_EDGE('',*,*,#1204,.T.);
#1538=ORIENTED_EDGE('',*,*,#1205,.T.);
#1539=ORIENTED_EDGE('',*,*,#1206,.T.);
#1540=ORIENTED_EDGE('',*,*,#1207,.T.);
#1541=ORIENTED_EDGE('',*,*,#1208,.T.);
#1542=ORIENTED_EDGE('',*,*,#1209,.T.);
#1543=ORIENTED_EDGE('',*,*,#1210,.T.);
#1544=ORIENTED_EDGE('',*,*,#1211,.T.);
#1545=ORIENTED_EDGE('',*,*,#1212,.T.);
#1546=ORIENTED_EDGE('',*,*,#1213,.T.);
#1547=ORIENTED_EDGE('',*,*,#1214,.T.);
#1548=ORIENTED_EDGE('',*,*,#1215,.T.);
#1549=ORIENTED_EDGE('',*,*,#1216,.T.);
#1550=ORIENTED_EDGE('',*,*,#1217,.T.);
#1551=ORIENTED_EDGE('',*,*,#1218,.T.);
#1552=ORIENTED_EDGE('',*,*,#1219,.T.);
#1553=ORIENTED_EDGE('',*,*,#1220,.T.);
#1554=ORIENTED_EDGE('',*,*,#1221,.T.);
#1555=ORIENTED_EDGE('',*,*,#1222,.T.);
#1556=ORIENTED_EDGE('',*,*,#1223,.T.);
#1557=ORIENTED_EDGE('',*,*,#1224,.T.);
#1558=ORIENTED_EDGE('',*,*,#1225,.T.);
#1559=ORIENTED_EDGE('',*,*,#1226,.T.);
#1560=ORIENTED_EDGE('',*,*,#1227,.T.);
#1561=ORIENTED_EDGE('',*,*,#1228,.T.);
#1562=ORIENTED_EDGE('',*,*,#1229,.T.);
#1563=ORIENTED_EDGE('',*,*,#1230,.T.);
#1564=ORIENTED_EDGE('',*,*,#1231,.T.);
#1565=ORIENTED_EDGE('',*,*,#1232,.T.);
#1566=ORIENTED_EDGE('',*,*,#1233,.T.);
#1567=ORIENTED_EDGE('',*,*,#1234,.T.);
#1568=ORIENTED_EDGE('',*,*,#1235,.F.);
#1569=ORIENTED_EDGE('',*,*,#1236,.F.);
#1570=ORIENTED_EDGE('',*,*,#1201,.F.);
#1571=ORIENTED_EDGE('',*,*,#1237,.F.);
#1572=ORIENTED_EDGE('',*,*,#1238,.F.);
#1573=ORIENTED_EDGE('',*,*,#1237,.T.);
#1574=ORIENTED_EDGE('',*,*,#1200,.F.);
#1575=ORIENTED_EDGE('',*,*,#1239,.T.);
#1576=ORIENTED_EDGE('',*,*,#1240,.F.);
#1577=ORIENTED_EDGE('',*,*,#1239,.F.);
#1578=ORIENTED_EDGE('',*,*,#1199,.F.);
#1579=ORIENTED_EDGE('',*,*,#1241,.F.);
#1580=ORIENTED_EDGE('',*,*,#1242,.F.);
#1581=ORIENTED_EDGE('',*,*,#1241,.T.);
#1582=ORIENTED_EDGE('',*,*,#1202,.F.);
#1583=ORIENTED_EDGE('',*,*,#1236,.T.);
#1584=ORIENTED_EDGE('',*,*,#1243,.F.);
#1585=ORIENTED_EDGE('',*,*,#1244,.F.);
#1586=ORIENTED_EDGE('',*,*,#1233,.F.);
#1587=ORIENTED_EDGE('',*,*,#1245,.F.);
#1588=ORIENTED_EDGE('',*,*,#1246,.F.);
#1589=ORIENTED_EDGE('',*,*,#1245,.T.);
#1590=ORIENTED_EDGE('',*,*,#1232,.F.);
#1591=ORIENTED_EDGE('',*,*,#1247,.T.);
#1592=ORIENTED_EDGE('',*,*,#1248,.F.);
#1593=ORIENTED_EDGE('',*,*,#1247,.F.);
#1594=ORIENTED_EDGE('',*,*,#1231,.F.);
#1595=ORIENTED_EDGE('',*,*,#1249,.F.);
#1596=ORIENTED_EDGE('',*,*,#1250,.F.);
#1597=ORIENTED_EDGE('',*,*,#1249,.T.);
#1598=ORIENTED_EDGE('',*,*,#1234,.F.);
#1599=ORIENTED_EDGE('',*,*,#1244,.T.);
#1600=ORIENTED_EDGE('',*,*,#1251,.F.);
#1601=ORIENTED_EDGE('',*,*,#1252,.F.);
#1602=ORIENTED_EDGE('',*,*,#1229,.F.);
#1603=ORIENTED_EDGE('',*,*,#1253,.F.);
#1604=ORIENTED_EDGE('',*,*,#1254,.F.);
#1605=ORIENTED_EDGE('',*,*,#1253,.T.);
#1606=ORIENTED_EDGE('',*,*,#1228,.F.);
#1607=ORIENTED_EDGE('',*,*,#1255,.T.);
#1608=ORIENTED_EDGE('',*,*,#1256,.F.);
#1609=ORIENTED_EDGE('',*,*,#1255,.F.);
#1610=ORIENTED_EDGE('',*,*,#1227,.F.);
#1611=ORIENTED_EDGE('',*,*,#1257,.F.);
#1612=ORIENTED_EDGE('',*,*,#1258,.F.);
#1613=ORIENTED_EDGE('',*,*,#1257,.T.);
#1614=ORIENTED_EDGE('',*,*,#1230,.F.);
#1615=ORIENTED_EDGE('',*,*,#1252,.T.);
#1616=ORIENTED_EDGE('',*,*,#1259,.F.);
#1617=ORIENTED_EDGE('',*,*,#1260,.F.);
#1618=ORIENTED_EDGE('',*,*,#1225,.F.);
#1619=ORIENTED_EDGE('',*,*,#1261,.F.);
#1620=ORIENTED_EDGE('',*,*,#1262,.F.);
#1621=ORIENTED_EDGE('',*,*,#1261,.T.);
#1622=ORIENTED_EDGE('',*,*,#1224,.F.);
#1623=ORIENTED_EDGE('',*,*,#1263,.T.);
#1624=ORIENTED_EDGE('',*,*,#1264,.F.);
#1625=ORIENTED_EDGE('',*,*,#1263,.F.);
#1626=ORIENTED_EDGE('',*,*,#1223,.F.);
#1627=ORIENTED_EDGE('',*,*,#1265,.F.);
#1628=ORIENTED_EDGE('',*,*,#1266,.F.);
#1629=ORIENTED_EDGE('',*,*,#1265,.T.);
#1630=ORIENTED_EDGE('',*,*,#1226,.F.);
#1631=ORIENTED_EDGE('',*,*,#1260,.T.);
#1632=ORIENTED_EDGE('',*,*,#1267,.F.);
#1633=ORIENTED_EDGE('',*,*,#1268,.F.);
#1634=ORIENTED_EDGE('',*,*,#1221,.F.);
#1635=ORIENTED_EDGE('',*,*,#1269,.F.);
#1636=ORIENTED_EDGE('',*,*,#1270,.F.);
#1637=ORIENTED_EDGE('',*,*,#1269,.T.);
#1638=ORIENTED_EDGE('',*,*,#1220,.F.);
#1639=ORIENTED_EDGE('',*,*,#1271,.T.);
#1640=ORIENTED_EDGE('',*,*,#1272,.F.);
#1641=ORIENTED_EDGE('',*,*,#1271,.F.);
#1642=ORIENTED_EDGE('',*,*,#1219,.F.);
#1643=ORIENTED_EDGE('',*,*,#1273,.F.);
#1644=ORIENTED_EDGE('',*,*,#1274,.F.);
#1645=ORIENTED_EDGE('',*,*,#1273,.T.);
#1646=ORIENTED_EDGE('',*,*,#1222,.F.);
#1647=ORIENTED_EDGE('',*,*,#1268,.T.);
#1648=ORIENTED_EDGE('',*,*,#1275,.F.);
#1649=ORIENTED_EDGE('',*,*,#1276,.F.);
#1650=ORIENTED_EDGE('',*,*,#1217,.F.);
#1651=ORIENTED_EDGE('',*,*,#1277,.F.);
#1652=ORIENTED_EDGE('',*,*,#1278,.F.);
#1653=ORIENTED_EDGE('',*,*,#1277,.T.);
#1654=ORIENTED_EDGE('',*,*,#1216,.F.);
#1655=ORIENTED_EDGE('',*,*,#1279,.T.);
#1656=ORIENTED_EDGE('',*,*,#1280,.F.);
#1657=ORIENTED_EDGE('',*,*,#1279,.F.);
#1658=ORIENTED_EDGE('',*,*,#1215,.F.);
#1659=ORIENTED_EDGE('',*,*,#1281,.F.);
#1660=ORIENTED_EDGE('',*,*,#1282,.F.);
#1661=ORIENTED_EDGE('',*,*,#1281,.T.);
#1662=ORIENTED_EDGE('',*,*,#1218,.F.);
#1663=ORIENTED_EDGE('',*,*,#1276,.T.);
#1664=ORIENTED_EDGE('',*,*,#1283,.F.);
#1665=ORIENTED_EDGE('',*,*,#1284,.F.);
#1666=ORIENTED_EDGE('',*,*,#1213,.F.);
#1667=ORIENTED_EDGE('',*,*,#1285,.F.);
#1668=ORIENTED_EDGE('',*,*,#1286,.F.);
#1669=ORIENTED_EDGE('',*,*,#1285,.T.);
#1670=ORIENTED_EDGE('',*,*,#1212,.F.);
#1671=ORIENTED_EDGE('',*,*,#1287,.T.);
#1672=ORIENTED_EDGE('',*,*,#1288,.F.);
#1673=ORIENTED_EDGE('',*,*,#1287,.F.);
#1674=ORIENTED_EDGE('',*,*,#1211,.F.);
#1675=ORIENTED_EDGE('',*,*,#1289,.F.);
#1676=ORIENTED_EDGE('',*,*,#1290,.F.);
#1677=ORIENTED_EDGE('',*,*,#1289,.T.);
#1678=ORIENTED_EDGE('',*,*,#1214,.F.);
#1679=ORIENTED_EDGE('',*,*,#1284,.T.);
#1680=ORIENTED_EDGE('',*,*,#1291,.F.);
#1681=ORIENTED_EDGE('',*,*,#1292,.F.);
#1682=ORIENTED_EDGE('',*,*,#1209,.F.);
#1683=ORIENTED_EDGE('',*,*,#1293,.F.);
#1684=ORIENTED_EDGE('',*,*,#1294,.F.);
#1685=ORIENTED_EDGE('',*,*,#1293,.T.);
#1686=ORIENTED_EDGE('',*,*,#1208,.F.);
#1687=ORIENTED_EDGE('',*,*,#1295,.T.);
#1688=ORIENTED_EDGE('',*,*,#1296,.F.);
#1689=ORIENTED_EDGE('',*,*,#1295,.F.);
#1690=ORIENTED_EDGE('',*,*,#1207,.F.);
#1691=ORIENTED_EDGE('',*,*,#1297,.F.);
#1692=ORIENTED_EDGE('',*,*,#1298,.F.);
#1693=ORIENTED_EDGE('',*,*,#1297,.T.);
#1694=ORIENTED_EDGE('',*,*,#1210,.F.);
#1695=ORIENTED_EDGE('',*,*,#1292,.T.);
#1696=ORIENTED_EDGE('',*,*,#1299,.F.);
#1697=ORIENTED_EDGE('',*,*,#1300,.F.);
#1698=ORIENTED_EDGE('',*,*,#1205,.F.);
#1699=ORIENTED_EDGE('',*,*,#1301,.F.);
#1700=ORIENTED_EDGE('',*,*,#1302,.F.);
#1701=ORIENTED_EDGE('',*,*,#1301,.T.);
#1702=ORIENTED_EDGE('',*,*,#1204,.F.);
#1703=ORIENTED_EDGE('',*,*,#1303,.T.);
#1704=ORIENTED_EDGE('',*,*,#1304,.F.);
#1705=ORIENTED_EDGE('',*,*,#1303,.F.);
#1706=ORIENTED_EDGE('',*,*,#1203,.F.);
#1707=ORIENTED_EDGE('',*,*,#1305,.F.);
#1708=ORIENTED_EDGE('',*,*,#1306,.F.);
#1709=ORIENTED_EDGE('',*,*,#1305,.T.);
#1710=ORIENTED_EDGE('',*,*,#1206,.F.);
#1711=ORIENTED_EDGE('',*,*,#1300,.T.);
#1712=ORIENTED_EDGE('',*,*,#1152,.F.);
#1713=ORIENTED_EDGE('',*,*,#1307,.F.);
#1714=ORIENTED_EDGE('',*,*,#1308,.F.);
#1715=ORIENTED_EDGE('',*,*,#1309,.F.);
#1716=ORIENTED_EDGE('',*,*,#1153,.F.);
#1717=ORIENTED_EDGE('',*,*,#1309,.T.);
#1718=ORIENTED_EDGE('',*,*,#1310,.F.);
#1719=ORIENTED_EDGE('',*,*,#1311,.T.);
#1720=ORIENTED_EDGE('',*,*,#1160,.F.);
#1721=ORIENTED_EDGE('',*,*,#1161,.F.);
#1722=ORIENTED_EDGE('',*,*,#1311,.F.);
#1723=ORIENTED_EDGE('',*,*,#1312,.F.);
#1724=ORIENTED_EDGE('',*,*,#1313,.F.);
#1725=ORIENTED_EDGE('',*,*,#1151,.F.);
#1726=ORIENTED_EDGE('',*,*,#1162,.F.);
#1727=ORIENTED_EDGE('',*,*,#1313,.T.);
#1728=ORIENTED_EDGE('',*,*,#1314,.F.);
#1729=ORIENTED_EDGE('',*,*,#1307,.T.);
#1730=ORIENTED_EDGE('',*,*,#1308,.T.);
#1731=ORIENTED_EDGE('',*,*,#1314,.T.);
#1732=ORIENTED_EDGE('',*,*,#1312,.T.);
#1733=ORIENTED_EDGE('',*,*,#1310,.T.);
#1734=ORIENTED_EDGE('',*,*,#1240,.T.);
#1735=ORIENTED_EDGE('',*,*,#1242,.T.);
#1736=ORIENTED_EDGE('',*,*,#1235,.T.);
#1737=ORIENTED_EDGE('',*,*,#1238,.T.);
#1738=ORIENTED_EDGE('',*,*,#1304,.T.);
#1739=ORIENTED_EDGE('',*,*,#1306,.T.);
#1740=ORIENTED_EDGE('',*,*,#1299,.T.);
#1741=ORIENTED_EDGE('',*,*,#1302,.T.);
#1742=ORIENTED_EDGE('',*,*,#1296,.T.);
#1743=ORIENTED_EDGE('',*,*,#1298,.T.);
#1744=ORIENTED_EDGE('',*,*,#1291,.T.);
#1745=ORIENTED_EDGE('',*,*,#1294,.T.);
#1746=ORIENTED_EDGE('',*,*,#1288,.T.);
#1747=ORIENTED_EDGE('',*,*,#1290,.T.);
#1748=ORIENTED_EDGE('',*,*,#1283,.T.);
#1749=ORIENTED_EDGE('',*,*,#1286,.T.);
#1750=ORIENTED_EDGE('',*,*,#1280,.T.);
#1751=ORIENTED_EDGE('',*,*,#1282,.T.);
#1752=ORIENTED_EDGE('',*,*,#1275,.T.);
#1753=ORIENTED_EDGE('',*,*,#1278,.T.);
#1754=ORIENTED_EDGE('',*,*,#1272,.T.);
#1755=ORIENTED_EDGE('',*,*,#1274,.T.);
#1756=ORIENTED_EDGE('',*,*,#1267,.T.);
#1757=ORIENTED_EDGE('',*,*,#1270,.T.);
#1758=ORIENTED_EDGE('',*,*,#1264,.T.);
#1759=ORIENTED_EDGE('',*,*,#1266,.T.);
#1760=ORIENTED_EDGE('',*,*,#1259,.T.);
#1761=ORIENTED_EDGE('',*,*,#1262,.T.);
#1762=ORIENTED_EDGE('',*,*,#1256,.T.);
#1763=ORIENTED_EDGE('',*,*,#1258,.T.);
#1764=ORIENTED_EDGE('',*,*,#1251,.T.);
#1765=ORIENTED_EDGE('',*,*,#1254,.T.);
#1766=ORIENTED_EDGE('',*,*,#1248,.T.);
#1767=ORIENTED_EDGE('',*,*,#1250,.T.);
#1768=ORIENTED_EDGE('',*,*,#1243,.T.);
#1769=ORIENTED_EDGE('',*,*,#1246,.T.);
#1770=ORIENTED_EDGE('',*,*,#1184,.T.);
#1771=ORIENTED_EDGE('',*,*,#1187,.T.);
#1772=ORIENTED_EDGE('',*,*,#1176,.T.);
#1773=ORIENTED_EDGE('',*,*,#1180,.T.);
#1774=ORIENTED_EDGE('',*,*,#1315,.F.);
#1775=ORIENTED_EDGE('',*,*,#1316,.F.);
#1776=ORIENTED_EDGE('',*,*,#1317,.F.);
#1777=ORIENTED_EDGE('',*,*,#1318,.F.);
#1778=ORIENTED_EDGE('',*,*,#1317,.T.);
#1779=ORIENTED_EDGE('',*,*,#1319,.F.);
#1780=ORIENTED_EDGE('',*,*,#1320,.F.);
#1781=ORIENTED_EDGE('',*,*,#1321,.F.);
#1782=ORIENTED_EDGE('',*,*,#1322,.T.);
#1783=ORIENTED_EDGE('',*,*,#1195,.F.);
#1784=ORIENTED_EDGE('',*,*,#1169,.T.);
#1785=ORIENTED_EDGE('',*,*,#1323,.T.);
#1786=ORIENTED_EDGE('',*,*,#1318,.T.);
#1787=ORIENTED_EDGE('',*,*,#1321,.T.);
#1788=ORIENTED_EDGE('',*,*,#1324,.F.);
#1789=ORIENTED_EDGE('',*,*,#1196,.F.);
#1790=ORIENTED_EDGE('',*,*,#1322,.F.);
#1791=ORIENTED_EDGE('',*,*,#1320,.T.);
#1792=ORIENTED_EDGE('',*,*,#1325,.T.);
#1793=ORIENTED_EDGE('',*,*,#1167,.T.);
#1794=ORIENTED_EDGE('',*,*,#1197,.F.);
#1795=ORIENTED_EDGE('',*,*,#1324,.T.);
#1796=ORIENTED_EDGE('',*,*,#1319,.T.);
#1797=ORIENTED_EDGE('',*,*,#1316,.T.);
#1798=ORIENTED_EDGE('',*,*,#1315,.T.);
#1799=ORIENTED_EDGE('',*,*,#1323,.F.);
#1800=ORIENTED_EDGE('',*,*,#1168,.T.);
#1801=ORIENTED_EDGE('',*,*,#1325,.F.);
#1802=ORIENTED_EDGE('',*,*,#1326,.F.);
#1803=ORIENTED_EDGE('',*,*,#1327,.T.);
#1804=ORIENTED_EDGE('',*,*,#1328,.F.);
#1805=ORIENTED_EDGE('',*,*,#1327,.F.);
#1806=ORIENTED_EDGE('',*,*,#1328,.T.);
#1807=ORIENTED_EDGE('',*,*,#1329,.T.);
#1808=ORIENTED_EDGE('',*,*,#1330,.F.);
#1809=ORIENTED_EDGE('',*,*,#1329,.F.);
#1810=ORIENTED_EDGE('',*,*,#1330,.T.);
#1811=ORIENTED_EDGE('',*,*,#1331,.F.);
#1812=ORIENTED_EDGE('',*,*,#1332,.F.);
#1813=ORIENTED_EDGE('',*,*,#1333,.F.);
#1814=ORIENTED_EDGE('',*,*,#1334,.T.);
#1815=ORIENTED_EDGE('',*,*,#1335,.T.);
#1816=ORIENTED_EDGE('',*,*,#1336,.F.);
#1817=ORIENTED_EDGE('',*,*,#1337,.F.);
#1818=ORIENTED_EDGE('',*,*,#1338,.F.);
#1819=ORIENTED_EDGE('',*,*,#1339,.T.);
#1820=ORIENTED_EDGE('',*,*,#1340,.T.);
#1821=ORIENTED_EDGE('',*,*,#1341,.F.);
#1822=ORIENTED_EDGE('',*,*,#1342,.F.);
#1823=ORIENTED_EDGE('',*,*,#1343,.F.);
#1824=ORIENTED_EDGE('',*,*,#1335,.F.);
#1825=ORIENTED_EDGE('',*,*,#1344,.F.);
#1826=ORIENTED_EDGE('',*,*,#1345,.F.);
#1827=ORIENTED_EDGE('',*,*,#1346,.F.);
#1828=ORIENTED_EDGE('',*,*,#1347,.F.);
#1829=ORIENTED_EDGE('',*,*,#1340,.F.);
#1830=ORIENTED_EDGE('',*,*,#1348,.F.);
#1831=ORIENTED_EDGE('',*,*,#1192,.F.);
#1832=ORIENTED_EDGE('',*,*,#1349,.F.);
#1833=ORIENTED_EDGE('',*,*,#1350,.F.);
#1834=ORIENTED_EDGE('',*,*,#1351,.F.);
#1835=ORIENTED_EDGE('',*,*,#1352,.F.);
#1836=ORIENTED_EDGE('',*,*,#1353,.F.);
#1837=ORIENTED_EDGE('',*,*,#1354,.F.);
#1838=ORIENTED_EDGE('',*,*,#1355,.F.);
#1839=ORIENTED_EDGE('',*,*,#1193,.F.);
#1840=ORIENTED_EDGE('',*,*,#1348,.T.);
#1841=ORIENTED_EDGE('',*,*,#1339,.F.);
#1842=ORIENTED_EDGE('',*,*,#1356,.F.);
#1843=ORIENTED_EDGE('',*,*,#1357,.T.);
#1844=ORIENTED_EDGE('',*,*,#1358,.F.);
#1845=ORIENTED_EDGE('',*,*,#1359,.F.);
#1846=ORIENTED_EDGE('',*,*,#1360,.F.);
#1847=ORIENTED_EDGE('',*,*,#1344,.T.);
#1848=ORIENTED_EDGE('',*,*,#1334,.F.);
#1849=ORIENTED_EDGE('',*,*,#1361,.F.);
#1850=ORIENTED_EDGE('',*,*,#1357,.F.);
#1851=ORIENTED_EDGE('',*,*,#1362,.F.);
#1852=ORIENTED_EDGE('',*,*,#1332,.T.);
#1853=ORIENTED_EDGE('',*,*,#1337,.T.);
#1854=ORIENTED_EDGE('',*,*,#1363,.F.);
#1855=ORIENTED_EDGE('',*,*,#1173,.F.);
#1856=ORIENTED_EDGE('',*,*,#1364,.F.);
#1857=ORIENTED_EDGE('',*,*,#1336,.T.);
#1858=ORIENTED_EDGE('',*,*,#1343,.T.);
#1859=ORIENTED_EDGE('',*,*,#1365,.F.);
#1860=ORIENTED_EDGE('',*,*,#1366,.T.);
#1861=ORIENTED_EDGE('',*,*,#1174,.F.);
#1862=ORIENTED_EDGE('',*,*,#1363,.T.);
#1863=ORIENTED_EDGE('',*,*,#1352,.T.);
#1864=ORIENTED_EDGE('',*,*,#1367,.F.);
#1865=ORIENTED_EDGE('',*,*,#1368,.T.);
#1866=ORIENTED_EDGE('',*,*,#1369,.F.);
#1867=ORIENTED_EDGE('',*,*,#1368,.F.);
#1868=ORIENTED_EDGE('',*,*,#1370,.F.);
#1869=ORIENTED_EDGE('',*,*,#1353,.T.);
#1870=ORIENTED_EDGE('',*,*,#1370,.T.);
#1871=ORIENTED_EDGE('',*,*,#1367,.T.);
#1872=ORIENTED_EDGE('',*,*,#1351,.T.);
#1873=ORIENTED_EDGE('',*,*,#1371,.T.);
#1874=ORIENTED_EDGE('',*,*,#1372,.T.);
#1875=ORIENTED_EDGE('',*,*,#1349,.T.);
#1876=ORIENTED_EDGE('',*,*,#1191,.T.);
#1877=ORIENTED_EDGE('',*,*,#1373,.T.);
#1878=ORIENTED_EDGE('',*,*,#1374,.T.);
#1879=ORIENTED_EDGE('',*,*,#1375,.T.);
#1880=ORIENTED_EDGE('',*,*,#1365,.T.);
#1881=ORIENTED_EDGE('',*,*,#1326,.T.);
#1882=ORIENTED_EDGE('',*,*,#1376,.T.);
#1883=ORIENTED_EDGE('',*,*,#1377,.T.);
#1884=ORIENTED_EDGE('',*,*,#1146,.F.);
#1885=ORIENTED_EDGE('',*,*,#1378,.F.);
#1886=ORIENTED_EDGE('',*,*,#1379,.F.);
#1887=ORIENTED_EDGE('',*,*,#1380,.F.);
#1888=ORIENTED_EDGE('',*,*,#1381,.F.);
#1889=ORIENTED_EDGE('',*,*,#1358,.T.);
#1890=ORIENTED_EDGE('',*,*,#1333,.T.);
#1891=ORIENTED_EDGE('',*,*,#1362,.T.);
#1892=ORIENTED_EDGE('',*,*,#1356,.T.);
#1893=ORIENTED_EDGE('',*,*,#1338,.T.);
#1894=ORIENTED_EDGE('',*,*,#1382,.F.);
#1895=ORIENTED_EDGE('',*,*,#1383,.F.);
#1896=ORIENTED_EDGE('',*,*,#1157,.F.);
#1897=ORIENTED_EDGE('',*,*,#1163,.F.);
#1898=ORIENTED_EDGE('',*,*,#1125,.F.);
#1899=ORIENTED_EDGE('',*,*,#1126,.F.);
#1900=ORIENTED_EDGE('',*,*,#1342,.T.);
#1901=ORIENTED_EDGE('',*,*,#1384,.F.);
#1902=ORIENTED_EDGE('',*,*,#1382,.T.);
#1903=ORIENTED_EDGE('',*,*,#1341,.T.);
#1904=ORIENTED_EDGE('',*,*,#1347,.T.);
#1905=ORIENTED_EDGE('',*,*,#1385,.T.);
#1906=ORIENTED_EDGE('',*,*,#1386,.F.);
#1907=ORIENTED_EDGE('',*,*,#1158,.T.);
#1908=ORIENTED_EDGE('',*,*,#1383,.T.);
#1909=ORIENTED_EDGE('',*,*,#1384,.T.);
#1910=ORIENTED_EDGE('',*,*,#1387,.F.);
#1911=ORIENTED_EDGE('',*,*,#1388,.T.);
#1912=ORIENTED_EDGE('',*,*,#1389,.T.);
#1913=ORIENTED_EDGE('',*,*,#1388,.F.);
#1914=ORIENTED_EDGE('',*,*,#1389,.F.);
#1915=ORIENTED_EDGE('',*,*,#1377,.F.);
#1916=ORIENTED_EDGE('',*,*,#1390,.T.);
#1917=ORIENTED_EDGE('',*,*,#1391,.F.);
#1918=ORIENTED_EDGE('',*,*,#1390,.F.);
#1919=ORIENTED_EDGE('',*,*,#1391,.T.);
#1920=ORIENTED_EDGE('',*,*,#1387,.T.);
#1921=ORIENTED_EDGE('',*,*,#1392,.F.);
#1922=ORIENTED_EDGE('',*,*,#1393,.T.);
#1923=ORIENTED_EDGE('',*,*,#1394,.T.);
#1924=ORIENTED_EDGE('',*,*,#1393,.F.);
#1925=ORIENTED_EDGE('',*,*,#1394,.F.);
#1926=ORIENTED_EDGE('',*,*,#1376,.F.);
#1927=ORIENTED_EDGE('',*,*,#1395,.T.);
#1928=ORIENTED_EDGE('',*,*,#1396,.F.);
#1929=ORIENTED_EDGE('',*,*,#1395,.F.);
#1930=ORIENTED_EDGE('',*,*,#1396,.T.);
#1931=ORIENTED_EDGE('',*,*,#1392,.T.);
#1932=ORIENTED_EDGE('',*,*,#1397,.F.);
#1933=ORIENTED_EDGE('',*,*,#1398,.T.);
#1934=ORIENTED_EDGE('',*,*,#1399,.T.);
#1935=ORIENTED_EDGE('',*,*,#1398,.F.);
#1936=ORIENTED_EDGE('',*,*,#1399,.F.);
#1937=ORIENTED_EDGE('',*,*,#1369,.T.);
#1938=ORIENTED_EDGE('',*,*,#1397,.T.);
#1939=ORIENTED_EDGE('',*,*,#1400,.F.);
#1940=ORIENTED_EDGE('',*,*,#1401,.T.);
#1941=ORIENTED_EDGE('',*,*,#1402,.T.);
#1942=ORIENTED_EDGE('',*,*,#1401,.F.);
#1943=ORIENTED_EDGE('',*,*,#1402,.F.);
#1944=ORIENTED_EDGE('',*,*,#1350,.T.);
#1945=ORIENTED_EDGE('',*,*,#1372,.F.);
#1946=ORIENTED_EDGE('',*,*,#1403,.T.);
#1947=ORIENTED_EDGE('',*,*,#1404,.F.);
#1948=ORIENTED_EDGE('',*,*,#1403,.F.);
#1949=ORIENTED_EDGE('',*,*,#1371,.F.);
#1950=ORIENTED_EDGE('',*,*,#1404,.T.);
#1951=ORIENTED_EDGE('',*,*,#1400,.T.);
#1952=ORIENTED_EDGE('',*,*,#1331,.T.);
#1953=ORIENTED_EDGE('',*,*,#1364,.T.);
#1954=ORIENTED_EDGE('',*,*,#1172,.F.);
#1955=ORIENTED_EDGE('',*,*,#1405,.T.);
#1956=ORIENTED_EDGE('',*,*,#1354,.T.);
#1957=ORIENTED_EDGE('',*,*,#1361,.T.);
#1958=ORIENTED_EDGE('',*,*,#1175,.F.);
#1959=ORIENTED_EDGE('',*,*,#1366,.F.);
#1960=ORIENTED_EDGE('',*,*,#1375,.F.);
#1961=ORIENTED_EDGE('',*,*,#1406,.T.);
#1962=ORIENTED_EDGE('',*,*,#1164,.F.);
#1963=ORIENTED_EDGE('',*,*,#1406,.F.);
#1964=ORIENTED_EDGE('',*,*,#1374,.F.);
#1965=ORIENTED_EDGE('',*,*,#1407,.F.);
#1966=ORIENTED_EDGE('',*,*,#1182,.T.);
#1967=ORIENTED_EDGE('',*,*,#1198,.F.);
#1968=ORIENTED_EDGE('',*,*,#1165,.F.);
#1969=ORIENTED_EDGE('',*,*,#1407,.T.);
#1970=ORIENTED_EDGE('',*,*,#1373,.F.);
#1971=ORIENTED_EDGE('',*,*,#1190,.F.);
#1972=ORIENTED_EDGE('',*,*,#1188,.T.);
#1973=ORIENTED_EDGE('',*,*,#1185,.T.);
#1974=ORIENTED_EDGE('',*,*,#1355,.T.);
#1975=ORIENTED_EDGE('',*,*,#1405,.F.);
#1976=ORIENTED_EDGE('',*,*,#1171,.F.);
#1977=ORIENTED_EDGE('',*,*,#1194,.F.);
#1978=ORIENTED_EDGE('',*,*,#1360,.T.);
#1979=ORIENTED_EDGE('',*,*,#1408,.T.);
#1980=ORIENTED_EDGE('',*,*,#1380,.T.);
#1981=ORIENTED_EDGE('',*,*,#1409,.T.);
#1982=ORIENTED_EDGE('',*,*,#1410,.T.);
#1983=ORIENTED_EDGE('',*,*,#1411,.T.);
#1984=ORIENTED_EDGE('',*,*,#1345,.T.);
#1985=ORIENTED_EDGE('',*,*,#1412,.T.);
#1986=ORIENTED_EDGE('',*,*,#1413,.F.);
#1987=ORIENTED_EDGE('',*,*,#1155,.T.);
#1988=ORIENTED_EDGE('',*,*,#1159,.T.);
#1989=ORIENTED_EDGE('',*,*,#1386,.T.);
#1990=ORIENTED_EDGE('',*,*,#1414,.T.);
#1991=ORIENTED_EDGE('',*,*,#1415,.F.);
#1992=ORIENTED_EDGE('',*,*,#1148,.T.);
#1993=ORIENTED_EDGE('',*,*,#1413,.T.);
#1994=ORIENTED_EDGE('',*,*,#1416,.T.);
#1995=ORIENTED_EDGE('',*,*,#1410,.F.);
#1996=ORIENTED_EDGE('',*,*,#1417,.T.);
#1997=ORIENTED_EDGE('',*,*,#1418,.T.);
#1998=ORIENTED_EDGE('',*,*,#1415,.T.);
#1999=ORIENTED_EDGE('',*,*,#1359,.T.);
#2000=ORIENTED_EDGE('',*,*,#1381,.T.);
#2001=ORIENTED_EDGE('',*,*,#1408,.F.);
#2002=ORIENTED_EDGE('',*,*,#1140,.F.);
#2003=ORIENTED_EDGE('',*,*,#1149,.T.);
#2004=ORIENTED_EDGE('',*,*,#1418,.F.);
#2005=ORIENTED_EDGE('',*,*,#1419,.F.);
#2006=ORIENTED_EDGE('',*,*,#1346,.T.);
#2007=ORIENTED_EDGE('',*,*,#1411,.F.);
#2008=ORIENTED_EDGE('',*,*,#1416,.F.);
#2009=ORIENTED_EDGE('',*,*,#1414,.F.);
#2010=ORIENTED_EDGE('',*,*,#1412,.F.);
#2011=ORIENTED_EDGE('',*,*,#1385,.F.);
#2012=ORIENTED_EDGE('',*,*,#1143,.F.);
#2013=ORIENTED_EDGE('',*,*,#1419,.T.);
#2014=ORIENTED_EDGE('',*,*,#1417,.F.);
#2015=ORIENTED_EDGE('',*,*,#1409,.F.);
#2016=ORIENTED_EDGE('',*,*,#1379,.T.);
#2017=ORIENTED_EDGE('',*,*,#1420,.F.);
#2018=ORIENTED_EDGE('',*,*,#1145,.F.);
#2019=ORIENTED_EDGE('',*,*,#1420,.T.);
#2020=ORIENTED_EDGE('',*,*,#1378,.T.);
#2021=CONICAL_SURFACE('',#2156,11.7505294625622,0.747873584479564);
#2022=CONICAL_SURFACE('',#2161,11.7505294625622,0.747873584479571);
#2023=CONICAL_SURFACE('',#2165,11.7505294625622,0.74787358447956);
#2024=CONICAL_SURFACE('',#2169,11.7505294625622,0.747873584479568);
#2025=CONICAL_SURFACE('',#2173,11.0902604766464,0.0750491578357562);
#2026=CONICAL_SURFACE('',#2177,11.0902604766464,0.0750491578357562);
#2027=CONICAL_SURFACE('',#2238,2.7,0.436627159813541);
#2028=CONICAL_SURFACE('',#2309,30.75,0.785398163397448);
#2029=CONICAL_SURFACE('',#2312,30.75,0.785398163397448);
#2030=CONICAL_SURFACE('',#2315,11.0902604766464,0.0750491578357562);
#2031=CONICAL_SURFACE('',#2318,11.0902604766464,0.0750491578357562);
#2032=ADVANCED_FACE('',(#156),#2021,.T.);
#2033=ADVANCED_FACE('',(#157),#72,.T.);
#2034=ADVANCED_FACE('',(#158),#73,.T.);
#2035=ADVANCED_FACE('',(#159),#2022,.T.);
#2036=ADVANCED_FACE('',(#160),#74,.T.);
#2037=ADVANCED_FACE('',(#161),#2023,.T.);
#2038=ADVANCED_FACE('',(#162),#75,.T.);
#2039=ADVANCED_FACE('',(#163),#2024,.T.);
#2040=ADVANCED_FACE('',(#164),#76,.T.);
#2041=ADVANCED_FACE('',(#165),#2025,.T.);
#2042=ADVANCED_FACE('',(#166),#77,.T.);
#2043=ADVANCED_FACE('',(#167),#2026,.T.);
#2044=ADVANCED_FACE('',(#168,#30),#78,.T.);
#2045=ADVANCED_FACE('',(#169),#79,.F.);
#2046=ADVANCED_FACE('',(#170),#80,.T.);
#2047=ADVANCED_FACE('',(#171),#81,.T.);
#2048=ADVANCED_FACE('',(#172),#82,.T.);
#2049=ADVANCED_FACE('',(#173,#31,#32,#33,#34,#35,#36,#37,#38,#39),#83,.T.);
#2050=ADVANCED_FACE('',(#174),#84,.F.);
#2051=ADVANCED_FACE('',(#175),#85,.T.);
#2052=ADVANCED_FACE('',(#176),#86,.T.);
#2053=ADVANCED_FACE('',(#177),#87,.T.);
#2054=ADVANCED_FACE('',(#178),#88,.F.);
#2055=ADVANCED_FACE('',(#179),#89,.T.);
#2056=ADVANCED_FACE('',(#180),#90,.T.);
#2057=ADVANCED_FACE('',(#181),#91,.T.);
#2058=ADVANCED_FACE('',(#182),#92,.F.);
#2059=ADVANCED_FACE('',(#183),#93,.T.);
#2060=ADVANCED_FACE('',(#184),#94,.T.);
#2061=ADVANCED_FACE('',(#185),#95,.T.);
#2062=ADVANCED_FACE('',(#186),#96,.F.);
#2063=ADVANCED_FACE('',(#187),#97,.T.);
#2064=ADVANCED_FACE('',(#188),#98,.T.);
#2065=ADVANCED_FACE('',(#189),#99,.T.);
#2066=ADVANCED_FACE('',(#190),#100,.F.);
#2067=ADVANCED_FACE('',(#191),#101,.T.);
#2068=ADVANCED_FACE('',(#192),#102,.T.);
#2069=ADVANCED_FACE('',(#193),#103,.T.);
#2070=ADVANCED_FACE('',(#194),#104,.F.);
#2071=ADVANCED_FACE('',(#195),#105,.T.);
#2072=ADVANCED_FACE('',(#196),#106,.T.);
#2073=ADVANCED_FACE('',(#197),#107,.T.);
#2074=ADVANCED_FACE('',(#198),#108,.F.);
#2075=ADVANCED_FACE('',(#199),#109,.T.);
#2076=ADVANCED_FACE('',(#200),#110,.T.);
#2077=ADVANCED_FACE('',(#201),#111,.T.);
#2078=ADVANCED_FACE('',(#202),#112,.F.);
#2079=ADVANCED_FACE('',(#203),#113,.T.);
#2080=ADVANCED_FACE('',(#204),#114,.T.);
#2081=ADVANCED_FACE('',(#205),#115,.T.);
#2082=ADVANCED_FACE('',(#206),#116,.F.);
#2083=ADVANCED_FACE('',(#207),#117,.T.);
#2084=ADVANCED_FACE('',(#208),#118,.T.);
#2085=ADVANCED_FACE('',(#209),#119,.T.);
#2086=ADVANCED_FACE('',(#210),#120,.T.);
#2087=ADVANCED_FACE('',(#211),#121,.T.);
#2088=ADVANCED_FACE('',(#212),#122,.F.);
#2089=ADVANCED_FACE('',(#213),#123,.T.);
#2090=ADVANCED_FACE('',(#214,#40,#41,#42,#43,#44,#45,#46,#47,#48,#49),#124,
 .T.);
#2091=ADVANCED_FACE('',(#215),#125,.F.);
#2092=ADVANCED_FACE('',(#216),#126,.F.);
#2093=ADVANCED_FACE('',(#217),#127,.T.);
#2094=ADVANCED_FACE('',(#218),#128,.F.);
#2095=ADVANCED_FACE('',(#219),#129,.F.);
#2096=ADVANCED_FACE('',(#220),#130,.F.);
#2097=ADVANCED_FACE('',(#221),#2027,.T.);
#2098=ADVANCED_FACE('',(#222),#15,.T.);
#2099=ADVANCED_FACE('',(#223),#131,.T.);
#2100=ADVANCED_FACE('',(#224),#16,.F.);
#2101=ADVANCED_FACE('',(#225),#132,.T.);
#2102=ADVANCED_FACE('',(#226),#133,.T.);
#2103=ADVANCED_FACE('',(#227),#17,.F.);
#2104=ADVANCED_FACE('',(#228),#134,.T.);
#2105=ADVANCED_FACE('',(#229),#135,.T.);
#2106=ADVANCED_FACE('',(#230),#18,.F.);
#2107=ADVANCED_FACE('',(#231),#136,.T.);
#2108=ADVANCED_FACE('',(#232),#19,.T.);
#2109=ADVANCED_FACE('',(#233,#50,#51,#52),#137,.F.);
#2110=ADVANCED_FACE('',(#234),#138,.T.);
#2111=ADVANCED_FACE('',(#235),#139,.T.);
#2112=ADVANCED_FACE('',(#236),#140,.T.);
#2113=ADVANCED_FACE('',(#237),#20,.F.);
#2114=ADVANCED_FACE('',(#238),#141,.F.);
#2115=ADVANCED_FACE('',(#239),#21,.T.);
#2116=ADVANCED_FACE('',(#240,#53),#142,.T.);
#2117=ADVANCED_FACE('',(#241),#22,.F.);
#2118=ADVANCED_FACE('',(#242),#143,.F.);
#2119=ADVANCED_FACE('',(#243),#23,.T.);
#2120=ADVANCED_FACE('',(#244,#54),#144,.T.);
#2121=ADVANCED_FACE('',(#245),#24,.F.);
#2122=ADVANCED_FACE('',(#246),#145,.F.);
#2123=ADVANCED_FACE('',(#247,#55),#146,.T.);
#2124=ADVANCED_FACE('',(#248),#25,.F.);
#2125=ADVANCED_FACE('',(#249),#147,.F.);
#2126=ADVANCED_FACE('',(#250),#26,.T.);
#2127=ADVANCED_FACE('',(#251,#56),#148,.T.);
#2128=ADVANCED_FACE('',(#252),#149,.F.);
#2129=ADVANCED_FACE('',(#253),#27,.F.);
#2130=ADVANCED_FACE('',(#254),#150,.T.);
#2131=ADVANCED_FACE('',(#255),#28,.F.);
#2132=ADVANCED_FACE('',(#256),#29,.F.);
#2133=ADVANCED_FACE('',(#257),#151,.T.);
#2134=ADVANCED_FACE('',(#258),#2028,.T.);
#2135=ADVANCED_FACE('',(#259),#152,.T.);
#2136=ADVANCED_FACE('',(#260),#2029,.T.);
#2137=ADVANCED_FACE('',(#261),#153,.T.);
#2138=ADVANCED_FACE('',(#262),#2030,.T.);
#2139=ADVANCED_FACE('',(#263),#154,.T.);
#2140=ADVANCED_FACE('',(#264),#155,.T.);
#2141=ADVANCED_FACE('',(#265),#2031,.T.);
#2142=CLOSED_SHELL('',(#2032,#2033,#2034,#2035,#2036,#2037,#2038,#2039,
#2040,#2041,#2042,#2043,#2044,#2045,#2046,#2047,#2048,#2049,#2050,#2051,
#2052,#2053,#2054,#2055,#2056,#2057,#2058,#2059,#2060,#2061,#2062,#2063,
#2064,#2065,#2066,#2067,#2068,#2069,#2070,#2071,#2072,#2073,#2074,#2075,
#2076,#2077,#2078,#2079,#2080,#2081,#2082,#2083,#2084,#2085,#2086,#2087,
#2088,#2089,#2090,#2091,#2092,#2093,#2094,#2095,#2096,#2097,#2098,#2099,
#2100,#2101,#2102,#2103,#2104,#2105,#2106,#2107,#2108,#2109,#2110,#2111,
#2112,#2113,#2114,#2115,#2116,#2117,#2118,#2119,#2120,#2121,#2122,#2123,
#2124,#2125,#2126,#2127,#2128,#2129,#2130,#2131,#2132,#2133,#2134,#2135,
#2136,#2137,#2138,#2139,#2140,#2141));
#2143=DERIVED_UNIT_ELEMENT(#2145,1.);
#2144=DERIVED_UNIT_ELEMENT(#3540,-3.);
#2145=(
MASS_UNIT()
NAMED_UNIT(*)
SI_UNIT(.KILO.,.GRAM.)
);
#2146=DERIVED_UNIT((#2143,#2144));
#2147=MEASURE_REPRESENTATION_ITEM('density measure',
POSITIVE_RATIO_MEASURE(7850.),#2146);
#2148=PROPERTY_DEFINITION_REPRESENTATION(#2153,#2150);
#2149=PROPERTY_DEFINITION_REPRESENTATION(#2154,#2151);
#2150=REPRESENTATION('material name',(#2152),#3537);
#2151=REPRESENTATION('density',(#2147),#3537);
#2152=DESCRIPTIVE_REPRESENTATION_ITEM('Steel','Steel');
#2153=PROPERTY_DEFINITION('material property','material name',#3547);
#2154=PROPERTY_DEFINITION('material property','density of part',#3547);
#2155=AXIS2_PLACEMENT_3D('',#2883,#2319,#2320);
#2156=AXIS2_PLACEMENT_3D('',#2884,#2321,#2322);
#2157=AXIS2_PLACEMENT_3D('',#2887,#2323,#2324);
#2158=AXIS2_PLACEMENT_3D('',#2891,#2326,#2327);
#2159=AXIS2_PLACEMENT_3D('',#2900,#2328,#2329);
#2160=AXIS2_PLACEMENT_3D('',#2909,#2332,#2333);
#2161=AXIS2_PLACEMENT_3D('',#2915,#2337,#2338);
#2162=AXIS2_PLACEMENT_3D('',#2919,#2340,#2341);
#2163=AXIS2_PLACEMENT_3D('',#2920,#2342,#2343);
#2164=AXIS2_PLACEMENT_3D('',#2921,#2344,#2345);
#2165=AXIS2_PLACEMENT_3D('',#2927,#2349,#2350);
#2166=AXIS2_PLACEMENT_3D('',#2931,#2352,#2353);
#2167=AXIS2_PLACEMENT_3D('',#2932,#2354,#2355);
#2168=AXIS2_PLACEMENT_3D('',#2933,#2356,#2357);
#2169=AXIS2_PLACEMENT_3D('',#2939,#2361,#2362);
#2170=AXIS2_PLACEMENT_3D('',#2940,#2363,#2364);
#2171=AXIS2_PLACEMENT_3D('',#2942,#2365,#2366);
#2172=AXIS2_PLACEMENT_3D('',#2946,#2367,#2368);
#2173=AXIS2_PLACEMENT_3D('',#2952,#2372,#2373);
#2174=AXIS2_PLACEMENT_3D('',#2956,#2375,#2376);
#2175=AXIS2_PLACEMENT_3D('',#2962,#2377,#2378);
#2176=AXIS2_PLACEMENT_3D('',#2975,#2380,#2381);
#2177=AXIS2_PLACEMENT_3D('',#2990,#2388,#2389);
#2178=AXIS2_PLACEMENT_3D('',#2991,#2390,#2391);
#2179=AXIS2_PLACEMENT_3D('',#2992,#2392,#2393);
#2180=AXIS2_PLACEMENT_3D('',#2997,#2395,#2396);
#2181=AXIS2_PLACEMENT_3D('',#3009,#2402,#2403);
#2182=AXIS2_PLACEMENT_3D('',#3013,#2405,#2406);
#2183=AXIS2_PLACEMENT_3D('',#3016,#2408,#2409);
#2184=AXIS2_PLACEMENT_3D('',#3017,#2410,#2411);
#2185=AXIS2_PLACEMENT_3D('',#3026,#2416,#2417);
#2186=AXIS2_PLACEMENT_3D('',#3032,#2420,#2421);
#2187=AXIS2_PLACEMENT_3D('',#3034,#2423,#2424);
#2188=AXIS2_PLACEMENT_3D('',#3040,#2428,#2429);
#2189=AXIS2_PLACEMENT_3D('',#3043,#2431,#2432);
#2190=AXIS2_PLACEMENT_3D('',#3045,#2434,#2435);
#2191=AXIS2_PLACEMENT_3D('',#3133,#2481,#2482);
#2192=AXIS2_PLACEMENT_3D('',#3139,#2486,#2487);
#2193=AXIS2_PLACEMENT_3D('',#3143,#2490,#2491);
#2194=AXIS2_PLACEMENT_3D('',#3147,#2494,#2495);
#2195=AXIS2_PLACEMENT_3D('',#3149,#2497,#2498);
#2196=AXIS2_PLACEMENT_3D('',#3155,#2502,#2503);
#2197=AXIS2_PLACEMENT_3D('',#3159,#2506,#2507);
#2198=AXIS2_PLACEMENT_3D('',#3163,#2510,#2511);
#2199=AXIS2_PLACEMENT_3D('',#3165,#2513,#2514);
#2200=AXIS2_PLACEMENT_3D('',#3171,#2518,#2519);
#2201=AXIS2_PLACEMENT_3D('',#3175,#2522,#2523);
#2202=AXIS2_PLACEMENT_3D('',#3179,#2526,#2527);
#2203=AXIS2_PLACEMENT_3D('',#3181,#2529,#2530);
#2204=AXIS2_PLACEMENT_3D('',#3187,#2534,#2535);
#2205=AXIS2_PLACEMENT_3D('',#3191,#2538,#2539);
#2206=AXIS2_PLACEMENT_3D('',#3195,#2542,#2543);
#2207=AXIS2_PLACEMENT_3D('',#3197,#2545,#2546);
#2208=AXIS2_PLACEMENT_3D('',#3203,#2550,#2551);
#2209=AXIS2_PLACEMENT_3D('',#3207,#2554,#2555);
#2210=AXIS2_PLACEMENT_3D('',#3211,#2558,#2559);
#2211=AXIS2_PLACEMENT_3D('',#3213,#2561,#2562);
#2212=AXIS2_PLACEMENT_3D('',#3219,#2566,#2567);
#2213=AXIS2_PLACEMENT_3D('',#3223,#2570,#2571);
#2214=AXIS2_PLACEMENT_3D('',#3227,#2574,#2575);
#2215=AXIS2_PLACEMENT_3D('',#3229,#2577,#2578);
#2216=AXIS2_PLACEMENT_3D('',#3235,#2582,#2583);
#2217=AXIS2_PLACEMENT_3D('',#3239,#2586,#2587);
#2218=AXIS2_PLACEMENT_3D('',#3243,#2590,#2591);
#2219=AXIS2_PLACEMENT_3D('',#3245,#2593,#2594);
#2220=AXIS2_PLACEMENT_3D('',#3251,#2598,#2599);
#2221=AXIS2_PLACEMENT_3D('',#3255,#2602,#2603);
#2222=AXIS2_PLACEMENT_3D('',#3259,#2606,#2607);
#2223=AXIS2_PLACEMENT_3D('',#3261,#2609,#2610);
#2224=AXIS2_PLACEMENT_3D('',#3267,#2614,#2615);
#2225=AXIS2_PLACEMENT_3D('',#3271,#2618,#2619);
#2226=AXIS2_PLACEMENT_3D('',#3275,#2622,#2623);
#2227=AXIS2_PLACEMENT_3D('',#3277,#2625,#2626);
#2228=AXIS2_PLACEMENT_3D('',#3283,#2630,#2631);
#2229=AXIS2_PLACEMENT_3D('',#3287,#2634,#2635);
#2230=AXIS2_PLACEMENT_3D('',#3291,#2638,#2639);
#2231=AXIS2_PLACEMENT_3D('',#3293,#2641,#2642);
#2232=AXIS2_PLACEMENT_3D('',#3294,#2643,#2644);
#2233=AXIS2_PLACEMENT_3D('',#3303,#2649,#2650);
#2234=AXIS2_PLACEMENT_3D('',#3309,#2654,#2655);
#2235=AXIS2_PLACEMENT_3D('',#3312,#2658,#2659);
#2236=AXIS2_PLACEMENT_3D('',#3314,#2661,#2662);
#2237=AXIS2_PLACEMENT_3D('',#3316,#2664,#2665);
#2238=AXIS2_PLACEMENT_3D('',#3317,#2666,#2667);
#2239=AXIS2_PLACEMENT_3D('',#3319,#2668,#2669);
#2240=AXIS2_PLACEMENT_3D('',#3322,#2671,#2672);
#2241=AXIS2_PLACEMENT_3D('',#3323,#2673,#2674);
#2242=AXIS2_PLACEMENT_3D('',#3326,#2676,#2677);
#2243=AXIS2_PLACEMENT_3D('',#3327,#2678,#2679);
#2244=AXIS2_PLACEMENT_3D('',#3328,#2680,#2681);
#2245=AXIS2_PLACEMENT_3D('',#3331,#2682,#2683);
#2246=AXIS2_PLACEMENT_3D('',#3335,#2685,#2686);
#2247=AXIS2_PLACEMENT_3D('',#3339,#2688,#2689);
#2248=AXIS2_PLACEMENT_3D('',#3348,#2691,#2692);
#2249=AXIS2_PLACEMENT_3D('',#3359,#2698,#2699);
#2250=AXIS2_PLACEMENT_3D('',#3369,#2705,#2706);
#2251=AXIS2_PLACEMENT_3D('',#3373,#2708,#2709);
#2252=AXIS2_PLACEMENT_3D('',#3377,#2711,#2712);
#2253=AXIS2_PLACEMENT_3D('',#3379,#2714,#2715);
#2254=AXIS2_PLACEMENT_3D('',#3382,#2716,#2717);
#2255=AXIS2_PLACEMENT_3D('',#3390,#2718,#2719);
#2256=AXIS2_PLACEMENT_3D('',#3392,#2721,#2722);
#2257=AXIS2_PLACEMENT_3D('',#3398,#2726,#2727);
#2258=AXIS2_PLACEMENT_3D('',#3401,#2730,#2731);
#2259=AXIS2_PLACEMENT_3D('',#3403,#2733,#2734);
#2260=AXIS2_PLACEMENT_3D('',#3404,#2735,#2736);
#2261=AXIS2_PLACEMENT_3D('',#3408,#2739,#2740);
#2262=AXIS2_PLACEMENT_3D('',#3410,#2741,#2742);
#2263=AXIS2_PLACEMENT_3D('',#3413,#2744,#2745);
#2264=AXIS2_PLACEMENT_3D('',#3414,#2746,#2747);
#2265=AXIS2_PLACEMENT_3D('',#3415,#2748,#2749);
#2266=AXIS2_PLACEMENT_3D('',#3417,#2750,#2751);
#2267=AXIS2_PLACEMENT_3D('',#3418,#2752,#2753);
#2268=AXIS2_PLACEMENT_3D('',#3420,#2754,#2755);
#2269=AXIS2_PLACEMENT_3D('',#3423,#2757,#2758);
#2270=AXIS2_PLACEMENT_3D('',#3425,#2759,#2760);
#2271=AXIS2_PLACEMENT_3D('',#3427,#2761,#2762);
#2272=AXIS2_PLACEMENT_3D('',#3428,#2763,#2764);
#2273=AXIS2_PLACEMENT_3D('',#3430,#2765,#2766);
#2274=AXIS2_PLACEMENT_3D('',#3439,#2772,#2773);
#2275=AXIS2_PLACEMENT_3D('',#3441,#2775,#2776);
#2276=AXIS2_PLACEMENT_3D('',#3445,#2779,#2780);
#2277=AXIS2_PLACEMENT_3D('',#3447,#2781,#2782);
#2278=AXIS2_PLACEMENT_3D('',#3450,#2784,#2785);
#2279=AXIS2_PLACEMENT_3D('',#3451,#2786,#2787);
#2280=AXIS2_PLACEMENT_3D('',#3452,#2788,#2789);
#2281=AXIS2_PLACEMENT_3D('',#3455,#2791,#2792);
#2282=AXIS2_PLACEMENT_3D('',#3456,#2793,#2794);
#2283=AXIS2_PLACEMENT_3D('',#3457,#2795,#2796);
#2284=AXIS2_PLACEMENT_3D('',#3459,#2797,#2798);
#2285=AXIS2_PLACEMENT_3D('',#3462,#2800,#2801);
#2286=AXIS2_PLACEMENT_3D('',#3463,#2802,#2803);
#2287=AXIS2_PLACEMENT_3D('',#3464,#2804,#2805);
#2288=AXIS2_PLACEMENT_3D('',#3467,#2807,#2808);
#2289=AXIS2_PLACEMENT_3D('',#3468,#2809,#2810);
#2290=AXIS2_PLACEMENT_3D('',#3469,#2811,#2812);
#2291=AXIS2_PLACEMENT_3D('',#3471,#2813,#2814);
#2292=AXIS2_PLACEMENT_3D('',#3474,#2816,#2817);
#2293=AXIS2_PLACEMENT_3D('',#3475,#2818,#2819);
#2294=AXIS2_PLACEMENT_3D('',#3476,#2820,#2821);
#2295=AXIS2_PLACEMENT_3D('',#3477,#2822,#2823);
#2296=AXIS2_PLACEMENT_3D('',#3479,#2824,#2825);
#2297=AXIS2_PLACEMENT_3D('',#3482,#2827,#2828);
#2298=AXIS2_PLACEMENT_3D('',#3483,#2829,#2830);
#2299=AXIS2_PLACEMENT_3D('',#3484,#2831,#2832);
#2300=AXIS2_PLACEMENT_3D('',#3487,#2834,#2835);
#2301=AXIS2_PLACEMENT_3D('',#3488,#2836,#2837);
#2302=AXIS2_PLACEMENT_3D('',#3489,#2838,#2839);
#2303=AXIS2_PLACEMENT_3D('',#3490,#2840,#2841);
#2304=AXIS2_PLACEMENT_3D('',#3491,#2842,#2843);
#2305=AXIS2_PLACEMENT_3D('',#3493,#2845,#2846);
#2306=AXIS2_PLACEMENT_3D('',#3495,#2848,#2849);
#2307=AXIS2_PLACEMENT_3D('',#3496,#2850,#2851);
#2308=AXIS2_PLACEMENT_3D('',#3497,#2852,#2853);
#2309=AXIS2_PLACEMENT_3D('',#3504,#2858,#2859);
#2310=AXIS2_PLACEMENT_3D('',#3506,#2860,#2861);
#2311=AXIS2_PLACEMENT_3D('',#3508,#2863,#2864);
#2312=AXIS2_PLACEMENT_3D('',#3512,#2867,#2868);
#2313=AXIS2_PLACEMENT_3D('',#3513,#2869,#2870);
#2314=AXIS2_PLACEMENT_3D('',#3528,#2871,#2872);
#2315=AXIS2_PLACEMENT_3D('',#3529,#2873,#2874);
#2316=AXIS2_PLACEMENT_3D('',#3531,#2876,#2877);
#2317=AXIS2_PLACEMENT_3D('',#3532,#2878,#2879);
#2318=AXIS2_PLACEMENT_3D('',#3534,#2881,#2882);
#2319=DIRECTION('axis',(0.,0.,1.));
#2320=DIRECTION('refdir',(1.,0.,0.));
#2321=DIRECTION('center_axis',(-1.04377216486035E-15,0.,1.));
#2322=DIRECTION('ref_axis',(-1.,-4.72414042346937E-17,0.));
#2323=DIRECTION('center_axis',(0.,0.,-1.));
#2324=DIRECTION('ref_axis',(-1.,-9.15984939946837E-17,0.));
#2325=DIRECTION('',(0.680081345566006,0.,-0.733136660802834));
#2326=DIRECTION('center_axis',(0.,0.,1.));
#2327=DIRECTION('ref_axis',(-1.,0.,0.));
#2328=DIRECTION('center_axis',(0.,-0.819152044288991,-0.573576436351047));
#2329=DIRECTION('ref_axis',(-1.,0.,0.));
#2330=DIRECTION('',(-1.,0.,0.));
#2331=DIRECTION('',(1.,0.,0.));
#2332=DIRECTION('center_axis',(-0.733136660802859,0.,-0.68008134556598));
#2333=DIRECTION('ref_axis',(-0.68008134556598,0.,0.733136660802859));
#2334=DIRECTION('',(0.680081345565953,0.,-0.733136660802884));
#2335=DIRECTION('',(0.,-1.,0.));
#2336=DIRECTION('',(0.,1.,0.));
#2337=DIRECTION('center_axis',(-1.04377216486036E-15,0.,1.));
#2338=DIRECTION('ref_axis',(-1.,0.,0.));
#2339=DIRECTION('',(1.65799321910016E-15,-0.680081345565984,-0.733136660802855));
#2340=DIRECTION('center_axis',(0.,0.,1.));
#2341=DIRECTION('ref_axis',(-1.,0.,0.));
#2342=DIRECTION('center_axis',(0.,0.,-1.));
#2343=DIRECTION('ref_axis',(-1.,0.,0.));
#2344=DIRECTION('center_axis',(0.,0.733136660802859,-0.68008134556598));
#2345=DIRECTION('ref_axis',(-1.,0.,0.));
#2346=DIRECTION('',(0.,-0.680081345565981,-0.733136660802858));
#2347=DIRECTION('',(-1.,0.,0.));
#2348=DIRECTION('',(1.,0.,0.));
#2349=DIRECTION('center_axis',(0.,0.,1.));
#2350=DIRECTION('ref_axis',(1.,0.,0.));
#2351=DIRECTION('',(-0.680081345565985,0.,-0.733136660802854));
#2352=DIRECTION('center_axis',(0.,0.,1.));
#2353=DIRECTION('ref_axis',(1.,0.,0.));
#2354=DIRECTION('center_axis',(0.,0.,-1.));
#2355=DIRECTION('ref_axis',(1.,0.,0.));
#2356=DIRECTION('center_axis',(0.733136660802859,0.,-0.68008134556598));
#2357=DIRECTION('ref_axis',(-0.68008134556598,0.,-0.733136660802859));
#2358=DIRECTION('',(-0.680081345565981,0.,-0.733136660802858));
#2359=DIRECTION('',(0.,1.,0.));
#2360=DIRECTION('',(0.,-1.,0.));
#2361=DIRECTION('center_axis',(0.,0.,1.));
#2362=DIRECTION('ref_axis',(1.,0.,0.));
#2363=DIRECTION('center_axis',(0.,0.,1.));
#2364=DIRECTION('ref_axis',(1.,0.,0.));
#2365=DIRECTION('center_axis',(0.,0.,-1.));
#2366=DIRECTION('ref_axis',(1.,0.,0.));
#2367=DIRECTION('center_axis',(0.,0.997185133525116,0.0749787268263277));
#2368=DIRECTION('ref_axis',(0.,-0.0749787268263277,0.997185133525116));
#2369=DIRECTION('',(0.,-0.0749787268263277,0.997185133525116));
#2370=DIRECTION('',(-1.,0.,0.));
#2371=DIRECTION('',(0.,-0.0749787268263277,0.997185133525116));
#2372=DIRECTION('center_axis',(0.,0.,-1.));
#2373=DIRECTION('ref_axis',(1.,0.,0.));
#2374=DIRECTION('',(0.0749787268263277,0.,0.997185133525116));
#2375=DIRECTION('center_axis',(0.,0.,-1.));
#2376=DIRECTION('ref_axis',(1.,0.,0.));
#2377=DIRECTION('center_axis',(0.,0.,1.));
#2378=DIRECTION('ref_axis',(1.,0.,0.));
#2379=DIRECTION('',(0.0749787268263277,0.,0.997185133525116));
#2380=DIRECTION('center_axis',(-0.997185133525116,0.,0.0749787268263277));
#2381=DIRECTION('ref_axis',(0.,1.,0.));
#2382=DIRECTION('',(0.0749787268263277,0.,0.997185133525116));
#2383=DIRECTION('',(0.0704801349381859,0.341169601873816,0.937355777352632));
#2384=DIRECTION('',(0.00729825183338792,-0.995251418035323,0.0970636410756096));
#2385=DIRECTION('',(0.,-1.,0.));
#2386=DIRECTION('',(-0.0749787268263277,0.,-0.997185133525116));
#2387=DIRECTION('',(0.,1.,0.));
#2388=DIRECTION('center_axis',(0.,0.,-1.));
#2389=DIRECTION('ref_axis',(1.,0.,0.));
#2390=DIRECTION('center_axis',(0.,0.939692620785908,-0.342020143325669));
#2391=DIRECTION('ref_axis',(9.48549991553503E-16,0.342020143325669,0.939692620785908));
#2392=DIRECTION('center_axis',(0.,0.,-1.));
#2393=DIRECTION('ref_axis',(-1.,0.,0.));
#2394=DIRECTION('',(-1.,0.,0.));
#2395=DIRECTION('center_axis',(0.,0.,1.));
#2396=DIRECTION('ref_axis',(1.,0.,0.));
#2397=DIRECTION('',(0.,-1.,0.));
#2398=DIRECTION('',(-1.,0.,0.));
#2399=DIRECTION('',(0.,1.,0.));
#2400=DIRECTION('',(1.,0.,0.));
#2401=DIRECTION('',(0.,-1.,0.));
#2402=DIRECTION('center_axis',(0.,0.,1.));
#2403=DIRECTION('ref_axis',(1.,0.,0.));
#2404=DIRECTION('',(1.,0.,0.));
#2405=DIRECTION('center_axis',(0.,0.,1.));
#2406=DIRECTION('ref_axis',(1.,0.,0.));
#2407=DIRECTION('',(0.,1.,0.));
#2408=DIRECTION('center_axis',(0.,0.,1.));
#2409=DIRECTION('ref_axis',(1.,0.,0.));
#2410=DIRECTION('center_axis',(0.,-1.,0.));
#2411=DIRECTION('ref_axis',(1.,0.,0.));
#2412=DIRECTION('',(-0.0749787268263277,0.,-0.997185133525116));
#2413=DIRECTION('',(-1.,0.,0.));
#2414=DIRECTION('',(0.,0.,1.));
#2415=DIRECTION('',(1.,0.,0.));
#2416=DIRECTION('center_axis',(0.,0.,1.));
#2417=DIRECTION('ref_axis',(0.,-1.,0.));
#2418=DIRECTION('',(0.,1.,0.));
#2419=DIRECTION('',(0.,-1.,0.));
#2420=DIRECTION('center_axis',(0.,0.,1.));
#2421=DIRECTION('ref_axis',(1.,0.,0.));
#2422=DIRECTION('',(-1.,0.,0.));
#2423=DIRECTION('center_axis',(0.,-1.,0.));
#2424=DIRECTION('ref_axis',(1.,0.,0.));
#2425=DIRECTION('',(0.0749787268263277,0.,0.997185133525116));
#2426=DIRECTION('',(0.,0.,-1.));
#2427=DIRECTION('',(1.,0.,0.));
#2428=DIRECTION('center_axis',(0.,0.,-1.));
#2429=DIRECTION('ref_axis',(0.,1.,0.));
#2430=DIRECTION('',(0.,-1.,0.));
#2431=DIRECTION('center_axis',(0.,0.,-1.));
#2432=DIRECTION('ref_axis',(1.,0.,0.));
#2433=DIRECTION('',(0.,1.,0.));
#2434=DIRECTION('center_axis',(1.,0.,0.));
#2435=DIRECTION('ref_axis',(0.,1.,0.));
#2436=DIRECTION('',(0.,0.,1.));
#2437=DIRECTION('',(0.,0.995959849254088,-0.089799658539303));
#2438=DIRECTION('',(0.,-0.342020143325669,-0.939692620785909));
#2439=DIRECTION('',(0.,-0.939692620785909,0.342020143325669));
#2440=DIRECTION('',(0.,0.,-1.));
#2441=DIRECTION('',(0.,0.,1.));
#2442=DIRECTION('',(0.,1.,0.));
#2443=DIRECTION('',(0.,0.,-1.));
#2444=DIRECTION('',(0.,0.,1.));
#2445=DIRECTION('',(0.,0.,-1.));
#2446=DIRECTION('',(0.,-1.,0.));
#2447=DIRECTION('',(0.,0.,1.));
#2448=DIRECTION('',(0.,1.,0.));
#2449=DIRECTION('',(0.,0.,-1.));
#2450=DIRECTION('',(0.,-1.,0.));
#2451=DIRECTION('',(0.,0.,1.));
#2452=DIRECTION('',(0.,1.,0.));
#2453=DIRECTION('',(0.,0.,-1.));
#2454=DIRECTION('',(0.,-1.,0.));
#2455=DIRECTION('',(0.,0.,1.));
#2456=DIRECTION('',(0.,1.,0.));
#2457=DIRECTION('',(0.,0.,-1.));
#2458=DIRECTION('',(0.,-1.,0.));
#2459=DIRECTION('',(0.,0.,1.));
#2460=DIRECTION('',(0.,1.,0.));
#2461=DIRECTION('',(0.,0.,-1.));
#2462=DIRECTION('',(0.,-1.,0.));
#2463=DIRECTION('',(0.,0.,1.));
#2464=DIRECTION('',(0.,1.,0.));
#2465=DIRECTION('',(0.,0.,-1.));
#2466=DIRECTION('',(0.,-1.,0.));
#2467=DIRECTION('',(0.,0.,1.));
#2468=DIRECTION('',(0.,1.,0.));
#2469=DIRECTION('',(0.,0.,-1.));
#2470=DIRECTION('',(0.,-1.,0.));
#2471=DIRECTION('',(0.,0.,1.));
#2472=DIRECTION('',(0.,1.,0.));
#2473=DIRECTION('',(0.,0.,-1.));
#2474=DIRECTION('',(0.,-1.,0.));
#2475=DIRECTION('',(0.,0.,1.));
#2476=DIRECTION('',(0.,1.,0.));
#2477=DIRECTION('',(0.,0.,-1.));
#2478=DIRECTION('',(0.,-1.,0.));
#2479=DIRECTION('',(0.,0.,1.));
#2480=DIRECTION('',(0.,1.,0.));
#2481=DIRECTION('center_axis',(0.,-1.,0.));
#2482=DIRECTION('ref_axis',(1.,0.,0.));
#2483=DIRECTION('',(-0.0749787268263277,0.,-0.997185133525116));
#2484=DIRECTION('',(-1.,0.,0.));
#2485=DIRECTION('',(1.,0.,0.));
#2486=DIRECTION('center_axis',(0.,0.,1.));
#2487=DIRECTION('ref_axis',(0.,-1.,0.));
#2488=DIRECTION('',(0.,1.,0.));
#2489=DIRECTION('',(-1.,0.,0.));
#2490=DIRECTION('center_axis',(0.,-1.,0.));
#2491=DIRECTION('ref_axis',(1.,0.,0.));
#2492=DIRECTION('',(0.0749787268263277,0.,0.997185133525116));
#2493=DIRECTION('',(1.,0.,0.));
#2494=DIRECTION('center_axis',(0.,0.,-1.));
#2495=DIRECTION('ref_axis',(0.,1.,0.));
#2496=DIRECTION('',(0.,-1.,0.));
#2497=DIRECTION('center_axis',(0.,-1.,0.));
#2498=DIRECTION('ref_axis',(1.,0.,0.));
#2499=DIRECTION('',(-0.0749787268263277,0.,-0.997185133525116));
#2500=DIRECTION('',(-1.,0.,0.));
#2501=DIRECTION('',(1.,0.,0.));
#2502=DIRECTION('center_axis',(0.,0.,1.));
#2503=DIRECTION('ref_axis',(0.,-1.,0.));
#2504=DIRECTION('',(0.,1.,0.));
#2505=DIRECTION('',(-1.,0.,0.));
#2506=DIRECTION('center_axis',(0.,-1.,0.));
#2507=DIRECTION('ref_axis',(1.,0.,0.));
#2508=DIRECTION('',(0.0749787268263277,0.,0.997185133525116));
#2509=DIRECTION('',(1.,0.,0.));
#2510=DIRECTION('center_axis',(0.,0.,-1.));
#2511=DIRECTION('ref_axis',(0.,1.,0.));
#2512=DIRECTION('',(0.,-1.,0.));
#2513=DIRECTION('center_axis',(0.,-1.,0.));
#2514=DIRECTION('ref_axis',(1.,0.,0.));
#2515=DIRECTION('',(-0.0749787268263277,0.,-0.997185133525116));
#2516=DIRECTION('',(-1.,0.,0.));
#2517=DIRECTION('',(1.,0.,0.));
#2518=DIRECTION('center_axis',(0.,0.,1.));
#2519=DIRECTION('ref_axis',(0.,-1.,0.));
#2520=DIRECTION('',(0.,1.,0.));
#2521=DIRECTION('',(-1.,0.,0.));
#2522=DIRECTION('center_axis',(0.,-1.,0.));
#2523=DIRECTION('ref_axis',(1.,0.,0.));
#2524=DIRECTION('',(0.0749787268263277,0.,0.997185133525116));
#2525=DIRECTION('',(1.,0.,0.));
#2526=DIRECTION('center_axis',(0.,0.,-1.));
#2527=DIRECTION('ref_axis',(0.,1.,0.));
#2528=DIRECTION('',(0.,-1.,0.));
#2529=DIRECTION('center_axis',(0.,-1.,0.));
#2530=DIRECTION('ref_axis',(1.,0.,0.));
#2531=DIRECTION('',(-0.0749787268263277,0.,-0.997185133525116));
#2532=DIRECTION('',(-1.,0.,0.));
#2533=DIRECTION('',(1.,0.,0.));
#2534=DIRECTION('center_axis',(0.,0.,1.));
#2535=DIRECTION('ref_axis',(0.,-1.,0.));
#2536=DIRECTION('',(0.,1.,0.));
#2537=DIRECTION('',(-1.,0.,0.));
#2538=DIRECTION('center_axis',(0.,-1.,0.));
#2539=DIRECTION('ref_axis',(1.,0.,0.));
#2540=DIRECTION('',(0.0749787268263277,0.,0.997185133525116));
#2541=DIRECTION('',(1.,0.,0.));
#2542=DIRECTION('center_axis',(0.,0.,-1.));
#2543=DIRECTION('ref_axis',(0.,1.,0.));
#2544=DIRECTION('',(0.,-1.,0.));
#2545=DIRECTION('center_axis',(0.,-1.,0.));
#2546=DIRECTION('ref_axis',(1.,0.,0.));
#2547=DIRECTION('',(-0.0749787268263277,0.,-0.997185133525116));
#2548=DIRECTION('',(-1.,0.,0.));
#2549=DIRECTION('',(1.,0.,0.));
#2550=DIRECTION('center_axis',(0.,0.,1.));
#2551=DIRECTION('ref_axis',(0.,-1.,0.));
#2552=DIRECTION('',(0.,1.,0.));
#2553=DIRECTION('',(-1.,0.,0.));
#2554=DIRECTION('center_axis',(0.,-1.,0.));
#2555=DIRECTION('ref_axis',(1.,0.,0.));
#2556=DIRECTION('',(0.0749787268263277,0.,0.997185133525116));
#2557=DIRECTION('',(1.,0.,0.));
#2558=DIRECTION('center_axis',(0.,0.,-1.));
#2559=DIRECTION('ref_axis',(0.,1.,0.));
#2560=DIRECTION('',(0.,-1.,0.));
#2561=DIRECTION('center_axis',(0.,-1.,0.));
#2562=DIRECTION('ref_axis',(1.,0.,0.));
#2563=DIRECTION('',(-0.0749787268263277,0.,-0.997185133525116));
#2564=DIRECTION('',(-1.,0.,0.));
#2565=DIRECTION('',(1.,0.,0.));
#2566=DIRECTION('center_axis',(0.,0.,1.));
#2567=DIRECTION('ref_axis',(0.,-1.,0.));
#2568=DIRECTION('',(0.,1.,0.));
#2569=DIRECTION('',(-1.,0.,0.));
#2570=DIRECTION('center_axis',(0.,-1.,0.));
#2571=DIRECTION('ref_axis',(1.,0.,0.));
#2572=DIRECTION('',(0.0749787268263277,0.,0.997185133525116));
#2573=DIRECTION('',(1.,0.,0.));
#2574=DIRECTION('center_axis',(0.,0.,-1.));
#2575=DIRECTION('ref_axis',(0.,1.,0.));
#2576=DIRECTION('',(0.,-1.,0.));
#2577=DIRECTION('center_axis',(0.,-1.,0.));
#2578=DIRECTION('ref_axis',(1.,0.,0.));
#2579=DIRECTION('',(-0.0749787268263277,0.,-0.997185133525116));
#2580=DIRECTION('',(-1.,0.,0.));
#2581=DIRECTION('',(1.,0.,0.));
#2582=DIRECTION('center_axis',(0.,0.,1.));
#2583=DIRECTION('ref_axis',(0.,-1.,0.));
#2584=DIRECTION('',(0.,1.,0.));
#2585=DIRECTION('',(-1.,0.,0.));
#2586=DIRECTION('center_axis',(0.,-1.,0.));
#2587=DIRECTION('ref_axis',(1.,0.,0.));
#2588=DIRECTION('',(0.0749787268263277,0.,0.997185133525116));
#2589=DIRECTION('',(1.,0.,0.));
#2590=DIRECTION('center_axis',(0.,0.,-1.));
#2591=DIRECTION('ref_axis',(0.,1.,0.));
#2592=DIRECTION('',(0.,-1.,0.));
#2593=DIRECTION('center_axis',(0.,-1.,0.));
#2594=DIRECTION('ref_axis',(1.,0.,0.));
#2595=DIRECTION('',(-0.0749787268263277,0.,-0.997185133525116));
#2596=DIRECTION('',(-1.,0.,0.));
#2597=DIRECTION('',(1.,0.,0.));
#2598=DIRECTION('center_axis',(0.,0.,1.));
#2599=DIRECTION('ref_axis',(0.,-1.,0.));
#2600=DIRECTION('',(0.,1.,0.));
#2601=DIRECTION('',(-1.,0.,0.));
#2602=DIRECTION('center_axis',(0.,-1.,0.));
#2603=DIRECTION('ref_axis',(1.,0.,0.));
#2604=DIRECTION('',(0.0749787268263277,0.,0.997185133525116));
#2605=DIRECTION('',(1.,0.,0.));
#2606=DIRECTION('center_axis',(0.,0.,-1.));
#2607=DIRECTION('ref_axis',(0.,1.,0.));
#2608=DIRECTION('',(0.,-1.,0.));
#2609=DIRECTION('center_axis',(0.,-1.,0.));
#2610=DIRECTION('ref_axis',(1.,0.,0.));
#2611=DIRECTION('',(-0.0749787268263277,0.,-0.997185133525116));
#2612=DIRECTION('',(-1.,0.,0.));
#2613=DIRECTION('',(1.,0.,0.));
#2614=DIRECTION('center_axis',(0.,0.,1.));
#2615=DIRECTION('ref_axis',(0.,-1.,0.));
#2616=DIRECTION('',(0.,1.,0.));
#2617=DIRECTION('',(-1.,0.,0.));
#2618=DIRECTION('center_axis',(0.,-1.,0.));
#2619=DIRECTION('ref_axis',(1.,0.,0.));
#2620=DIRECTION('',(0.0749787268263277,0.,0.997185133525116));
#2621=DIRECTION('',(1.,0.,0.));
#2622=DIRECTION('center_axis',(0.,0.,-1.));
#2623=DIRECTION('ref_axis',(0.,1.,0.));
#2624=DIRECTION('',(0.,-1.,0.));
#2625=DIRECTION('center_axis',(0.,-1.,0.));
#2626=DIRECTION('ref_axis',(1.,0.,0.));
#2627=DIRECTION('',(-1.,0.,0.));
#2628=DIRECTION('',(-0.0749787268263277,0.,-0.997185133525116));
#2629=DIRECTION('',(1.,0.,0.));
#2630=DIRECTION('center_axis',(0.,0.,-1.));
#2631=DIRECTION('ref_axis',(0.,1.,0.));
#2632=DIRECTION('',(0.,1.,0.));
#2633=DIRECTION('',(-1.,0.,0.));
#2634=DIRECTION('center_axis',(0.,-1.,0.));
#2635=DIRECTION('ref_axis',(1.,0.,0.));
#2636=DIRECTION('',(0.0749787268263277,0.,0.997185133525116));
#2637=DIRECTION('',(1.,0.,0.));
#2638=DIRECTION('center_axis',(0.,0.,1.));
#2639=DIRECTION('ref_axis',(0.,-1.,0.));
#2640=DIRECTION('',(0.,-1.,0.));
#2641=DIRECTION('center_axis',(-0.997185133525116,0.,0.0749787268263277));
#2642=DIRECTION('ref_axis',(0.,1.,0.));
#2643=DIRECTION('center_axis',(0.,0.,1.));
#2644=DIRECTION('ref_axis',(0.,-1.,0.));
#2645=DIRECTION('',(0.,-1.,0.));
#2646=DIRECTION('',(-1.,0.,0.));
#2647=DIRECTION('',(0.,1.,0.));
#2648=DIRECTION('',(1.,0.,0.));
#2649=DIRECTION('center_axis',(-1.,0.,0.));
#2650=DIRECTION('ref_axis',(0.,-1.,0.));
#2651=DIRECTION('',(0.,0.,-1.));
#2652=DIRECTION('',(0.,1.,0.));
#2653=DIRECTION('',(0.,0.,1.));
#2654=DIRECTION('center_axis',(0.,-1.,0.));
#2655=DIRECTION('ref_axis',(1.,0.,0.));
#2656=DIRECTION('',(-1.,0.,0.));
#2657=DIRECTION('',(0.,0.,1.));
#2658=DIRECTION('center_axis',(0.,0.,-1.));
#2659=DIRECTION('ref_axis',(0.,1.,0.));
#2660=DIRECTION('',(1.,0.,0.));
#2661=DIRECTION('center_axis',(0.,-1.,0.));
#2662=DIRECTION('ref_axis',(1.,0.,0.));
#2663=DIRECTION('',(0.,0.,-1.));
#2664=DIRECTION('center_axis',(-1.,0.,0.));
#2665=DIRECTION('ref_axis',(0.,-1.,0.));
#2666=DIRECTION('center_axis',(0.,0.,1.));
#2667=DIRECTION('ref_axis',(1.,0.,0.));
#2668=DIRECTION('center_axis',(0.,0.089799658539303,0.995959849254088));
#2669=DIRECTION('ref_axis',(2.39810711691796E-13,0.995959849254087,-0.0897996585393032));
#2670=DIRECTION('',(0.422885465331124,5.178853315237E-17,-0.906183139995265));
#2671=DIRECTION('center_axis',(0.,0.,-1.));
#2672=DIRECTION('ref_axis',(1.,0.,0.));
#2673=DIRECTION('center_axis',(0.,0.,1.));
#2674=DIRECTION('ref_axis',(1.,0.,0.));
#2675=DIRECTION('',(0.,0.,-1.));
#2676=DIRECTION('center_axis',(0.,0.,-1.));
#2677=DIRECTION('ref_axis',(1.,0.,0.));
#2678=DIRECTION('center_axis',(0.,0.,-1.));
#2679=DIRECTION('ref_axis',(-1.,0.,0.));
#2680=DIRECTION('center_axis',(0.,-0.939692620785908,0.342020143325669));
#2681=DIRECTION('ref_axis',(1.,0.,0.));
#2682=DIRECTION('center_axis',(0.,-0.939692620785908,0.342020143325669));
#2683=DIRECTION('ref_axis',(1.,0.,0.));
#2684=DIRECTION('',(0.,0.939692620785909,-0.342020143325669));
#2685=DIRECTION('center_axis',(0.,0.939692620785908,-0.342020143325669));
#2686=DIRECTION('ref_axis',(1.,0.,0.));
#2687=DIRECTION('',(0.,0.939692620785909,-0.342020143325669));
#2688=DIRECTION('center_axis',(0.,0.939692620785908,-0.342020143325669));
#2689=DIRECTION('ref_axis',(1.,0.,0.));
#2690=DIRECTION('',(0.,0.939692620785909,-0.342020143325669));
#2691=DIRECTION('center_axis',(1.,0.,0.));
#2692=DIRECTION('ref_axis',(0.,0.939692620785909,-0.342020143325669));
#2693=DIRECTION('',(0.,0.342020143325669,0.939692620785908));
#2694=DIRECTION('',(0.,0.939692620785909,-0.342020143325669));
#2695=DIRECTION('',(0.,0.342020143325669,0.939692620785909));
#2696=DIRECTION('',(0.,0.995959849254087,-0.089799658539303));
#2697=DIRECTION('',(0.,1.,0.));
#2698=DIRECTION('center_axis',(0.,-0.939692620785908,0.342020143325669));
#2699=DIRECTION('ref_axis',(1.,0.,0.));
#2700=DIRECTION('',(0.,0.342020143325669,0.939692620785909));
#2701=DIRECTION('',(0.,-0.342020143325669,-0.939692620785909));
#2702=DIRECTION('',(0.6950008160772,-0.245915543054475,-0.675647401635091));
#2703=DIRECTION('',(1.,0.,0.));
#2704=DIRECTION('',(0.6950008160772,0.245915543054475,0.675647401635091));
#2705=DIRECTION('center_axis',(0.,0.939692620785908,-0.342020143325669));
#2706=DIRECTION('ref_axis',(1.,0.,0.));
#2707=DIRECTION('',(-1.,0.,0.));
#2708=DIRECTION('center_axis',(0.,0.939692620785908,-0.342020143325669));
#2709=DIRECTION('ref_axis',(0.,0.342020143325669,0.939692620785908));
#2710=DIRECTION('',(-1.,0.,0.));
#2711=DIRECTION('center_axis',(0.,0.939692620785908,-0.342020143325669));
#2712=DIRECTION('ref_axis',(0.,0.342020143325669,0.939692620785908));
#2713=DIRECTION('',(-1.,0.,0.));
#2714=DIRECTION('center_axis',(0.,-0.939692620785908,0.342020143325669));
#2715=DIRECTION('ref_axis',(1.,0.,0.));
#2716=DIRECTION('center_axis',(0.,-0.939692620785908,0.342020143325669));
#2717=DIRECTION('ref_axis',(1.,0.,0.));
#2718=DIRECTION('center_axis',(0.,0.939692620785908,-0.342020143325669));
#2719=DIRECTION('ref_axis',(1.,0.,0.));
#2720=DIRECTION('',(0.,0.939692620785909,-0.342020143325669));
#2721=DIRECTION('center_axis',(-1.,0.,0.));
#2722=DIRECTION('ref_axis',(0.,-0.939692620785909,0.342020143325669));
#2723=DIRECTION('',(0.,-0.342020143325669,-0.939692620785908));
#2724=DIRECTION('',(0.,-1.,0.));
#2725=DIRECTION('',(0.,-0.995959849254087,0.089799658539303));
#2726=DIRECTION('center_axis',(0.,0.342020143325669,0.939692620785908));
#2727=DIRECTION('ref_axis',(0.,-0.939692620785909,0.342020143325669));
#2728=DIRECTION('',(1.,0.,0.));
#2729=DIRECTION('',(-1.,0.,0.));
#2730=DIRECTION('center_axis',(0.,0.,1.));
#2731=DIRECTION('ref_axis',(1.,0.,0.));
#2732=DIRECTION('',(0.,0.,1.));
#2733=DIRECTION('center_axis',(0.,0.939692620785908,-0.342020143325669));
#2734=DIRECTION('ref_axis',(0.,0.342020143325669,0.939692620785908));
#2735=DIRECTION('center_axis',(-1.,0.,0.));
#2736=DIRECTION('ref_axis',(0.,-1.,0.));
#2737=DIRECTION('',(0.,-0.995959849254088,0.089799658539303));
#2738=DIRECTION('',(0.,0.,-1.));
#2739=DIRECTION('center_axis',(0.,0.,1.));
#2740=DIRECTION('ref_axis',(1.,0.,0.));
#2741=DIRECTION('center_axis',(0.,0.089799658539303,0.995959849254088));
#2742=DIRECTION('ref_axis',(0.,0.995959849254088,-0.089799658539303));
#2743=DIRECTION('',(0.,0.,-1.));
#2744=DIRECTION('center_axis',(0.,0.,-1.));
#2745=DIRECTION('ref_axis',(1.,0.,0.));
#2746=DIRECTION('center_axis',(0.,0.089799658539303,0.995959849254088));
#2747=DIRECTION('ref_axis',(0.,0.995959849254088,-0.089799658539303));
#2748=DIRECTION('center_axis',(0.,0.089799658539303,0.995959849254088));
#2749=DIRECTION('ref_axis',(0.,-0.995959849254088,0.089799658539303));
#2750=DIRECTION('center_axis',(0.,0.089799658539303,0.995959849254088));
#2751=DIRECTION('ref_axis',(0.,0.995959849254088,-0.089799658539303));
#2752=DIRECTION('center_axis',(0.,0.089799658539303,0.995959849254088));
#2753=DIRECTION('ref_axis',(0.,0.995959849254088,-0.089799658539303));
#2754=DIRECTION('center_axis',(0.,-0.089799658539303,-0.995959849254088));
#2755=DIRECTION('ref_axis',(0.,0.995959849254088,-0.089799658539303));
#2756=DIRECTION('',(1.,0.,0.));
#2757=DIRECTION('center_axis',(0.,-0.089799658539303,-0.995959849254088));
#2758=DIRECTION('ref_axis',(0.,0.995959849254088,-0.089799658539303));
#2759=DIRECTION('center_axis',(0.,0.089799658539303,0.995959849254088));
#2760=DIRECTION('ref_axis',(0.,0.995959849254088,-0.089799658539303));
#2761=DIRECTION('center_axis',(0.,0.089799658539303,0.995959849254088));
#2762=DIRECTION('ref_axis',(0.,0.995959849254088,-0.089799658539303));
#2763=DIRECTION('center_axis',(0.,-0.939692620785908,0.342020143325669));
#2764=DIRECTION('ref_axis',(0.,-0.342020143325669,-0.939692620785908));
#2765=DIRECTION('center_axis',(0.,0.939692620785908,-0.342020143325669));
#2766=DIRECTION('ref_axis',(1.70605712766532E-15,0.342020143325669,0.939692620785908));
#2767=DIRECTION('',(0.0704801349381859,-0.341169601873816,-0.937355777352632));
#2768=DIRECTION('',(0.6950008160772,-0.245915543054475,-0.675647401635091));
#2769=DIRECTION('',(1.,0.,0.));
#2770=DIRECTION('',(1.,0.,0.));
#2771=DIRECTION('',(0.6950008160772,0.245915543054475,0.675647401635091));
#2772=DIRECTION('center_axis',(0.,0.,1.));
#2773=DIRECTION('ref_axis',(1.,0.,0.));
#2774=DIRECTION('',(0.0894397624624984,0.99599223334856,0.));
#2775=DIRECTION('center_axis',(-0.707106781186548,0.0634979475013776,0.704249963197097));
#2776=DIRECTION('ref_axis',(0.,0.995959849254087,-0.089799658539303));
#2777=DIRECTION('',(3.92523114670944E-17,0.995959849254087,-0.089799658539303));
#2778=DIRECTION('',(0.707106781186548,0.0634979475013776,0.704249963197097));
#2779=DIRECTION('center_axis',(0.,0.,1.));
#2780=DIRECTION('ref_axis',(1.,0.,0.));
#2781=DIRECTION('center_axis',(0.,0.,1.));
#2782=DIRECTION('ref_axis',(1.,0.,0.));
#2783=DIRECTION('',(0.,0.,1.));
#2784=DIRECTION('center_axis',(0.,0.,1.));
#2785=DIRECTION('ref_axis',(1.,0.,0.));
#2786=DIRECTION('center_axis',(0.,0.,1.));
#2787=DIRECTION('ref_axis',(1.,0.,0.));
#2788=DIRECTION('center_axis',(0.,0.,1.));
#2789=DIRECTION('ref_axis',(1.,0.,0.));
#2790=DIRECTION('',(0.,0.,-1.));
#2791=DIRECTION('center_axis',(0.,0.,-1.));
#2792=DIRECTION('ref_axis',(1.,0.,0.));
#2793=DIRECTION('center_axis',(0.,0.,-1.));
#2794=DIRECTION('ref_axis',(-1.,0.,0.));
#2795=DIRECTION('center_axis',(0.,0.,1.));
#2796=DIRECTION('ref_axis',(1.,0.,0.));
#2797=DIRECTION('center_axis',(0.,0.,1.));
#2798=DIRECTION('ref_axis',(1.,0.,0.));
#2799=DIRECTION('',(0.,0.,1.));
#2800=DIRECTION('center_axis',(0.,0.,1.));
#2801=DIRECTION('ref_axis',(1.,0.,0.));
#2802=DIRECTION('center_axis',(0.,0.,1.));
#2803=DIRECTION('ref_axis',(1.,0.,0.));
#2804=DIRECTION('center_axis',(0.,0.,1.));
#2805=DIRECTION('ref_axis',(1.,0.,0.));
#2806=DIRECTION('',(0.,0.,-1.));
#2807=DIRECTION('center_axis',(0.,0.,-1.));
#2808=DIRECTION('ref_axis',(1.,0.,0.));
#2809=DIRECTION('center_axis',(0.,0.,-1.));
#2810=DIRECTION('ref_axis',(-1.,0.,0.));
#2811=DIRECTION('center_axis',(0.,0.,1.));
#2812=DIRECTION('ref_axis',(1.,0.,0.));
#2813=DIRECTION('center_axis',(0.,0.,1.));
#2814=DIRECTION('ref_axis',(1.,0.,0.));
#2815=DIRECTION('',(0.,0.,1.));
#2816=DIRECTION('center_axis',(0.,0.,1.));
#2817=DIRECTION('ref_axis',(1.,0.,0.));
#2818=DIRECTION('center_axis',(0.,0.,1.));
#2819=DIRECTION('ref_axis',(1.,0.,0.));
#2820=DIRECTION('center_axis',(0.,0.,-1.));
#2821=DIRECTION('ref_axis',(-1.,0.,0.));
#2822=DIRECTION('center_axis',(0.,0.,1.));
#2823=DIRECTION('ref_axis',(1.,0.,0.));
#2824=DIRECTION('center_axis',(0.,0.,1.));
#2825=DIRECTION('ref_axis',(1.,0.,0.));
#2826=DIRECTION('',(0.,0.,1.));
#2827=DIRECTION('center_axis',(0.,0.,1.));
#2828=DIRECTION('ref_axis',(1.,0.,0.));
#2829=DIRECTION('center_axis',(0.,0.,1.));
#2830=DIRECTION('ref_axis',(1.,0.,0.));
#2831=DIRECTION('center_axis',(0.,0.,1.));
#2832=DIRECTION('ref_axis',(1.,0.,0.));
#2833=DIRECTION('',(0.,0.,-1.));
#2834=DIRECTION('center_axis',(0.,0.,-1.));
#2835=DIRECTION('ref_axis',(1.,0.,0.));
#2836=DIRECTION('center_axis',(0.,0.,-1.));
#2837=DIRECTION('ref_axis',(-1.,0.,0.));
#2838=DIRECTION('center_axis',(0.,-0.939692620785908,0.342020143325669));
#2839=DIRECTION('ref_axis',(0.,-0.342020143325669,-0.939692620785908));
#2840=DIRECTION('center_axis',(0.,0.939692620785908,-0.342020143325669));
#2841=DIRECTION('ref_axis',(0.,0.342020143325669,0.939692620785908));
#2842=DIRECTION('center_axis',(0.,0.,1.));
#2843=DIRECTION('ref_axis',(1.,0.,0.));
#2844=DIRECTION('',(0.,0.,-1.));
#2845=DIRECTION('center_axis',(0.,-1.,0.));
#2846=DIRECTION('ref_axis',(1.,0.,0.));
#2847=DIRECTION('',(0.,0.,1.));
#2848=DIRECTION('center_axis',(0.,0.,1.));
#2849=DIRECTION('ref_axis',(1.,0.,0.));
#2850=DIRECTION('center_axis',(0.,0.,1.));
#2851=DIRECTION('ref_axis',(1.,0.,0.));
#2852=DIRECTION('center_axis',(0.707106781186548,0.0634979475013776,0.704249963197097));
#2853=DIRECTION('ref_axis',(0.,0.995959849254087,-0.089799658539303));
#2854=DIRECTION('',(0.0894397624624984,-0.99599223334856,0.));
#2855=DIRECTION('',(0.00729825183338792,0.995251418035323,-0.0970636410756096));
#2856=DIRECTION('',(-0.707106781186547,0.0634979475013776,0.704249963197097));
#2857=DIRECTION('',(3.92523114670944E-17,-0.995959849254087,0.089799658539303));
#2858=DIRECTION('center_axis',(0.,-0.089799658539303,-0.995959849254087));
#2859=DIRECTION('ref_axis',(1.,0.,0.));
#2860=DIRECTION('center_axis',(0.,-0.089799658539303,-0.995959849254088));
#2861=DIRECTION('ref_axis',(1.,0.,0.));
#2862=DIRECTION('',(0.,-0.640752015695719,0.767747910698475));
#2863=DIRECTION('center_axis',(0.,0.767747910698475,0.640752015695719));
#2864=DIRECTION('ref_axis',(0.,-0.640752015695719,0.767747910698474));
#2865=DIRECTION('',(1.,0.,0.));
#2866=DIRECTION('',(0.,-0.640752015695719,0.767747910698475));
#2867=DIRECTION('center_axis',(0.,-0.089799658539303,-0.995959849254087));
#2868=DIRECTION('ref_axis',(1.,0.,0.));
#2869=DIRECTION('center_axis',(0.,-0.089799658539303,-0.995959849254088));
#2870=DIRECTION('ref_axis',(1.,0.,0.));
#2871=DIRECTION('center_axis',(0.,0.,1.));
#2872=DIRECTION('ref_axis',(1.,0.,0.));
#2873=DIRECTION('center_axis',(0.,0.,-1.));
#2874=DIRECTION('ref_axis',(1.,0.,0.));
#2875=DIRECTION('',(-0.0749787268263277,0.,0.997185133525116));
#2876=DIRECTION('center_axis',(0.,0.089799658539303,0.995959849254088));
#2877=DIRECTION('ref_axis',(0.,-0.995959849254088,0.089799658539303));
#2878=DIRECTION('center_axis',(0.997185133525116,0.,0.0749787268263277));
#2879=DIRECTION('ref_axis',(0.,1.,0.));
#2880=DIRECTION('',(-0.0749787268263277,0.,0.997185133525116));
#2881=DIRECTION('center_axis',(0.,0.,-1.));
#2882=DIRECTION('ref_axis',(1.,0.,0.));
#2883=CARTESIAN_POINT('',(0.,0.,0.));
#2884=CARTESIAN_POINT('Origin',(-0.6,10.,1.89887405341005));
#2885=CARTESIAN_POINT('',(-8.53311171225005,0.836311916724036,2.2977481068201));
#2886=CARTESIAN_POINT('',(-12.7205379718317,10.,2.2977481068201));
#2887=CARTESIAN_POINT('Origin',(-0.600000000000001,10.,2.2977481068201));
#2888=CARTESIAN_POINT('',(-11.9805209532927,10.,1.5));
#2889=CARTESIAN_POINT('',(-12.7205379718317,10.,2.2977481068201));
#2890=CARTESIAN_POINT('',(-7.99078942930726,1.3459553513993,1.5));
#2891=CARTESIAN_POINT('Origin',(-0.6,10.,1.5));
#2892=CARTESIAN_POINT('',(-8.44823129869762,0.819571466059837,2.25175409662872));
#2893=CARTESIAN_POINT('Ctrl Pts',(-7.99078942930727,1.3459553513993,1.5));
#2894=CARTESIAN_POINT('Ctrl Pts',(-8.14313696655946,1.17064808048179,1.75036472952824));
#2895=CARTESIAN_POINT('Ctrl Pts',(-8.29589700328413,0.994865209375265,2.00140868651844));
#2896=CARTESIAN_POINT('Ctrl Pts',(-8.44823129869762,0.819571466059835,2.25175409662873));
#2897=CARTESIAN_POINT('Ctrl Pts',(-8.44823129869762,0.819571466059837,2.25175409662872));
#2898=CARTESIAN_POINT('Ctrl Pts',(-8.49062271035049,0.827896671891473,2.27462741166345));
#2899=CARTESIAN_POINT('Ctrl Pts',(-8.53311171225005,0.836311916724036,2.2977481068201));
#2900=CARTESIAN_POINT('Origin',(-0.3,1.08276340872957,1.87587704831436));
#2901=CARTESIAN_POINT('',(133.748231298698,0.819571466059837,2.25175409662872));
#2902=CARTESIAN_POINT('',(-0.3,0.819571466059837,2.25175409662872));
#2903=CARTESIAN_POINT('',(133.290789429307,1.34595535139931,1.5));
#2904=CARTESIAN_POINT('',(-0.3,1.3459553513993,1.5));
#2905=CARTESIAN_POINT('Ctrl Pts',(133.290789429307,1.3459553513993,1.5));
#2906=CARTESIAN_POINT('Ctrl Pts',(133.44313696827,1.17064807851358,1.75036473233914));
#2907=CARTESIAN_POINT('Ctrl Pts',(133.595897007332,0.994865204717579,2.0014086931703));
#2908=CARTESIAN_POINT('Ctrl Pts',(133.748231298698,0.819571466059837,2.25175409662872));
#2909=CARTESIAN_POINT('Origin',(-12.3505294625622,38.,1.89887405341004));
#2910=CARTESIAN_POINT('',(-12.7205379718317,76.,2.29774810682009));
#2911=CARTESIAN_POINT('',(-11.9805209532928,76.,1.5));
#2912=CARTESIAN_POINT('',(-12.7205379718317,76.,2.29774810682009));
#2913=CARTESIAN_POINT('',(-11.9805209532928,38.,1.5));
#2914=CARTESIAN_POINT('',(-12.7205379718317,38.,2.29774810682009));
#2915=CARTESIAN_POINT('Origin',(-0.6,76.,1.89887405341005));
#2916=CARTESIAN_POINT('',(-0.6,88.1205379718317,2.2977481068201));
#2917=CARTESIAN_POINT('',(-0.599999999999998,87.3805209532927,1.5));
#2918=CARTESIAN_POINT('',(-0.6,88.1205379718317,2.2977481068201));
#2919=CARTESIAN_POINT('Origin',(-0.6,76.,1.5));
#2920=CARTESIAN_POINT('Origin',(-0.600000000000001,76.,2.2977481068201));
#2921=CARTESIAN_POINT('Origin',(-0.3,87.7505294625622,1.89887405341004));
#2922=CARTESIAN_POINT('',(125.9,88.1205379718317,2.29774810682009));
#2923=CARTESIAN_POINT('',(125.9,87.3805209532927,1.5));
#2924=CARTESIAN_POINT('',(125.9,88.1205379718317,2.29774810682009));
#2925=CARTESIAN_POINT('',(-0.3,87.3805209532927,1.5));
#2926=CARTESIAN_POINT('',(-0.3,88.1205379718317,2.29774810682009));
#2927=CARTESIAN_POINT('Origin',(125.9,76.,1.89887405341005));
#2928=CARTESIAN_POINT('',(138.020537971832,76.,2.2977481068201));
#2929=CARTESIAN_POINT('',(137.280520953293,76.,1.5));
#2930=CARTESIAN_POINT('',(138.020537971832,76.,2.2977481068201));
#2931=CARTESIAN_POINT('Origin',(125.9,76.,1.5));
#2932=CARTESIAN_POINT('Origin',(125.9,76.,2.2977481068201));
#2933=CARTESIAN_POINT('Origin',(137.650529462562,38.,1.89887405341004));
#2934=CARTESIAN_POINT('',(138.020537971832,10.,2.29774810682009));
#2935=CARTESIAN_POINT('',(137.280520953293,10.,1.5));
#2936=CARTESIAN_POINT('',(138.020537971832,10.,2.29774810682009));
#2937=CARTESIAN_POINT('',(137.280520953293,38.,1.5));
#2938=CARTESIAN_POINT('',(138.020537971832,38.,2.29774810682009));
#2939=CARTESIAN_POINT('Origin',(125.9,10.,1.89887405341005));
#2940=CARTESIAN_POINT('Origin',(125.9,10.,1.5));
#2941=CARTESIAN_POINT('',(133.83311171225,0.836311916724036,2.2977481068201));
#2942=CARTESIAN_POINT('Origin',(125.9,10.,2.2977481068201));
#2943=CARTESIAN_POINT('Ctrl Pts',(133.83311171225,0.836311916724036,2.2977481068201));
#2944=CARTESIAN_POINT('Ctrl Pts',(133.790622710345,0.827896671890385,2.27462741166046));
#2945=CARTESIAN_POINT('Ctrl Pts',(133.748231298698,0.819571466059837,2.25175409662872));
#2946=CARTESIAN_POINT('Origin',(0.,86.,30.5));
#2947=CARTESIAN_POINT('',(-0.6,86.6010121667579,22.5067941518018));
#2948=CARTESIAN_POINT('',(-0.6,87.0902604766464,16.));
#2949=CARTESIAN_POINT('',(125.9,86.6010121667579,22.5067941518018));
#2950=CARTESIAN_POINT('',(0.,86.6010121667579,22.5067941518018));
#2951=CARTESIAN_POINT('',(125.9,87.0902604766464,16.));
#2952=CARTESIAN_POINT('Origin',(-0.6,76.,16.));
#2953=CARTESIAN_POINT('',(-12.3293786870942,76.,7.5));
#2954=CARTESIAN_POINT('',(-11.6902604766464,76.,16.));
#2955=CARTESIAN_POINT('',(-11.6262561363892,80.,7.5));
#2956=CARTESIAN_POINT('Origin',(-0.6,76.,7.5));
#2957=CARTESIAN_POINT('',(-10.4991014244094,80.,21.5));
#2958=CARTESIAN_POINT('Ctrl Pts',(-11.6262561363892,80.,7.5));
#2959=CARTESIAN_POINT('Ctrl Pts',(-11.036201235036,80.,14.8770584545972));
#2960=CARTESIAN_POINT('Ctrl Pts',(-10.4991014244094,80.,21.5));
#2961=CARTESIAN_POINT('',(-11.2767133992977,76.,21.5));
#2962=CARTESIAN_POINT('Origin',(-0.6,76.,21.5));
#2963=CARTESIAN_POINT('',(-11.0962292223417,76.,23.9003626857243));
#2964=CARTESIAN_POINT('',(-11.6902604766464,76.,16.));
#2965=CARTESIAN_POINT('Ctrl Pts',(-0.599999999999994,86.6010121667579,22.5067941518018));
#2966=CARTESIAN_POINT('Ctrl Pts',(-1.96630128216205,86.6010121667579,22.5067941518018));
#2967=CARTESIAN_POINT('Ctrl Pts',(-3.41903060470317,86.3178657485873,22.5465173249117));
#2968=CARTESIAN_POINT('Ctrl Pts',(-6.07321839927267,85.1759331838812,22.7043590844404));
#2969=CARTESIAN_POINT('Ctrl Pts',(-7.27473001736318,84.317229851747,22.8221829750827));
#2970=CARTESIAN_POINT('Ctrl Pts',(-9.12936284526903,82.3632998195538,23.084844228779));
#2971=CARTESIAN_POINT('Ctrl Pts',(-9.91137121595641,81.1478938437237,23.2458743806852));
#2972=CARTESIAN_POINT('Ctrl Pts',(-10.8828553364642,78.588475398717,23.5764684033344));
#2973=CARTESIAN_POINT('Ctrl Pts',(-11.1079287179225,77.2572114437171,23.7447643772884));
#2974=CARTESIAN_POINT('Ctrl Pts',(-11.0962292223417,76.,23.9003626857243));
#2975=CARTESIAN_POINT('Origin',(-10.6000000000001,0.,30.5));
#2976=CARTESIAN_POINT('',(-10.8274678709392,10.,27.4747741945462));
#2977=CARTESIAN_POINT('',(-11.6902604766464,10.,16.));
#2978=CARTESIAN_POINT('',(-10.6193858289545,11.0072521496057,30.2421767312849));
#2979=CARTESIAN_POINT('',(-11.8480964882559,5.05949500045127,13.9008482675834));
#2980=CARTESIAN_POINT('',(-11.0941460663874,75.7495781639283,23.9280677727069));
#2981=CARTESIAN_POINT('',(-10.5393528798433,0.0932815288502308,31.3065808686174));
#2982=CARTESIAN_POINT('Ctrl Pts',(-11.0962292223417,76.,23.9003626857243));
#2983=CARTESIAN_POINT('Ctrl Pts',(-11.0950650886153,75.8749038167628,23.9158451684847));
#2984=CARTESIAN_POINT('Ctrl Pts',(-11.0941460663874,75.7495781639283,23.9280677727069));
#2985=CARTESIAN_POINT('',(-11.2767133992978,39.4,21.5));
#2986=CARTESIAN_POINT('',(-11.2767133992978,29.85,21.5));
#2987=CARTESIAN_POINT('',(-12.3293786870943,39.4,7.5));
#2988=CARTESIAN_POINT('',(-11.0203516490807,39.4,24.9095020940156));
#2989=CARTESIAN_POINT('',(-12.3293786870943,29.85,7.5));
#2990=CARTESIAN_POINT('Origin',(-0.6,10.,16.));
#2991=CARTESIAN_POINT('Origin',(-0.599999999999995,7.7929814647893,21.411040604737));
#2992=CARTESIAN_POINT('Origin',(-0.6,76.,1.5));
#2993=CARTESIAN_POINT('',(125.9,84.,1.5));
#2994=CARTESIAN_POINT('',(-0.599999999999996,84.,1.5));
#2995=CARTESIAN_POINT('',(31.025,84.,1.5));
#2996=CARTESIAN_POINT('',(-8.59999999999999,76.,1.5));
#2997=CARTESIAN_POINT('Origin',(-0.6,76.,1.5));
#2998=CARTESIAN_POINT('',(-8.6,58.1,1.5));
#2999=CARTESIAN_POINT('',(-8.59999999999999,59.5,1.5));
#3000=CARTESIAN_POINT('',(-7.1,58.1,1.5));
#3001=CARTESIAN_POINT('',(-7.85,58.1,1.5));
#3002=CARTESIAN_POINT('',(-7.1,54.8,1.5));
#3003=CARTESIAN_POINT('',(-7.1,56.45,1.5));
#3004=CARTESIAN_POINT('',(-8.6,54.8,1.5));
#3005=CARTESIAN_POINT('',(-7.85,54.8,1.5));
#3006=CARTESIAN_POINT('',(-8.59999999999999,10.,1.5));
#3007=CARTESIAN_POINT('',(-8.59999999999999,59.5,1.5));
#3008=CARTESIAN_POINT('',(-3.8146973662664,2.67431089635112,1.49999999999999));
#3009=CARTESIAN_POINT('Origin',(-0.6,10.,1.5));
#3010=CARTESIAN_POINT('',(129.114697366266,2.67431089635112,1.49999999999999));
#3011=CARTESIAN_POINT('',(-0.3,2.67431089635112,1.5));
#3012=CARTESIAN_POINT('',(133.9,10.,1.5));
#3013=CARTESIAN_POINT('Origin',(125.9,10.,1.5));
#3014=CARTESIAN_POINT('',(133.9,76.,1.5));
#3015=CARTESIAN_POINT('',(133.9,59.5,1.5));
#3016=CARTESIAN_POINT('Origin',(125.9,76.,1.5));
#3017=CARTESIAN_POINT('Origin',(-19.35,75.4,14.5));
#3018=CARTESIAN_POINT('',(-10.3894989658474,75.4,20.));
#3019=CARTESIAN_POINT('',(-11.2165931205446,75.4,9.));
#3020=CARTESIAN_POINT('',(-10.2255476949728,75.4,22.1804820761679));
#3021=CARTESIAN_POINT('',(-8.59999999999999,75.4,20.));
#3022=CARTESIAN_POINT('',(-19.35,75.4,20.));
#3023=CARTESIAN_POINT('',(-8.59999999999999,75.4,9.));
#3024=CARTESIAN_POINT('',(-8.59999999999999,75.4,13.25));
#3025=CARTESIAN_POINT('',(-19.35,75.4,9.));
#3026=CARTESIAN_POINT('Origin',(-19.35,76.5,9.));
#3027=CARTESIAN_POINT('',(-11.2165931205446,77.6,9.));
#3028=CARTESIAN_POINT('',(-11.2165931205446,38.25,9.));
#3029=CARTESIAN_POINT('',(-8.59999999999999,76.,9.));
#3030=CARTESIAN_POINT('',(-8.59999999999999,59.75,9.));
#3031=CARTESIAN_POINT('',(-8.43836717690616,77.6,9.));
#3032=CARTESIAN_POINT('Origin',(-0.6,76.,9.));
#3033=CARTESIAN_POINT('',(-19.35,77.6,9.));
#3034=CARTESIAN_POINT('Origin',(-19.35,77.6,14.5));
#3035=CARTESIAN_POINT('',(-10.3894989658474,77.6,20.));
#3036=CARTESIAN_POINT('',(-10.2255476949728,77.6,22.1804820761679));
#3037=CARTESIAN_POINT('',(-8.43836717690616,77.6,20.));
#3038=CARTESIAN_POINT('',(-8.43836717690616,77.6,12.));
#3039=CARTESIAN_POINT('',(-19.35,77.6,20.));
#3040=CARTESIAN_POINT('Origin',(-19.35,76.5,20.));
#3041=CARTESIAN_POINT('',(-10.3894989658474,38.25,20.));
#3042=CARTESIAN_POINT('',(-8.59999999999999,76.,20.));
#3043=CARTESIAN_POINT('Origin',(-0.6,76.,20.));
#3044=CARTESIAN_POINT('',(-8.59999999999999,59.75,20.));
#3045=CARTESIAN_POINT('Origin',(-8.59999999999999,43.,12.));
#3046=CARTESIAN_POINT('',(-8.59999999999999,76.,23.9016393442624));
#3047=CARTESIAN_POINT('',(-8.59999999999999,76.,12.));
#3048=CARTESIAN_POINT('',(-8.59999999999999,26.9837177296883,28.3211402047003));
#3049=CARTESIAN_POINT('',(-8.59999999999999,34.6652782405865,27.6285404865046));
#3050=CARTESIAN_POINT('',(-8.59999999999999,20.1757974808752,9.61653304763853));
#3051=CARTESIAN_POINT('',(-8.59999999999999,28.5681764240537,32.6744046895279));
#3052=CARTESIAN_POINT('',(-8.59999999999999,10.,13.3202204405981));
#3053=CARTESIAN_POINT('',(-8.59999999999999,12.6723519038997,12.347563892094));
#3054=CARTESIAN_POINT('',(-8.59999999999999,10.,12.));
#3055=CARTESIAN_POINT('',(-8.6,54.8,19.));
#3056=CARTESIAN_POINT('',(-8.59999999999999,54.8,11.125));
#3057=CARTESIAN_POINT('',(-8.6,58.1,19.));
#3058=CARTESIAN_POINT('',(-8.59999999999999,49.725,19.));
#3059=CARTESIAN_POINT('',(-8.59999999999999,58.1,11.125));
#3060=CARTESIAN_POINT('',(-8.59999999999999,76.,12.));
#3061=CARTESIAN_POINT('',(-8.59999999999999,74.2,20.));
#3062=CARTESIAN_POINT('',(-8.59999999999999,74.2,9.));
#3063=CARTESIAN_POINT('',(-8.59999999999999,74.2,13.25));
#3064=CARTESIAN_POINT('',(-8.59999999999999,72.,9.));
#3065=CARTESIAN_POINT('',(-8.59999999999999,58.05,9.));
#3066=CARTESIAN_POINT('',(-8.59999999999999,72.,20.));
#3067=CARTESIAN_POINT('',(-8.59999999999999,72.,13.25));
#3068=CARTESIAN_POINT('',(-8.59999999999999,58.05,20.));
#3069=CARTESIAN_POINT('',(-8.59999999999999,43.6,20.));
#3070=CARTESIAN_POINT('',(-8.59999999999999,43.6,9.));
#3071=CARTESIAN_POINT('',(-8.59999999999999,43.6,13.25));
#3072=CARTESIAN_POINT('',(-8.59999999999999,41.4,9.));
#3073=CARTESIAN_POINT('',(-8.59999999999999,42.75,9.));
#3074=CARTESIAN_POINT('',(-8.59999999999999,41.4,20.));
#3075=CARTESIAN_POINT('',(-8.59999999999999,41.4,13.25));
#3076=CARTESIAN_POINT('',(-8.59999999999999,42.75,20.));
#3077=CARTESIAN_POINT('',(-8.59999999999999,47.,20.));
#3078=CARTESIAN_POINT('',(-8.59999999999999,47.,9.));
#3079=CARTESIAN_POINT('',(-8.59999999999999,47.,13.25));
#3080=CARTESIAN_POINT('',(-8.59999999999999,44.8,9.));
#3081=CARTESIAN_POINT('',(-8.59999999999999,44.45,9.));
#3082=CARTESIAN_POINT('',(-8.59999999999999,44.8,20.));
#3083=CARTESIAN_POINT('',(-8.59999999999999,44.8,13.25));
#3084=CARTESIAN_POINT('',(-8.59999999999999,44.45,20.));
#3085=CARTESIAN_POINT('',(-8.59999999999999,50.4,20.));
#3086=CARTESIAN_POINT('',(-8.59999999999999,50.4,9.));
#3087=CARTESIAN_POINT('',(-8.59999999999999,50.4,13.25));
#3088=CARTESIAN_POINT('',(-8.59999999999999,48.2,9.));
#3089=CARTESIAN_POINT('',(-8.59999999999999,46.15,9.));
#3090=CARTESIAN_POINT('',(-8.59999999999999,48.2,20.));
#3091=CARTESIAN_POINT('',(-8.59999999999999,48.2,13.25));
#3092=CARTESIAN_POINT('',(-8.59999999999999,46.15,20.));
#3093=CARTESIAN_POINT('',(-8.59999999999999,53.8,20.));
#3094=CARTESIAN_POINT('',(-8.59999999999999,53.8,9.));
#3095=CARTESIAN_POINT('',(-8.59999999999999,53.8,13.25));
#3096=CARTESIAN_POINT('',(-8.59999999999999,51.6,9.));
#3097=CARTESIAN_POINT('',(-8.59999999999999,47.85,9.));
#3098=CARTESIAN_POINT('',(-8.59999999999999,51.6,20.));
#3099=CARTESIAN_POINT('',(-8.59999999999999,51.6,13.25));
#3100=CARTESIAN_POINT('',(-8.59999999999999,47.85,20.));
#3101=CARTESIAN_POINT('',(-8.59999999999999,60.6,20.));
#3102=CARTESIAN_POINT('',(-8.59999999999999,60.6,9.));
#3103=CARTESIAN_POINT('',(-8.59999999999999,60.6,13.25));
#3104=CARTESIAN_POINT('',(-8.59999999999999,58.4,9.));
#3105=CARTESIAN_POINT('',(-8.59999999999999,51.25,9.));
#3106=CARTESIAN_POINT('',(-8.59999999999999,58.4,20.));
#3107=CARTESIAN_POINT('',(-8.59999999999999,58.4,13.25));
#3108=CARTESIAN_POINT('',(-8.59999999999999,51.25,20.));
#3109=CARTESIAN_POINT('',(-8.59999999999999,64.,20.));
#3110=CARTESIAN_POINT('',(-8.59999999999999,64.,9.));
#3111=CARTESIAN_POINT('',(-8.59999999999999,64.,13.25));
#3112=CARTESIAN_POINT('',(-8.59999999999999,61.8,9.));
#3113=CARTESIAN_POINT('',(-8.59999999999999,52.95,9.));
#3114=CARTESIAN_POINT('',(-8.59999999999999,61.8,20.));
#3115=CARTESIAN_POINT('',(-8.59999999999999,61.8,13.25));
#3116=CARTESIAN_POINT('',(-8.59999999999999,52.95,20.));
#3117=CARTESIAN_POINT('',(-8.59999999999999,67.4,20.));
#3118=CARTESIAN_POINT('',(-8.59999999999999,67.4,9.));
#3119=CARTESIAN_POINT('',(-8.59999999999999,67.4,13.25));
#3120=CARTESIAN_POINT('',(-8.59999999999999,65.2,9.));
#3121=CARTESIAN_POINT('',(-8.59999999999999,54.65,9.));
#3122=CARTESIAN_POINT('',(-8.59999999999999,65.2,20.));
#3123=CARTESIAN_POINT('',(-8.59999999999999,65.2,13.25));
#3124=CARTESIAN_POINT('',(-8.59999999999999,54.65,20.));
#3125=CARTESIAN_POINT('',(-8.59999999999999,70.8,20.));
#3126=CARTESIAN_POINT('',(-8.59999999999999,70.8,9.));
#3127=CARTESIAN_POINT('',(-8.59999999999999,70.8,13.25));
#3128=CARTESIAN_POINT('',(-8.59999999999999,68.6,9.));
#3129=CARTESIAN_POINT('',(-8.59999999999999,56.35,9.));
#3130=CARTESIAN_POINT('',(-8.59999999999999,68.6,20.));
#3131=CARTESIAN_POINT('',(-8.59999999999999,68.6,13.25));
#3132=CARTESIAN_POINT('',(-8.59999999999999,56.35,20.));
#3133=CARTESIAN_POINT('Origin',(-19.35,72.,14.5));
#3134=CARTESIAN_POINT('',(-10.3894989658474,72.,20.));
#3135=CARTESIAN_POINT('',(-11.2165931205446,72.,9.));
#3136=CARTESIAN_POINT('',(-10.2255476949728,72.,22.1804820761679));
#3137=CARTESIAN_POINT('',(-19.35,72.,20.));
#3138=CARTESIAN_POINT('',(-19.35,72.,9.));
#3139=CARTESIAN_POINT('Origin',(-19.35,73.1,9.));
#3140=CARTESIAN_POINT('',(-11.2165931205446,74.2,9.));
#3141=CARTESIAN_POINT('',(-11.2165931205446,36.55,9.));
#3142=CARTESIAN_POINT('',(-19.35,74.2,9.));
#3143=CARTESIAN_POINT('Origin',(-19.35,74.2,14.5));
#3144=CARTESIAN_POINT('',(-10.3894989658474,74.2,20.));
#3145=CARTESIAN_POINT('',(-10.2255476949728,74.2,22.1804820761679));
#3146=CARTESIAN_POINT('',(-19.35,74.2,20.));
#3147=CARTESIAN_POINT('Origin',(-19.35,73.1,20.));
#3148=CARTESIAN_POINT('',(-10.3894989658474,36.55,20.));
#3149=CARTESIAN_POINT('Origin',(-19.35,68.6,14.5));
#3150=CARTESIAN_POINT('',(-10.3894989658474,68.6,20.));
#3151=CARTESIAN_POINT('',(-11.2165931205446,68.6,9.));
#3152=CARTESIAN_POINT('',(-10.2255476949728,68.6,22.1804820761679));
#3153=CARTESIAN_POINT('',(-19.35,68.6,20.));
#3154=CARTESIAN_POINT('',(-19.35,68.6,9.));
#3155=CARTESIAN_POINT('Origin',(-19.35,69.7,9.));
#3156=CARTESIAN_POINT('',(-11.2165931205446,70.8,9.));
#3157=CARTESIAN_POINT('',(-11.2165931205446,34.85,9.));
#3158=CARTESIAN_POINT('',(-19.35,70.8,9.));
#3159=CARTESIAN_POINT('Origin',(-19.35,70.8,14.5));
#3160=CARTESIAN_POINT('',(-10.3894989658474,70.8,20.));
#3161=CARTESIAN_POINT('',(-10.2255476949728,70.8,22.1804820761679));
#3162=CARTESIAN_POINT('',(-19.35,70.8,20.));
#3163=CARTESIAN_POINT('Origin',(-19.35,69.7,20.));
#3164=CARTESIAN_POINT('',(-10.3894989658474,34.85,20.));
#3165=CARTESIAN_POINT('Origin',(-19.35,65.2,14.5));
#3166=CARTESIAN_POINT('',(-10.3894989658474,65.2,20.));
#3167=CARTESIAN_POINT('',(-11.2165931205446,65.2,9.));
#3168=CARTESIAN_POINT('',(-10.2255476949728,65.2,22.1804820761679));
#3169=CARTESIAN_POINT('',(-19.35,65.2,20.));
#3170=CARTESIAN_POINT('',(-19.35,65.2,9.));
#3171=CARTESIAN_POINT('Origin',(-19.35,66.3,9.));
#3172=CARTESIAN_POINT('',(-11.2165931205446,67.4,9.));
#3173=CARTESIAN_POINT('',(-11.2165931205446,33.15,9.));
#3174=CARTESIAN_POINT('',(-19.35,67.4,9.));
#3175=CARTESIAN_POINT('Origin',(-19.35,67.4,14.5));
#3176=CARTESIAN_POINT('',(-10.3894989658474,67.4,20.));
#3177=CARTESIAN_POINT('',(-10.2255476949728,67.4,22.1804820761679));
#3178=CARTESIAN_POINT('',(-19.35,67.4,20.));
#3179=CARTESIAN_POINT('Origin',(-19.35,66.3,20.));
#3180=CARTESIAN_POINT('',(-10.3894989658474,33.15,20.));
#3181=CARTESIAN_POINT('Origin',(-19.35,61.8,14.5));
#3182=CARTESIAN_POINT('',(-10.3894989658474,61.8,20.));
#3183=CARTESIAN_POINT('',(-11.2165931205446,61.8,9.));
#3184=CARTESIAN_POINT('',(-10.2255476949728,61.8,22.1804820761679));
#3185=CARTESIAN_POINT('',(-19.35,61.8,20.));
#3186=CARTESIAN_POINT('',(-19.35,61.8,9.));
#3187=CARTESIAN_POINT('Origin',(-19.35,62.9,9.));
#3188=CARTESIAN_POINT('',(-11.2165931205446,64.,9.));
#3189=CARTESIAN_POINT('',(-11.2165931205446,31.45,9.));
#3190=CARTESIAN_POINT('',(-19.35,64.,9.));
#3191=CARTESIAN_POINT('Origin',(-19.35,64.,14.5));
#3192=CARTESIAN_POINT('',(-10.3894989658474,64.,20.));
#3193=CARTESIAN_POINT('',(-10.2255476949728,64.,22.1804820761679));
#3194=CARTESIAN_POINT('',(-19.35,64.,20.));
#3195=CARTESIAN_POINT('Origin',(-19.35,62.9,20.));
#3196=CARTESIAN_POINT('',(-10.3894989658474,31.45,20.));
#3197=CARTESIAN_POINT('Origin',(-19.35,58.4,14.5));
#3198=CARTESIAN_POINT('',(-10.3894989658474,58.4,20.));
#3199=CARTESIAN_POINT('',(-11.2165931205446,58.4,9.));
#3200=CARTESIAN_POINT('',(-10.2255476949728,58.4,22.1804820761679));
#3201=CARTESIAN_POINT('',(-19.35,58.4,20.));
#3202=CARTESIAN_POINT('',(-19.35,58.4,9.));
#3203=CARTESIAN_POINT('Origin',(-19.35,59.5,9.));
#3204=CARTESIAN_POINT('',(-11.2165931205446,60.6,9.));
#3205=CARTESIAN_POINT('',(-11.2165931205446,29.75,9.));
#3206=CARTESIAN_POINT('',(-19.35,60.6,9.));
#3207=CARTESIAN_POINT('Origin',(-19.35,60.6,14.5));
#3208=CARTESIAN_POINT('',(-10.3894989658474,60.6,20.));
#3209=CARTESIAN_POINT('',(-10.2255476949728,60.6,22.1804820761679));
#3210=CARTESIAN_POINT('',(-19.35,60.6,20.));
#3211=CARTESIAN_POINT('Origin',(-19.35,59.5,20.));
#3212=CARTESIAN_POINT('',(-10.3894989658474,29.75,20.));
#3213=CARTESIAN_POINT('Origin',(-19.35,51.6,14.5));
#3214=CARTESIAN_POINT('',(-10.3894989658474,51.6,20.));
#3215=CARTESIAN_POINT('',(-11.2165931205446,51.6,9.));
#3216=CARTESIAN_POINT('',(-10.2255476949728,51.6,22.1804820761679));
#3217=CARTESIAN_POINT('',(-19.35,51.6,20.));
#3218=CARTESIAN_POINT('',(-19.35,51.6,9.));
#3219=CARTESIAN_POINT('Origin',(-19.35,52.7,9.));
#3220=CARTESIAN_POINT('',(-11.2165931205446,53.8,9.));
#3221=CARTESIAN_POINT('',(-11.2165931205446,26.35,9.));
#3222=CARTESIAN_POINT('',(-19.35,53.8,9.));
#3223=CARTESIAN_POINT('Origin',(-19.35,53.8,14.5));
#3224=CARTESIAN_POINT('',(-10.3894989658474,53.8,20.));
#3225=CARTESIAN_POINT('',(-10.2255476949728,53.8,22.1804820761679));
#3226=CARTESIAN_POINT('',(-19.35,53.8,20.));
#3227=CARTESIAN_POINT('Origin',(-19.35,52.7,20.));
#3228=CARTESIAN_POINT('',(-10.3894989658474,26.35,20.));
#3229=CARTESIAN_POINT('Origin',(-19.35,48.2,14.5));
#3230=CARTESIAN_POINT('',(-10.3894989658474,48.2,20.));
#3231=CARTESIAN_POINT('',(-11.2165931205446,48.2,9.));
#3232=CARTESIAN_POINT('',(-10.2255476949728,48.2,22.1804820761679));
#3233=CARTESIAN_POINT('',(-19.35,48.2,20.));
#3234=CARTESIAN_POINT('',(-19.35,48.2,9.));
#3235=CARTESIAN_POINT('Origin',(-19.35,49.3,9.));
#3236=CARTESIAN_POINT('',(-11.2165931205446,50.4,9.));
#3237=CARTESIAN_POINT('',(-11.2165931205446,24.65,9.));
#3238=CARTESIAN_POINT('',(-19.35,50.4,9.));
#3239=CARTESIAN_POINT('Origin',(-19.35,50.4,14.5));
#3240=CARTESIAN_POINT('',(-10.3894989658474,50.4,20.));
#3241=CARTESIAN_POINT('',(-10.2255476949728,50.4,22.1804820761679));
#3242=CARTESIAN_POINT('',(-19.35,50.4,20.));
#3243=CARTESIAN_POINT('Origin',(-19.35,49.3,20.));
#3244=CARTESIAN_POINT('',(-10.3894989658474,24.65,20.));
#3245=CARTESIAN_POINT('Origin',(-19.35,44.8,14.5));
#3246=CARTESIAN_POINT('',(-10.3894989658474,44.8,20.));
#3247=CARTESIAN_POINT('',(-11.2165931205446,44.8,9.));
#3248=CARTESIAN_POINT('',(-10.2255476949728,44.8,22.1804820761679));
#3249=CARTESIAN_POINT('',(-19.35,44.8,20.));
#3250=CARTESIAN_POINT('',(-19.35,44.8,9.));
#3251=CARTESIAN_POINT('Origin',(-19.35,45.9,9.));
#3252=CARTESIAN_POINT('',(-11.2165931205446,47.,9.));
#3253=CARTESIAN_POINT('',(-11.2165931205446,22.95,9.));
#3254=CARTESIAN_POINT('',(-19.35,47.,9.));
#3255=CARTESIAN_POINT('Origin',(-19.35,47.,14.5));
#3256=CARTESIAN_POINT('',(-10.3894989658474,47.,20.));
#3257=CARTESIAN_POINT('',(-10.2255476949728,47.,22.1804820761679));
#3258=CARTESIAN_POINT('',(-19.35,47.,20.));
#3259=CARTESIAN_POINT('Origin',(-19.35,45.9,20.));
#3260=CARTESIAN_POINT('',(-10.3894989658474,22.95,20.));
#3261=CARTESIAN_POINT('Origin',(-19.35,41.4,14.5));
#3262=CARTESIAN_POINT('',(-10.3894989658474,41.4,20.));
#3263=CARTESIAN_POINT('',(-11.2165931205446,41.4,9.));
#3264=CARTESIAN_POINT('',(-10.2255476949728,41.4,22.1804820761679));
#3265=CARTESIAN_POINT('',(-19.35,41.4,20.));
#3266=CARTESIAN_POINT('',(-19.35,41.4,9.));
#3267=CARTESIAN_POINT('Origin',(-19.35,42.5,9.));
#3268=CARTESIAN_POINT('',(-11.2165931205446,43.6,9.));
#3269=CARTESIAN_POINT('',(-11.2165931205446,21.25,9.));
#3270=CARTESIAN_POINT('',(-19.35,43.6,9.));
#3271=CARTESIAN_POINT('Origin',(-19.35,43.6,14.5));
#3272=CARTESIAN_POINT('',(-10.3894989658474,43.6,20.));
#3273=CARTESIAN_POINT('',(-10.2255476949728,43.6,22.1804820761679));
#3274=CARTESIAN_POINT('',(-19.35,43.6,20.));
#3275=CARTESIAN_POINT('Origin',(-19.35,42.5,20.));
#3276=CARTESIAN_POINT('',(-10.3894989658474,21.25,20.));
#3277=CARTESIAN_POINT('Origin',(52.65,80.,14.5));
#3278=CARTESIAN_POINT('',(-11.3293786870943,80.,7.5));
#3279=CARTESIAN_POINT('',(52.65,80.,7.5));
#3280=CARTESIAN_POINT('',(-10.2767133992978,80.,21.5));
#3281=CARTESIAN_POINT('',(-10.0231625538189,80.,24.8721182581547));
#3282=CARTESIAN_POINT('',(52.65,80.,21.5));
#3283=CARTESIAN_POINT('Origin',(52.65,59.7,21.5));
#3284=CARTESIAN_POINT('',(-10.2767133992978,39.4,21.5));
#3285=CARTESIAN_POINT('',(-10.2767133992978,29.85,21.5));
#3286=CARTESIAN_POINT('',(52.65,39.4,21.5));
#3287=CARTESIAN_POINT('Origin',(52.65,39.4,14.5));
#3288=CARTESIAN_POINT('',(-11.3293786870943,39.4,7.5));
#3289=CARTESIAN_POINT('',(-10.0231625538189,39.4,24.8721182581547));
#3290=CARTESIAN_POINT('',(52.65,39.4,7.5));
#3291=CARTESIAN_POINT('Origin',(52.65,59.7,7.5));
#3292=CARTESIAN_POINT('',(-11.3293786870943,29.85,7.5));
#3293=CARTESIAN_POINT('Origin',(-9.60000000000004,0.,30.5));
#3294=CARTESIAN_POINT('Origin',(-5.555,56.45,2.2));
#3295=CARTESIAN_POINT('',(-7.1,58.1,2.2));
#3296=CARTESIAN_POINT('',(-7.1,54.8,2.2));
#3297=CARTESIAN_POINT('',(-7.1,56.45,2.2));
#3298=CARTESIAN_POINT('',(-4.,58.1,2.2));
#3299=CARTESIAN_POINT('',(-5.555,58.1,2.2));
#3300=CARTESIAN_POINT('',(-4.,54.8,2.2));
#3301=CARTESIAN_POINT('',(-4.,56.45,2.2));
#3302=CARTESIAN_POINT('',(-5.555,54.8,2.2));
#3303=CARTESIAN_POINT('Origin',(-4.,56.45,10.6));
#3304=CARTESIAN_POINT('',(-4.,58.1,19.));
#3305=CARTESIAN_POINT('',(-4.,58.1,10.6));
#3306=CARTESIAN_POINT('',(-4.,54.8,19.));
#3307=CARTESIAN_POINT('',(-4.,56.45,19.));
#3308=CARTESIAN_POINT('',(-4.,54.8,10.6));
#3309=CARTESIAN_POINT('Origin',(-7.85,54.8,10.25));
#3310=CARTESIAN_POINT('',(-7.85,54.8,19.));
#3311=CARTESIAN_POINT('',(-7.1,54.8,10.25));
#3312=CARTESIAN_POINT('Origin',(-7.85,56.45,19.));
#3313=CARTESIAN_POINT('',(-5.555,58.1,19.));
#3314=CARTESIAN_POINT('Origin',(-7.85,58.1,10.25));
#3315=CARTESIAN_POINT('',(-7.1,58.1,10.25));
#3316=CARTESIAN_POINT('Origin',(-7.1,56.45,10.25));
#3317=CARTESIAN_POINT('Origin',(39.55,66.,23.8032786885246));
#3318=CARTESIAN_POINT('',(36.3833333333333,66.,24.8032786885247));
#3319=CARTESIAN_POINT('Origin',(39.55,65.8665214265993,24.8153136418641));
#3320=CARTESIAN_POINT('',(37.55,66.,22.3032786885246));
#3321=CARTESIAN_POINT('',(36.85,66.,23.8032786885246));
#3322=CARTESIAN_POINT('Origin',(39.55,66.,22.3032786885246));
#3323=CARTESIAN_POINT('Origin',(39.55,66.,16.2766393442623));
#3324=CARTESIAN_POINT('',(37.55,66.,7.25));
#3325=CARTESIAN_POINT('',(37.55,66.,16.2766393442623));
#3326=CARTESIAN_POINT('Origin',(39.55,66.,7.25));
#3327=CARTESIAN_POINT('Origin',(39.55,66.,7.25));
#3328=CARTESIAN_POINT('Origin',(129.6,13.8452366699618,15.5700383024718));
#3329=CARTESIAN_POINT('',(129.6,6.62197333250271,12.3461134029557));
#3330=CARTESIAN_POINT('',(133.368610694455,7.13297117303079,13.7500684311967));
#3331=CARTESIAN_POINT('Origin',(129.6,8.50308412079389,17.5144228172782));
#3332=CARTESIAN_POINT('',(129.6,4.7425880909309,13.030153689607));
#3333=CARTESIAN_POINT('',(129.6,11.9641258816706,10.4017288881493));
#3334=CARTESIAN_POINT('',(135.1,6.62369887922207,18.1984631039295));
#3335=CARTESIAN_POINT('Origin',(129.6,6.62369887922207,18.1984631039295));
#3336=CARTESIAN_POINT('',(135.1,21.3486822469373,12.8390074580163));
#3337=CARTESIAN_POINT('',(135.1,13.8452366699618,15.5700383024718));
#3338=CARTESIAN_POINT('',(133.9,20.1757974808752,9.61653304763854));
#3339=CARTESIAN_POINT('Origin',(129.6,21.3486822469373,12.8390074580163));
#3340=CARTESIAN_POINT('',(133.9,10.,13.3202204405981));
#3341=CARTESIAN_POINT('',(133.9,12.6723519038997,12.347563892094));
#3342=CARTESIAN_POINT('Ctrl Pts',(133.368610694455,7.1329711730308,13.7500684311967));
#3343=CARTESIAN_POINT('Ctrl Pts',(133.508518245776,7.49743037351119,13.757481873655));
#3344=CARTESIAN_POINT('Ctrl Pts',(133.620827397244,7.87023296414333,13.7489285338007));
#3345=CARTESIAN_POINT('Ctrl Pts',(133.837821871061,8.8349392883443,13.6567664113602));
#3346=CARTESIAN_POINT('Ctrl Pts',(133.9,9.42871417945477,13.5281514745349));
#3347=CARTESIAN_POINT('Ctrl Pts',(133.9,10.,13.3202204405981));
#3348=CARTESIAN_POINT('Origin',(-9.8,26.0211537723556,49.0230956024501));
#3349=CARTESIAN_POINT('',(-9.8,6.62369887922207,18.1984631039295));
#3350=CARTESIAN_POINT('',(-9.8,11.1010921451192,30.5));
#3351=CARTESIAN_POINT('',(-9.8,9.39980799080794,25.8257602019539));
#3352=CARTESIAN_POINT('',(-9.8,21.3486822469373,12.8390074580163));
#3353=CARTESIAN_POINT('',(-9.8,13.8452366699618,15.5700383024718));
#3354=CARTESIAN_POINT('',(-9.8,27.4429883242756,29.5829757927485));
#3355=CARTESIAN_POINT('',(-9.8,33.5245993493311,46.2920647579947));
#3356=CARTESIAN_POINT('',(-9.8,17.2723562074863,30.5));
#3357=CARTESIAN_POINT('',(-9.8,12.2333998733764,30.9543321284853));
#3358=CARTESIAN_POINT('',(-9.8,51.0105768861778,30.5));
#3359=CARTESIAN_POINT('Origin',(62.65,33.5245993493311,46.2920647579947));
#3360=CARTESIAN_POINT('',(133.9,26.9837177296883,28.3211402047003));
#3361=CARTESIAN_POINT('',(133.9,28.5681764240537,32.6744046895279));
#3362=CARTESIAN_POINT('',(135.1,27.4429883242756,29.5829757927484));
#3363=CARTESIAN_POINT('',(135.1,33.5245993493311,46.2920647579947));
#3364=CARTESIAN_POINT('',(134.406060226119,27.6885284335726,30.2575916986124));
#3365=CARTESIAN_POINT('',(115.299099654052,34.4492378838453,48.8324882527301));
#3366=CARTESIAN_POINT('',(-9.10606022611887,27.6885284335726,30.2575916986124));
#3367=CARTESIAN_POINT('',(31.325,27.6885284335726,30.2575916986124));
#3368=CARTESIAN_POINT('',(10.0009003459484,34.4492378838453,48.8324882527301));
#3369=CARTESIAN_POINT('Origin',(-4.3,21.3486822469373,12.8390074580163));
#3370=CARTESIAN_POINT('',(66.22460109671,26.9837177296883,28.3211402047003));
#3371=CARTESIAN_POINT('',(31.325,26.9837177296883,28.3211402047003));
#3372=CARTESIAN_POINT('',(69.77539890329,26.9837177296883,28.3211402047003));
#3373=CARTESIAN_POINT('Origin',(68.,30.,36.6083076330831));
#3374=CARTESIAN_POINT('',(123.22460109671,26.9837177296883,28.3211402047003));
#3375=CARTESIAN_POINT('',(31.325,26.9837177296883,28.3211402047003));
#3376=CARTESIAN_POINT('',(126.77539890329,26.9837177296883,28.3211402047003));
#3377=CARTESIAN_POINT('Origin',(125.,30.,36.6083076330831));
#3378=CARTESIAN_POINT('',(31.325,26.9837177296883,28.3211402047003));
#3379=CARTESIAN_POINT('Origin',(-4.3,13.8452366699618,15.5700383024718));
#3380=CARTESIAN_POINT('',(-8.068610694455,7.13297117303079,13.7500684311967));
#3381=CARTESIAN_POINT('',(-4.3,6.62197333250271,12.3461134029557));
#3382=CARTESIAN_POINT('Origin',(-4.3,8.50308412079389,17.5144228172782));
#3383=CARTESIAN_POINT('Ctrl Pts',(-8.6,10.,13.3202204405981));
#3384=CARTESIAN_POINT('Ctrl Pts',(-8.6,9.42871417945477,13.5281514745349));
#3385=CARTESIAN_POINT('Ctrl Pts',(-8.53782187106147,8.8349392883443,13.6567664113602));
#3386=CARTESIAN_POINT('Ctrl Pts',(-8.32082739724422,7.87023296414333,13.7489285338007));
#3387=CARTESIAN_POINT('Ctrl Pts',(-8.20851824577605,7.49743037351117,13.757481873655));
#3388=CARTESIAN_POINT('Ctrl Pts',(-8.068610694455,7.13297117303079,13.7500684311967));
#3389=CARTESIAN_POINT('',(-4.3,4.7425880909309,13.030153689607));
#3390=CARTESIAN_POINT('Origin',(-4.3,6.62369887922207,18.1984631039295));
#3391=CARTESIAN_POINT('',(-4.3,11.9641258816706,10.4017288881493));
#3392=CARTESIAN_POINT('Origin',(135.1,26.0211537723556,49.0230956024501));
#3393=CARTESIAN_POINT('',(135.1,11.1010921451192,30.5));
#3394=CARTESIAN_POINT('',(135.1,9.39980799080794,25.8257602019539));
#3395=CARTESIAN_POINT('',(135.1,17.2723562074857,30.5));
#3396=CARTESIAN_POINT('',(135.1,51.0105768861778,30.5));
#3397=CARTESIAN_POINT('',(135.1,12.2333998733764,30.9543321284853));
#3398=CARTESIAN_POINT('Origin',(62.65,11.9641258816706,10.4017288881493));
#3399=CARTESIAN_POINT('',(31.325,6.62197333250271,12.3461134029557));
#3400=CARTESIAN_POINT('',(31.325,4.7425880909309,13.030153689607));
#3401=CARTESIAN_POINT('Origin',(125.9,10.,12.));
#3402=CARTESIAN_POINT('',(133.9,10.,12.));
#3403=CARTESIAN_POINT('Origin',(125.9,10.,21.6271653942201));
#3404=CARTESIAN_POINT('Origin',(133.9,43.,12.));
#3405=CARTESIAN_POINT('',(133.9,76.,23.9016393442624));
#3406=CARTESIAN_POINT('',(133.9,34.6652782405865,27.6285404865046));
#3407=CARTESIAN_POINT('',(133.9,76.,12.));
#3408=CARTESIAN_POINT('Origin',(125.,30.,15.2745901639344));
#3409=CARTESIAN_POINT('',(121.5,30.,28.0491803278689));
#3410=CARTESIAN_POINT('Origin',(125.,30.,28.0491803278689));
#3411=CARTESIAN_POINT('',(121.5,30.,2.));
#3412=CARTESIAN_POINT('',(121.5,30.,15.2745901639344));
#3413=CARTESIAN_POINT('Origin',(125.,30.,2.));
#3414=CARTESIAN_POINT('Origin',(125.,30.,28.0491803278689));
#3415=CARTESIAN_POINT('Origin',(0.,25.,28.5000000000001));
#3416=CARTESIAN_POINT('',(64.5,30.,28.0491803278689));
#3417=CARTESIAN_POINT('Origin',(68.,30.,28.0491803278689));
#3418=CARTESIAN_POINT('Origin',(68.,30.,28.0491803278689));
#3419=CARTESIAN_POINT('',(-0.599999999999996,84.,23.1803278688525));
#3420=CARTESIAN_POINT('Origin',(-0.6,76.,23.9016393442624));
#3421=CARTESIAN_POINT('',(125.9,84.,23.1803278688525));
#3422=CARTESIAN_POINT('',(31.325,84.,23.1803278688525));
#3423=CARTESIAN_POINT('Origin',(125.9,76.,23.9016393442624));
#3424=CARTESIAN_POINT('',(46.5,77.5,23.766393442623));
#3425=CARTESIAN_POINT('Origin',(50.,77.5,23.766393442623));
#3426=CARTESIAN_POINT('',(121.5,76.,23.9016393442624));
#3427=CARTESIAN_POINT('Origin',(125.,76.,23.9016393442624));
#3428=CARTESIAN_POINT('Origin',(0.,0.,0.));
#3429=CARTESIAN_POINT('',(136.127467870939,10.,27.4747741945462));
#3430=CARTESIAN_POINT('Origin',(125.9,7.7929814647893,21.411040604737));
#3431=CARTESIAN_POINT('',(135.919385828954,11.0072521496057,30.2421767312849));
#3432=CARTESIAN_POINT('',(136.836885782036,6.56595682594241,18.0398181163907));
#3433=CARTESIAN_POINT('',(135.654177405556,11.1010921451192,30.5));
#3434=CARTESIAN_POINT('',(111.826074744676,19.5323064261069,53.6645708555972));
#3435=CARTESIAN_POINT('',(-0.3,11.1010921451192,30.5));
#3436=CARTESIAN_POINT('',(-10.3541774055564,11.1010921451192,30.5));
#3437=CARTESIAN_POINT('',(-0.3,11.1010921451192,30.5));
#3438=CARTESIAN_POINT('',(-16.7876620615763,8.82470075633262,24.245666061468));
#3439=CARTESIAN_POINT('Origin',(-0.6,76.,30.5));
#3440=CARTESIAN_POINT('',(-7.9154578107343,38.25842920509,30.5));
#3441=CARTESIAN_POINT('Origin',(-10.6,0.101003768647818,31.2449914634826));
#3442=CARTESIAN_POINT('',(-9.10606022611886,75.9281075935313,25.9081214464849));
#3443=CARTESIAN_POINT('',(-9.10606022611887,12.6175795251103,31.616447747736));
#3444=CARTESIAN_POINT('',(-31.35,73.9306093972679,3.75405054247325));
#3445=CARTESIAN_POINT('Origin',(125.,76.,4.5));
#3446=CARTESIAN_POINT('',(123.,76.,2.));
#3447=CARTESIAN_POINT('Origin',(125.,76.,2.));
#3448=CARTESIAN_POINT('',(123.,76.,8.));
#3449=CARTESIAN_POINT('',(123.,76.,4.5));
#3450=CARTESIAN_POINT('Origin',(125.,76.,8.));
#3451=CARTESIAN_POINT('Origin',(125.,76.,8.));
#3452=CARTESIAN_POINT('Origin',(125.,76.,13.2008196721311));
#3453=CARTESIAN_POINT('',(121.5,76.,2.));
#3454=CARTESIAN_POINT('',(121.5,76.,13.2008196721311));
#3455=CARTESIAN_POINT('Origin',(125.,76.,2.));
#3456=CARTESIAN_POINT('Origin',(125.,76.,2.));
#3457=CARTESIAN_POINT('Origin',(50.,77.5,4.5));
#3458=CARTESIAN_POINT('',(48.,77.5,2.));
#3459=CARTESIAN_POINT('Origin',(50.,77.5,2.));
#3460=CARTESIAN_POINT('',(48.,77.5,8.));
#3461=CARTESIAN_POINT('',(48.,77.5,4.5));
#3462=CARTESIAN_POINT('Origin',(50.,77.5,8.));
#3463=CARTESIAN_POINT('Origin',(50.,77.5,8.));
#3464=CARTESIAN_POINT('Origin',(50.,77.5,13.1331967213115));
#3465=CARTESIAN_POINT('',(46.5,77.5,2.));
#3466=CARTESIAN_POINT('',(46.5,77.5,13.1331967213115));
#3467=CARTESIAN_POINT('Origin',(50.,77.5,2.));
#3468=CARTESIAN_POINT('Origin',(50.,77.5,2.));
#3469=CARTESIAN_POINT('Origin',(125.,30.,4.5));
#3470=CARTESIAN_POINT('',(123.,30.,2.));
#3471=CARTESIAN_POINT('Origin',(125.,30.,2.));
#3472=CARTESIAN_POINT('',(123.,30.,8.));
#3473=CARTESIAN_POINT('',(123.,30.,4.5));
#3474=CARTESIAN_POINT('Origin',(125.,30.,8.));
#3475=CARTESIAN_POINT('Origin',(125.,30.,8.));
#3476=CARTESIAN_POINT('Origin',(125.,30.,2.));
#3477=CARTESIAN_POINT('Origin',(68.,30.,4.5));
#3478=CARTESIAN_POINT('',(66.,30.,2.));
#3479=CARTESIAN_POINT('Origin',(68.,30.,2.));
#3480=CARTESIAN_POINT('',(66.,30.,8.));
#3481=CARTESIAN_POINT('',(66.,30.,4.5));
#3482=CARTESIAN_POINT('Origin',(68.,30.,8.));
#3483=CARTESIAN_POINT('Origin',(68.,30.,8.));
#3484=CARTESIAN_POINT('Origin',(68.,30.,15.2745901639344));
#3485=CARTESIAN_POINT('',(64.5,30.,2.));
#3486=CARTESIAN_POINT('',(64.5,30.,15.2745901639344));
#3487=CARTESIAN_POINT('Origin',(68.,30.,2.));
#3488=CARTESIAN_POINT('Origin',(68.,30.,2.));
#3489=CARTESIAN_POINT('Origin',(0.,2.12835554495182,0.));
#3490=CARTESIAN_POINT('Origin',(-0.6,10.,21.6271653942201));
#3491=CARTESIAN_POINT('Origin',(125.9,76.,12.));
#3492=CARTESIAN_POINT('',(125.9,84.,12.));
#3493=CARTESIAN_POINT('Origin',(62.65,84.,12.));
#3494=CARTESIAN_POINT('',(-0.599999999999996,84.,12.));
#3495=CARTESIAN_POINT('Origin',(-0.6,76.,12.));
#3496=CARTESIAN_POINT('Origin',(-0.6,10.,12.));
#3497=CARTESIAN_POINT('Origin',(135.9,0.101003768647818,31.2449914634826));
#3498=CARTESIAN_POINT('',(132.709491263068,43.8928219844882,30.5));
#3499=CARTESIAN_POINT('',(136.394146066387,75.7495781639283,23.9280677727069));
#3500=CARTESIAN_POINT('',(135.839352879843,0.0932815288502259,31.3065808686173));
#3501=CARTESIAN_POINT('',(134.406060226119,75.9281075935313,25.9081214464849));
#3502=CARTESIAN_POINT('',(156.65,73.9306093972679,3.75405054247322));
#3503=CARTESIAN_POINT('',(134.406060226119,12.6175795251103,31.616447747736));
#3504=CARTESIAN_POINT('Origin',(-0.6,73.9306093972679,3.75405054247323));
#3505=CARTESIAN_POINT('',(-0.6,84.3998020540828,25.1442801426647));
#3506=CARTESIAN_POINT('Origin',(-0.6,75.9281075935313,25.9081214464849));
#3507=CARTESIAN_POINT('',(-0.6,104.556374761831,0.992711042389679));
#3508=CARTESIAN_POINT('Origin',(0.,85.7535508044994,23.5222208291025));
#3509=CARTESIAN_POINT('',(125.9,84.3998020540828,25.1442801426647));
#3510=CARTESIAN_POINT('',(0.,84.3998020540828,25.1442801426647));
#3511=CARTESIAN_POINT('',(125.9,104.556374761831,0.992711042389679));
#3512=CARTESIAN_POINT('Origin',(125.9,73.9306093972679,3.75405054247323));
#3513=CARTESIAN_POINT('Origin',(125.9,75.9281075935313,25.9081214464849));
#3514=CARTESIAN_POINT('',(136.396229222342,76.,23.9003626857243));
#3515=CARTESIAN_POINT('Ctrl Pts',(136.394146066387,75.7495781639283,23.9280677727069));
#3516=CARTESIAN_POINT('Ctrl Pts',(136.395065088615,75.874903816765,23.9158451684844));
#3517=CARTESIAN_POINT('Ctrl Pts',(136.396229222342,76.,23.9003626857243));
#3518=CARTESIAN_POINT('Ctrl Pts',(136.396229222342,76.,23.9003626857243));
#3519=CARTESIAN_POINT('Ctrl Pts',(136.407928717923,77.2572114437171,23.7447643772884));
#3520=CARTESIAN_POINT('Ctrl Pts',(136.182855336464,78.588475398717,23.5764684033344));
#3521=CARTESIAN_POINT('Ctrl Pts',(135.211371215956,81.1478938437236,23.2458743806852));
#3522=CARTESIAN_POINT('Ctrl Pts',(134.429362845269,82.3632998195538,23.084844228779));
#3523=CARTESIAN_POINT('Ctrl Pts',(132.574730017363,84.317229851747,22.8221829750827));
#3524=CARTESIAN_POINT('Ctrl Pts',(131.373218399273,85.1759331838812,22.7043590844404));
#3525=CARTESIAN_POINT('Ctrl Pts',(128.719030604703,86.3178657485873,22.5465173249117));
#3526=CARTESIAN_POINT('Ctrl Pts',(127.266301282162,86.6010121667579,22.5067941518017));
#3527=CARTESIAN_POINT('Ctrl Pts',(125.9,86.6010121667579,22.5067941518017));
#3528=CARTESIAN_POINT('Origin',(-0.6,76.,30.5));
#3529=CARTESIAN_POINT('Origin',(125.9,76.,16.));
#3530=CARTESIAN_POINT('',(136.990260476646,76.,16.));
#3531=CARTESIAN_POINT('Origin',(0.,25.,30.5));
#3532=CARTESIAN_POINT('Origin',(135.9,0.,30.5));
#3533=CARTESIAN_POINT('',(136.990260476646,10.,16.));
#3534=CARTESIAN_POINT('Origin',(125.9,10.,16.));
#3535=UNCERTAINTY_MEASURE_WITH_UNIT(LENGTH_MEASURE(0.01),#3539,
'DISTANCE_ACCURACY_VALUE',
'Maximum model space distance between geometric entities at asserted c
onnectivities');
#3536=UNCERTAINTY_MEASURE_WITH_UNIT(LENGTH_MEASURE(0.01),#3539,
'DISTANCE_ACCURACY_VALUE',
'Maximum model space distance between geometric entities at asserted c
onnectivities');
#3537=(
GEOMETRIC_REPRESENTATION_CONTEXT(3)
GLOBAL_UNCERTAINTY_ASSIGNED_CONTEXT((#3535))
GLOBAL_UNIT_ASSIGNED_CONTEXT((#3539,#3541,#3542))
REPRESENTATION_CONTEXT('','3D')
);
#3538=(
GEOMETRIC_REPRESENTATION_CONTEXT(3)
GLOBAL_UNCERTAINTY_ASSIGNED_CONTEXT((#3536))
GLOBAL_UNIT_ASSIGNED_CONTEXT((#3539,#3541,#3542))
REPRESENTATION_CONTEXT('','3D')
);
#3539=(
LENGTH_UNIT()
NAMED_UNIT(*)
SI_UNIT(.MILLI.,.METRE.)
);
#3540=(
LENGTH_UNIT()
NAMED_UNIT(*)
SI_UNIT($,.METRE.)
);
#3541=(
NAMED_UNIT(*)
PLANE_ANGLE_UNIT()
SI_UNIT($,.RADIAN.)
);
#3542=(
NAMED_UNIT(*)
SI_UNIT($,.STERADIAN.)
SOLID_ANGLE_UNIT()
);
#3543=SHAPE_DEFINITION_REPRESENTATION(#3544,#3545);
#3544=PRODUCT_DEFINITION_SHAPE('',$,#3547);
#3545=SHAPE_REPRESENTATION('',(#2155),#3537);
#3546=PRODUCT_DEFINITION_CONTEXT('part definition',#3551,'design');
#3547=PRODUCT_DEFINITION('Base shell','Base shell',#3548,#3546);
#3548=PRODUCT_DEFINITION_FORMATION('',$,#3553);
#3549=PRODUCT_RELATED_PRODUCT_CATEGORY('Base shell','Base shell',(#3553));
#3550=APPLICATION_PROTOCOL_DEFINITION('international standard',
'automotive_design',2009,#3551);
#3551=APPLICATION_CONTEXT(
'Core Data for Automotive Mechanical Design Process');
#3552=PRODUCT_CONTEXT('part definition',#3551,'mechanical');
#3553=PRODUCT('Base shell','Base shell',$,(#3552));
#3554=PRESENTATION_STYLE_ASSIGNMENT((#3555));
#3555=SURFACE_STYLE_USAGE(.BOTH.,#3556);
#3556=SURFACE_SIDE_STYLE('',(#3557));
#3557=SURFACE_STYLE_FILL_AREA(#3558);
#3558=FILL_AREA_STYLE('Steel - Satin',(#3559));
#3559=FILL_AREA_STYLE_COLOUR('Steel - Satin',#3560);
#3560=COLOUR_RGB('Steel - Satin',0.627450980392157,0.627450980392157,0.627450980392157);
ENDSEC;
END-ISO-10303-21;
