ISO-10303-21;
HEADER;
/* Generated by software containing ST-Developer
 * from STEP Tools, Inc. (www.steptools.com) 
 */

FILE_DESCRIPTION(
/* description */ (''),
/* implementation_level */ '2;1');

FILE_NAME(
/* name */ 'head-tray.step',
/* time_stamp */ '2026-09-16T14:18:43+01:00',
/* author */ (''),
/* organization */ (''),
/* preprocessor_version */ 'ST-DEVELOPER v20.2',
/* originating_system */ 'Autodesk Translation Framework v15.15.0.0',
/* authorisation */ '');

FILE_SCHEMA (('AUTOMOTIVE_DESIGN { 1 0 10303 214 3 1 1 }'));
ENDSEC;

DATA;
#10=MECHANICAL_DESIGN_GEOMETRIC_PRESENTATION_REPRESENTATION('',(#13),#2689);
#11=SHAPE_REPRESENTATION_RELATIONSHIP('SRR','None',#2696,#12);
#12=ADVANCED_BREP_SHAPE_REPRESENTATION('',(#14),#2688);
#13=STYLED_ITEM('',(#2705),#14);
#14=MANIFOLD_SOLID_BREP('Head tray',#1653);
#15=FACE_BOUND('',#207,.T.);
#16=FACE_BOUND('',#208,.T.);
#17=FACE_BOUND('',#212,.T.);
#18=FACE_BOUND('',#222,.T.);
#19=FACE_BOUND('',#238,.T.);
#20=FACE_BOUND('',#239,.T.);
#21=FACE_BOUND('',#271,.T.);
#22=FACE_BOUND('',#282,.T.);
#23=FACE_BOUND('',#283,.T.);
#24=FACE_BOUND('',#284,.T.);
#25=FACE_BOUND('',#286,.T.);
#26=FACE_BOUND('',#287,.T.);
#27=FACE_BOUND('',#288,.T.);
#28=FACE_BOUND('',#292,.T.);
#29=FACE_BOUND('',#294,.T.);
#30=FACE_BOUND('',#295,.T.);
#31=FACE_BOUND('',#296,.T.);
#32=FACE_BOUND('',#300,.T.);
#33=FACE_BOUND('',#302,.T.);
#34=FACE_BOUND('',#304,.T.);
#35=PLANE('',#1693);
#36=PLANE('',#1696);
#37=PLANE('',#1697);
#38=PLANE('',#1698);
#39=PLANE('',#1699);
#40=PLANE('',#1700);
#41=PLANE('',#1701);
#42=PLANE('',#1702);
#43=PLANE('',#1703);
#44=PLANE('',#1704);
#45=PLANE('',#1705);
#46=PLANE('',#1706);
#47=PLANE('',#1707);
#48=PLANE('',#1708);
#49=PLANE('',#1709);
#50=PLANE('',#1710);
#51=PLANE('',#1711);
#52=PLANE('',#1712);
#53=PLANE('',#1713);
#54=PLANE('',#1714);
#55=PLANE('',#1715);
#56=PLANE('',#1716);
#57=PLANE('',#1717);
#58=PLANE('',#1718);
#59=PLANE('',#1719);
#60=PLANE('',#1720);
#61=PLANE('',#1721);
#62=PLANE('',#1722);
#63=PLANE('',#1723);
#64=PLANE('',#1724);
#65=PLANE('',#1725);
#66=PLANE('',#1726);
#67=PLANE('',#1727);
#68=PLANE('',#1728);
#69=PLANE('',#1729);
#70=PLANE('',#1730);
#71=PLANE('',#1731);
#72=PLANE('',#1732);
#73=PLANE('',#1733);
#74=PLANE('',#1734);
#75=PLANE('',#1735);
#76=PLANE('',#1739);
#77=PLANE('',#1743);
#78=PLANE('',#1744);
#79=PLANE('',#1745);
#80=PLANE('',#1746);
#81=PLANE('',#1747);
#82=PLANE('',#1748);
#83=PLANE('',#1749);
#84=PLANE('',#1750);
#85=PLANE('',#1751);
#86=PLANE('',#1752);
#87=PLANE('',#1753);
#88=PLANE('',#1754);
#89=PLANE('',#1755);
#90=PLANE('',#1756);
#91=PLANE('',#1757);
#92=PLANE('',#1758);
#93=PLANE('',#1759);
#94=PLANE('',#1760);
#95=PLANE('',#1761);
#96=PLANE('',#1762);
#97=PLANE('',#1766);
#98=PLANE('',#1770);
#99=PLANE('',#1771);
#100=PLANE('',#1778);
#101=PLANE('',#1779);
#102=PLANE('',#1784);
#103=PLANE('',#1785);
#104=PLANE('',#1786);
#105=TOROIDAL_SURFACE('',#1670,3.8,1.2);
#106=TOROIDAL_SURFACE('',#1676,3.8,1.2);
#107=TOROIDAL_SURFACE('',#1682,3.8,1.2);
#108=TOROIDAL_SURFACE('',#1688,3.8,1.2);
#109=FACE_OUTER_BOUND('',#197,.T.);
#110=FACE_OUTER_BOUND('',#198,.T.);
#111=FACE_OUTER_BOUND('',#199,.T.);
#112=FACE_OUTER_BOUND('',#200,.T.);
#113=FACE_OUTER_BOUND('',#201,.T.);
#114=FACE_OUTER_BOUND('',#202,.T.);
#115=FACE_OUTER_BOUND('',#203,.T.);
#116=FACE_OUTER_BOUND('',#204,.T.);
#117=FACE_OUTER_BOUND('',#205,.T.);
#118=FACE_OUTER_BOUND('',#206,.T.);
#119=FACE_OUTER_BOUND('',#209,.T.);
#120=FACE_OUTER_BOUND('',#210,.T.);
#121=FACE_OUTER_BOUND('',#211,.T.);
#122=FACE_OUTER_BOUND('',#213,.T.);
#123=FACE_OUTER_BOUND('',#214,.T.);
#124=FACE_OUTER_BOUND('',#215,.T.);
#125=FACE_OUTER_BOUND('',#216,.T.);
#126=FACE_OUTER_BOUND('',#217,.T.);
#127=FACE_OUTER_BOUND('',#218,.T.);
#128=FACE_OUTER_BOUND('',#219,.T.);
#129=FACE_OUTER_BOUND('',#220,.T.);
#130=FACE_OUTER_BOUND('',#221,.T.);
#131=FACE_OUTER_BOUND('',#223,.T.);
#132=FACE_OUTER_BOUND('',#224,.T.);
#133=FACE_OUTER_BOUND('',#225,.T.);
#134=FACE_OUTER_BOUND('',#226,.T.);
#135=FACE_OUTER_BOUND('',#227,.T.);
#136=FACE_OUTER_BOUND('',#228,.T.);
#137=FACE_OUTER_BOUND('',#229,.T.);
#138=FACE_OUTER_BOUND('',#230,.T.);
#139=FACE_OUTER_BOUND('',#231,.T.);
#140=FACE_OUTER_BOUND('',#232,.T.);
#141=FACE_OUTER_BOUND('',#233,.T.);
#142=FACE_OUTER_BOUND('',#234,.T.);
#143=FACE_OUTER_BOUND('',#235,.T.);
#144=FACE_OUTER_BOUND('',#236,.T.);
#145=FACE_OUTER_BOUND('',#237,.T.);
#146=FACE_OUTER_BOUND('',#240,.T.);
#147=FACE_OUTER_BOUND('',#241,.T.);
#148=FACE_OUTER_BOUND('',#242,.T.);
#149=FACE_OUTER_BOUND('',#243,.T.);
#150=FACE_OUTER_BOUND('',#244,.T.);
#151=FACE_OUTER_BOUND('',#245,.T.);
#152=FACE_OUTER_BOUND('',#246,.T.);
#153=FACE_OUTER_BOUND('',#247,.T.);
#154=FACE_OUTER_BOUND('',#248,.T.);
#155=FACE_OUTER_BOUND('',#249,.T.);
#156=FACE_OUTER_BOUND('',#250,.T.);
#157=FACE_OUTER_BOUND('',#251,.T.);
#158=FACE_OUTER_BOUND('',#252,.T.);
#159=FACE_OUTER_BOUND('',#253,.T.);
#160=FACE_OUTER_BOUND('',#254,.T.);
#161=FACE_OUTER_BOUND('',#255,.T.);
#162=FACE_OUTER_BOUND('',#256,.T.);
#163=FACE_OUTER_BOUND('',#257,.T.);
#164=FACE_OUTER_BOUND('',#258,.T.);
#165=FACE_OUTER_BOUND('',#259,.T.);
#166=FACE_OUTER_BOUND('',#260,.T.);
#167=FACE_OUTER_BOUND('',#261,.T.);
#168=FACE_OUTER_BOUND('',#262,.T.);
#169=FACE_OUTER_BOUND('',#263,.T.);
#170=FACE_OUTER_BOUND('',#264,.T.);
#171=FACE_OUTER_BOUND('',#265,.T.);
#172=FACE_OUTER_BOUND('',#266,.T.);
#173=FACE_OUTER_BOUND('',#267,.T.);
#174=FACE_OUTER_BOUND('',#268,.T.);
#175=FACE_OUTER_BOUND('',#269,.T.);
#176=FACE_OUTER_BOUND('',#270,.T.);
#177=FACE_OUTER_BOUND('',#272,.T.);
#178=FACE_OUTER_BOUND('',#273,.T.);
#179=FACE_OUTER_BOUND('',#274,.T.);
#180=FACE_OUTER_BOUND('',#275,.T.);
#181=FACE_OUTER_BOUND('',#276,.T.);
#182=FACE_OUTER_BOUND('',#277,.T.);
#183=FACE_OUTER_BOUND('',#278,.T.);
#184=FACE_OUTER_BOUND('',#279,.T.);
#185=FACE_OUTER_BOUND('',#280,.T.);
#186=FACE_OUTER_BOUND('',#281,.T.);
#187=FACE_OUTER_BOUND('',#285,.T.);
#188=FACE_OUTER_BOUND('',#289,.T.);
#189=FACE_OUTER_BOUND('',#290,.T.);
#190=FACE_OUTER_BOUND('',#291,.T.);
#191=FACE_OUTER_BOUND('',#293,.T.);
#192=FACE_OUTER_BOUND('',#297,.T.);
#193=FACE_OUTER_BOUND('',#298,.T.);
#194=FACE_OUTER_BOUND('',#299,.T.);
#195=FACE_OUTER_BOUND('',#301,.T.);
#196=FACE_OUTER_BOUND('',#303,.T.);
#197=EDGE_LOOP('',(#1099,#1100,#1101,#1102));
#198=EDGE_LOOP('',(#1103,#1104,#1105,#1106));
#199=EDGE_LOOP('',(#1107,#1108,#1109,#1110));
#200=EDGE_LOOP('',(#1111,#1112,#1113,#1114));
#201=EDGE_LOOP('',(#1115,#1116,#1117,#1118));
#202=EDGE_LOOP('',(#1119,#1120,#1121,#1122));
#203=EDGE_LOOP('',(#1123,#1124,#1125,#1126));
#204=EDGE_LOOP('',(#1127,#1128,#1129,#1130));
#205=EDGE_LOOP('',(#1131,#1132,#1133,#1134));
#206=EDGE_LOOP('',(#1135,#1136,#1137,#1138));
#207=EDGE_LOOP('',(#1139,#1140,#1141,#1142,#1143,#1144));
#208=EDGE_LOOP('',(#1145,#1146,#1147,#1148));
#209=EDGE_LOOP('',(#1149,#1150,#1151,#1152));
#210=EDGE_LOOP('',(#1153,#1154,#1155,#1156));
#211=EDGE_LOOP('',(#1157,#1158,#1159,#1160,#1161,#1162,#1163,#1164));
#212=EDGE_LOOP('',(#1165,#1166,#1167,#1168));
#213=EDGE_LOOP('',(#1169,#1170,#1171,#1172));
#214=EDGE_LOOP('',(#1173,#1174,#1175,#1176));
#215=EDGE_LOOP('',(#1177,#1178,#1179,#1180));
#216=EDGE_LOOP('',(#1181,#1182,#1183,#1184));
#217=EDGE_LOOP('',(#1185,#1186,#1187,#1188));
#218=EDGE_LOOP('',(#1189,#1190,#1191,#1192));
#219=EDGE_LOOP('',(#1193,#1194,#1195,#1196));
#220=EDGE_LOOP('',(#1197,#1198,#1199,#1200));
#221=EDGE_LOOP('',(#1201,#1202,#1203,#1204));
#222=EDGE_LOOP('',(#1205,#1206,#1207,#1208));
#223=EDGE_LOOP('',(#1209,#1210,#1211,#1212));
#224=EDGE_LOOP('',(#1213,#1214,#1215,#1216));
#225=EDGE_LOOP('',(#1217,#1218,#1219,#1220));
#226=EDGE_LOOP('',(#1221,#1222,#1223,#1224));
#227=EDGE_LOOP('',(#1225,#1226,#1227,#1228));
#228=EDGE_LOOP('',(#1229,#1230,#1231,#1232));
#229=EDGE_LOOP('',(#1233,#1234,#1235,#1236));
#230=EDGE_LOOP('',(#1237,#1238,#1239,#1240));
#231=EDGE_LOOP('',(#1241,#1242,#1243,#1244));
#232=EDGE_LOOP('',(#1245,#1246,#1247,#1248));
#233=EDGE_LOOP('',(#1249,#1250,#1251,#1252));
#234=EDGE_LOOP('',(#1253,#1254,#1255,#1256));
#235=EDGE_LOOP('',(#1257,#1258,#1259,#1260));
#236=EDGE_LOOP('',(#1261,#1262,#1263,#1264));
#237=EDGE_LOOP('',(#1265,#1266,#1267,#1268,#1269,#1270));
#238=EDGE_LOOP('',(#1271,#1272,#1273,#1274));
#239=EDGE_LOOP('',(#1275,#1276,#1277,#1278));
#240=EDGE_LOOP('',(#1279,#1280,#1281,#1282));
#241=EDGE_LOOP('',(#1283,#1284,#1285,#1286));
#242=EDGE_LOOP('',(#1287,#1288,#1289,#1290));
#243=EDGE_LOOP('',(#1291,#1292,#1293,#1294));
#244=EDGE_LOOP('',(#1295,#1296,#1297,#1298));
#245=EDGE_LOOP('',(#1299,#1300,#1301,#1302));
#246=EDGE_LOOP('',(#1303,#1304,#1305,#1306));
#247=EDGE_LOOP('',(#1307,#1308,#1309,#1310));
#248=EDGE_LOOP('',(#1311,#1312,#1313,#1314));
#249=EDGE_LOOP('',(#1315,#1316,#1317,#1318));
#250=EDGE_LOOP('',(#1319,#1320,#1321,#1322));
#251=EDGE_LOOP('',(#1323,#1324,#1325,#1326));
#252=EDGE_LOOP('',(#1327,#1328,#1329,#1330));
#253=EDGE_LOOP('',(#1331,#1332,#1333,#1334));
#254=EDGE_LOOP('',(#1335,#1336,#1337,#1338));
#255=EDGE_LOOP('',(#1339,#1340,#1341,#1342));
#256=EDGE_LOOP('',(#1343,#1344,#1345,#1346));
#257=EDGE_LOOP('',(#1347,#1348,#1349,#1350));
#258=EDGE_LOOP('',(#1351,#1352,#1353,#1354));
#259=EDGE_LOOP('',(#1355,#1356,#1357,#1358));
#260=EDGE_LOOP('',(#1359,#1360,#1361,#1362));
#261=EDGE_LOOP('',(#1363,#1364,#1365,#1366));
#262=EDGE_LOOP('',(#1367,#1368,#1369,#1370));
#263=EDGE_LOOP('',(#1371,#1372,#1373,#1374));
#264=EDGE_LOOP('',(#1375,#1376,#1377,#1378));
#265=EDGE_LOOP('',(#1379,#1380,#1381,#1382));
#266=EDGE_LOOP('',(#1383,#1384,#1385,#1386));
#267=EDGE_LOOP('',(#1387,#1388,#1389,#1390));
#268=EDGE_LOOP('',(#1391,#1392,#1393,#1394));
#269=EDGE_LOOP('',(#1395,#1396,#1397,#1398));
#270=EDGE_LOOP('',(#1399,#1400,#1401,#1402));
#271=EDGE_LOOP('',(#1403,#1404,#1405,#1406));
#272=EDGE_LOOP('',(#1407,#1408,#1409,#1410));
#273=EDGE_LOOP('',(#1411,#1412,#1413,#1414));
#274=EDGE_LOOP('',(#1415,#1416,#1417,#1418));
#275=EDGE_LOOP('',(#1419,#1420,#1421,#1422));
#276=EDGE_LOOP('',(#1423,#1424,#1425,#1426));
#277=EDGE_LOOP('',(#1427,#1428,#1429,#1430));
#278=EDGE_LOOP('',(#1431,#1432,#1433,#1434));
#279=EDGE_LOOP('',(#1435,#1436,#1437,#1438));
#280=EDGE_LOOP('',(#1439,#1440,#1441,#1442));
#281=EDGE_LOOP('',(#1443,#1444,#1445,#1446));
#282=EDGE_LOOP('',(#1447,#1448,#1449,#1450));
#283=EDGE_LOOP('',(#1451,#1452,#1453,#1454));
#284=EDGE_LOOP('',(#1455,#1456,#1457,#1458));
#285=EDGE_LOOP('',(#1459,#1460,#1461,#1462,#1463,#1464,#1465,#1466));
#286=EDGE_LOOP('',(#1467,#1468,#1469,#1470));
#287=EDGE_LOOP('',(#1471,#1472,#1473,#1474));
#288=EDGE_LOOP('',(#1475,#1476,#1477,#1478));
#289=EDGE_LOOP('',(#1479,#1480,#1481,#1482));
#290=EDGE_LOOP('',(#1483,#1484,#1485,#1486));
#291=EDGE_LOOP('',(#1487,#1488,#1489,#1490));
#292=EDGE_LOOP('',(#1491,#1492,#1493,#1494));
#293=EDGE_LOOP('',(#1495,#1496,#1497,#1498));
#294=EDGE_LOOP('',(#1499,#1500,#1501,#1502));
#295=EDGE_LOOP('',(#1503,#1504,#1505,#1506));
#296=EDGE_LOOP('',(#1507,#1508,#1509,#1510));
#297=EDGE_LOOP('',(#1511,#1512,#1513,#1514));
#298=EDGE_LOOP('',(#1515,#1516,#1517,#1518));
#299=EDGE_LOOP('',(#1519,#1520,#1521,#1522,#1523,#1524,#1525,#1526));
#300=EDGE_LOOP('',(#1527,#1528,#1529,#1530,#1531,#1532,#1533,#1534));
#301=EDGE_LOOP('',(#1535,#1536,#1537,#1538));
#302=EDGE_LOOP('',(#1539,#1540,#1541,#1542));
#303=EDGE_LOOP('',(#1543,#1544,#1545,#1546));
#304=EDGE_LOOP('',(#1547,#1548,#1549,#1550));
#305=LINE('',#2229,#499);
#306=LINE('',#2232,#500);
#307=LINE('',#2243,#501);
#308=LINE('',#2244,#502);
#309=LINE('',#2255,#503);
#310=LINE('',#2256,#504);
#311=LINE('',#2267,#505);
#312=LINE('',#2268,#506);
#313=LINE('',#2274,#507);
#314=LINE('',#2277,#508);
#315=LINE('',#2280,#509);
#316=LINE('',#2281,#510);
#317=LINE('',#2284,#511);
#318=LINE('',#2286,#512);
#319=LINE('',#2288,#513);
#320=LINE('',#2290,#514);
#321=LINE('',#2292,#515);
#322=LINE('',#2293,#516);
#323=LINE('',#2296,#517);
#324=LINE('',#2298,#518);
#325=LINE('',#2300,#519);
#326=LINE('',#2301,#520);
#327=LINE('',#2304,#521);
#328=LINE('',#2308,#522);
#329=LINE('',#2309,#523);
#330=LINE('',#2313,#524);
#331=LINE('',#2315,#525);
#332=LINE('',#2317,#526);
#333=LINE('',#2318,#527);
#334=LINE('',#2322,#528);
#335=LINE('',#2324,#529);
#336=LINE('',#2326,#530);
#337=LINE('',#2327,#531);
#338=LINE('',#2330,#532);
#339=LINE('',#2332,#533);
#340=LINE('',#2333,#534);
#341=LINE('',#2336,#535);
#342=LINE('',#2338,#536);
#343=LINE('',#2339,#537);
#344=LINE('',#2341,#538);
#345=LINE('',#2342,#539);
#346=LINE('',#2345,#540);
#347=LINE('',#2347,#541);
#348=LINE('',#2348,#542);
#349=LINE('',#2351,#543);
#350=LINE('',#2352,#544);
#351=LINE('',#2355,#545);
#352=LINE('',#2356,#546);
#353=LINE('',#2358,#547);
#354=LINE('',#2362,#548);
#355=LINE('',#2364,#549);
#356=LINE('',#2366,#550);
#357=LINE('',#2367,#551);
#358=LINE('',#2371,#552);
#359=LINE('',#2372,#553);
#360=LINE('',#2373,#554);
#361=LINE('',#2376,#555);
#362=LINE('',#2377,#556);
#363=LINE('',#2380,#557);
#364=LINE('',#2381,#558);
#365=LINE('',#2383,#559);
#366=LINE('',#2386,#560);
#367=LINE('',#2388,#561);
#368=LINE('',#2389,#562);
#369=LINE('',#2392,#563);
#370=LINE('',#2393,#564);
#371=LINE('',#2396,#565);
#372=LINE('',#2397,#566);
#373=LINE('',#2401,#567);
#374=LINE('',#2403,#568);
#375=LINE('',#2405,#569);
#376=LINE('',#2406,#570);
#377=LINE('',#2409,#571);
#378=LINE('',#2411,#572);
#379=LINE('',#2412,#573);
#380=LINE('',#2415,#574);
#381=LINE('',#2417,#575);
#382=LINE('',#2418,#576);
#383=LINE('',#2420,#577);
#384=LINE('',#2421,#578);
#385=LINE('',#2424,#579);
#386=LINE('',#2425,#580);
#387=LINE('',#2428,#581);
#388=LINE('',#2429,#582);
#389=LINE('',#2431,#583);
#390=LINE('',#2435,#584);
#391=LINE('',#2437,#585);
#392=LINE('',#2439,#586);
#393=LINE('',#2440,#587);
#394=LINE('',#2444,#588);
#395=LINE('',#2445,#589);
#396=LINE('',#2446,#590);
#397=LINE('',#2449,#591);
#398=LINE('',#2450,#592);
#399=LINE('',#2453,#593);
#400=LINE('',#2454,#594);
#401=LINE('',#2456,#595);
#402=LINE('',#2460,#596);
#403=LINE('',#2462,#597);
#404=LINE('',#2464,#598);
#405=LINE('',#2465,#599);
#406=LINE('',#2468,#600);
#407=LINE('',#2470,#601);
#408=LINE('',#2471,#602);
#409=LINE('',#2474,#603);
#410=LINE('',#2476,#604);
#411=LINE('',#2477,#605);
#412=LINE('',#2479,#606);
#413=LINE('',#2480,#607);
#414=LINE('',#2485,#608);
#415=LINE('',#2487,#609);
#416=LINE('',#2489,#610);
#417=LINE('',#2490,#611);
#418=LINE('',#2493,#612);
#419=LINE('',#2495,#613);
#420=LINE('',#2496,#614);
#421=LINE('',#2499,#615);
#422=LINE('',#2501,#616);
#423=LINE('',#2502,#617);
#424=LINE('',#2504,#618);
#425=LINE('',#2505,#619);
#426=LINE('',#2512,#620);
#427=LINE('',#2515,#621);
#428=LINE('',#2518,#622);
#429=LINE('',#2520,#623);
#430=LINE('',#2521,#624);
#431=LINE('',#2527,#625);
#432=LINE('',#2529,#626);
#433=LINE('',#2530,#627);
#434=LINE('',#2534,#628);
#435=LINE('',#2536,#629);
#436=LINE('',#2538,#630);
#437=LINE('',#2539,#631);
#438=LINE('',#2542,#632);
#439=LINE('',#2544,#633);
#440=LINE('',#2545,#634);
#441=LINE('',#2548,#635);
#442=LINE('',#2549,#636);
#443=LINE('',#2552,#637);
#444=LINE('',#2553,#638);
#445=LINE('',#2555,#639);
#446=LINE('',#2559,#640);
#447=LINE('',#2561,#641);
#448=LINE('',#2563,#642);
#449=LINE('',#2564,#643);
#450=LINE('',#2567,#644);
#451=LINE('',#2569,#645);
#452=LINE('',#2570,#646);
#453=LINE('',#2573,#647);
#454=LINE('',#2574,#648);
#455=LINE('',#2577,#649);
#456=LINE('',#2578,#650);
#457=LINE('',#2580,#651);
#458=LINE('',#2583,#652);
#459=LINE('',#2585,#653);
#460=LINE('',#2586,#654);
#461=LINE('',#2589,#655);
#462=LINE('',#2590,#656);
#463=LINE('',#2593,#657);
#464=LINE('',#2594,#658);
#465=LINE('',#2597,#659);
#466=LINE('',#2599,#660);
#467=LINE('',#2601,#661);
#468=LINE('',#2602,#662);
#469=LINE('',#2604,#663);
#470=LINE('',#2608,#664);
#471=LINE('',#2610,#665);
#472=LINE('',#2611,#666);
#473=LINE('',#2614,#667);
#474=LINE('',#2615,#668);
#475=LINE('',#2618,#669);
#476=LINE('',#2619,#670);
#477=LINE('',#2621,#671);
#478=LINE('',#2627,#672);
#479=LINE('',#2630,#673);
#480=LINE('',#2633,#674);
#481=LINE('',#2635,#675);
#482=LINE('',#2636,#676);
#483=LINE('',#2642,#677);
#484=LINE('',#2645,#678);
#485=LINE('',#2647,#679);
#486=LINE('',#2648,#680);
#487=LINE('',#2651,#681);
#488=LINE('',#2655,#682);
#489=LINE('',#2661,#683);
#490=LINE('',#2662,#684);
#491=LINE('',#2666,#685);
#492=LINE('',#2668,#686);
#493=LINE('',#2670,#687);
#494=LINE('',#2673,#688);
#495=LINE('',#2677,#689);
#496=LINE('',#2680,#690);
#497=LINE('',#2682,#691);
#498=LINE('',#2683,#692);
#499=VECTOR('',#1793,10.);
#500=VECTOR('',#1796,10.);
#501=VECTOR('',#1809,10.);
#502=VECTOR('',#1810,10.);
#503=VECTOR('',#1823,10.);
#504=VECTOR('',#1824,10.);
#505=VECTOR('',#1837,10.);
#506=VECTOR('',#1838,10.);
#507=VECTOR('',#1847,10.);
#508=VECTOR('',#1850,10.);
#509=VECTOR('',#1853,10.);
#510=VECTOR('',#1854,10.);
#511=VECTOR('',#1855,10.);
#512=VECTOR('',#1856,10.);
#513=VECTOR('',#1857,10.);
#514=VECTOR('',#1858,10.);
#515=VECTOR('',#1859,10.);
#516=VECTOR('',#1860,10.);
#517=VECTOR('',#1861,10.);
#518=VECTOR('',#1862,10.);
#519=VECTOR('',#1863,10.);
#520=VECTOR('',#1864,10.);
#521=VECTOR('',#1867,10.);
#522=VECTOR('',#1872,10.);
#523=VECTOR('',#1873,10.);
#524=VECTOR('',#1876,10.);
#525=VECTOR('',#1877,10.);
#526=VECTOR('',#1878,10.);
#527=VECTOR('',#1879,10.);
#528=VECTOR('',#1882,10.);
#529=VECTOR('',#1883,10.);
#530=VECTOR('',#1884,10.);
#531=VECTOR('',#1885,10.);
#532=VECTOR('',#1888,10.);
#533=VECTOR('',#1889,10.);
#534=VECTOR('',#1890,10.);
#535=VECTOR('',#1893,10.);
#536=VECTOR('',#1894,10.);
#537=VECTOR('',#1895,10.);
#538=VECTOR('',#1898,10.);
#539=VECTOR('',#1899,10.);
#540=VECTOR('',#1902,10.);
#541=VECTOR('',#1903,10.);
#542=VECTOR('',#1904,10.);
#543=VECTOR('',#1907,10.);
#544=VECTOR('',#1908,10.);
#545=VECTOR('',#1911,10.);
#546=VECTOR('',#1912,10.);
#547=VECTOR('',#1915,10.);
#548=VECTOR('',#1918,10.);
#549=VECTOR('',#1919,10.);
#550=VECTOR('',#1920,10.);
#551=VECTOR('',#1921,10.);
#552=VECTOR('',#1924,10.);
#553=VECTOR('',#1925,10.);
#554=VECTOR('',#1926,10.);
#555=VECTOR('',#1929,10.);
#556=VECTOR('',#1930,10.);
#557=VECTOR('',#1933,10.);
#558=VECTOR('',#1934,10.);
#559=VECTOR('',#1937,10.);
#560=VECTOR('',#1940,10.);
#561=VECTOR('',#1941,10.);
#562=VECTOR('',#1942,10.);
#563=VECTOR('',#1945,10.);
#564=VECTOR('',#1946,10.);
#565=VECTOR('',#1949,10.);
#566=VECTOR('',#1950,10.);
#567=VECTOR('',#1953,10.);
#568=VECTOR('',#1954,10.);
#569=VECTOR('',#1955,10.);
#570=VECTOR('',#1956,10.);
#571=VECTOR('',#1959,10.);
#572=VECTOR('',#1960,10.);
#573=VECTOR('',#1961,10.);
#574=VECTOR('',#1964,10.);
#575=VECTOR('',#1965,10.);
#576=VECTOR('',#1966,10.);
#577=VECTOR('',#1969,10.);
#578=VECTOR('',#1970,10.);
#579=VECTOR('',#1973,10.);
#580=VECTOR('',#1974,10.);
#581=VECTOR('',#1977,10.);
#582=VECTOR('',#1978,10.);
#583=VECTOR('',#1981,10.);
#584=VECTOR('',#1984,10.);
#585=VECTOR('',#1985,10.);
#586=VECTOR('',#1986,10.);
#587=VECTOR('',#1987,10.);
#588=VECTOR('',#1990,10.);
#589=VECTOR('',#1991,10.);
#590=VECTOR('',#1992,10.);
#591=VECTOR('',#1995,10.);
#592=VECTOR('',#1996,10.);
#593=VECTOR('',#1999,10.);
#594=VECTOR('',#2000,10.);
#595=VECTOR('',#2003,10.);
#596=VECTOR('',#2006,10.);
#597=VECTOR('',#2007,10.);
#598=VECTOR('',#2008,10.);
#599=VECTOR('',#2009,10.);
#600=VECTOR('',#2012,10.);
#601=VECTOR('',#2013,10.);
#602=VECTOR('',#2014,10.);
#603=VECTOR('',#2017,10.);
#604=VECTOR('',#2018,10.);
#605=VECTOR('',#2019,10.);
#606=VECTOR('',#2022,10.);
#607=VECTOR('',#2023,10.);
#608=VECTOR('',#2028,10.);
#609=VECTOR('',#2029,10.);
#610=VECTOR('',#2030,10.);
#611=VECTOR('',#2031,10.);
#612=VECTOR('',#2034,10.);
#613=VECTOR('',#2035,10.);
#614=VECTOR('',#2036,10.);
#615=VECTOR('',#2039,10.);
#616=VECTOR('',#2040,10.);
#617=VECTOR('',#2041,10.);
#618=VECTOR('',#2044,10.);
#619=VECTOR('',#2045,10.);
#620=VECTOR('',#2052,10.);
#621=VECTOR('',#2055,10.);
#622=VECTOR('',#2058,10.);
#623=VECTOR('',#2059,10.);
#624=VECTOR('',#2060,10.);
#625=VECTOR('',#2067,10.);
#626=VECTOR('',#2070,10.);
#627=VECTOR('',#2071,10.);
#628=VECTOR('',#2074,10.);
#629=VECTOR('',#2075,10.);
#630=VECTOR('',#2076,10.);
#631=VECTOR('',#2077,10.);
#632=VECTOR('',#2080,10.);
#633=VECTOR('',#2081,10.);
#634=VECTOR('',#2082,10.);
#635=VECTOR('',#2085,10.);
#636=VECTOR('',#2086,10.);
#637=VECTOR('',#2089,10.);
#638=VECTOR('',#2090,10.);
#639=VECTOR('',#2093,10.);
#640=VECTOR('',#2096,10.);
#641=VECTOR('',#2097,10.);
#642=VECTOR('',#2098,10.);
#643=VECTOR('',#2099,10.);
#644=VECTOR('',#2102,10.);
#645=VECTOR('',#2103,10.);
#646=VECTOR('',#2104,10.);
#647=VECTOR('',#2107,10.);
#648=VECTOR('',#2108,10.);
#649=VECTOR('',#2111,10.);
#650=VECTOR('',#2112,10.);
#651=VECTOR('',#2115,10.);
#652=VECTOR('',#2118,10.);
#653=VECTOR('',#2119,10.);
#654=VECTOR('',#2120,10.);
#655=VECTOR('',#2123,10.);
#656=VECTOR('',#2124,10.);
#657=VECTOR('',#2127,10.);
#658=VECTOR('',#2128,10.);
#659=VECTOR('',#2129,10.);
#660=VECTOR('',#2130,10.);
#661=VECTOR('',#2131,10.);
#662=VECTOR('',#2132,10.);
#663=VECTOR('',#2135,10.);
#664=VECTOR('',#2140,10.);
#665=VECTOR('',#2141,10.);
#666=VECTOR('',#2142,10.);
#667=VECTOR('',#2145,10.);
#668=VECTOR('',#2146,10.);
#669=VECTOR('',#2149,10.);
#670=VECTOR('',#2150,10.);
#671=VECTOR('',#2153,10.);
#672=VECTOR('',#2158,10.);
#673=VECTOR('',#2161,10.);
#674=VECTOR('',#2164,10.);
#675=VECTOR('',#2165,10.);
#676=VECTOR('',#2166,10.);
#677=VECTOR('',#2173,10.);
#678=VECTOR('',#2176,10.);
#679=VECTOR('',#2177,10.);
#680=VECTOR('',#2178,10.);
#681=VECTOR('',#2181,10.);
#682=VECTOR('',#2184,10.);
#683=VECTOR('',#2191,10.);
#684=VECTOR('',#2192,10.);
#685=VECTOR('',#2197,10.);
#686=VECTOR('',#2200,10.);
#687=VECTOR('',#2203,10.);
#688=VECTOR('',#2206,10.);
#689=VECTOR('',#2211,10.);
#690=VECTOR('',#2214,10.);
#691=VECTOR('',#2217,10.);
#692=VECTOR('',#2218,10.);
#693=CIRCLE('',#1668,1.2);
#694=CIRCLE('',#1669,1.2);
#695=CIRCLE('',#1671,1.2);
#696=CIRCLE('',#1672,3.8);
#697=CIRCLE('',#1673,5.);
#698=CIRCLE('',#1675,1.2);
#699=CIRCLE('',#1677,1.2);
#700=CIRCLE('',#1678,3.8);
#701=CIRCLE('',#1679,5.);
#702=CIRCLE('',#1681,1.2);
#703=CIRCLE('',#1683,1.20000000000001);
#704=CIRCLE('',#1684,3.8);
#705=CIRCLE('',#1685,5.);
#706=CIRCLE('',#1687,1.19999999999999);
#707=CIRCLE('',#1689,3.8);
#708=CIRCLE('',#1690,5.);
#709=CIRCLE('',#1692,5.);
#710=CIRCLE('',#1695,5.);
#711=CIRCLE('',#1737,3.7);
#712=CIRCLE('',#1738,3.7);
#713=CIRCLE('',#1741,3.7);
#714=CIRCLE('',#1742,3.7);
#715=CIRCLE('',#1764,3.);
#716=CIRCLE('',#1765,3.);
#717=CIRCLE('',#1768,3.);
#718=CIRCLE('',#1769,3.);
#719=CIRCLE('',#1772,3.);
#720=CIRCLE('',#1773,3.);
#721=CIRCLE('',#1775,3.);
#722=CIRCLE('',#1777,3.);
#723=CIRCLE('',#1781,5.);
#724=CIRCLE('',#1783,5.);
#725=VERTEX_POINT('',#2225);
#726=VERTEX_POINT('',#2226);
#727=VERTEX_POINT('',#2228);
#728=VERTEX_POINT('',#2230);
#729=VERTEX_POINT('',#2234);
#730=VERTEX_POINT('',#2235);
#731=VERTEX_POINT('',#2240);
#732=VERTEX_POINT('',#2241);
#733=VERTEX_POINT('',#2246);
#734=VERTEX_POINT('',#2247);
#735=VERTEX_POINT('',#2252);
#736=VERTEX_POINT('',#2253);
#737=VERTEX_POINT('',#2258);
#738=VERTEX_POINT('',#2259);
#739=VERTEX_POINT('',#2264);
#740=VERTEX_POINT('',#2265);
#741=VERTEX_POINT('',#2273);
#742=VERTEX_POINT('',#2275);
#743=VERTEX_POINT('',#2279);
#744=VERTEX_POINT('',#2282);
#745=VERTEX_POINT('',#2283);
#746=VERTEX_POINT('',#2285);
#747=VERTEX_POINT('',#2287);
#748=VERTEX_POINT('',#2289);
#749=VERTEX_POINT('',#2291);
#750=VERTEX_POINT('',#2294);
#751=VERTEX_POINT('',#2295);
#752=VERTEX_POINT('',#2297);
#753=VERTEX_POINT('',#2299);
#754=VERTEX_POINT('',#2303);
#755=VERTEX_POINT('',#2307);
#756=VERTEX_POINT('',#2311);
#757=VERTEX_POINT('',#2312);
#758=VERTEX_POINT('',#2314);
#759=VERTEX_POINT('',#2316);
#760=VERTEX_POINT('',#2320);
#761=VERTEX_POINT('',#2321);
#762=VERTEX_POINT('',#2323);
#763=VERTEX_POINT('',#2325);
#764=VERTEX_POINT('',#2329);
#765=VERTEX_POINT('',#2331);
#766=VERTEX_POINT('',#2335);
#767=VERTEX_POINT('',#2337);
#768=VERTEX_POINT('',#2344);
#769=VERTEX_POINT('',#2346);
#770=VERTEX_POINT('',#2350);
#771=VERTEX_POINT('',#2354);
#772=VERTEX_POINT('',#2360);
#773=VERTEX_POINT('',#2361);
#774=VERTEX_POINT('',#2363);
#775=VERTEX_POINT('',#2365);
#776=VERTEX_POINT('',#2369);
#777=VERTEX_POINT('',#2370);
#778=VERTEX_POINT('',#2375);
#779=VERTEX_POINT('',#2379);
#780=VERTEX_POINT('',#2385);
#781=VERTEX_POINT('',#2387);
#782=VERTEX_POINT('',#2391);
#783=VERTEX_POINT('',#2395);
#784=VERTEX_POINT('',#2399);
#785=VERTEX_POINT('',#2400);
#786=VERTEX_POINT('',#2402);
#787=VERTEX_POINT('',#2404);
#788=VERTEX_POINT('',#2408);
#789=VERTEX_POINT('',#2410);
#790=VERTEX_POINT('',#2414);
#791=VERTEX_POINT('',#2416);
#792=VERTEX_POINT('',#2423);
#793=VERTEX_POINT('',#2427);
#794=VERTEX_POINT('',#2433);
#795=VERTEX_POINT('',#2434);
#796=VERTEX_POINT('',#2436);
#797=VERTEX_POINT('',#2438);
#798=VERTEX_POINT('',#2442);
#799=VERTEX_POINT('',#2443);
#800=VERTEX_POINT('',#2448);
#801=VERTEX_POINT('',#2452);
#802=VERTEX_POINT('',#2458);
#803=VERTEX_POINT('',#2459);
#804=VERTEX_POINT('',#2461);
#805=VERTEX_POINT('',#2463);
#806=VERTEX_POINT('',#2467);
#807=VERTEX_POINT('',#2469);
#808=VERTEX_POINT('',#2473);
#809=VERTEX_POINT('',#2475);
#810=VERTEX_POINT('',#2483);
#811=VERTEX_POINT('',#2484);
#812=VERTEX_POINT('',#2486);
#813=VERTEX_POINT('',#2488);
#814=VERTEX_POINT('',#2492);
#815=VERTEX_POINT('',#2494);
#816=VERTEX_POINT('',#2498);
#817=VERTEX_POINT('',#2500);
#818=VERTEX_POINT('',#2508);
#819=VERTEX_POINT('',#2509);
#820=VERTEX_POINT('',#2511);
#821=VERTEX_POINT('',#2513);
#822=VERTEX_POINT('',#2517);
#823=VERTEX_POINT('',#2519);
#824=VERTEX_POINT('',#2523);
#825=VERTEX_POINT('',#2525);
#826=VERTEX_POINT('',#2532);
#827=VERTEX_POINT('',#2533);
#828=VERTEX_POINT('',#2535);
#829=VERTEX_POINT('',#2537);
#830=VERTEX_POINT('',#2541);
#831=VERTEX_POINT('',#2543);
#832=VERTEX_POINT('',#2547);
#833=VERTEX_POINT('',#2551);
#834=VERTEX_POINT('',#2557);
#835=VERTEX_POINT('',#2558);
#836=VERTEX_POINT('',#2560);
#837=VERTEX_POINT('',#2562);
#838=VERTEX_POINT('',#2566);
#839=VERTEX_POINT('',#2568);
#840=VERTEX_POINT('',#2572);
#841=VERTEX_POINT('',#2576);
#842=VERTEX_POINT('',#2582);
#843=VERTEX_POINT('',#2584);
#844=VERTEX_POINT('',#2588);
#845=VERTEX_POINT('',#2592);
#846=VERTEX_POINT('',#2595);
#847=VERTEX_POINT('',#2596);
#848=VERTEX_POINT('',#2598);
#849=VERTEX_POINT('',#2600);
#850=VERTEX_POINT('',#2607);
#851=VERTEX_POINT('',#2609);
#852=VERTEX_POINT('',#2613);
#853=VERTEX_POINT('',#2617);
#854=VERTEX_POINT('',#2623);
#855=VERTEX_POINT('',#2624);
#856=VERTEX_POINT('',#2626);
#857=VERTEX_POINT('',#2628);
#858=VERTEX_POINT('',#2632);
#859=VERTEX_POINT('',#2634);
#860=VERTEX_POINT('',#2638);
#861=VERTEX_POINT('',#2640);
#862=VERTEX_POINT('',#2644);
#863=VERTEX_POINT('',#2646);
#864=VERTEX_POINT('',#2650);
#865=VERTEX_POINT('',#2652);
#866=VERTEX_POINT('',#2654);
#867=VERTEX_POINT('',#2658);
#868=VERTEX_POINT('',#2659);
#869=VERTEX_POINT('',#2664);
#870=VERTEX_POINT('',#2672);
#871=VERTEX_POINT('',#2676);
#872=VERTEX_POINT('',#2678);
#873=EDGE_CURVE('',#725,#726,#693,.T.);
#874=EDGE_CURVE('',#726,#727,#305,.T.);
#875=EDGE_CURVE('',#727,#728,#694,.T.);
#876=EDGE_CURVE('',#728,#725,#306,.T.);
#877=EDGE_CURVE('',#729,#730,#695,.T.);
#878=EDGE_CURVE('',#730,#728,#696,.T.);
#879=EDGE_CURVE('',#727,#729,#697,.T.);
#880=EDGE_CURVE('',#731,#732,#698,.T.);
#881=EDGE_CURVE('',#732,#730,#307,.T.);
#882=EDGE_CURVE('',#729,#731,#308,.T.);
#883=EDGE_CURVE('',#733,#734,#699,.T.);
#884=EDGE_CURVE('',#734,#732,#700,.T.);
#885=EDGE_CURVE('',#731,#733,#701,.T.);
#886=EDGE_CURVE('',#735,#736,#702,.T.);
#887=EDGE_CURVE('',#736,#734,#309,.T.);
#888=EDGE_CURVE('',#733,#735,#310,.T.);
#889=EDGE_CURVE('',#737,#738,#703,.T.);
#890=EDGE_CURVE('',#738,#736,#704,.T.);
#891=EDGE_CURVE('',#735,#737,#705,.T.);
#892=EDGE_CURVE('',#739,#740,#706,.T.);
#893=EDGE_CURVE('',#740,#738,#311,.T.);
#894=EDGE_CURVE('',#737,#739,#312,.T.);
#895=EDGE_CURVE('',#725,#740,#707,.T.);
#896=EDGE_CURVE('',#739,#726,#708,.T.);
#897=EDGE_CURVE('',#731,#741,#313,.T.);
#898=EDGE_CURVE('',#742,#741,#709,.T.);
#899=EDGE_CURVE('',#733,#742,#314,.T.);
#900=EDGE_CURVE('',#729,#743,#315,.T.);
#901=EDGE_CURVE('',#741,#743,#316,.T.);
#902=EDGE_CURVE('',#744,#745,#317,.T.);
#903=EDGE_CURVE('',#745,#746,#318,.T.);
#904=EDGE_CURVE('',#746,#747,#319,.T.);
#905=EDGE_CURVE('',#747,#748,#320,.T.);
#906=EDGE_CURVE('',#748,#749,#321,.T.);
#907=EDGE_CURVE('',#749,#744,#322,.T.);
#908=EDGE_CURVE('',#750,#751,#323,.T.);
#909=EDGE_CURVE('',#751,#752,#324,.T.);
#910=EDGE_CURVE('',#752,#753,#325,.T.);
#911=EDGE_CURVE('',#753,#750,#326,.T.);
#912=EDGE_CURVE('',#727,#754,#327,.T.);
#913=EDGE_CURVE('',#743,#754,#710,.T.);
#914=EDGE_CURVE('',#726,#755,#328,.T.);
#915=EDGE_CURVE('',#754,#755,#329,.T.);
#916=EDGE_CURVE('',#756,#757,#330,.T.);
#917=EDGE_CURVE('',#757,#758,#331,.T.);
#918=EDGE_CURVE('',#758,#759,#332,.T.);
#919=EDGE_CURVE('',#759,#756,#333,.T.);
#920=EDGE_CURVE('',#760,#761,#334,.T.);
#921=EDGE_CURVE('',#762,#760,#335,.T.);
#922=EDGE_CURVE('',#763,#762,#336,.T.);
#923=EDGE_CURVE('',#761,#763,#337,.T.);
#924=EDGE_CURVE('',#761,#764,#338,.T.);
#925=EDGE_CURVE('',#765,#763,#339,.T.);
#926=EDGE_CURVE('',#765,#764,#340,.T.);
#927=EDGE_CURVE('',#764,#766,#341,.T.);
#928=EDGE_CURVE('',#767,#765,#342,.T.);
#929=EDGE_CURVE('',#766,#767,#343,.T.);
#930=EDGE_CURVE('',#766,#760,#344,.T.);
#931=EDGE_CURVE('',#762,#767,#345,.T.);
#932=EDGE_CURVE('',#768,#752,#346,.T.);
#933=EDGE_CURVE('',#769,#768,#347,.T.);
#934=EDGE_CURVE('',#753,#769,#348,.T.);
#935=EDGE_CURVE('',#769,#770,#349,.T.);
#936=EDGE_CURVE('',#770,#750,#350,.T.);
#937=EDGE_CURVE('',#771,#770,#351,.T.);
#938=EDGE_CURVE('',#751,#771,#352,.T.);
#939=EDGE_CURVE('',#768,#771,#353,.T.);
#940=EDGE_CURVE('',#772,#773,#354,.T.);
#941=EDGE_CURVE('',#773,#774,#355,.T.);
#942=EDGE_CURVE('',#774,#775,#356,.T.);
#943=EDGE_CURVE('',#772,#775,#357,.T.);
#944=EDGE_CURVE('',#776,#777,#358,.T.);
#945=EDGE_CURVE('',#773,#776,#359,.T.);
#946=EDGE_CURVE('',#777,#772,#360,.T.);
#947=EDGE_CURVE('',#777,#778,#361,.T.);
#948=EDGE_CURVE('',#775,#778,#362,.T.);
#949=EDGE_CURVE('',#778,#779,#363,.T.);
#950=EDGE_CURVE('',#779,#774,#364,.T.);
#951=EDGE_CURVE('',#779,#776,#365,.T.);
#952=EDGE_CURVE('',#780,#744,#366,.T.);
#953=EDGE_CURVE('',#781,#780,#367,.T.);
#954=EDGE_CURVE('',#745,#781,#368,.T.);
#955=EDGE_CURVE('',#749,#782,#369,.T.);
#956=EDGE_CURVE('',#782,#780,#370,.T.);
#957=EDGE_CURVE('',#781,#783,#371,.T.);
#958=EDGE_CURVE('',#783,#746,#372,.T.);
#959=EDGE_CURVE('',#784,#785,#373,.T.);
#960=EDGE_CURVE('',#786,#784,#374,.T.);
#961=EDGE_CURVE('',#787,#786,#375,.T.);
#962=EDGE_CURVE('',#785,#787,#376,.T.);
#963=EDGE_CURVE('',#785,#788,#377,.T.);
#964=EDGE_CURVE('',#787,#789,#378,.T.);
#965=EDGE_CURVE('',#789,#788,#379,.T.);
#966=EDGE_CURVE('',#788,#790,#380,.T.);
#967=EDGE_CURVE('',#791,#789,#381,.T.);
#968=EDGE_CURVE('',#790,#791,#382,.T.);
#969=EDGE_CURVE('',#790,#784,#383,.T.);
#970=EDGE_CURVE('',#786,#791,#384,.T.);
#971=EDGE_CURVE('',#792,#748,#385,.T.);
#972=EDGE_CURVE('',#782,#792,#386,.T.);
#973=EDGE_CURVE('',#793,#783,#387,.T.);
#974=EDGE_CURVE('',#747,#793,#388,.T.);
#975=EDGE_CURVE('',#792,#793,#389,.T.);
#976=EDGE_CURVE('',#794,#795,#390,.T.);
#977=EDGE_CURVE('',#795,#796,#391,.T.);
#978=EDGE_CURVE('',#797,#796,#392,.T.);
#979=EDGE_CURVE('',#797,#794,#393,.T.);
#980=EDGE_CURVE('',#798,#799,#394,.T.);
#981=EDGE_CURVE('',#794,#798,#395,.T.);
#982=EDGE_CURVE('',#799,#797,#396,.T.);
#983=EDGE_CURVE('',#799,#800,#397,.T.);
#984=EDGE_CURVE('',#796,#800,#398,.T.);
#985=EDGE_CURVE('',#800,#801,#399,.T.);
#986=EDGE_CURVE('',#801,#795,#400,.T.);
#987=EDGE_CURVE('',#801,#798,#401,.T.);
#988=EDGE_CURVE('',#802,#803,#402,.T.);
#989=EDGE_CURVE('',#804,#802,#403,.T.);
#990=EDGE_CURVE('',#805,#804,#404,.T.);
#991=EDGE_CURVE('',#803,#805,#405,.T.);
#992=EDGE_CURVE('',#806,#802,#406,.T.);
#993=EDGE_CURVE('',#806,#807,#407,.T.);
#994=EDGE_CURVE('',#807,#804,#408,.T.);
#995=EDGE_CURVE('',#803,#808,#409,.T.);
#996=EDGE_CURVE('',#805,#809,#410,.T.);
#997=EDGE_CURVE('',#809,#808,#411,.T.);
#998=EDGE_CURVE('',#808,#806,#412,.T.);
#999=EDGE_CURVE('',#809,#807,#413,.T.);
#1000=EDGE_CURVE('',#810,#811,#414,.T.);
#1001=EDGE_CURVE('',#812,#810,#415,.T.);
#1002=EDGE_CURVE('',#813,#812,#416,.T.);
#1003=EDGE_CURVE('',#811,#813,#417,.T.);
#1004=EDGE_CURVE('',#814,#810,#418,.T.);
#1005=EDGE_CURVE('',#814,#815,#419,.T.);
#1006=EDGE_CURVE('',#815,#812,#420,.T.);
#1007=EDGE_CURVE('',#811,#816,#421,.T.);
#1008=EDGE_CURVE('',#813,#817,#422,.T.);
#1009=EDGE_CURVE('',#817,#816,#423,.T.);
#1010=EDGE_CURVE('',#816,#814,#424,.T.);
#1011=EDGE_CURVE('',#817,#815,#425,.T.);
#1012=EDGE_CURVE('',#818,#819,#711,.T.);
#1013=EDGE_CURVE('',#818,#820,#426,.T.);
#1014=EDGE_CURVE('',#821,#820,#712,.T.);
#1015=EDGE_CURVE('',#821,#819,#427,.T.);
#1016=EDGE_CURVE('',#819,#822,#428,.T.);
#1017=EDGE_CURVE('',#823,#821,#429,.T.);
#1018=EDGE_CURVE('',#822,#823,#430,.T.);
#1019=EDGE_CURVE('',#822,#824,#713,.T.);
#1020=EDGE_CURVE('',#825,#823,#714,.T.);
#1021=EDGE_CURVE('',#825,#824,#431,.T.);
#1022=EDGE_CURVE('',#824,#818,#432,.T.);
#1023=EDGE_CURVE('',#820,#825,#433,.T.);
#1024=EDGE_CURVE('',#826,#827,#434,.T.);
#1025=EDGE_CURVE('',#828,#826,#435,.T.);
#1026=EDGE_CURVE('',#828,#829,#436,.T.);
#1027=EDGE_CURVE('',#829,#827,#437,.T.);
#1028=EDGE_CURVE('',#827,#830,#438,.T.);
#1029=EDGE_CURVE('',#829,#831,#439,.T.);
#1030=EDGE_CURVE('',#831,#830,#440,.T.);
#1031=EDGE_CURVE('',#832,#828,#441,.T.);
#1032=EDGE_CURVE('',#831,#832,#442,.T.);
#1033=EDGE_CURVE('',#830,#833,#443,.T.);
#1034=EDGE_CURVE('',#832,#833,#444,.T.);
#1035=EDGE_CURVE('',#833,#826,#445,.T.);
#1036=EDGE_CURVE('',#834,#835,#446,.T.);
#1037=EDGE_CURVE('',#836,#834,#447,.T.);
#1038=EDGE_CURVE('',#836,#837,#448,.T.);
#1039=EDGE_CURVE('',#837,#835,#449,.T.);
#1040=EDGE_CURVE('',#835,#838,#450,.T.);
#1041=EDGE_CURVE('',#837,#839,#451,.T.);
#1042=EDGE_CURVE('',#839,#838,#452,.T.);
#1043=EDGE_CURVE('',#840,#836,#453,.T.);
#1044=EDGE_CURVE('',#839,#840,#454,.T.);
#1045=EDGE_CURVE('',#838,#841,#455,.T.);
#1046=EDGE_CURVE('',#840,#841,#456,.T.);
#1047=EDGE_CURVE('',#841,#834,#457,.T.);
#1048=EDGE_CURVE('',#758,#842,#458,.T.);
#1049=EDGE_CURVE('',#842,#843,#459,.T.);
#1050=EDGE_CURVE('',#759,#843,#460,.T.);
#1051=EDGE_CURVE('',#843,#844,#461,.T.);
#1052=EDGE_CURVE('',#756,#844,#462,.T.);
#1053=EDGE_CURVE('',#845,#842,#463,.T.);
#1054=EDGE_CURVE('',#844,#845,#464,.T.);
#1055=EDGE_CURVE('',#846,#847,#465,.T.);
#1056=EDGE_CURVE('',#848,#846,#466,.T.);
#1057=EDGE_CURVE('',#849,#848,#467,.T.);
#1058=EDGE_CURVE('',#847,#849,#468,.T.);
#1059=EDGE_CURVE('',#757,#845,#469,.T.);
#1060=EDGE_CURVE('',#848,#850,#470,.T.);
#1061=EDGE_CURVE('',#851,#850,#471,.T.);
#1062=EDGE_CURVE('',#849,#851,#472,.T.);
#1063=EDGE_CURVE('',#846,#852,#473,.T.);
#1064=EDGE_CURVE('',#850,#852,#474,.T.);
#1065=EDGE_CURVE('',#847,#853,#475,.T.);
#1066=EDGE_CURVE('',#852,#853,#476,.T.);
#1067=EDGE_CURVE('',#853,#851,#477,.T.);
#1068=EDGE_CURVE('',#854,#855,#715,.T.);
#1069=EDGE_CURVE('',#856,#854,#478,.T.);
#1070=EDGE_CURVE('',#856,#857,#716,.T.);
#1071=EDGE_CURVE('',#857,#855,#479,.T.);
#1072=EDGE_CURVE('',#855,#858,#480,.T.);
#1073=EDGE_CURVE('',#857,#859,#481,.T.);
#1074=EDGE_CURVE('',#859,#858,#482,.T.);
#1075=EDGE_CURVE('',#858,#860,#717,.T.);
#1076=EDGE_CURVE('',#859,#861,#718,.T.);
#1077=EDGE_CURVE('',#861,#860,#483,.T.);
#1078=EDGE_CURVE('',#860,#862,#484,.T.);
#1079=EDGE_CURVE('',#861,#863,#485,.T.);
#1080=EDGE_CURVE('',#863,#862,#486,.T.);
#1081=EDGE_CURVE('',#864,#856,#487,.T.);
#1082=EDGE_CURVE('',#865,#864,#719,.T.);
#1083=EDGE_CURVE('',#866,#865,#488,.T.);
#1084=EDGE_CURVE('',#863,#866,#720,.T.);
#1085=EDGE_CURVE('',#867,#868,#721,.T.);
#1086=EDGE_CURVE('',#865,#867,#489,.T.);
#1087=EDGE_CURVE('',#864,#868,#490,.T.);
#1088=EDGE_CURVE('',#862,#869,#722,.T.);
#1089=EDGE_CURVE('',#866,#869,#491,.T.);
#1090=EDGE_CURVE('',#868,#854,#492,.T.);
#1091=EDGE_CURVE('',#869,#867,#493,.T.);
#1092=EDGE_CURVE('',#739,#870,#494,.T.);
#1093=EDGE_CURVE('',#755,#870,#723,.T.);
#1094=EDGE_CURVE('',#735,#871,#495,.T.);
#1095=EDGE_CURVE('',#872,#871,#724,.T.);
#1096=EDGE_CURVE('',#737,#872,#496,.T.);
#1097=EDGE_CURVE('',#870,#872,#497,.T.);
#1098=EDGE_CURVE('',#871,#742,#498,.T.);
#1099=ORIENTED_EDGE('',*,*,#873,.T.);
#1100=ORIENTED_EDGE('',*,*,#874,.T.);
#1101=ORIENTED_EDGE('',*,*,#875,.T.);
#1102=ORIENTED_EDGE('',*,*,#876,.T.);
#1103=ORIENTED_EDGE('',*,*,#877,.T.);
#1104=ORIENTED_EDGE('',*,*,#878,.T.);
#1105=ORIENTED_EDGE('',*,*,#875,.F.);
#1106=ORIENTED_EDGE('',*,*,#879,.T.);
#1107=ORIENTED_EDGE('',*,*,#880,.T.);
#1108=ORIENTED_EDGE('',*,*,#881,.T.);
#1109=ORIENTED_EDGE('',*,*,#877,.F.);
#1110=ORIENTED_EDGE('',*,*,#882,.T.);
#1111=ORIENTED_EDGE('',*,*,#883,.T.);
#1112=ORIENTED_EDGE('',*,*,#884,.T.);
#1113=ORIENTED_EDGE('',*,*,#880,.F.);
#1114=ORIENTED_EDGE('',*,*,#885,.T.);
#1115=ORIENTED_EDGE('',*,*,#886,.T.);
#1116=ORIENTED_EDGE('',*,*,#887,.T.);
#1117=ORIENTED_EDGE('',*,*,#883,.F.);
#1118=ORIENTED_EDGE('',*,*,#888,.T.);
#1119=ORIENTED_EDGE('',*,*,#889,.T.);
#1120=ORIENTED_EDGE('',*,*,#890,.T.);
#1121=ORIENTED_EDGE('',*,*,#886,.F.);
#1122=ORIENTED_EDGE('',*,*,#891,.T.);
#1123=ORIENTED_EDGE('',*,*,#892,.T.);
#1124=ORIENTED_EDGE('',*,*,#893,.T.);
#1125=ORIENTED_EDGE('',*,*,#889,.F.);
#1126=ORIENTED_EDGE('',*,*,#894,.T.);
#1127=ORIENTED_EDGE('',*,*,#873,.F.);
#1128=ORIENTED_EDGE('',*,*,#895,.T.);
#1129=ORIENTED_EDGE('',*,*,#892,.F.);
#1130=ORIENTED_EDGE('',*,*,#896,.T.);
#1131=ORIENTED_EDGE('',*,*,#885,.F.);
#1132=ORIENTED_EDGE('',*,*,#897,.T.);
#1133=ORIENTED_EDGE('',*,*,#898,.F.);
#1134=ORIENTED_EDGE('',*,*,#899,.F.);
#1135=ORIENTED_EDGE('',*,*,#882,.F.);
#1136=ORIENTED_EDGE('',*,*,#900,.T.);
#1137=ORIENTED_EDGE('',*,*,#901,.F.);
#1138=ORIENTED_EDGE('',*,*,#897,.F.);
#1139=ORIENTED_EDGE('',*,*,#902,.T.);
#1140=ORIENTED_EDGE('',*,*,#903,.T.);
#1141=ORIENTED_EDGE('',*,*,#904,.T.);
#1142=ORIENTED_EDGE('',*,*,#905,.T.);
#1143=ORIENTED_EDGE('',*,*,#906,.T.);
#1144=ORIENTED_EDGE('',*,*,#907,.T.);
#1145=ORIENTED_EDGE('',*,*,#908,.T.);
#1146=ORIENTED_EDGE('',*,*,#909,.T.);
#1147=ORIENTED_EDGE('',*,*,#910,.T.);
#1148=ORIENTED_EDGE('',*,*,#911,.T.);
#1149=ORIENTED_EDGE('',*,*,#879,.F.);
#1150=ORIENTED_EDGE('',*,*,#912,.T.);
#1151=ORIENTED_EDGE('',*,*,#913,.F.);
#1152=ORIENTED_EDGE('',*,*,#900,.F.);
#1153=ORIENTED_EDGE('',*,*,#874,.F.);
#1154=ORIENTED_EDGE('',*,*,#914,.T.);
#1155=ORIENTED_EDGE('',*,*,#915,.F.);
#1156=ORIENTED_EDGE('',*,*,#912,.F.);
#1157=ORIENTED_EDGE('',*,*,#876,.F.);
#1158=ORIENTED_EDGE('',*,*,#878,.F.);
#1159=ORIENTED_EDGE('',*,*,#881,.F.);
#1160=ORIENTED_EDGE('',*,*,#884,.F.);
#1161=ORIENTED_EDGE('',*,*,#887,.F.);
#1162=ORIENTED_EDGE('',*,*,#890,.F.);
#1163=ORIENTED_EDGE('',*,*,#893,.F.);
#1164=ORIENTED_EDGE('',*,*,#895,.F.);
#1165=ORIENTED_EDGE('',*,*,#916,.T.);
#1166=ORIENTED_EDGE('',*,*,#917,.T.);
#1167=ORIENTED_EDGE('',*,*,#918,.T.);
#1168=ORIENTED_EDGE('',*,*,#919,.T.);
#1169=ORIENTED_EDGE('',*,*,#920,.F.);
#1170=ORIENTED_EDGE('',*,*,#921,.F.);
#1171=ORIENTED_EDGE('',*,*,#922,.F.);
#1172=ORIENTED_EDGE('',*,*,#923,.F.);
#1173=ORIENTED_EDGE('',*,*,#924,.F.);
#1174=ORIENTED_EDGE('',*,*,#923,.T.);
#1175=ORIENTED_EDGE('',*,*,#925,.F.);
#1176=ORIENTED_EDGE('',*,*,#926,.T.);
#1177=ORIENTED_EDGE('',*,*,#927,.F.);
#1178=ORIENTED_EDGE('',*,*,#926,.F.);
#1179=ORIENTED_EDGE('',*,*,#928,.F.);
#1180=ORIENTED_EDGE('',*,*,#929,.F.);
#1181=ORIENTED_EDGE('',*,*,#930,.F.);
#1182=ORIENTED_EDGE('',*,*,#929,.T.);
#1183=ORIENTED_EDGE('',*,*,#931,.F.);
#1184=ORIENTED_EDGE('',*,*,#921,.T.);
#1185=ORIENTED_EDGE('',*,*,#910,.F.);
#1186=ORIENTED_EDGE('',*,*,#932,.F.);
#1187=ORIENTED_EDGE('',*,*,#933,.F.);
#1188=ORIENTED_EDGE('',*,*,#934,.F.);
#1189=ORIENTED_EDGE('',*,*,#911,.F.);
#1190=ORIENTED_EDGE('',*,*,#934,.T.);
#1191=ORIENTED_EDGE('',*,*,#935,.T.);
#1192=ORIENTED_EDGE('',*,*,#936,.T.);
#1193=ORIENTED_EDGE('',*,*,#908,.F.);
#1194=ORIENTED_EDGE('',*,*,#936,.F.);
#1195=ORIENTED_EDGE('',*,*,#937,.F.);
#1196=ORIENTED_EDGE('',*,*,#938,.F.);
#1197=ORIENTED_EDGE('',*,*,#909,.F.);
#1198=ORIENTED_EDGE('',*,*,#938,.T.);
#1199=ORIENTED_EDGE('',*,*,#939,.F.);
#1200=ORIENTED_EDGE('',*,*,#932,.T.);
#1201=ORIENTED_EDGE('',*,*,#935,.F.);
#1202=ORIENTED_EDGE('',*,*,#933,.T.);
#1203=ORIENTED_EDGE('',*,*,#939,.T.);
#1204=ORIENTED_EDGE('',*,*,#937,.T.);
#1205=ORIENTED_EDGE('',*,*,#940,.T.);
#1206=ORIENTED_EDGE('',*,*,#941,.T.);
#1207=ORIENTED_EDGE('',*,*,#942,.T.);
#1208=ORIENTED_EDGE('',*,*,#943,.F.);
#1209=ORIENTED_EDGE('',*,*,#944,.F.);
#1210=ORIENTED_EDGE('',*,*,#945,.F.);
#1211=ORIENTED_EDGE('',*,*,#940,.F.);
#1212=ORIENTED_EDGE('',*,*,#946,.F.);
#1213=ORIENTED_EDGE('',*,*,#947,.F.);
#1214=ORIENTED_EDGE('',*,*,#946,.T.);
#1215=ORIENTED_EDGE('',*,*,#943,.T.);
#1216=ORIENTED_EDGE('',*,*,#948,.T.);
#1217=ORIENTED_EDGE('',*,*,#949,.F.);
#1218=ORIENTED_EDGE('',*,*,#948,.F.);
#1219=ORIENTED_EDGE('',*,*,#942,.F.);
#1220=ORIENTED_EDGE('',*,*,#950,.F.);
#1221=ORIENTED_EDGE('',*,*,#951,.F.);
#1222=ORIENTED_EDGE('',*,*,#950,.T.);
#1223=ORIENTED_EDGE('',*,*,#941,.F.);
#1224=ORIENTED_EDGE('',*,*,#945,.T.);
#1225=ORIENTED_EDGE('',*,*,#902,.F.);
#1226=ORIENTED_EDGE('',*,*,#952,.F.);
#1227=ORIENTED_EDGE('',*,*,#953,.F.);
#1228=ORIENTED_EDGE('',*,*,#954,.F.);
#1229=ORIENTED_EDGE('',*,*,#907,.F.);
#1230=ORIENTED_EDGE('',*,*,#955,.T.);
#1231=ORIENTED_EDGE('',*,*,#956,.T.);
#1232=ORIENTED_EDGE('',*,*,#952,.T.);
#1233=ORIENTED_EDGE('',*,*,#954,.T.);
#1234=ORIENTED_EDGE('',*,*,#957,.T.);
#1235=ORIENTED_EDGE('',*,*,#958,.T.);
#1236=ORIENTED_EDGE('',*,*,#903,.F.);
#1237=ORIENTED_EDGE('',*,*,#959,.F.);
#1238=ORIENTED_EDGE('',*,*,#960,.F.);
#1239=ORIENTED_EDGE('',*,*,#961,.F.);
#1240=ORIENTED_EDGE('',*,*,#962,.F.);
#1241=ORIENTED_EDGE('',*,*,#963,.F.);
#1242=ORIENTED_EDGE('',*,*,#962,.T.);
#1243=ORIENTED_EDGE('',*,*,#964,.T.);
#1244=ORIENTED_EDGE('',*,*,#965,.T.);
#1245=ORIENTED_EDGE('',*,*,#966,.F.);
#1246=ORIENTED_EDGE('',*,*,#965,.F.);
#1247=ORIENTED_EDGE('',*,*,#967,.F.);
#1248=ORIENTED_EDGE('',*,*,#968,.F.);
#1249=ORIENTED_EDGE('',*,*,#969,.F.);
#1250=ORIENTED_EDGE('',*,*,#968,.T.);
#1251=ORIENTED_EDGE('',*,*,#970,.F.);
#1252=ORIENTED_EDGE('',*,*,#960,.T.);
#1253=ORIENTED_EDGE('',*,*,#906,.F.);
#1254=ORIENTED_EDGE('',*,*,#971,.F.);
#1255=ORIENTED_EDGE('',*,*,#972,.F.);
#1256=ORIENTED_EDGE('',*,*,#955,.F.);
#1257=ORIENTED_EDGE('',*,*,#904,.F.);
#1258=ORIENTED_EDGE('',*,*,#958,.F.);
#1259=ORIENTED_EDGE('',*,*,#973,.F.);
#1260=ORIENTED_EDGE('',*,*,#974,.F.);
#1261=ORIENTED_EDGE('',*,*,#905,.F.);
#1262=ORIENTED_EDGE('',*,*,#974,.T.);
#1263=ORIENTED_EDGE('',*,*,#975,.F.);
#1264=ORIENTED_EDGE('',*,*,#971,.T.);
#1265=ORIENTED_EDGE('',*,*,#953,.T.);
#1266=ORIENTED_EDGE('',*,*,#956,.F.);
#1267=ORIENTED_EDGE('',*,*,#972,.T.);
#1268=ORIENTED_EDGE('',*,*,#975,.T.);
#1269=ORIENTED_EDGE('',*,*,#973,.T.);
#1270=ORIENTED_EDGE('',*,*,#957,.F.);
#1271=ORIENTED_EDGE('',*,*,#964,.F.);
#1272=ORIENTED_EDGE('',*,*,#961,.T.);
#1273=ORIENTED_EDGE('',*,*,#970,.T.);
#1274=ORIENTED_EDGE('',*,*,#967,.T.);
#1275=ORIENTED_EDGE('',*,*,#976,.T.);
#1276=ORIENTED_EDGE('',*,*,#977,.T.);
#1277=ORIENTED_EDGE('',*,*,#978,.F.);
#1278=ORIENTED_EDGE('',*,*,#979,.T.);
#1279=ORIENTED_EDGE('',*,*,#980,.F.);
#1280=ORIENTED_EDGE('',*,*,#981,.F.);
#1281=ORIENTED_EDGE('',*,*,#979,.F.);
#1282=ORIENTED_EDGE('',*,*,#982,.F.);
#1283=ORIENTED_EDGE('',*,*,#983,.F.);
#1284=ORIENTED_EDGE('',*,*,#982,.T.);
#1285=ORIENTED_EDGE('',*,*,#978,.T.);
#1286=ORIENTED_EDGE('',*,*,#984,.T.);
#1287=ORIENTED_EDGE('',*,*,#985,.F.);
#1288=ORIENTED_EDGE('',*,*,#984,.F.);
#1289=ORIENTED_EDGE('',*,*,#977,.F.);
#1290=ORIENTED_EDGE('',*,*,#986,.F.);
#1291=ORIENTED_EDGE('',*,*,#987,.F.);
#1292=ORIENTED_EDGE('',*,*,#986,.T.);
#1293=ORIENTED_EDGE('',*,*,#976,.F.);
#1294=ORIENTED_EDGE('',*,*,#981,.T.);
#1295=ORIENTED_EDGE('',*,*,#988,.F.);
#1296=ORIENTED_EDGE('',*,*,#989,.F.);
#1297=ORIENTED_EDGE('',*,*,#990,.F.);
#1298=ORIENTED_EDGE('',*,*,#991,.F.);
#1299=ORIENTED_EDGE('',*,*,#992,.F.);
#1300=ORIENTED_EDGE('',*,*,#993,.T.);
#1301=ORIENTED_EDGE('',*,*,#994,.T.);
#1302=ORIENTED_EDGE('',*,*,#989,.T.);
#1303=ORIENTED_EDGE('',*,*,#995,.F.);
#1304=ORIENTED_EDGE('',*,*,#991,.T.);
#1305=ORIENTED_EDGE('',*,*,#996,.T.);
#1306=ORIENTED_EDGE('',*,*,#997,.T.);
#1307=ORIENTED_EDGE('',*,*,#998,.F.);
#1308=ORIENTED_EDGE('',*,*,#997,.F.);
#1309=ORIENTED_EDGE('',*,*,#999,.T.);
#1310=ORIENTED_EDGE('',*,*,#993,.F.);
#1311=ORIENTED_EDGE('',*,*,#990,.T.);
#1312=ORIENTED_EDGE('',*,*,#994,.F.);
#1313=ORIENTED_EDGE('',*,*,#999,.F.);
#1314=ORIENTED_EDGE('',*,*,#996,.F.);
#1315=ORIENTED_EDGE('',*,*,#1000,.F.);
#1316=ORIENTED_EDGE('',*,*,#1001,.F.);
#1317=ORIENTED_EDGE('',*,*,#1002,.F.);
#1318=ORIENTED_EDGE('',*,*,#1003,.F.);
#1319=ORIENTED_EDGE('',*,*,#1004,.F.);
#1320=ORIENTED_EDGE('',*,*,#1005,.T.);
#1321=ORIENTED_EDGE('',*,*,#1006,.T.);
#1322=ORIENTED_EDGE('',*,*,#1001,.T.);
#1323=ORIENTED_EDGE('',*,*,#1007,.F.);
#1324=ORIENTED_EDGE('',*,*,#1003,.T.);
#1325=ORIENTED_EDGE('',*,*,#1008,.T.);
#1326=ORIENTED_EDGE('',*,*,#1009,.T.);
#1327=ORIENTED_EDGE('',*,*,#1010,.F.);
#1328=ORIENTED_EDGE('',*,*,#1009,.F.);
#1329=ORIENTED_EDGE('',*,*,#1011,.T.);
#1330=ORIENTED_EDGE('',*,*,#1005,.F.);
#1331=ORIENTED_EDGE('',*,*,#1002,.T.);
#1332=ORIENTED_EDGE('',*,*,#1006,.F.);
#1333=ORIENTED_EDGE('',*,*,#1011,.F.);
#1334=ORIENTED_EDGE('',*,*,#1008,.F.);
#1335=ORIENTED_EDGE('',*,*,#1012,.F.);
#1336=ORIENTED_EDGE('',*,*,#1013,.T.);
#1337=ORIENTED_EDGE('',*,*,#1014,.F.);
#1338=ORIENTED_EDGE('',*,*,#1015,.T.);
#1339=ORIENTED_EDGE('',*,*,#1016,.F.);
#1340=ORIENTED_EDGE('',*,*,#1015,.F.);
#1341=ORIENTED_EDGE('',*,*,#1017,.F.);
#1342=ORIENTED_EDGE('',*,*,#1018,.F.);
#1343=ORIENTED_EDGE('',*,*,#1019,.F.);
#1344=ORIENTED_EDGE('',*,*,#1018,.T.);
#1345=ORIENTED_EDGE('',*,*,#1020,.F.);
#1346=ORIENTED_EDGE('',*,*,#1021,.T.);
#1347=ORIENTED_EDGE('',*,*,#1022,.F.);
#1348=ORIENTED_EDGE('',*,*,#1021,.F.);
#1349=ORIENTED_EDGE('',*,*,#1023,.F.);
#1350=ORIENTED_EDGE('',*,*,#1013,.F.);
#1351=ORIENTED_EDGE('',*,*,#1024,.F.);
#1352=ORIENTED_EDGE('',*,*,#1025,.F.);
#1353=ORIENTED_EDGE('',*,*,#1026,.T.);
#1354=ORIENTED_EDGE('',*,*,#1027,.T.);
#1355=ORIENTED_EDGE('',*,*,#1028,.F.);
#1356=ORIENTED_EDGE('',*,*,#1027,.F.);
#1357=ORIENTED_EDGE('',*,*,#1029,.T.);
#1358=ORIENTED_EDGE('',*,*,#1030,.T.);
#1359=ORIENTED_EDGE('',*,*,#1031,.F.);
#1360=ORIENTED_EDGE('',*,*,#1032,.F.);
#1361=ORIENTED_EDGE('',*,*,#1029,.F.);
#1362=ORIENTED_EDGE('',*,*,#1026,.F.);
#1363=ORIENTED_EDGE('',*,*,#1033,.F.);
#1364=ORIENTED_EDGE('',*,*,#1030,.F.);
#1365=ORIENTED_EDGE('',*,*,#1032,.T.);
#1366=ORIENTED_EDGE('',*,*,#1034,.T.);
#1367=ORIENTED_EDGE('',*,*,#1035,.F.);
#1368=ORIENTED_EDGE('',*,*,#1034,.F.);
#1369=ORIENTED_EDGE('',*,*,#1031,.T.);
#1370=ORIENTED_EDGE('',*,*,#1025,.T.);
#1371=ORIENTED_EDGE('',*,*,#1036,.F.);
#1372=ORIENTED_EDGE('',*,*,#1037,.F.);
#1373=ORIENTED_EDGE('',*,*,#1038,.T.);
#1374=ORIENTED_EDGE('',*,*,#1039,.T.);
#1375=ORIENTED_EDGE('',*,*,#1040,.F.);
#1376=ORIENTED_EDGE('',*,*,#1039,.F.);
#1377=ORIENTED_EDGE('',*,*,#1041,.T.);
#1378=ORIENTED_EDGE('',*,*,#1042,.T.);
#1379=ORIENTED_EDGE('',*,*,#1043,.F.);
#1380=ORIENTED_EDGE('',*,*,#1044,.F.);
#1381=ORIENTED_EDGE('',*,*,#1041,.F.);
#1382=ORIENTED_EDGE('',*,*,#1038,.F.);
#1383=ORIENTED_EDGE('',*,*,#1045,.F.);
#1384=ORIENTED_EDGE('',*,*,#1042,.F.);
#1385=ORIENTED_EDGE('',*,*,#1044,.T.);
#1386=ORIENTED_EDGE('',*,*,#1046,.T.);
#1387=ORIENTED_EDGE('',*,*,#1047,.F.);
#1388=ORIENTED_EDGE('',*,*,#1046,.F.);
#1389=ORIENTED_EDGE('',*,*,#1043,.T.);
#1390=ORIENTED_EDGE('',*,*,#1037,.T.);
#1391=ORIENTED_EDGE('',*,*,#918,.F.);
#1392=ORIENTED_EDGE('',*,*,#1048,.T.);
#1393=ORIENTED_EDGE('',*,*,#1049,.T.);
#1394=ORIENTED_EDGE('',*,*,#1050,.F.);
#1395=ORIENTED_EDGE('',*,*,#919,.F.);
#1396=ORIENTED_EDGE('',*,*,#1050,.T.);
#1397=ORIENTED_EDGE('',*,*,#1051,.T.);
#1398=ORIENTED_EDGE('',*,*,#1052,.F.);
#1399=ORIENTED_EDGE('',*,*,#1051,.F.);
#1400=ORIENTED_EDGE('',*,*,#1049,.F.);
#1401=ORIENTED_EDGE('',*,*,#1053,.F.);
#1402=ORIENTED_EDGE('',*,*,#1054,.F.);
#1403=ORIENTED_EDGE('',*,*,#1055,.F.);
#1404=ORIENTED_EDGE('',*,*,#1056,.F.);
#1405=ORIENTED_EDGE('',*,*,#1057,.F.);
#1406=ORIENTED_EDGE('',*,*,#1058,.F.);
#1407=ORIENTED_EDGE('',*,*,#916,.F.);
#1408=ORIENTED_EDGE('',*,*,#1052,.T.);
#1409=ORIENTED_EDGE('',*,*,#1054,.T.);
#1410=ORIENTED_EDGE('',*,*,#1059,.F.);
#1411=ORIENTED_EDGE('',*,*,#917,.F.);
#1412=ORIENTED_EDGE('',*,*,#1059,.T.);
#1413=ORIENTED_EDGE('',*,*,#1053,.T.);
#1414=ORIENTED_EDGE('',*,*,#1048,.F.);
#1415=ORIENTED_EDGE('',*,*,#1057,.T.);
#1416=ORIENTED_EDGE('',*,*,#1060,.T.);
#1417=ORIENTED_EDGE('',*,*,#1061,.F.);
#1418=ORIENTED_EDGE('',*,*,#1062,.F.);
#1419=ORIENTED_EDGE('',*,*,#1056,.T.);
#1420=ORIENTED_EDGE('',*,*,#1063,.T.);
#1421=ORIENTED_EDGE('',*,*,#1064,.F.);
#1422=ORIENTED_EDGE('',*,*,#1060,.F.);
#1423=ORIENTED_EDGE('',*,*,#1055,.T.);
#1424=ORIENTED_EDGE('',*,*,#1065,.T.);
#1425=ORIENTED_EDGE('',*,*,#1066,.F.);
#1426=ORIENTED_EDGE('',*,*,#1063,.F.);
#1427=ORIENTED_EDGE('',*,*,#1058,.T.);
#1428=ORIENTED_EDGE('',*,*,#1062,.T.);
#1429=ORIENTED_EDGE('',*,*,#1067,.F.);
#1430=ORIENTED_EDGE('',*,*,#1065,.F.);
#1431=ORIENTED_EDGE('',*,*,#1068,.F.);
#1432=ORIENTED_EDGE('',*,*,#1069,.F.);
#1433=ORIENTED_EDGE('',*,*,#1070,.T.);
#1434=ORIENTED_EDGE('',*,*,#1071,.T.);
#1435=ORIENTED_EDGE('',*,*,#1072,.F.);
#1436=ORIENTED_EDGE('',*,*,#1071,.F.);
#1437=ORIENTED_EDGE('',*,*,#1073,.T.);
#1438=ORIENTED_EDGE('',*,*,#1074,.T.);
#1439=ORIENTED_EDGE('',*,*,#1075,.F.);
#1440=ORIENTED_EDGE('',*,*,#1074,.F.);
#1441=ORIENTED_EDGE('',*,*,#1076,.T.);
#1442=ORIENTED_EDGE('',*,*,#1077,.T.);
#1443=ORIENTED_EDGE('',*,*,#1078,.F.);
#1444=ORIENTED_EDGE('',*,*,#1077,.F.);
#1445=ORIENTED_EDGE('',*,*,#1079,.T.);
#1446=ORIENTED_EDGE('',*,*,#1080,.T.);
#1447=ORIENTED_EDGE('',*,*,#949,.T.);
#1448=ORIENTED_EDGE('',*,*,#951,.T.);
#1449=ORIENTED_EDGE('',*,*,#944,.T.);
#1450=ORIENTED_EDGE('',*,*,#947,.T.);
#1451=ORIENTED_EDGE('',*,*,#966,.T.);
#1452=ORIENTED_EDGE('',*,*,#969,.T.);
#1453=ORIENTED_EDGE('',*,*,#959,.T.);
#1454=ORIENTED_EDGE('',*,*,#963,.T.);
#1455=ORIENTED_EDGE('',*,*,#985,.T.);
#1456=ORIENTED_EDGE('',*,*,#987,.T.);
#1457=ORIENTED_EDGE('',*,*,#980,.T.);
#1458=ORIENTED_EDGE('',*,*,#983,.T.);
#1459=ORIENTED_EDGE('',*,*,#1073,.F.);
#1460=ORIENTED_EDGE('',*,*,#1070,.F.);
#1461=ORIENTED_EDGE('',*,*,#1081,.F.);
#1462=ORIENTED_EDGE('',*,*,#1082,.F.);
#1463=ORIENTED_EDGE('',*,*,#1083,.F.);
#1464=ORIENTED_EDGE('',*,*,#1084,.F.);
#1465=ORIENTED_EDGE('',*,*,#1079,.F.);
#1466=ORIENTED_EDGE('',*,*,#1076,.F.);
#1467=ORIENTED_EDGE('',*,*,#1033,.T.);
#1468=ORIENTED_EDGE('',*,*,#1035,.T.);
#1469=ORIENTED_EDGE('',*,*,#1024,.T.);
#1470=ORIENTED_EDGE('',*,*,#1028,.T.);
#1471=ORIENTED_EDGE('',*,*,#1045,.T.);
#1472=ORIENTED_EDGE('',*,*,#1047,.T.);
#1473=ORIENTED_EDGE('',*,*,#1036,.T.);
#1474=ORIENTED_EDGE('',*,*,#1040,.T.);
#1475=ORIENTED_EDGE('',*,*,#1061,.T.);
#1476=ORIENTED_EDGE('',*,*,#1064,.T.);
#1477=ORIENTED_EDGE('',*,*,#1066,.T.);
#1478=ORIENTED_EDGE('',*,*,#1067,.T.);
#1479=ORIENTED_EDGE('',*,*,#1085,.F.);
#1480=ORIENTED_EDGE('',*,*,#1086,.F.);
#1481=ORIENTED_EDGE('',*,*,#1082,.T.);
#1482=ORIENTED_EDGE('',*,*,#1087,.T.);
#1483=ORIENTED_EDGE('',*,*,#1088,.F.);
#1484=ORIENTED_EDGE('',*,*,#1080,.F.);
#1485=ORIENTED_EDGE('',*,*,#1084,.T.);
#1486=ORIENTED_EDGE('',*,*,#1089,.T.);
#1487=ORIENTED_EDGE('',*,*,#1090,.F.);
#1488=ORIENTED_EDGE('',*,*,#1087,.F.);
#1489=ORIENTED_EDGE('',*,*,#1081,.T.);
#1490=ORIENTED_EDGE('',*,*,#1069,.T.);
#1491=ORIENTED_EDGE('',*,*,#927,.T.);
#1492=ORIENTED_EDGE('',*,*,#930,.T.);
#1493=ORIENTED_EDGE('',*,*,#920,.T.);
#1494=ORIENTED_EDGE('',*,*,#924,.T.);
#1495=ORIENTED_EDGE('',*,*,#1091,.F.);
#1496=ORIENTED_EDGE('',*,*,#1089,.F.);
#1497=ORIENTED_EDGE('',*,*,#1083,.T.);
#1498=ORIENTED_EDGE('',*,*,#1086,.T.);
#1499=ORIENTED_EDGE('',*,*,#992,.T.);
#1500=ORIENTED_EDGE('',*,*,#988,.T.);
#1501=ORIENTED_EDGE('',*,*,#995,.T.);
#1502=ORIENTED_EDGE('',*,*,#998,.T.);
#1503=ORIENTED_EDGE('',*,*,#1004,.T.);
#1504=ORIENTED_EDGE('',*,*,#1000,.T.);
#1505=ORIENTED_EDGE('',*,*,#1007,.T.);
#1506=ORIENTED_EDGE('',*,*,#1010,.T.);
#1507=ORIENTED_EDGE('',*,*,#1019,.T.);
#1508=ORIENTED_EDGE('',*,*,#1022,.T.);
#1509=ORIENTED_EDGE('',*,*,#1012,.T.);
#1510=ORIENTED_EDGE('',*,*,#1016,.T.);
#1511=ORIENTED_EDGE('',*,*,#896,.F.);
#1512=ORIENTED_EDGE('',*,*,#1092,.T.);
#1513=ORIENTED_EDGE('',*,*,#1093,.F.);
#1514=ORIENTED_EDGE('',*,*,#914,.F.);
#1515=ORIENTED_EDGE('',*,*,#891,.F.);
#1516=ORIENTED_EDGE('',*,*,#1094,.T.);
#1517=ORIENTED_EDGE('',*,*,#1095,.F.);
#1518=ORIENTED_EDGE('',*,*,#1096,.F.);
#1519=ORIENTED_EDGE('',*,*,#1097,.T.);
#1520=ORIENTED_EDGE('',*,*,#1095,.T.);
#1521=ORIENTED_EDGE('',*,*,#1098,.T.);
#1522=ORIENTED_EDGE('',*,*,#898,.T.);
#1523=ORIENTED_EDGE('',*,*,#901,.T.);
#1524=ORIENTED_EDGE('',*,*,#913,.T.);
#1525=ORIENTED_EDGE('',*,*,#915,.T.);
#1526=ORIENTED_EDGE('',*,*,#1093,.T.);
#1527=ORIENTED_EDGE('',*,*,#1088,.T.);
#1528=ORIENTED_EDGE('',*,*,#1091,.T.);
#1529=ORIENTED_EDGE('',*,*,#1085,.T.);
#1530=ORIENTED_EDGE('',*,*,#1090,.T.);
#1531=ORIENTED_EDGE('',*,*,#1068,.T.);
#1532=ORIENTED_EDGE('',*,*,#1072,.T.);
#1533=ORIENTED_EDGE('',*,*,#1075,.T.);
#1534=ORIENTED_EDGE('',*,*,#1078,.T.);
#1535=ORIENTED_EDGE('',*,*,#894,.F.);
#1536=ORIENTED_EDGE('',*,*,#1096,.T.);
#1537=ORIENTED_EDGE('',*,*,#1097,.F.);
#1538=ORIENTED_EDGE('',*,*,#1092,.F.);
#1539=ORIENTED_EDGE('',*,*,#928,.T.);
#1540=ORIENTED_EDGE('',*,*,#925,.T.);
#1541=ORIENTED_EDGE('',*,*,#922,.T.);
#1542=ORIENTED_EDGE('',*,*,#931,.T.);
#1543=ORIENTED_EDGE('',*,*,#888,.F.);
#1544=ORIENTED_EDGE('',*,*,#899,.T.);
#1545=ORIENTED_EDGE('',*,*,#1098,.F.);
#1546=ORIENTED_EDGE('',*,*,#1094,.F.);
#1547=ORIENTED_EDGE('',*,*,#1020,.T.);
#1548=ORIENTED_EDGE('',*,*,#1017,.T.);
#1549=ORIENTED_EDGE('',*,*,#1014,.T.);
#1550=ORIENTED_EDGE('',*,*,#1023,.T.);
#1551=CYLINDRICAL_SURFACE('',#1667,1.2);
#1552=CYLINDRICAL_SURFACE('',#1674,1.2);
#1553=CYLINDRICAL_SURFACE('',#1680,1.2);
#1554=CYLINDRICAL_SURFACE('',#1686,1.2);
#1555=CYLINDRICAL_SURFACE('',#1691,5.);
#1556=CYLINDRICAL_SURFACE('',#1694,5.);
#1557=CYLINDRICAL_SURFACE('',#1736,3.7);
#1558=CYLINDRICAL_SURFACE('',#1740,3.7);
#1559=CYLINDRICAL_SURFACE('',#1763,3.);
#1560=CYLINDRICAL_SURFACE('',#1767,3.);
#1561=CYLINDRICAL_SURFACE('',#1774,3.);
#1562=CYLINDRICAL_SURFACE('',#1776,3.);
#1563=CYLINDRICAL_SURFACE('',#1780,5.);
#1564=CYLINDRICAL_SURFACE('',#1782,5.);
#1565=ADVANCED_FACE('',(#109),#1551,.T.);
#1566=ADVANCED_FACE('',(#110),#105,.T.);
#1567=ADVANCED_FACE('',(#111),#1552,.T.);
#1568=ADVANCED_FACE('',(#112),#106,.T.);
#1569=ADVANCED_FACE('',(#113),#1553,.T.);
#1570=ADVANCED_FACE('',(#114),#107,.T.);
#1571=ADVANCED_FACE('',(#115),#1554,.T.);
#1572=ADVANCED_FACE('',(#116),#108,.T.);
#1573=ADVANCED_FACE('',(#117),#1555,.T.);
#1574=ADVANCED_FACE('',(#118,#15,#16),#35,.F.);
#1575=ADVANCED_FACE('',(#119),#1556,.T.);
#1576=ADVANCED_FACE('',(#120),#36,.F.);
#1577=ADVANCED_FACE('',(#121,#17),#37,.T.);
#1578=ADVANCED_FACE('',(#122),#38,.F.);
#1579=ADVANCED_FACE('',(#123),#39,.T.);
#1580=ADVANCED_FACE('',(#124),#40,.T.);
#1581=ADVANCED_FACE('',(#125),#41,.T.);
#1582=ADVANCED_FACE('',(#126),#42,.F.);
#1583=ADVANCED_FACE('',(#127),#43,.T.);
#1584=ADVANCED_FACE('',(#128),#44,.T.);
#1585=ADVANCED_FACE('',(#129),#45,.T.);
#1586=ADVANCED_FACE('',(#130,#18),#46,.T.);
#1587=ADVANCED_FACE('',(#131),#47,.F.);
#1588=ADVANCED_FACE('',(#132),#48,.T.);
#1589=ADVANCED_FACE('',(#133),#49,.T.);
#1590=ADVANCED_FACE('',(#134),#50,.T.);
#1591=ADVANCED_FACE('',(#135),#51,.T.);
#1592=ADVANCED_FACE('',(#136),#52,.T.);
#1593=ADVANCED_FACE('',(#137),#53,.T.);
#1594=ADVANCED_FACE('',(#138),#54,.F.);
#1595=ADVANCED_FACE('',(#139),#55,.T.);
#1596=ADVANCED_FACE('',(#140),#56,.T.);
#1597=ADVANCED_FACE('',(#141),#57,.T.);
#1598=ADVANCED_FACE('',(#142),#58,.F.);
#1599=ADVANCED_FACE('',(#143),#59,.T.);
#1600=ADVANCED_FACE('',(#144),#60,.T.);
#1601=ADVANCED_FACE('',(#145,#19,#20),#61,.T.);
#1602=ADVANCED_FACE('',(#146),#62,.F.);
#1603=ADVANCED_FACE('',(#147),#63,.T.);
#1604=ADVANCED_FACE('',(#148),#64,.T.);
#1605=ADVANCED_FACE('',(#149),#65,.T.);
#1606=ADVANCED_FACE('',(#150),#66,.F.);
#1607=ADVANCED_FACE('',(#151),#67,.F.);
#1608=ADVANCED_FACE('',(#152),#68,.T.);
#1609=ADVANCED_FACE('',(#153),#69,.F.);
#1610=ADVANCED_FACE('',(#154),#70,.F.);
#1611=ADVANCED_FACE('',(#155),#71,.F.);
#1612=ADVANCED_FACE('',(#156),#72,.F.);
#1613=ADVANCED_FACE('',(#157),#73,.T.);
#1614=ADVANCED_FACE('',(#158),#74,.F.);
#1615=ADVANCED_FACE('',(#159),#75,.F.);
#1616=ADVANCED_FACE('',(#160),#1557,.F.);
#1617=ADVANCED_FACE('',(#161),#76,.F.);
#1618=ADVANCED_FACE('',(#162),#1558,.F.);
#1619=ADVANCED_FACE('',(#163),#77,.T.);
#1620=ADVANCED_FACE('',(#164),#78,.T.);
#1621=ADVANCED_FACE('',(#165),#79,.T.);
#1622=ADVANCED_FACE('',(#166),#80,.F.);
#1623=ADVANCED_FACE('',(#167),#81,.T.);
#1624=ADVANCED_FACE('',(#168),#82,.T.);
#1625=ADVANCED_FACE('',(#169),#83,.T.);
#1626=ADVANCED_FACE('',(#170),#84,.T.);
#1627=ADVANCED_FACE('',(#171),#85,.F.);
#1628=ADVANCED_FACE('',(#172),#86,.T.);
#1629=ADVANCED_FACE('',(#173),#87,.T.);
#1630=ADVANCED_FACE('',(#174),#88,.T.);
#1631=ADVANCED_FACE('',(#175),#89,.T.);
#1632=ADVANCED_FACE('',(#176,#21),#90,.T.);
#1633=ADVANCED_FACE('',(#177),#91,.T.);
#1634=ADVANCED_FACE('',(#178),#92,.T.);
#1635=ADVANCED_FACE('',(#179),#93,.T.);
#1636=ADVANCED_FACE('',(#180),#94,.T.);
#1637=ADVANCED_FACE('',(#181),#95,.T.);
#1638=ADVANCED_FACE('',(#182),#96,.T.);
#1639=ADVANCED_FACE('',(#183),#1559,.F.);
#1640=ADVANCED_FACE('',(#184),#97,.T.);
#1641=ADVANCED_FACE('',(#185),#1560,.F.);
#1642=ADVANCED_FACE('',(#186,#22,#23,#24),#98,.T.);
#1643=ADVANCED_FACE('',(#187,#25,#26,#27),#99,.F.);
#1644=ADVANCED_FACE('',(#188),#1561,.F.);
#1645=ADVANCED_FACE('',(#189),#1562,.F.);
#1646=ADVANCED_FACE('',(#190,#28),#100,.T.);
#1647=ADVANCED_FACE('',(#191,#29,#30,#31),#101,.T.);
#1648=ADVANCED_FACE('',(#192),#1563,.T.);
#1649=ADVANCED_FACE('',(#193),#1564,.T.);
#1650=ADVANCED_FACE('',(#194,#32),#102,.F.);
#1651=ADVANCED_FACE('',(#195,#33),#103,.F.);
#1652=ADVANCED_FACE('',(#196,#34),#104,.F.);
#1653=CLOSED_SHELL('',(#1565,#1566,#1567,#1568,#1569,#1570,#1571,#1572,
#1573,#1574,#1575,#1576,#1577,#1578,#1579,#1580,#1581,#1582,#1583,#1584,
#1585,#1586,#1587,#1588,#1589,#1590,#1591,#1592,#1593,#1594,#1595,#1596,
#1597,#1598,#1599,#1600,#1601,#1602,#1603,#1604,#1605,#1606,#1607,#1608,
#1609,#1610,#1611,#1612,#1613,#1614,#1615,#1616,#1617,#1618,#1619,#1620,
#1621,#1622,#1623,#1624,#1625,#1626,#1627,#1628,#1629,#1630,#1631,#1632,
#1633,#1634,#1635,#1636,#1637,#1638,#1639,#1640,#1641,#1642,#1643,#1644,
#1645,#1646,#1647,#1648,#1649,#1650,#1651,#1652));
#1654=DERIVED_UNIT_ELEMENT(#1656,1.);
#1655=DERIVED_UNIT_ELEMENT(#2691,-3.);
#1656=(
MASS_UNIT()
NAMED_UNIT(*)
SI_UNIT(.KILO.,.GRAM.)
);
#1657=DERIVED_UNIT((#1654,#1655));
#1658=MEASURE_REPRESENTATION_ITEM('density measure',
POSITIVE_RATIO_MEASURE(7850.),#1657);
#1659=PROPERTY_DEFINITION_REPRESENTATION(#1664,#1661);
#1660=PROPERTY_DEFINITION_REPRESENTATION(#1665,#1662);
#1661=REPRESENTATION('material name',(#1663),#2688);
#1662=REPRESENTATION('density',(#1658),#2688);
#1663=DESCRIPTIVE_REPRESENTATION_ITEM('Steel','Steel');
#1664=PROPERTY_DEFINITION('material property','material name',#2698);
#1665=PROPERTY_DEFINITION('material property','density of part',#2698);
#1666=AXIS2_PLACEMENT_3D('',#2223,#1787,#1788);
#1667=AXIS2_PLACEMENT_3D('',#2224,#1789,#1790);
#1668=AXIS2_PLACEMENT_3D('',#2227,#1791,#1792);
#1669=AXIS2_PLACEMENT_3D('',#2231,#1794,#1795);
#1670=AXIS2_PLACEMENT_3D('',#2233,#1797,#1798);
#1671=AXIS2_PLACEMENT_3D('',#2236,#1799,#1800);
#1672=AXIS2_PLACEMENT_3D('',#2237,#1801,#1802);
#1673=AXIS2_PLACEMENT_3D('',#2238,#1803,#1804);
#1674=AXIS2_PLACEMENT_3D('',#2239,#1805,#1806);
#1675=AXIS2_PLACEMENT_3D('',#2242,#1807,#1808);
#1676=AXIS2_PLACEMENT_3D('',#2245,#1811,#1812);
#1677=AXIS2_PLACEMENT_3D('',#2248,#1813,#1814);
#1678=AXIS2_PLACEMENT_3D('',#2249,#1815,#1816);
#1679=AXIS2_PLACEMENT_3D('',#2250,#1817,#1818);
#1680=AXIS2_PLACEMENT_3D('',#2251,#1819,#1820);
#1681=AXIS2_PLACEMENT_3D('',#2254,#1821,#1822);
#1682=AXIS2_PLACEMENT_3D('',#2257,#1825,#1826);
#1683=AXIS2_PLACEMENT_3D('',#2260,#1827,#1828);
#1684=AXIS2_PLACEMENT_3D('',#2261,#1829,#1830);
#1685=AXIS2_PLACEMENT_3D('',#2262,#1831,#1832);
#1686=AXIS2_PLACEMENT_3D('',#2263,#1833,#1834);
#1687=AXIS2_PLACEMENT_3D('',#2266,#1835,#1836);
#1688=AXIS2_PLACEMENT_3D('',#2269,#1839,#1840);
#1689=AXIS2_PLACEMENT_3D('',#2270,#1841,#1842);
#1690=AXIS2_PLACEMENT_3D('',#2271,#1843,#1844);
#1691=AXIS2_PLACEMENT_3D('',#2272,#1845,#1846);
#1692=AXIS2_PLACEMENT_3D('',#2276,#1848,#1849);
#1693=AXIS2_PLACEMENT_3D('',#2278,#1851,#1852);
#1694=AXIS2_PLACEMENT_3D('',#2302,#1865,#1866);
#1695=AXIS2_PLACEMENT_3D('',#2305,#1868,#1869);
#1696=AXIS2_PLACEMENT_3D('',#2306,#1870,#1871);
#1697=AXIS2_PLACEMENT_3D('',#2310,#1874,#1875);
#1698=AXIS2_PLACEMENT_3D('',#2319,#1880,#1881);
#1699=AXIS2_PLACEMENT_3D('',#2328,#1886,#1887);
#1700=AXIS2_PLACEMENT_3D('',#2334,#1891,#1892);
#1701=AXIS2_PLACEMENT_3D('',#2340,#1896,#1897);
#1702=AXIS2_PLACEMENT_3D('',#2343,#1900,#1901);
#1703=AXIS2_PLACEMENT_3D('',#2349,#1905,#1906);
#1704=AXIS2_PLACEMENT_3D('',#2353,#1909,#1910);
#1705=AXIS2_PLACEMENT_3D('',#2357,#1913,#1914);
#1706=AXIS2_PLACEMENT_3D('',#2359,#1916,#1917);
#1707=AXIS2_PLACEMENT_3D('',#2368,#1922,#1923);
#1708=AXIS2_PLACEMENT_3D('',#2374,#1927,#1928);
#1709=AXIS2_PLACEMENT_3D('',#2378,#1931,#1932);
#1710=AXIS2_PLACEMENT_3D('',#2382,#1935,#1936);
#1711=AXIS2_PLACEMENT_3D('',#2384,#1938,#1939);
#1712=AXIS2_PLACEMENT_3D('',#2390,#1943,#1944);
#1713=AXIS2_PLACEMENT_3D('',#2394,#1947,#1948);
#1714=AXIS2_PLACEMENT_3D('',#2398,#1951,#1952);
#1715=AXIS2_PLACEMENT_3D('',#2407,#1957,#1958);
#1716=AXIS2_PLACEMENT_3D('',#2413,#1962,#1963);
#1717=AXIS2_PLACEMENT_3D('',#2419,#1967,#1968);
#1718=AXIS2_PLACEMENT_3D('',#2422,#1971,#1972);
#1719=AXIS2_PLACEMENT_3D('',#2426,#1975,#1976);
#1720=AXIS2_PLACEMENT_3D('',#2430,#1979,#1980);
#1721=AXIS2_PLACEMENT_3D('',#2432,#1982,#1983);
#1722=AXIS2_PLACEMENT_3D('',#2441,#1988,#1989);
#1723=AXIS2_PLACEMENT_3D('',#2447,#1993,#1994);
#1724=AXIS2_PLACEMENT_3D('',#2451,#1997,#1998);
#1725=AXIS2_PLACEMENT_3D('',#2455,#2001,#2002);
#1726=AXIS2_PLACEMENT_3D('',#2457,#2004,#2005);
#1727=AXIS2_PLACEMENT_3D('',#2466,#2010,#2011);
#1728=AXIS2_PLACEMENT_3D('',#2472,#2015,#2016);
#1729=AXIS2_PLACEMENT_3D('',#2478,#2020,#2021);
#1730=AXIS2_PLACEMENT_3D('',#2481,#2024,#2025);
#1731=AXIS2_PLACEMENT_3D('',#2482,#2026,#2027);
#1732=AXIS2_PLACEMENT_3D('',#2491,#2032,#2033);
#1733=AXIS2_PLACEMENT_3D('',#2497,#2037,#2038);
#1734=AXIS2_PLACEMENT_3D('',#2503,#2042,#2043);
#1735=AXIS2_PLACEMENT_3D('',#2506,#2046,#2047);
#1736=AXIS2_PLACEMENT_3D('',#2507,#2048,#2049);
#1737=AXIS2_PLACEMENT_3D('',#2510,#2050,#2051);
#1738=AXIS2_PLACEMENT_3D('',#2514,#2053,#2054);
#1739=AXIS2_PLACEMENT_3D('',#2516,#2056,#2057);
#1740=AXIS2_PLACEMENT_3D('',#2522,#2061,#2062);
#1741=AXIS2_PLACEMENT_3D('',#2524,#2063,#2064);
#1742=AXIS2_PLACEMENT_3D('',#2526,#2065,#2066);
#1743=AXIS2_PLACEMENT_3D('',#2528,#2068,#2069);
#1744=AXIS2_PLACEMENT_3D('',#2531,#2072,#2073);
#1745=AXIS2_PLACEMENT_3D('',#2540,#2078,#2079);
#1746=AXIS2_PLACEMENT_3D('',#2546,#2083,#2084);
#1747=AXIS2_PLACEMENT_3D('',#2550,#2087,#2088);
#1748=AXIS2_PLACEMENT_3D('',#2554,#2091,#2092);
#1749=AXIS2_PLACEMENT_3D('',#2556,#2094,#2095);
#1750=AXIS2_PLACEMENT_3D('',#2565,#2100,#2101);
#1751=AXIS2_PLACEMENT_3D('',#2571,#2105,#2106);
#1752=AXIS2_PLACEMENT_3D('',#2575,#2109,#2110);
#1753=AXIS2_PLACEMENT_3D('',#2579,#2113,#2114);
#1754=AXIS2_PLACEMENT_3D('',#2581,#2116,#2117);
#1755=AXIS2_PLACEMENT_3D('',#2587,#2121,#2122);
#1756=AXIS2_PLACEMENT_3D('',#2591,#2125,#2126);
#1757=AXIS2_PLACEMENT_3D('',#2603,#2133,#2134);
#1758=AXIS2_PLACEMENT_3D('',#2605,#2136,#2137);
#1759=AXIS2_PLACEMENT_3D('',#2606,#2138,#2139);
#1760=AXIS2_PLACEMENT_3D('',#2612,#2143,#2144);
#1761=AXIS2_PLACEMENT_3D('',#2616,#2147,#2148);
#1762=AXIS2_PLACEMENT_3D('',#2620,#2151,#2152);
#1763=AXIS2_PLACEMENT_3D('',#2622,#2154,#2155);
#1764=AXIS2_PLACEMENT_3D('',#2625,#2156,#2157);
#1765=AXIS2_PLACEMENT_3D('',#2629,#2159,#2160);
#1766=AXIS2_PLACEMENT_3D('',#2631,#2162,#2163);
#1767=AXIS2_PLACEMENT_3D('',#2637,#2167,#2168);
#1768=AXIS2_PLACEMENT_3D('',#2639,#2169,#2170);
#1769=AXIS2_PLACEMENT_3D('',#2641,#2171,#2172);
#1770=AXIS2_PLACEMENT_3D('',#2643,#2174,#2175);
#1771=AXIS2_PLACEMENT_3D('',#2649,#2179,#2180);
#1772=AXIS2_PLACEMENT_3D('',#2653,#2182,#2183);
#1773=AXIS2_PLACEMENT_3D('',#2656,#2185,#2186);
#1774=AXIS2_PLACEMENT_3D('',#2657,#2187,#2188);
#1775=AXIS2_PLACEMENT_3D('',#2660,#2189,#2190);
#1776=AXIS2_PLACEMENT_3D('',#2663,#2193,#2194);
#1777=AXIS2_PLACEMENT_3D('',#2665,#2195,#2196);
#1778=AXIS2_PLACEMENT_3D('',#2667,#2198,#2199);
#1779=AXIS2_PLACEMENT_3D('',#2669,#2201,#2202);
#1780=AXIS2_PLACEMENT_3D('',#2671,#2204,#2205);
#1781=AXIS2_PLACEMENT_3D('',#2674,#2207,#2208);
#1782=AXIS2_PLACEMENT_3D('',#2675,#2209,#2210);
#1783=AXIS2_PLACEMENT_3D('',#2679,#2212,#2213);
#1784=AXIS2_PLACEMENT_3D('',#2681,#2215,#2216);
#1785=AXIS2_PLACEMENT_3D('',#2684,#2219,#2220);
#1786=AXIS2_PLACEMENT_3D('',#2685,#2221,#2222);
#1787=DIRECTION('axis',(0.,0.,1.));
#1788=DIRECTION('refdir',(1.,0.,0.));
#1789=DIRECTION('center_axis',(-1.,0.,0.));
#1790=DIRECTION('ref_axis',(0.,-0.70710678118655,0.707106781186545));
#1791=DIRECTION('center_axis',(-1.,0.,0.));
#1792=DIRECTION('ref_axis',(0.,-1.,0.));
#1793=DIRECTION('',(-1.,0.,0.));
#1794=DIRECTION('center_axis',(1.,0.,0.));
#1795=DIRECTION('ref_axis',(0.,0.,1.));
#1796=DIRECTION('',(1.,0.,0.));
#1797=DIRECTION('center_axis',(0.,-1.,0.));
#1798=DIRECTION('ref_axis',(0.,0.,-1.));
#1799=DIRECTION('center_axis',(0.,0.,1.));
#1800=DIRECTION('ref_axis',(-1.,0.,0.));
#1801=DIRECTION('center_axis',(0.,1.,0.));
#1802=DIRECTION('ref_axis',(-0.707106781186547,0.,0.707106781186548));
#1803=DIRECTION('center_axis',(0.,-1.,0.));
#1804=DIRECTION('ref_axis',(-0.707106781186547,0.,0.707106781186548));
#1805=DIRECTION('center_axis',(0.,0.,-1.));
#1806=DIRECTION('ref_axis',(-0.707106781186548,-0.707106781186547,0.));
#1807=DIRECTION('center_axis',(0.,0.,1.));
#1808=DIRECTION('ref_axis',(-1.,0.,0.));
#1809=DIRECTION('',(0.,0.,1.));
#1810=DIRECTION('',(0.,0.,-1.));
#1811=DIRECTION('center_axis',(0.,-1.,0.));
#1812=DIRECTION('ref_axis',(0.,0.,-1.));
#1813=DIRECTION('center_axis',(-1.,0.,-9.25185853854295E-16));
#1814=DIRECTION('ref_axis',(9.25185853854295E-16,0.,-1.));
#1815=DIRECTION('center_axis',(0.,1.,0.));
#1816=DIRECTION('ref_axis',(-0.707106781186547,0.,-0.707106781186548));
#1817=DIRECTION('center_axis',(0.,-1.,0.));
#1818=DIRECTION('ref_axis',(-0.707106781186547,0.,-0.707106781186548));
#1819=DIRECTION('center_axis',(1.,0.,0.));
#1820=DIRECTION('ref_axis',(0.,-0.707106781186547,-0.707106781186548));
#1821=DIRECTION('center_axis',(-1.,0.,0.));
#1822=DIRECTION('ref_axis',(0.,0.,-1.));
#1823=DIRECTION('',(-1.,0.,0.));
#1824=DIRECTION('',(1.,0.,0.));
#1825=DIRECTION('center_axis',(0.,-1.,0.));
#1826=DIRECTION('ref_axis',(0.,0.,-1.));
#1827=DIRECTION('center_axis',(-4.62592926927145E-16,0.,-1.));
#1828=DIRECTION('ref_axis',(1.,0.,-4.62592926927145E-16));
#1829=DIRECTION('center_axis',(0.,1.,0.));
#1830=DIRECTION('ref_axis',(0.707106781186547,0.,-0.707106781186548));
#1831=DIRECTION('center_axis',(0.,-1.,0.));
#1832=DIRECTION('ref_axis',(0.707106781186547,0.,-0.707106781186548));
#1833=DIRECTION('center_axis',(0.,0.,1.));
#1834=DIRECTION('ref_axis',(0.70710678118655,-0.707106781186545,0.));
#1835=DIRECTION('center_axis',(0.,0.,-1.));
#1836=DIRECTION('ref_axis',(1.,0.,0.));
#1837=DIRECTION('',(0.,0.,-1.));
#1838=DIRECTION('',(0.,0.,1.));
#1839=DIRECTION('center_axis',(0.,-1.,0.));
#1840=DIRECTION('ref_axis',(0.,0.,-1.));
#1841=DIRECTION('center_axis',(0.,1.,0.));
#1842=DIRECTION('ref_axis',(0.707106781186547,0.,0.707106781186548));
#1843=DIRECTION('center_axis',(0.,-1.,0.));
#1844=DIRECTION('ref_axis',(0.707106781186546,0.,0.707106781186548));
#1845=DIRECTION('center_axis',(0.,-1.,0.));
#1846=DIRECTION('ref_axis',(1.,0.,0.));
#1847=DIRECTION('',(0.,1.,0.));
#1848=DIRECTION('center_axis',(0.,1.,0.));
#1849=DIRECTION('ref_axis',(1.,0.,0.));
#1850=DIRECTION('',(0.,1.,0.));
#1851=DIRECTION('center_axis',(1.,0.,0.));
#1852=DIRECTION('ref_axis',(0.,1.,0.));
#1853=DIRECTION('',(0.,1.,0.));
#1854=DIRECTION('',(0.,0.,1.));
#1855=DIRECTION('',(0.,0.,1.));
#1856=DIRECTION('',(0.,1.,0.));
#1857=DIRECTION('',(0.,0.,1.));
#1858=DIRECTION('',(0.,-1.,0.));
#1859=DIRECTION('',(0.,0.,-1.));
#1860=DIRECTION('',(0.,1.,0.));
#1861=DIRECTION('',(0.,0.,1.));
#1862=DIRECTION('',(0.,-1.,0.));
#1863=DIRECTION('',(0.,0.,-1.));
#1864=DIRECTION('',(0.,1.,0.));
#1865=DIRECTION('center_axis',(0.,-1.,0.));
#1866=DIRECTION('ref_axis',(1.,0.,0.));
#1867=DIRECTION('',(0.,1.,0.));
#1868=DIRECTION('center_axis',(0.,1.,0.));
#1869=DIRECTION('ref_axis',(1.,0.,0.));
#1870=DIRECTION('center_axis',(0.,0.,-1.));
#1871=DIRECTION('ref_axis',(0.,1.,0.));
#1872=DIRECTION('',(0.,1.,0.));
#1873=DIRECTION('',(1.,0.,0.));
#1874=DIRECTION('center_axis',(0.,-1.,0.));
#1875=DIRECTION('ref_axis',(1.,0.,0.));
#1876=DIRECTION('',(-1.,0.,0.));
#1877=DIRECTION('',(0.,0.,1.));
#1878=DIRECTION('',(1.,0.,0.));
#1879=DIRECTION('',(0.,0.,-1.));
#1880=DIRECTION('center_axis',(0.,-1.,0.));
#1881=DIRECTION('ref_axis',(1.,0.,0.));
#1882=DIRECTION('',(0.,0.,-1.));
#1883=DIRECTION('',(-1.,0.,0.));
#1884=DIRECTION('',(0.,0.,1.));
#1885=DIRECTION('',(1.,0.,0.));
#1886=DIRECTION('center_axis',(0.,0.,1.));
#1887=DIRECTION('ref_axis',(0.,-1.,0.));
#1888=DIRECTION('',(0.,1.,0.));
#1889=DIRECTION('',(0.,-1.,0.));
#1890=DIRECTION('',(-1.,0.,0.));
#1891=DIRECTION('center_axis',(0.,-1.,0.));
#1892=DIRECTION('ref_axis',(1.,0.,0.));
#1893=DIRECTION('',(0.,0.,1.));
#1894=DIRECTION('',(0.,0.,-1.));
#1895=DIRECTION('',(1.,0.,0.));
#1896=DIRECTION('center_axis',(0.,0.,-1.));
#1897=DIRECTION('ref_axis',(0.,1.,0.));
#1898=DIRECTION('',(0.,-1.,0.));
#1899=DIRECTION('',(0.,1.,0.));
#1900=DIRECTION('center_axis',(0.,-1.,0.));
#1901=DIRECTION('ref_axis',(1.,0.,0.));
#1902=DIRECTION('',(-1.,0.,0.));
#1903=DIRECTION('',(0.,0.,1.));
#1904=DIRECTION('',(1.,0.,0.));
#1905=DIRECTION('center_axis',(0.,0.,1.));
#1906=DIRECTION('ref_axis',(0.,-1.,0.));
#1907=DIRECTION('',(0.,1.,0.));
#1908=DIRECTION('',(-1.,0.,0.));
#1909=DIRECTION('center_axis',(0.,-1.,0.));
#1910=DIRECTION('ref_axis',(1.,0.,0.));
#1911=DIRECTION('',(0.,0.,-1.));
#1912=DIRECTION('',(1.,0.,0.));
#1913=DIRECTION('center_axis',(0.,0.,-1.));
#1914=DIRECTION('ref_axis',(0.,1.,0.));
#1915=DIRECTION('',(0.,1.,0.));
#1916=DIRECTION('center_axis',(-1.,0.,0.));
#1917=DIRECTION('ref_axis',(0.,-1.,0.));
#1918=DIRECTION('',(0.,0.,-1.));
#1919=DIRECTION('',(0.,1.,0.));
#1920=DIRECTION('',(0.,0.,1.));
#1921=DIRECTION('',(0.,1.,0.));
#1922=DIRECTION('center_axis',(0.,-1.,0.));
#1923=DIRECTION('ref_axis',(1.,0.,0.));
#1924=DIRECTION('',(0.,0.,1.));
#1925=DIRECTION('',(1.,0.,0.));
#1926=DIRECTION('',(-1.,0.,0.));
#1927=DIRECTION('center_axis',(0.,0.,-1.));
#1928=DIRECTION('ref_axis',(0.,1.,0.));
#1929=DIRECTION('',(0.,1.,0.));
#1930=DIRECTION('',(1.,0.,0.));
#1931=DIRECTION('center_axis',(0.,-1.,0.));
#1932=DIRECTION('ref_axis',(1.,0.,0.));
#1933=DIRECTION('',(0.,0.,-1.));
#1934=DIRECTION('',(-1.,0.,0.));
#1935=DIRECTION('center_axis',(0.,0.,1.));
#1936=DIRECTION('ref_axis',(0.,-1.,0.));
#1937=DIRECTION('',(0.,-1.,0.));
#1938=DIRECTION('center_axis',(0.,-1.,0.));
#1939=DIRECTION('ref_axis',(1.,0.,0.));
#1940=DIRECTION('',(-1.,0.,0.));
#1941=DIRECTION('',(0.,0.,-1.));
#1942=DIRECTION('',(1.,0.,0.));
#1943=DIRECTION('center_axis',(0.,0.,1.));
#1944=DIRECTION('ref_axis',(0.,-1.,0.));
#1945=DIRECTION('',(1.,0.,0.));
#1946=DIRECTION('',(0.,1.,0.));
#1947=DIRECTION('center_axis',(0.,0.,1.));
#1948=DIRECTION('ref_axis',(0.,-1.,0.));
#1949=DIRECTION('',(0.,1.,0.));
#1950=DIRECTION('',(-1.,0.,0.));
#1951=DIRECTION('center_axis',(0.,-1.,0.));
#1952=DIRECTION('ref_axis',(1.,0.,0.));
#1953=DIRECTION('',(0.,0.,1.));
#1954=DIRECTION('',(1.,0.,0.));
#1955=DIRECTION('',(0.,0.,-1.));
#1956=DIRECTION('',(-1.,0.,0.));
#1957=DIRECTION('center_axis',(0.,0.,-1.));
#1958=DIRECTION('ref_axis',(0.,1.,0.));
#1959=DIRECTION('',(0.,1.,0.));
#1960=DIRECTION('',(0.,1.,0.));
#1961=DIRECTION('',(1.,0.,0.));
#1962=DIRECTION('center_axis',(0.,-1.,0.));
#1963=DIRECTION('ref_axis',(1.,0.,0.));
#1964=DIRECTION('',(0.,0.,-1.));
#1965=DIRECTION('',(0.,0.,1.));
#1966=DIRECTION('',(-1.,0.,0.));
#1967=DIRECTION('center_axis',(0.,0.,1.));
#1968=DIRECTION('ref_axis',(0.,-1.,0.));
#1969=DIRECTION('',(0.,-1.,0.));
#1970=DIRECTION('',(0.,1.,0.));
#1971=DIRECTION('center_axis',(0.,-1.,0.));
#1972=DIRECTION('ref_axis',(1.,0.,0.));
#1973=DIRECTION('',(-1.,0.,0.));
#1974=DIRECTION('',(0.,0.,1.));
#1975=DIRECTION('center_axis',(0.,-1.,0.));
#1976=DIRECTION('ref_axis',(1.,0.,0.));
#1977=DIRECTION('',(0.,0.,-1.));
#1978=DIRECTION('',(1.,0.,0.));
#1979=DIRECTION('center_axis',(0.,0.,-1.));
#1980=DIRECTION('ref_axis',(0.,1.,0.));
#1981=DIRECTION('',(0.,1.,0.));
#1982=DIRECTION('center_axis',(-1.,0.,0.));
#1983=DIRECTION('ref_axis',(0.,-1.,0.));
#1984=DIRECTION('',(0.,1.,0.));
#1985=DIRECTION('',(0.,0.,1.));
#1986=DIRECTION('',(0.,1.,0.));
#1987=DIRECTION('',(0.,0.,-1.));
#1988=DIRECTION('center_axis',(0.,-1.,0.));
#1989=DIRECTION('ref_axis',(1.,0.,0.));
#1990=DIRECTION('',(0.,0.,1.));
#1991=DIRECTION('',(1.,0.,0.));
#1992=DIRECTION('',(-1.,0.,0.));
#1993=DIRECTION('center_axis',(0.,0.,-1.));
#1994=DIRECTION('ref_axis',(0.,1.,0.));
#1995=DIRECTION('',(0.,1.,0.));
#1996=DIRECTION('',(1.,0.,0.));
#1997=DIRECTION('center_axis',(0.,-1.,0.));
#1998=DIRECTION('ref_axis',(1.,0.,0.));
#1999=DIRECTION('',(0.,0.,-1.));
#2000=DIRECTION('',(-1.,0.,0.));
#2001=DIRECTION('center_axis',(0.,0.,1.));
#2002=DIRECTION('ref_axis',(0.,-1.,0.));
#2003=DIRECTION('',(0.,-1.,0.));
#2004=DIRECTION('center_axis',(-1.,0.,0.));
#2005=DIRECTION('ref_axis',(0.,-1.,0.));
#2006=DIRECTION('',(0.,-1.,0.));
#2007=DIRECTION('',(0.,0.,-1.));
#2008=DIRECTION('',(0.,1.,0.));
#2009=DIRECTION('',(0.,0.,1.));
#2010=DIRECTION('center_axis',(0.,-1.,0.));
#2011=DIRECTION('ref_axis',(1.,0.,0.));
#2012=DIRECTION('',(1.,0.,0.));
#2013=DIRECTION('',(0.,0.,1.));
#2014=DIRECTION('',(1.,0.,0.));
#2015=DIRECTION('center_axis',(0.,-1.,0.));
#2016=DIRECTION('ref_axis',(1.,0.,0.));
#2017=DIRECTION('',(-1.,0.,0.));
#2018=DIRECTION('',(-1.,0.,0.));
#2019=DIRECTION('',(0.,0.,-1.));
#2020=DIRECTION('center_axis',(1.,0.,0.));
#2021=DIRECTION('ref_axis',(0.,1.,0.));
#2022=DIRECTION('',(0.,1.,0.));
#2023=DIRECTION('',(0.,1.,0.));
#2024=DIRECTION('center_axis',(0.,0.,-1.));
#2025=DIRECTION('ref_axis',(0.,1.,0.));
#2026=DIRECTION('center_axis',(-1.,0.,0.));
#2027=DIRECTION('ref_axis',(0.,-1.,0.));
#2028=DIRECTION('',(0.,-1.,0.));
#2029=DIRECTION('',(0.,0.,-1.));
#2030=DIRECTION('',(0.,1.,0.));
#2031=DIRECTION('',(0.,0.,1.));
#2032=DIRECTION('center_axis',(0.,-1.,0.));
#2033=DIRECTION('ref_axis',(1.,0.,0.));
#2034=DIRECTION('',(1.,0.,0.));
#2035=DIRECTION('',(0.,0.,1.));
#2036=DIRECTION('',(1.,0.,0.));
#2037=DIRECTION('center_axis',(0.,-1.,0.));
#2038=DIRECTION('ref_axis',(1.,0.,0.));
#2039=DIRECTION('',(-1.,0.,0.));
#2040=DIRECTION('',(-1.,0.,0.));
#2041=DIRECTION('',(0.,0.,-1.));
#2042=DIRECTION('center_axis',(1.,0.,0.));
#2043=DIRECTION('ref_axis',(0.,1.,0.));
#2044=DIRECTION('',(0.,1.,0.));
#2045=DIRECTION('',(0.,1.,0.));
#2046=DIRECTION('center_axis',(0.,0.,-1.));
#2047=DIRECTION('ref_axis',(0.,1.,0.));
#2048=DIRECTION('center_axis',(0.,0.,1.));
#2049=DIRECTION('ref_axis',(1.,0.,0.));
#2050=DIRECTION('center_axis',(0.,0.,-1.));
#2051=DIRECTION('ref_axis',(1.,0.,0.));
#2052=DIRECTION('',(0.,0.,-1.));
#2053=DIRECTION('center_axis',(0.,0.,1.));
#2054=DIRECTION('ref_axis',(1.,0.,0.));
#2055=DIRECTION('',(0.,0.,1.));
#2056=DIRECTION('center_axis',(0.,-1.,0.));
#2057=DIRECTION('ref_axis',(1.,0.,0.));
#2058=DIRECTION('',(-1.,0.,0.));
#2059=DIRECTION('',(1.,0.,0.));
#2060=DIRECTION('',(0.,0.,-1.));
#2061=DIRECTION('center_axis',(0.,0.,1.));
#2062=DIRECTION('ref_axis',(-1.,1.22464679914735E-16,0.));
#2063=DIRECTION('center_axis',(0.,0.,-1.));
#2064=DIRECTION('ref_axis',(1.,0.,0.));
#2065=DIRECTION('center_axis',(0.,0.,1.));
#2066=DIRECTION('ref_axis',(1.,0.,0.));
#2067=DIRECTION('',(0.,0.,1.));
#2068=DIRECTION('center_axis',(0.,-1.,0.));
#2069=DIRECTION('ref_axis',(1.,0.,0.));
#2070=DIRECTION('',(1.,0.,0.));
#2071=DIRECTION('',(-1.,0.,0.));
#2072=DIRECTION('center_axis',(0.,0.,-1.));
#2073=DIRECTION('ref_axis',(0.,1.,0.));
#2074=DIRECTION('',(-1.,0.,0.));
#2075=DIRECTION('',(0.,1.,0.));
#2076=DIRECTION('',(-1.,0.,0.));
#2077=DIRECTION('',(0.,1.,0.));
#2078=DIRECTION('center_axis',(1.,0.,0.));
#2079=DIRECTION('ref_axis',(0.,1.,0.));
#2080=DIRECTION('',(0.,0.,-1.));
#2081=DIRECTION('',(0.,0.,-1.));
#2082=DIRECTION('',(0.,1.,0.));
#2083=DIRECTION('center_axis',(0.,-1.,0.));
#2084=DIRECTION('ref_axis',(1.,0.,0.));
#2085=DIRECTION('',(0.,0.,1.));
#2086=DIRECTION('',(1.,0.,0.));
#2087=DIRECTION('center_axis',(0.,0.,1.));
#2088=DIRECTION('ref_axis',(0.,-1.,0.));
#2089=DIRECTION('',(1.,0.,0.));
#2090=DIRECTION('',(0.,1.,0.));
#2091=DIRECTION('center_axis',(-1.,0.,0.));
#2092=DIRECTION('ref_axis',(0.,-1.,0.));
#2093=DIRECTION('',(0.,0.,1.));
#2094=DIRECTION('center_axis',(0.,0.,-1.));
#2095=DIRECTION('ref_axis',(0.,1.,0.));
#2096=DIRECTION('',(-1.,0.,0.));
#2097=DIRECTION('',(0.,1.,0.));
#2098=DIRECTION('',(-1.,0.,0.));
#2099=DIRECTION('',(0.,1.,0.));
#2100=DIRECTION('center_axis',(1.,0.,0.));
#2101=DIRECTION('ref_axis',(0.,1.,0.));
#2102=DIRECTION('',(0.,0.,-1.));
#2103=DIRECTION('',(0.,0.,-1.));
#2104=DIRECTION('',(0.,1.,0.));
#2105=DIRECTION('center_axis',(0.,-1.,0.));
#2106=DIRECTION('ref_axis',(1.,0.,0.));
#2107=DIRECTION('',(0.,0.,1.));
#2108=DIRECTION('',(1.,0.,0.));
#2109=DIRECTION('center_axis',(0.,0.,1.));
#2110=DIRECTION('ref_axis',(0.,-1.,0.));
#2111=DIRECTION('',(1.,0.,0.));
#2112=DIRECTION('',(0.,1.,0.));
#2113=DIRECTION('center_axis',(-1.,0.,0.));
#2114=DIRECTION('ref_axis',(0.,-1.,0.));
#2115=DIRECTION('',(0.,0.,1.));
#2116=DIRECTION('center_axis',(0.,0.,-1.));
#2117=DIRECTION('ref_axis',(0.,1.,0.));
#2118=DIRECTION('',(0.,1.,0.));
#2119=DIRECTION('',(1.,0.,0.));
#2120=DIRECTION('',(0.,1.,0.));
#2121=DIRECTION('center_axis',(-1.,0.,0.));
#2122=DIRECTION('ref_axis',(0.,-1.,0.));
#2123=DIRECTION('',(0.,0.,-1.));
#2124=DIRECTION('',(0.,1.,0.));
#2125=DIRECTION('center_axis',(0.,-1.,0.));
#2126=DIRECTION('ref_axis',(1.,0.,0.));
#2127=DIRECTION('',(0.,0.,1.));
#2128=DIRECTION('',(-1.,0.,0.));
#2129=DIRECTION('',(-1.,0.,0.));
#2130=DIRECTION('',(0.,0.,1.));
#2131=DIRECTION('',(1.,0.,0.));
#2132=DIRECTION('',(0.,0.,-1.));
#2133=DIRECTION('center_axis',(0.,0.,1.));
#2134=DIRECTION('ref_axis',(0.,-1.,0.));
#2135=DIRECTION('',(0.,1.,0.));
#2136=DIRECTION('center_axis',(1.,0.,0.));
#2137=DIRECTION('ref_axis',(0.,1.,0.));
#2138=DIRECTION('center_axis',(0.,0.,1.));
#2139=DIRECTION('ref_axis',(0.,-1.,0.));
#2140=DIRECTION('',(0.,1.,0.));
#2141=DIRECTION('',(1.,0.,0.));
#2142=DIRECTION('',(0.,1.,0.));
#2143=DIRECTION('center_axis',(-1.,0.,0.));
#2144=DIRECTION('ref_axis',(0.,-1.,0.));
#2145=DIRECTION('',(0.,1.,0.));
#2146=DIRECTION('',(0.,0.,1.));
#2147=DIRECTION('center_axis',(0.,0.,-1.));
#2148=DIRECTION('ref_axis',(0.,1.,0.));
#2149=DIRECTION('',(0.,1.,0.));
#2150=DIRECTION('',(-1.,0.,0.));
#2151=DIRECTION('center_axis',(1.,0.,0.));
#2152=DIRECTION('ref_axis',(0.,1.,0.));
#2153=DIRECTION('',(0.,0.,-1.));
#2154=DIRECTION('center_axis',(0.,-1.,0.));
#2155=DIRECTION('ref_axis',(1.,0.,0.));
#2156=DIRECTION('center_axis',(0.,-1.,0.));
#2157=DIRECTION('ref_axis',(1.,0.,0.));
#2158=DIRECTION('',(0.,1.,0.));
#2159=DIRECTION('center_axis',(0.,-1.,0.));
#2160=DIRECTION('ref_axis',(1.,0.,0.));
#2161=DIRECTION('',(0.,1.,0.));
#2162=DIRECTION('center_axis',(0.,0.,-1.));
#2163=DIRECTION('ref_axis',(0.,1.,0.));
#2164=DIRECTION('',(-1.,0.,0.));
#2165=DIRECTION('',(-1.,0.,0.));
#2166=DIRECTION('',(0.,1.,0.));
#2167=DIRECTION('center_axis',(0.,-1.,0.));
#2168=DIRECTION('ref_axis',(1.,0.,0.));
#2169=DIRECTION('center_axis',(0.,-1.,0.));
#2170=DIRECTION('ref_axis',(1.,0.,0.));
#2171=DIRECTION('center_axis',(0.,-1.,0.));
#2172=DIRECTION('ref_axis',(1.,0.,0.));
#2173=DIRECTION('',(0.,1.,0.));
#2174=DIRECTION('center_axis',(1.,0.,0.));
#2175=DIRECTION('ref_axis',(0.,1.,0.));
#2176=DIRECTION('',(0.,0.,-1.));
#2177=DIRECTION('',(0.,0.,-1.));
#2178=DIRECTION('',(0.,1.,0.));
#2179=DIRECTION('center_axis',(0.,-1.,0.));
#2180=DIRECTION('ref_axis',(1.,0.,0.));
#2181=DIRECTION('',(0.,0.,1.));
#2182=DIRECTION('center_axis',(0.,-1.,0.));
#2183=DIRECTION('ref_axis',(1.,0.,0.));
#2184=DIRECTION('',(1.,0.,0.));
#2185=DIRECTION('center_axis',(0.,-1.,0.));
#2186=DIRECTION('ref_axis',(1.,0.,0.));
#2187=DIRECTION('center_axis',(0.,-1.,0.));
#2188=DIRECTION('ref_axis',(1.,0.,0.));
#2189=DIRECTION('center_axis',(0.,-1.,0.));
#2190=DIRECTION('ref_axis',(1.,0.,0.));
#2191=DIRECTION('',(0.,1.,0.));
#2192=DIRECTION('',(0.,1.,0.));
#2193=DIRECTION('center_axis',(0.,-1.,0.));
#2194=DIRECTION('ref_axis',(1.,0.,0.));
#2195=DIRECTION('center_axis',(0.,-1.,0.));
#2196=DIRECTION('ref_axis',(1.,0.,0.));
#2197=DIRECTION('',(0.,1.,0.));
#2198=DIRECTION('center_axis',(-1.,0.,0.));
#2199=DIRECTION('ref_axis',(0.,-1.,0.));
#2200=DIRECTION('',(0.,0.,1.));
#2201=DIRECTION('center_axis',(0.,0.,1.));
#2202=DIRECTION('ref_axis',(0.,-1.,0.));
#2203=DIRECTION('',(1.,0.,0.));
#2204=DIRECTION('center_axis',(0.,-1.,0.));
#2205=DIRECTION('ref_axis',(1.,0.,0.));
#2206=DIRECTION('',(0.,1.,0.));
#2207=DIRECTION('center_axis',(0.,1.,0.));
#2208=DIRECTION('ref_axis',(1.,0.,0.));
#2209=DIRECTION('center_axis',(0.,-1.,0.));
#2210=DIRECTION('ref_axis',(1.,0.,0.));
#2211=DIRECTION('',(0.,1.,0.));
#2212=DIRECTION('center_axis',(0.,1.,0.));
#2213=DIRECTION('ref_axis',(1.,0.,0.));
#2214=DIRECTION('',(0.,1.,0.));
#2215=DIRECTION('center_axis',(0.,-1.,0.));
#2216=DIRECTION('ref_axis',(1.,0.,0.));
#2217=DIRECTION('',(0.,0.,-1.));
#2218=DIRECTION('',(-1.,0.,0.));
#2219=DIRECTION('center_axis',(-1.,0.,0.));
#2220=DIRECTION('ref_axis',(0.,-1.,0.));
#2221=DIRECTION('center_axis',(0.,0.,1.));
#2222=DIRECTION('ref_axis',(0.,-1.,0.));
#2223=CARTESIAN_POINT('',(0.,0.,0.));
#2224=CARTESIAN_POINT('Origin',(62.65,-1.2,77.));
#2225=CARTESIAN_POINT('',(129.6,-2.4,77.));
#2226=CARTESIAN_POINT('',(129.6,-1.2,78.2));
#2227=CARTESIAN_POINT('Origin',(129.6,-1.2,77.));
#2228=CARTESIAN_POINT('',(-4.3,-1.2,78.2));
#2229=CARTESIAN_POINT('',(62.65,-1.2,78.2));
#2230=CARTESIAN_POINT('',(-4.3,-2.4,77.));
#2231=CARTESIAN_POINT('Origin',(-4.3,-1.2,77.));
#2232=CARTESIAN_POINT('',(62.65,-2.4,77.));
#2233=CARTESIAN_POINT('Origin',(-4.3,-1.2,73.2));
#2234=CARTESIAN_POINT('',(-9.3,-1.2,73.2));
#2235=CARTESIAN_POINT('',(-8.1,-2.4,73.2));
#2236=CARTESIAN_POINT('Origin',(-8.1,-1.2,73.2));
#2237=CARTESIAN_POINT('Origin',(-4.3,-2.4,73.2));
#2238=CARTESIAN_POINT('Origin',(-4.3,-1.2,73.2));
#2239=CARTESIAN_POINT('Origin',(-8.1,-1.2,37.6));
#2240=CARTESIAN_POINT('',(-9.3,-1.2,2.));
#2241=CARTESIAN_POINT('',(-8.1,-2.4,2.));
#2242=CARTESIAN_POINT('Origin',(-8.1,-1.2,2.));
#2243=CARTESIAN_POINT('',(-8.1,-2.4,37.6));
#2244=CARTESIAN_POINT('',(-9.3,-1.2,37.6));
#2245=CARTESIAN_POINT('Origin',(-4.3,-1.2,2.));
#2246=CARTESIAN_POINT('',(-4.3,-1.2,-3.));
#2247=CARTESIAN_POINT('',(-4.3,-2.4,-1.8));
#2248=CARTESIAN_POINT('Origin',(-4.3,-1.2,-1.8));
#2249=CARTESIAN_POINT('Origin',(-4.3,-2.4,2.));
#2250=CARTESIAN_POINT('Origin',(-4.3,-1.2,2.));
#2251=CARTESIAN_POINT('Origin',(62.65,-1.2,-1.8));
#2252=CARTESIAN_POINT('',(129.6,-1.2,-3.));
#2253=CARTESIAN_POINT('',(129.6,-2.4,-1.8));
#2254=CARTESIAN_POINT('Origin',(129.6,-1.2,-1.8));
#2255=CARTESIAN_POINT('',(62.65,-2.4,-1.8));
#2256=CARTESIAN_POINT('',(62.65,-1.2,-3.));
#2257=CARTESIAN_POINT('Origin',(129.6,-1.2,2.));
#2258=CARTESIAN_POINT('',(134.6,-1.2,2.));
#2259=CARTESIAN_POINT('',(133.4,-2.4,2.));
#2260=CARTESIAN_POINT('Origin',(133.4,-1.2,2.));
#2261=CARTESIAN_POINT('Origin',(129.6,-2.4,2.));
#2262=CARTESIAN_POINT('Origin',(129.6,-1.2,2.));
#2263=CARTESIAN_POINT('Origin',(133.4,-1.2,37.6));
#2264=CARTESIAN_POINT('',(134.6,-1.2,73.2));
#2265=CARTESIAN_POINT('',(133.4,-2.4,73.2));
#2266=CARTESIAN_POINT('Origin',(133.4,-1.2,73.2));
#2267=CARTESIAN_POINT('',(133.4,-2.4,37.6));
#2268=CARTESIAN_POINT('',(134.6,-1.2,37.6));
#2269=CARTESIAN_POINT('Origin',(129.6,-1.2,73.2));
#2270=CARTESIAN_POINT('Origin',(129.6,-2.4,73.2));
#2271=CARTESIAN_POINT('Origin',(129.6,-1.2,73.2));
#2272=CARTESIAN_POINT('Origin',(-4.3,4.635,2.));
#2273=CARTESIAN_POINT('',(-9.3,11.67,2.));
#2274=CARTESIAN_POINT('',(-9.3,4.635,2.));
#2275=CARTESIAN_POINT('',(-4.3,11.67,-3.));
#2276=CARTESIAN_POINT('Origin',(-4.3,11.67,2.));
#2277=CARTESIAN_POINT('',(-4.3,4.635,-3.));
#2278=CARTESIAN_POINT('Origin',(-9.3,4.635,37.6));
#2279=CARTESIAN_POINT('',(-9.3,11.67,73.2));
#2280=CARTESIAN_POINT('',(-9.3,4.635,73.2));
#2281=CARTESIAN_POINT('',(-9.3,11.67,37.6));
#2282=CARTESIAN_POINT('',(-9.3,7.5,43.7));
#2283=CARTESIAN_POINT('',(-9.3,7.5,53.2));
#2284=CARTESIAN_POINT('',(-9.3,7.5,43.4));
#2285=CARTESIAN_POINT('',(-9.3,8.,53.2));
#2286=CARTESIAN_POINT('',(-9.3,4.2175,53.2));
#2287=CARTESIAN_POINT('',(-9.3,8.,67.2));
#2288=CARTESIAN_POINT('',(-9.3,8.,48.9));
#2289=CARTESIAN_POINT('',(-9.3,-0.4,67.2));
#2290=CARTESIAN_POINT('',(-9.3,4.2175,67.2));
#2291=CARTESIAN_POINT('',(-9.3,-0.4,43.7));
#2292=CARTESIAN_POINT('',(-9.3,-0.4,48.9));
#2293=CARTESIAN_POINT('',(-9.3,4.0925,43.7));
#2294=CARTESIAN_POINT('',(-9.3,8.,20.7));
#2295=CARTESIAN_POINT('',(-9.3,8.,41.7));
#2296=CARTESIAN_POINT('',(-9.3,8.,34.4));
#2297=CARTESIAN_POINT('',(-9.3,-0.4,41.7));
#2298=CARTESIAN_POINT('',(-9.3,4.2175,41.7));
#2299=CARTESIAN_POINT('',(-9.3,-0.4,20.7));
#2300=CARTESIAN_POINT('',(-9.3,-0.4,34.4));
#2301=CARTESIAN_POINT('',(-9.3,4.2175,20.7));
#2302=CARTESIAN_POINT('Origin',(-4.3,4.635,73.2));
#2303=CARTESIAN_POINT('',(-4.3,11.67,78.2));
#2304=CARTESIAN_POINT('',(-4.3,4.635,78.2));
#2305=CARTESIAN_POINT('Origin',(-4.3,11.67,73.2));
#2306=CARTESIAN_POINT('Origin',(62.65,4.635,78.2));
#2307=CARTESIAN_POINT('',(129.6,11.67,78.2));
#2308=CARTESIAN_POINT('',(129.6,4.635,78.2));
#2309=CARTESIAN_POINT('',(62.65,11.67,78.2));
#2310=CARTESIAN_POINT('Origin',(62.65,-2.4,37.6));
#2311=CARTESIAN_POINT('',(121.71,-2.4,3.59));
#2312=CARTESIAN_POINT('',(3.55,-2.4,3.59));
#2313=CARTESIAN_POINT('',(62.64,-2.4,3.59));
#2314=CARTESIAN_POINT('',(3.55,-2.4,71.64));
#2315=CARTESIAN_POINT('',(3.55,-2.4,37.6075));
#2316=CARTESIAN_POINT('',(121.71,-2.4,71.64));
#2317=CARTESIAN_POINT('',(62.64,-2.4,71.64));
#2318=CARTESIAN_POINT('',(121.71,-2.4,37.6075));
#2319=CARTESIAN_POINT('Origin',(133.85,1.,49.2));
#2320=CARTESIAN_POINT('',(132.6,1.,53.2));
#2321=CARTESIAN_POINT('',(132.6,1.,45.2));
#2322=CARTESIAN_POINT('',(132.6,1.,43.4));
#2323=CARTESIAN_POINT('',(134.6,1.,53.2));
#2324=CARTESIAN_POINT('',(133.85,1.,53.2));
#2325=CARTESIAN_POINT('',(134.6,1.,45.2));
#2326=CARTESIAN_POINT('',(134.6,1.,43.4));
#2327=CARTESIAN_POINT('',(133.85,1.,45.2));
#2328=CARTESIAN_POINT('Origin',(133.85,3.1,45.2));
#2329=CARTESIAN_POINT('',(132.6,5.2,45.2));
#2330=CARTESIAN_POINT('',(132.6,4.7175,45.2));
#2331=CARTESIAN_POINT('',(134.6,5.2,45.2));
#2332=CARTESIAN_POINT('',(134.6,3.8675,45.2));
#2333=CARTESIAN_POINT('',(133.85,5.2,45.2));
#2334=CARTESIAN_POINT('Origin',(133.85,5.2,49.2));
#2335=CARTESIAN_POINT('',(132.6,5.2,53.2));
#2336=CARTESIAN_POINT('',(132.6,5.2,43.4));
#2337=CARTESIAN_POINT('',(134.6,5.2,53.2));
#2338=CARTESIAN_POINT('',(134.6,5.2,43.4));
#2339=CARTESIAN_POINT('',(133.85,5.2,53.2));
#2340=CARTESIAN_POINT('Origin',(133.85,3.1,53.2));
#2341=CARTESIAN_POINT('',(132.6,4.7175,53.2));
#2342=CARTESIAN_POINT('',(134.6,3.8675,53.2));
#2343=CARTESIAN_POINT('Origin',(-7.15,-0.4,31.2));
#2344=CARTESIAN_POINT('',(-4.,-0.4,41.7));
#2345=CARTESIAN_POINT('',(-7.15,-0.4,41.7));
#2346=CARTESIAN_POINT('',(-4.,-0.4,20.7));
#2347=CARTESIAN_POINT('',(-4.,-0.4,31.2));
#2348=CARTESIAN_POINT('',(-7.15,-0.4,20.7));
#2349=CARTESIAN_POINT('Origin',(-7.15,3.8,20.7));
#2350=CARTESIAN_POINT('',(-4.,8.,20.7));
#2351=CARTESIAN_POINT('',(-4.,3.8,20.7));
#2352=CARTESIAN_POINT('',(-7.15,8.,20.7));
#2353=CARTESIAN_POINT('Origin',(-7.15,8.,31.2));
#2354=CARTESIAN_POINT('',(-4.,8.,41.7));
#2355=CARTESIAN_POINT('',(-4.,8.,31.2));
#2356=CARTESIAN_POINT('',(-7.15,8.,41.7));
#2357=CARTESIAN_POINT('Origin',(-7.15,3.8,41.7));
#2358=CARTESIAN_POINT('',(-4.,3.8,41.7));
#2359=CARTESIAN_POINT('Origin',(-4.,3.8,31.2));
#2360=CARTESIAN_POINT('',(-4.,1.2,39.7));
#2361=CARTESIAN_POINT('',(-4.,1.2,22.7));
#2362=CARTESIAN_POINT('',(-4.,1.2,31.2));
#2363=CARTESIAN_POINT('',(-4.,5.,22.7));
#2364=CARTESIAN_POINT('',(-4.,3.1,22.7));
#2365=CARTESIAN_POINT('',(-4.,5.,39.7));
#2366=CARTESIAN_POINT('',(-4.,5.,31.2));
#2367=CARTESIAN_POINT('',(-4.,3.1,39.7));
#2368=CARTESIAN_POINT('Origin',(-2.75,1.2,31.2));
#2369=CARTESIAN_POINT('',(-2.,1.2,22.7));
#2370=CARTESIAN_POINT('',(-2.,1.2,39.7));
#2371=CARTESIAN_POINT('',(-2.,1.2,34.4));
#2372=CARTESIAN_POINT('',(-2.75,1.2,22.7));
#2373=CARTESIAN_POINT('',(-2.75,1.2,39.7));
#2374=CARTESIAN_POINT('Origin',(-2.75,3.1,39.7));
#2375=CARTESIAN_POINT('',(-2.,5.,39.7));
#2376=CARTESIAN_POINT('',(-2.,4.7175,39.7));
#2377=CARTESIAN_POINT('',(-2.75,5.,39.7));
#2378=CARTESIAN_POINT('Origin',(-2.75,5.,31.2));
#2379=CARTESIAN_POINT('',(-2.,5.,22.7));
#2380=CARTESIAN_POINT('',(-2.,5.,34.4));
#2381=CARTESIAN_POINT('',(-2.75,5.,22.7));
#2382=CARTESIAN_POINT('Origin',(-2.75,3.1,22.7));
#2383=CARTESIAN_POINT('',(-2.,4.7175,22.7));
#2384=CARTESIAN_POINT('Origin',(-7.15,7.5,49.2));
#2385=CARTESIAN_POINT('',(-4.,7.5,43.7));
#2386=CARTESIAN_POINT('',(-7.15,7.5,43.7));
#2387=CARTESIAN_POINT('',(-4.,7.5,53.2));
#2388=CARTESIAN_POINT('',(-4.,7.5,49.2));
#2389=CARTESIAN_POINT('',(-7.15,7.5,53.2));
#2390=CARTESIAN_POINT('Origin',(-7.15,3.55,43.7));
#2391=CARTESIAN_POINT('',(-4.,-0.4,43.7));
#2392=CARTESIAN_POINT('',(-7.15,-0.4,43.7));
#2393=CARTESIAN_POINT('',(-4.,3.55,43.7));
#2394=CARTESIAN_POINT('Origin',(-7.15,3.8,53.2));
#2395=CARTESIAN_POINT('',(-4.,8.,53.2));
#2396=CARTESIAN_POINT('',(-4.,3.8,53.2));
#2397=CARTESIAN_POINT('',(-7.15,8.,53.2));
#2398=CARTESIAN_POINT('Origin',(-2.75,0.8,49.2));
#2399=CARTESIAN_POINT('',(-2.,0.8,45.2));
#2400=CARTESIAN_POINT('',(-2.,0.8,53.2));
#2401=CARTESIAN_POINT('',(-2.,0.8,43.4));
#2402=CARTESIAN_POINT('',(-4.,0.8,45.2));
#2403=CARTESIAN_POINT('',(-2.75,0.8,45.2));
#2404=CARTESIAN_POINT('',(-4.,0.8,53.2));
#2405=CARTESIAN_POINT('',(-4.,0.8,49.2));
#2406=CARTESIAN_POINT('',(-2.75,0.8,53.2));
#2407=CARTESIAN_POINT('Origin',(-2.75,3.15,53.2));
#2408=CARTESIAN_POINT('',(-2.,5.5,53.2));
#2409=CARTESIAN_POINT('',(-2.,4.7425,53.2));
#2410=CARTESIAN_POINT('',(-4.,5.5,53.2));
#2411=CARTESIAN_POINT('',(-4.,3.8,53.2));
#2412=CARTESIAN_POINT('',(-2.75,5.5,53.2));
#2413=CARTESIAN_POINT('Origin',(-2.75,5.5,49.2));
#2414=CARTESIAN_POINT('',(-2.,5.5,45.2));
#2415=CARTESIAN_POINT('',(-2.,5.5,43.4));
#2416=CARTESIAN_POINT('',(-4.,5.5,45.2));
#2417=CARTESIAN_POINT('',(-4.,5.5,49.2));
#2418=CARTESIAN_POINT('',(-2.75,5.5,45.2));
#2419=CARTESIAN_POINT('Origin',(-2.75,3.15,45.2));
#2420=CARTESIAN_POINT('',(-2.,4.7425,45.2));
#2421=CARTESIAN_POINT('',(-4.,3.15,45.2));
#2422=CARTESIAN_POINT('Origin',(-7.15,-0.4,60.2));
#2423=CARTESIAN_POINT('',(-4.,-0.4,67.2));
#2424=CARTESIAN_POINT('',(-7.15,-0.4,67.2));
#2425=CARTESIAN_POINT('',(-4.,-0.4,60.2));
#2426=CARTESIAN_POINT('Origin',(-7.15,8.,60.2));
#2427=CARTESIAN_POINT('',(-4.,8.,67.2));
#2428=CARTESIAN_POINT('',(-4.,8.,60.2));
#2429=CARTESIAN_POINT('',(-7.15,8.,67.2));
#2430=CARTESIAN_POINT('Origin',(-7.15,3.8,67.2));
#2431=CARTESIAN_POINT('',(-4.,3.8,67.2));
#2432=CARTESIAN_POINT('Origin',(-4.,3.8,60.2));
#2433=CARTESIAN_POINT('',(-4.,0.599999999999999,54.7));
#2434=CARTESIAN_POINT('',(-4.,6.6,54.7));
#2435=CARTESIAN_POINT('',(-4.,3.6,54.7));
#2436=CARTESIAN_POINT('',(-4.,6.6,65.7));
#2437=CARTESIAN_POINT('',(-4.,6.6,60.2));
#2438=CARTESIAN_POINT('',(-4.,0.599999999999999,65.7));
#2439=CARTESIAN_POINT('',(-4.,3.6,65.7));
#2440=CARTESIAN_POINT('',(-4.,0.599999999999999,60.2));
#2441=CARTESIAN_POINT('Origin',(-2.75,0.599999999999999,60.2));
#2442=CARTESIAN_POINT('',(-2.,0.599999999999999,54.7));
#2443=CARTESIAN_POINT('',(-2.,0.599999999999999,65.7));
#2444=CARTESIAN_POINT('',(-2.,0.599999999999999,48.9));
#2445=CARTESIAN_POINT('',(-2.75,0.599999999999999,54.7));
#2446=CARTESIAN_POINT('',(-2.75,0.599999999999999,65.7));
#2447=CARTESIAN_POINT('Origin',(-2.75,3.6,65.7));
#2448=CARTESIAN_POINT('',(-2.,6.6,65.7));
#2449=CARTESIAN_POINT('',(-2.,4.9675,65.7));
#2450=CARTESIAN_POINT('',(-2.75,6.6,65.7));
#2451=CARTESIAN_POINT('Origin',(-2.75,6.6,60.2));
#2452=CARTESIAN_POINT('',(-2.,6.6,54.7));
#2453=CARTESIAN_POINT('',(-2.,6.6,48.9));
#2454=CARTESIAN_POINT('',(-2.75,6.6,54.7));
#2455=CARTESIAN_POINT('Origin',(-2.75,3.6,54.7));
#2456=CARTESIAN_POINT('',(-2.,4.9675,54.7));
#2457=CARTESIAN_POINT('Origin',(77.,6.,-0.605));
#2458=CARTESIAN_POINT('',(77.,9.5,-1.));
#2459=CARTESIAN_POINT('',(77.,2.5,-1.));
#2460=CARTESIAN_POINT('',(77.,6.1675,-1.));
#2461=CARTESIAN_POINT('',(77.,9.5,-0.2));
#2462=CARTESIAN_POINT('',(77.,9.5,-0.605));
#2463=CARTESIAN_POINT('',(77.,2.5,-0.2));
#2464=CARTESIAN_POINT('',(77.,6.,-0.2));
#2465=CARTESIAN_POINT('',(77.,2.5,-0.605));
#2466=CARTESIAN_POINT('Origin',(76.25,9.5,-0.605));
#2467=CARTESIAN_POINT('',(75.5,9.5,-1.));
#2468=CARTESIAN_POINT('',(70.775,9.5,-1.));
#2469=CARTESIAN_POINT('',(75.5,9.5,-0.2));
#2470=CARTESIAN_POINT('',(75.5,9.5,-0.605));
#2471=CARTESIAN_POINT('',(76.25,9.5,-0.2));
#2472=CARTESIAN_POINT('Origin',(76.25,2.5,-0.605));
#2473=CARTESIAN_POINT('',(75.5,2.5,-1.));
#2474=CARTESIAN_POINT('',(70.775,2.5,-1.));
#2475=CARTESIAN_POINT('',(75.5,2.5,-0.2));
#2476=CARTESIAN_POINT('',(76.25,2.5,-0.2));
#2477=CARTESIAN_POINT('',(75.5,2.5,-0.605));
#2478=CARTESIAN_POINT('Origin',(75.5,6.,-0.605));
#2479=CARTESIAN_POINT('',(75.5,6.1675,-1.));
#2480=CARTESIAN_POINT('',(75.5,6.,-0.2));
#2481=CARTESIAN_POINT('Origin',(76.25,6.,-0.2));
#2482=CARTESIAN_POINT('Origin',(49.8,6.,-0.605));
#2483=CARTESIAN_POINT('',(49.8,9.5,-1.));
#2484=CARTESIAN_POINT('',(49.8,2.5,-1.));
#2485=CARTESIAN_POINT('',(49.8,6.1675,-1.));
#2486=CARTESIAN_POINT('',(49.8,9.5,-0.2));
#2487=CARTESIAN_POINT('',(49.8,9.5,-0.605));
#2488=CARTESIAN_POINT('',(49.8,2.5,-0.2));
#2489=CARTESIAN_POINT('',(49.8,6.,-0.2));
#2490=CARTESIAN_POINT('',(49.8,2.5,-0.605));
#2491=CARTESIAN_POINT('Origin',(49.05,9.5,-0.605));
#2492=CARTESIAN_POINT('',(48.3,9.5,-1.));
#2493=CARTESIAN_POINT('',(57.175,9.5,-1.));
#2494=CARTESIAN_POINT('',(48.3,9.5,-0.2));
#2495=CARTESIAN_POINT('',(48.3,9.5,-0.605));
#2496=CARTESIAN_POINT('',(49.05,9.5,-0.2));
#2497=CARTESIAN_POINT('Origin',(49.05,2.5,-0.605));
#2498=CARTESIAN_POINT('',(48.3,2.5,-1.));
#2499=CARTESIAN_POINT('',(57.175,2.5,-1.));
#2500=CARTESIAN_POINT('',(48.3,2.5,-0.2));
#2501=CARTESIAN_POINT('',(49.05,2.5,-0.2));
#2502=CARTESIAN_POINT('',(48.3,2.5,-0.605));
#2503=CARTESIAN_POINT('Origin',(48.3,6.,-0.605));
#2504=CARTESIAN_POINT('',(48.3,6.1675,-1.));
#2505=CARTESIAN_POINT('',(48.3,6.,-0.2));
#2506=CARTESIAN_POINT('Origin',(49.05,6.,-0.2));
#2507=CARTESIAN_POINT('Origin',(71.3,6.,-2.495));
#2508=CARTESIAN_POINT('',(71.3,9.7,-1.));
#2509=CARTESIAN_POINT('',(71.3,2.3,-1.));
#2510=CARTESIAN_POINT('Origin',(71.3,6.,-1.));
#2511=CARTESIAN_POINT('',(71.3,9.7,-3.));
#2512=CARTESIAN_POINT('',(71.3,9.7,-2.495));
#2513=CARTESIAN_POINT('',(71.3,2.3,-3.));
#2514=CARTESIAN_POINT('Origin',(71.3,6.,-3.));
#2515=CARTESIAN_POINT('',(71.3,2.3,-2.495));
#2516=CARTESIAN_POINT('Origin',(62.65,2.3,-2.495));
#2517=CARTESIAN_POINT('',(54.,2.3,-1.));
#2518=CARTESIAN_POINT('',(63.975,2.3,-1.));
#2519=CARTESIAN_POINT('',(54.,2.3,-3.));
#2520=CARTESIAN_POINT('',(62.65,2.3,-3.));
#2521=CARTESIAN_POINT('',(54.,2.3,-2.495));
#2522=CARTESIAN_POINT('Origin',(54.,6.,-2.495));
#2523=CARTESIAN_POINT('',(54.,9.7,-1.));
#2524=CARTESIAN_POINT('Origin',(54.,6.,-1.));
#2525=CARTESIAN_POINT('',(54.,9.7,-3.));
#2526=CARTESIAN_POINT('Origin',(54.,6.,-3.));
#2527=CARTESIAN_POINT('',(54.,9.7,-2.495));
#2528=CARTESIAN_POINT('Origin',(62.65,9.7,-2.495));
#2529=CARTESIAN_POINT('',(63.975,9.7,-1.));
#2530=CARTESIAN_POINT('',(62.65,9.7,-3.));
#2531=CARTESIAN_POINT('Origin',(46.25,-0.45,74.9));
#2532=CARTESIAN_POINT('',(50.,0.,74.9));
#2533=CARTESIAN_POINT('',(42.5,0.,74.9));
#2534=CARTESIAN_POINT('',(55.775,0.,74.9));
#2535=CARTESIAN_POINT('',(50.,-1.4,74.9));
#2536=CARTESIAN_POINT('',(50.,-0.45,74.9));
#2537=CARTESIAN_POINT('',(42.5,-1.4,74.9));
#2538=CARTESIAN_POINT('',(46.25,-1.4,74.9));
#2539=CARTESIAN_POINT('',(42.5,-0.45,74.9));
#2540=CARTESIAN_POINT('Origin',(42.5,-0.45,73.45));
#2541=CARTESIAN_POINT('',(42.5,0.,72.));
#2542=CARTESIAN_POINT('',(42.5,0.,55.525));
#2543=CARTESIAN_POINT('',(42.5,-1.4,72.));
#2544=CARTESIAN_POINT('',(42.5,-1.4,73.45));
#2545=CARTESIAN_POINT('',(42.5,-0.45,72.));
#2546=CARTESIAN_POINT('Origin',(46.25,-1.4,73.45));
#2547=CARTESIAN_POINT('',(50.,-1.4,72.));
#2548=CARTESIAN_POINT('',(50.,-1.4,73.45));
#2549=CARTESIAN_POINT('',(46.25,-1.4,72.));
#2550=CARTESIAN_POINT('Origin',(46.25,-0.45,72.));
#2551=CARTESIAN_POINT('',(50.,0.,72.));
#2552=CARTESIAN_POINT('',(55.775,0.,72.));
#2553=CARTESIAN_POINT('',(50.,-0.45,72.));
#2554=CARTESIAN_POINT('Origin',(50.,-0.45,73.45));
#2555=CARTESIAN_POINT('',(50.,0.,55.525));
#2556=CARTESIAN_POINT('Origin',(96.,-0.45,74.9));
#2557=CARTESIAN_POINT('',(104.,0.,74.9));
#2558=CARTESIAN_POINT('',(88.,0.,74.9));
#2559=CARTESIAN_POINT('',(80.65,0.,74.9));
#2560=CARTESIAN_POINT('',(104.,-1.4,74.9));
#2561=CARTESIAN_POINT('',(104.,-0.45,74.9));
#2562=CARTESIAN_POINT('',(88.,-1.4,74.9));
#2563=CARTESIAN_POINT('',(96.,-1.4,74.9));
#2564=CARTESIAN_POINT('',(88.,-0.45,74.9));
#2565=CARTESIAN_POINT('Origin',(88.,-0.45,73.45));
#2566=CARTESIAN_POINT('',(88.,0.,72.));
#2567=CARTESIAN_POINT('',(88.,0.,55.525));
#2568=CARTESIAN_POINT('',(88.,-1.4,72.));
#2569=CARTESIAN_POINT('',(88.,-1.4,73.45));
#2570=CARTESIAN_POINT('',(88.,-0.45,72.));
#2571=CARTESIAN_POINT('Origin',(96.,-1.4,73.45));
#2572=CARTESIAN_POINT('',(104.,-1.4,72.));
#2573=CARTESIAN_POINT('',(104.,-1.4,73.45));
#2574=CARTESIAN_POINT('',(96.,-1.4,72.));
#2575=CARTESIAN_POINT('Origin',(96.,-0.45,72.));
#2576=CARTESIAN_POINT('',(104.,0.,72.));
#2577=CARTESIAN_POINT('',(80.65,0.,72.));
#2578=CARTESIAN_POINT('',(104.,-0.45,72.));
#2579=CARTESIAN_POINT('Origin',(104.,-0.45,73.45));
#2580=CARTESIAN_POINT('',(104.,0.,55.525));
#2581=CARTESIAN_POINT('Origin',(62.63,-2.4,71.64));
#2582=CARTESIAN_POINT('',(3.55,-1.4,71.64));
#2583=CARTESIAN_POINT('',(3.55,-2.4,71.64));
#2584=CARTESIAN_POINT('',(121.71,-1.4,71.64));
#2585=CARTESIAN_POINT('',(62.63,-1.4,71.64));
#2586=CARTESIAN_POINT('',(121.71,-2.4,71.64));
#2587=CARTESIAN_POINT('Origin',(121.71,-2.4,37.615));
#2588=CARTESIAN_POINT('',(121.71,-1.4,3.59));
#2589=CARTESIAN_POINT('',(121.71,-1.4,37.615));
#2590=CARTESIAN_POINT('',(121.71,-2.4,3.59));
#2591=CARTESIAN_POINT('Origin',(62.63,-1.4,37.615));
#2592=CARTESIAN_POINT('',(3.55,-1.4,3.59));
#2593=CARTESIAN_POINT('',(3.55,-1.4,37.615));
#2594=CARTESIAN_POINT('',(62.63,-1.4,3.59));
#2595=CARTESIAN_POINT('',(120.71,-1.4,70.64));
#2596=CARTESIAN_POINT('',(4.55,-1.4,70.64));
#2597=CARTESIAN_POINT('',(62.63,-1.4,70.64));
#2598=CARTESIAN_POINT('',(120.71,-1.4,4.59));
#2599=CARTESIAN_POINT('',(120.71,-1.4,37.615));
#2600=CARTESIAN_POINT('',(4.55,-1.4,4.59));
#2601=CARTESIAN_POINT('',(62.63,-1.4,4.59));
#2602=CARTESIAN_POINT('',(4.55,-1.4,37.615));
#2603=CARTESIAN_POINT('Origin',(62.63,-2.4,3.59));
#2604=CARTESIAN_POINT('',(3.55,-2.4,3.59));
#2605=CARTESIAN_POINT('Origin',(3.55,-2.4,37.615));
#2606=CARTESIAN_POINT('Origin',(62.63,-1.2,4.59));
#2607=CARTESIAN_POINT('',(120.71,0.,4.59));
#2608=CARTESIAN_POINT('',(120.71,-1.2,4.59));
#2609=CARTESIAN_POINT('',(4.55,0.,4.59));
#2610=CARTESIAN_POINT('',(63.965,0.,4.59));
#2611=CARTESIAN_POINT('',(4.55,-1.2,4.59));
#2612=CARTESIAN_POINT('Origin',(120.71,-1.2,37.615));
#2613=CARTESIAN_POINT('',(120.71,0.,70.64));
#2614=CARTESIAN_POINT('',(120.71,-1.2,70.64));
#2615=CARTESIAN_POINT('',(120.71,0.,37.6075));
#2616=CARTESIAN_POINT('Origin',(62.63,-1.2,70.64));
#2617=CARTESIAN_POINT('',(4.55,0.,70.64));
#2618=CARTESIAN_POINT('',(4.55,-1.2,70.64));
#2619=CARTESIAN_POINT('',(63.965,0.,70.64));
#2620=CARTESIAN_POINT('Origin',(4.55,-1.2,37.615));
#2621=CARTESIAN_POINT('',(4.55,0.,37.6075));
#2622=CARTESIAN_POINT('Origin',(129.6,6.335,73.2));
#2623=CARTESIAN_POINT('',(132.6,11.67,73.2));
#2624=CARTESIAN_POINT('',(129.6,11.67,76.2));
#2625=CARTESIAN_POINT('Origin',(129.6,11.67,73.2));
#2626=CARTESIAN_POINT('',(132.6,0.,73.2));
#2627=CARTESIAN_POINT('',(132.6,6.335,73.2));
#2628=CARTESIAN_POINT('',(129.6,0.,76.2));
#2629=CARTESIAN_POINT('Origin',(129.6,0.,73.2));
#2630=CARTESIAN_POINT('',(129.6,6.335,76.2));
#2631=CARTESIAN_POINT('Origin',(65.3,6.335,76.2));
#2632=CARTESIAN_POINT('',(1.00000000000001,11.67,76.2));
#2633=CARTESIAN_POINT('',(63.975,11.67,76.2));
#2634=CARTESIAN_POINT('',(1.00000000000001,0.,76.2));
#2635=CARTESIAN_POINT('',(65.3,0.,76.2));
#2636=CARTESIAN_POINT('',(1.00000000000001,6.335,76.2));
#2637=CARTESIAN_POINT('Origin',(1.,6.335,73.2));
#2638=CARTESIAN_POINT('',(-2.,11.67,73.2));
#2639=CARTESIAN_POINT('Origin',(1.,11.67,73.2));
#2640=CARTESIAN_POINT('',(-2.,0.,73.2));
#2641=CARTESIAN_POINT('Origin',(1.,0.,73.2));
#2642=CARTESIAN_POINT('',(-2.,6.335,73.2));
#2643=CARTESIAN_POINT('Origin',(-2.,6.335,37.6));
#2644=CARTESIAN_POINT('',(-2.,11.67,2.));
#2645=CARTESIAN_POINT('',(-2.,11.67,37.6));
#2646=CARTESIAN_POINT('',(-2.,0.,2.));
#2647=CARTESIAN_POINT('',(-2.,0.,37.6));
#2648=CARTESIAN_POINT('',(-2.,6.335,2.));
#2649=CARTESIAN_POINT('Origin',(65.3,0.,37.6));
#2650=CARTESIAN_POINT('',(132.6,0.,2.));
#2651=CARTESIAN_POINT('',(132.6,0.,37.6));
#2652=CARTESIAN_POINT('',(129.6,0.,-1.));
#2653=CARTESIAN_POINT('Origin',(129.6,0.,2.));
#2654=CARTESIAN_POINT('',(1.00000000000001,0.,-1.));
#2655=CARTESIAN_POINT('',(65.3,0.,-1.));
#2656=CARTESIAN_POINT('Origin',(1.,0.,2.));
#2657=CARTESIAN_POINT('Origin',(129.6,6.335,2.));
#2658=CARTESIAN_POINT('',(129.6,11.67,-1.));
#2659=CARTESIAN_POINT('',(132.6,11.67,2.));
#2660=CARTESIAN_POINT('Origin',(129.6,11.67,2.));
#2661=CARTESIAN_POINT('',(129.6,6.335,-1.));
#2662=CARTESIAN_POINT('',(132.6,6.335,2.));
#2663=CARTESIAN_POINT('Origin',(1.,6.335,2.));
#2664=CARTESIAN_POINT('',(1.00000000000001,11.67,-1.));
#2665=CARTESIAN_POINT('Origin',(1.,11.67,2.));
#2666=CARTESIAN_POINT('',(1.00000000000001,6.335,-1.));
#2667=CARTESIAN_POINT('Origin',(132.6,6.335,37.6));
#2668=CARTESIAN_POINT('',(132.6,11.67,37.6));
#2669=CARTESIAN_POINT('Origin',(65.3,6.335,-1.));
#2670=CARTESIAN_POINT('',(63.975,11.67,-1.));
#2671=CARTESIAN_POINT('Origin',(129.6,4.635,73.2));
#2672=CARTESIAN_POINT('',(134.6,11.67,73.2));
#2673=CARTESIAN_POINT('',(134.6,4.635,73.2));
#2674=CARTESIAN_POINT('Origin',(129.6,11.67,73.2));
#2675=CARTESIAN_POINT('Origin',(129.6,4.635,2.));
#2676=CARTESIAN_POINT('',(129.6,11.67,-3.));
#2677=CARTESIAN_POINT('',(129.6,4.635,-3.));
#2678=CARTESIAN_POINT('',(134.6,11.67,2.));
#2679=CARTESIAN_POINT('Origin',(129.6,11.67,2.));
#2680=CARTESIAN_POINT('',(134.6,4.635,2.));
#2681=CARTESIAN_POINT('Origin',(62.65,11.67,37.6));
#2682=CARTESIAN_POINT('',(134.6,11.67,37.6));
#2683=CARTESIAN_POINT('',(62.65,11.67,-3.));
#2684=CARTESIAN_POINT('Origin',(134.6,4.635,37.6));
#2685=CARTESIAN_POINT('Origin',(62.65,4.635,-3.));
#2686=UNCERTAINTY_MEASURE_WITH_UNIT(LENGTH_MEASURE(0.01),#2690,
'DISTANCE_ACCURACY_VALUE',
'Maximum model space distance between geometric entities at asserted c
onnectivities');
#2687=UNCERTAINTY_MEASURE_WITH_UNIT(LENGTH_MEASURE(0.01),#2690,
'DISTANCE_ACCURACY_VALUE',
'Maximum model space distance between geometric entities at asserted c
onnectivities');
#2688=(
GEOMETRIC_REPRESENTATION_CONTEXT(3)
GLOBAL_UNCERTAINTY_ASSIGNED_CONTEXT((#2686))
GLOBAL_UNIT_ASSIGNED_CONTEXT((#2690,#2692,#2693))
REPRESENTATION_CONTEXT('','3D')
);
#2689=(
GEOMETRIC_REPRESENTATION_CONTEXT(3)
GLOBAL_UNCERTAINTY_ASSIGNED_CONTEXT((#2687))
GLOBAL_UNIT_ASSIGNED_CONTEXT((#2690,#2692,#2693))
REPRESENTATION_CONTEXT('','3D')
);
#2690=(
LENGTH_UNIT()
NAMED_UNIT(*)
SI_UNIT(.MILLI.,.METRE.)
);
#2691=(
LENGTH_UNIT()
NAMED_UNIT(*)
SI_UNIT($,.METRE.)
);
#2692=(
NAMED_UNIT(*)
PLANE_ANGLE_UNIT()
SI_UNIT($,.RADIAN.)
);
#2693=(
NAMED_UNIT(*)
SI_UNIT($,.STERADIAN.)
SOLID_ANGLE_UNIT()
);
#2694=SHAPE_DEFINITION_REPRESENTATION(#2695,#2696);
#2695=PRODUCT_DEFINITION_SHAPE('',$,#2698);
#2696=SHAPE_REPRESENTATION('',(#1666),#2688);
#2697=PRODUCT_DEFINITION_CONTEXT('part definition',#2702,'design');
#2698=PRODUCT_DEFINITION('Head tray','Head tray',#2699,#2697);
#2699=PRODUCT_DEFINITION_FORMATION('',$,#2704);
#2700=PRODUCT_RELATED_PRODUCT_CATEGORY('Head tray','Head tray',(#2704));
#2701=APPLICATION_PROTOCOL_DEFINITION('international standard',
'automotive_design',2009,#2702);
#2702=APPLICATION_CONTEXT(
'Core Data for Automotive Mechanical Design Process');
#2703=PRODUCT_CONTEXT('part definition',#2702,'mechanical');
#2704=PRODUCT('Head tray','Head tray',$,(#2703));
#2705=PRESENTATION_STYLE_ASSIGNMENT((#2706));
#2706=SURFACE_STYLE_USAGE(.BOTH.,#2707);
#2707=SURFACE_SIDE_STYLE('',(#2708));
#2708=SURFACE_STYLE_FILL_AREA(#2709);
#2709=FILL_AREA_STYLE('Steel - Satin',(#2710));
#2710=FILL_AREA_STYLE_COLOUR('Steel - Satin',#2711);
#2711=COLOUR_RGB('Steel - Satin',0.627450980392157,0.627450980392157,0.627450980392157);
ENDSEC;
END-ISO-10303-21;
